time_s,event,details
0,BLOCK_MINE_START,block_next=1
0.05,BLOCK_COMMIT_DONE,block=1,items=0,lat_s=0.050000
1,REPORT_SENT,by=0,about=4,delta=0.020000
1,REPORT_SENT,by=1,about=2,delta=0.020000
1,REPORT_SENT,by=2,about=2,delta=0.020000
1,REPORT_SENT,by=3,about=1,delta=0.020000
1,REPORT_SENT,by=4,about=2,delta=0.020000
1,REPORT_SENT,by=5,about=8,delta=-0.050000
1,REPORT_SENT,by=6,about=6,delta=0.020000
1,REPORT_SENT,by=7,about=0,delta=0.020000
1,REPORT_SENT,by=8,about=8,delta=0.020000
1,REPORT_SENT,by=9,about=3,delta=0.020000
1.00084,DATA_RX_OK,rx=1,sender=0,delay_s=0.000841
1.00084,DATA_RX_OK,rx=11,sender=0,delay_s=0.000841
1.00084,DATA_RX_OK,rx=2,sender=0,delay_s=0.000841
1.00084,DATA_RX_OK,rx=3,sender=0,delay_s=0.000841
1.00084,DATA_RX_OK,rx=5,sender=0,delay_s=0.000841
1.00084,DATA_RX_OK,rx=8,sender=0,delay_s=0.000841
1.00084,DATA_RX_OK,rx=10,sender=0,delay_s=0.000841
1.00084,DATA_RX_OK,rx=4,sender=0,delay_s=0.000841
1.00084,DATA_RX_OK,rx=9,sender=0,delay_s=0.000841
1.00084,DATA_RX_OK,rx=7,sender=0,delay_s=0.000841
1.00084,DATA_RX_OK,rx=6,sender=0,delay_s=0.000841
1.00085,REPORT_RX_RSU,rsu=10,by=0,about=4,delta=0.020000
1.00153,REPORT_RX_RSU,rsu=10,by=5,about=8,delta=-0.050000
1.00258,REPORT_RX_RSU,rsu=10,by=8,about=8,delta=0.020000
1.00366,REPORT_RX_RSU,rsu=10,by=1,about=2,delta=0.020000
1.00466,REPORT_RX_RSU,rsu=10,by=4,about=2,delta=0.020000
1.00665,REPORT_RX_RSU,rsu=10,by=7,about=0,delta=0.020000
1.00862,REPORT_RX_RSU,rsu=10,by=9,about=3,delta=0.020000
1.05,BLOCK_MINE_START,block_next=2
1.1,BLOCK_COMMIT_ITEM,accused=4,delta=0.020000,trust=0.720000
1.1,BLOCK_COMMIT_ITEM,accused=8,delta=-0.050000,trust=0.650000
1.1,BLOCK_COMMIT_ITEM,accused=8,delta=0.020000,trust=0.670000
1.1,BLOCK_COMMIT_ITEM,accused=2,delta=0.020000,trust=0.720000
1.1,BLOCK_COMMIT_ITEM,accused=2,delta=0.020000,trust=0.740000
1.1,BLOCK_COMMIT_ITEM,accused=0,delta=0.020000,trust=0.720000
1.1,BLOCK_COMMIT_ITEM,accused=3,delta=0.020000,trust=0.720000
1.1,BLOCK_COMMIT_DONE,block=2,items=7,lat_s=0.050000
1.10066,DATA_RX_OK,rx=1,sender=0,delay_s=0.000662
1.10066,DATA_RX_OK,rx=11,sender=0,delay_s=0.000662
1.10066,DATA_RX_OK,rx=2,sender=0,delay_s=0.000662
1.10066,DATA_RX_OK,rx=3,sender=0,delay_s=0.000662
1.10066,DATA_RX_OK,rx=5,sender=0,delay_s=0.000662
1.10066,DATA_RX_OK,rx=8,sender=0,delay_s=0.000662
1.10066,DATA_RX_OK,rx=10,sender=0,delay_s=0.000662
1.10066,DATA_RX_OK,rx=4,sender=0,delay_s=0.000662
1.10066,DATA_RX_OK,rx=9,sender=0,delay_s=0.000662
1.10066,DATA_RX_OK,rx=7,sender=0,delay_s=0.000662
1.10066,DATA_RX_OK,rx=6,sender=0,delay_s=0.000662
1.20066,DATA_RX_OK,rx=11,sender=0,delay_s=0.000662
1.20066,DATA_RX_OK,rx=1,sender=0,delay_s=0.000662
1.20066,DATA_RX_OK,rx=2,sender=0,delay_s=0.000662
1.20066,DATA_RX_OK,rx=3,sender=0,delay_s=0.000662
1.20066,DATA_RX_OK,rx=5,sender=0,delay_s=0.000662
1.20066,DATA_RX_OK,rx=8,sender=0,delay_s=0.000662
1.20066,DATA_RX_OK,rx=10,sender=0,delay_s=0.000662
1.20066,DATA_RX_OK,rx=4,sender=0,delay_s=0.000662
1.20066,DATA_RX_OK,rx=9,sender=0,delay_s=0.000662
1.20066,DATA_RX_OK,rx=7,sender=0,delay_s=0.000662
1.20066,DATA_RX_OK,rx=6,sender=0,delay_s=0.000662
1.30066,DATA_RX_OK,rx=11,sender=0,delay_s=0.000662
1.30066,DATA_RX_OK,rx=1,sender=0,delay_s=0.000662
1.30066,DATA_RX_OK,rx=2,sender=0,delay_s=0.000662
1.30066,DATA_RX_OK,rx=3,sender=0,delay_s=0.000662
1.30066,DATA_RX_OK,rx=5,sender=0,delay_s=0.000662
1.30066,DATA_RX_OK,rx=8,sender=0,delay_s=0.000662
1.30066,DATA_RX_OK,rx=10,sender=0,delay_s=0.000662
1.30066,DATA_RX_OK,rx=4,sender=0,delay_s=0.000662
1.30066,DATA_RX_OK,rx=9,sender=0,delay_s=0.000662
1.30066,DATA_RX_OK,rx=7,sender=0,delay_s=0.000662
1.30066,DATA_RX_OK,rx=6,sender=0,delay_s=0.000662
1.40066,DATA_RX_OK,rx=11,sender=0,delay_s=0.000662
1.40066,DATA_RX_OK,rx=1,sender=0,delay_s=0.000662
1.40066,DATA_RX_OK,rx=2,sender=0,delay_s=0.000662
1.40066,DATA_RX_OK,rx=3,sender=0,delay_s=0.000662
1.40066,DATA_RX_OK,rx=5,sender=0,delay_s=0.000662
1.40066,DATA_RX_OK,rx=8,sender=0,delay_s=0.000662
1.40066,DATA_RX_OK,rx=10,sender=0,delay_s=0.000662
1.40066,DATA_RX_OK,rx=4,sender=0,delay_s=0.000662
1.40066,DATA_RX_OK,rx=9,sender=0,delay_s=0.000662
1.40066,DATA_RX_OK,rx=7,sender=0,delay_s=0.000662
1.40066,DATA_RX_OK,rx=6,sender=0,delay_s=0.000662
1.50066,DATA_RX_OK,rx=11,sender=0,delay_s=0.000662
1.50066,DATA_RX_OK,rx=1,sender=0,delay_s=0.000662
1.50066,DATA_RX_OK,rx=2,sender=0,delay_s=0.000662
1.50066,DATA_RX_OK,rx=3,sender=0,delay_s=0.000662
1.50066,DATA_RX_OK,rx=5,sender=0,delay_s=0.000662
1.50066,DATA_RX_OK,rx=8,sender=0,delay_s=0.000662
1.50066,DATA_RX_OK,rx=10,sender=0,delay_s=0.000662
1.50066,DATA_RX_OK,rx=4,sender=0,delay_s=0.000662
1.50066,DATA_RX_OK,rx=9,sender=0,delay_s=0.000662
1.50066,DATA_RX_OK,rx=7,sender=0,delay_s=0.000662
1.50066,DATA_RX_OK,rx=6,sender=0,delay_s=0.000662
1.60066,DATA_RX_OK,rx=11,sender=0,delay_s=0.000662
1.60066,DATA_RX_OK,rx=1,sender=0,delay_s=0.000662
1.60066,DATA_RX_OK,rx=2,sender=0,delay_s=0.000662
1.60066,DATA_RX_OK,rx=3,sender=0,delay_s=0.000662
1.60066,DATA_RX_OK,rx=5,sender=0,delay_s=0.000662
1.60066,DATA_RX_OK,rx=8,sender=0,delay_s=0.000662
1.60066,DATA_RX_OK,rx=10,sender=0,delay_s=0.000662
1.60066,DATA_RX_OK,rx=4,sender=0,delay_s=0.000662
1.60066,DATA_RX_OK,rx=9,sender=0,delay_s=0.000662
1.60066,DATA_RX_OK,rx=7,sender=0,delay_s=0.000662
1.60066,DATA_RX_OK,rx=6,sender=0,delay_s=0.000662
1.70066,DATA_RX_OK,rx=11,sender=0,delay_s=0.000662
1.70066,DATA_RX_OK,rx=1,sender=0,delay_s=0.000662
1.70066,DATA_RX_OK,rx=2,sender=0,delay_s=0.000662
1.70066,DATA_RX_OK,rx=3,sender=0,delay_s=0.000662
1.70066,DATA_RX_OK,rx=5,sender=0,delay_s=0.000662
1.70066,DATA_RX_OK,rx=8,sender=0,delay_s=0.000662
1.70066,DATA_RX_OK,rx=10,sender=0,delay_s=0.000662
1.70066,DATA_RX_OK,rx=4,sender=0,delay_s=0.000662
1.70066,DATA_RX_OK,rx=9,sender=0,delay_s=0.000662
1.70066,DATA_RX_OK,rx=7,sender=0,delay_s=0.000662
1.70066,DATA_RX_OK,rx=6,sender=0,delay_s=0.000662
1.80066,DATA_RX_OK,rx=11,sender=0,delay_s=0.000662
1.80066,DATA_RX_OK,rx=1,sender=0,delay_s=0.000662
1.80066,DATA_RX_OK,rx=2,sender=0,delay_s=0.000662
1.80066,DATA_RX_OK,rx=5,sender=0,delay_s=0.000662
1.80066,DATA_RX_OK,rx=3,sender=0,delay_s=0.000662
1.80066,DATA_RX_OK,rx=8,sender=0,delay_s=0.000662
1.80066,DATA_RX_OK,rx=10,sender=0,delay_s=0.000662
1.80066,DATA_RX_OK,rx=4,sender=0,delay_s=0.000662
1.80066,DATA_RX_OK,rx=7,sender=0,delay_s=0.000662
1.80066,DATA_RX_OK,rx=9,sender=0,delay_s=0.000662
1.80066,DATA_RX_OK,rx=6,sender=0,delay_s=0.000662
1.90066,DATA_RX_OK,rx=11,sender=0,delay_s=0.000662
1.90066,DATA_RX_OK,rx=1,sender=0,delay_s=0.000662
1.90066,DATA_RX_OK,rx=2,sender=0,delay_s=0.000662
1.90066,DATA_RX_OK,rx=5,sender=0,delay_s=0.000662
1.90066,DATA_RX_OK,rx=3,sender=0,delay_s=0.000662
1.90066,DATA_RX_OK,rx=8,sender=0,delay_s=0.000662
1.90066,DATA_RX_OK,rx=10,sender=0,delay_s=0.000662
1.90066,DATA_RX_OK,rx=4,sender=0,delay_s=0.000662
1.90066,DATA_RX_OK,rx=7,sender=0,delay_s=0.000662
1.90066,DATA_RX_OK,rx=9,sender=0,delay_s=0.000662
1.90066,DATA_RX_OK,rx=6,sender=0,delay_s=0.000662
2,REPLAY_SENT,nonce=1900000000
2,REPORT_SENT,by=0,about=7,delta=0.020000
2,REPORT_SENT,by=1,about=3,delta=0.020000
2,REPORT_SENT,by=2,about=5,delta=0.020000
2,REPORT_SENT,by=3,about=8,delta=-0.050000
2,REPORT_SENT,by=4,about=0,delta=0.020000
2,REPORT_SENT,by=5,about=5,delta=-0.050000
2,REPORT_SENT,by=6,about=4,delta=-0.050000
2,REPORT_SENT,by=7,about=2,delta=0.020000
2,REPORT_SENT,by=8,about=1,delta=-0.050000
2,REPORT_SENT,by=9,about=4,delta=0.020000
2.00019,REPORT_RX_RSU,rsu=10,by=4,about=0,delta=0.020000
2.00047,REPORT_RX_RSU,rsu=10,by=5,about=5,delta=-0.050000
2.00067,REPORT_RX_RSU,rsu=10,by=0,about=7,delta=0.020000
2.00086,REPORT_RX_RSU,rsu=10,by=8,about=1,delta=-0.050000
2.00127,REPORT_RX_RSU,rsu=10,by=9,about=4,delta=0.020000
2.00139,DATA_DROP_REPLAY,rx=11,sender=0,nonce=1900000000
2.00139,DATA_DROP_REPLAY,rx=1,sender=0,nonce=1900000000
2.00139,DATA_DROP_REPLAY,rx=2,sender=0,nonce=1900000000
2.00139,DATA_DROP_REPLAY,rx=5,sender=0,nonce=1900000000
2.00139,DATA_DROP_REPLAY,rx=3,sender=0,nonce=1900000000
2.00139,DATA_DROP_REPLAY,rx=8,sender=0,nonce=1900000000
2.00139,DATA_DROP_REPLAY,rx=10,sender=0,nonce=1900000000
2.00139,DATA_DROP_REPLAY,rx=4,sender=0,nonce=1900000000
2.00139,DATA_DROP_REPLAY,rx=7,sender=0,nonce=1900000000
2.00139,DATA_DROP_REPLAY,rx=9,sender=0,nonce=1900000000
2.00139,DATA_DROP_REPLAY,rx=6,sender=0,nonce=1900000000
2.00172,REPORT_RX_RSU,rsu=10,by=1,about=3,delta=0.020000
2.00182,DATA_RX_OK,rx=11,sender=0,delay_s=0.001825
2.00182,DATA_RX_OK,rx=1,sender=0,delay_s=0.001825
2.00182,DATA_RX_OK,rx=2,sender=0,delay_s=0.001825
2.00182,DATA_RX_OK,rx=5,sender=0,delay_s=0.001825
2.00182,DATA_RX_OK,rx=3,sender=0,delay_s=0.001825
2.00182,DATA_RX_OK,rx=8,sender=0,delay_s=0.001825
2.00182,DATA_RX_OK,rx=10,sender=0,delay_s=0.001825
2.00182,DATA_RX_OK,rx=4,sender=0,delay_s=0.001825
2.00183,DATA_RX_OK,rx=7,sender=0,delay_s=0.001825
2.00183,DATA_RX_OK,rx=9,sender=0,delay_s=0.001825
2.00183,DATA_RX_OK,rx=6,sender=0,delay_s=0.001825
2.00199,REPORT_RX_RSU,rsu=10,by=7,about=2,delta=0.020000
2.1,BLOCK_MINE_START,block_next=3
2.10066,DATA_DROP_SIG,rx=11,sender=0,nonce=2100000000
2.10066,DATA_DROP_SIG,rx=1,sender=0,nonce=2100000000
2.10066,DATA_DROP_SIG,rx=5,sender=0,nonce=2100000000
2.10066,DATA_DROP_SIG,rx=2,sender=0,nonce=2100000000
2.10066,DATA_DROP_SIG,rx=3,sender=0,nonce=2100000000
2.10066,DATA_DROP_SIG,rx=8,sender=0,nonce=2100000000
2.10066,DATA_DROP_SIG,rx=10,sender=0,nonce=2100000000
2.10066,DATA_DROP_SIG,rx=4,sender=0,nonce=2100000000
2.10066,DATA_DROP_SIG,rx=7,sender=0,nonce=2100000000
2.10066,DATA_DROP_SIG,rx=9,sender=0,nonce=2100000000
2.10066,DATA_DROP_SIG,rx=6,sender=0,nonce=2100000000
2.15,BLOCK_COMMIT_ITEM,accused=0,delta=0.020000,trust=0.740000
2.15,BLOCK_COMMIT_ITEM,accused=5,delta=-0.050000,trust=0.650000
2.15,BLOCK_COMMIT_ITEM,accused=7,delta=0.020000,trust=0.720000
2.15,BLOCK_COMMIT_ITEM,accused=1,delta=-0.050000,trust=0.650000
2.15,BLOCK_COMMIT_ITEM,accused=4,delta=0.020000,trust=0.740000
2.15,BLOCK_COMMIT_ITEM,accused=3,delta=0.020000,trust=0.740000
2.15,BLOCK_COMMIT_ITEM,accused=2,delta=0.020000,trust=0.760000
2.15,BLOCK_COMMIT_DONE,block=3,items=7,lat_s=0.050000
2.20066,DATA_DROP_SIG,rx=11,sender=0,nonce=2200000000
2.20066,DATA_DROP_SIG,rx=1,sender=0,nonce=2200000000
2.20066,DATA_DROP_SIG,rx=5,sender=0,nonce=2200000000
2.20066,DATA_DROP_SIG,rx=2,sender=0,nonce=2200000000
2.20066,DATA_DROP_SIG,rx=3,sender=0,nonce=2200000000
2.20066,DATA_DROP_SIG,rx=8,sender=0,nonce=2200000000
2.20066,DATA_DROP_SIG,rx=10,sender=0,nonce=2200000000
2.20066,DATA_DROP_SIG,rx=4,sender=0,nonce=2200000000
2.20066,DATA_DROP_SIG,rx=7,sender=0,nonce=2200000000
2.20066,DATA_DROP_SIG,rx=9,sender=0,nonce=2200000000
2.20066,DATA_DROP_SIG,rx=6,sender=0,nonce=2200000000
2.3,REPLAY_SENT,nonce=2200000000
2.30066,DATA_DROP_SIG,rx=11,sender=0,nonce=2200000000
2.30066,DATA_DROP_SIG,rx=1,sender=0,nonce=2200000000
2.30066,DATA_DROP_SIG,rx=5,sender=0,nonce=2200000000
2.30066,DATA_DROP_SIG,rx=2,sender=0,nonce=2200000000
2.30066,DATA_DROP_SIG,rx=3,sender=0,nonce=2200000000
2.30066,DATA_DROP_SIG,rx=8,sender=0,nonce=2200000000
2.30066,DATA_DROP_SIG,rx=10,sender=0,nonce=2200000000
2.30066,DATA_DROP_SIG,rx=4,sender=0,nonce=2200000000
2.30066,DATA_DROP_SIG,rx=7,sender=0,nonce=2200000000
2.30066,DATA_DROP_SIG,rx=9,sender=0,nonce=2200000000
2.30066,DATA_DROP_SIG,rx=6,sender=0,nonce=2200000000
2.30104,DATA_RX_OK,rx=11,sender=0,delay_s=0.001041
2.30104,DATA_RX_OK,rx=1,sender=0,delay_s=0.001041
2.30104,DATA_RX_OK,rx=5,sender=0,delay_s=0.001041
2.30104,DATA_RX_OK,rx=2,sender=0,delay_s=0.001041
2.30104,DATA_RX_OK,rx=3,sender=0,delay_s=0.001041
2.30104,DATA_RX_OK,rx=8,sender=0,delay_s=0.001041
2.30104,DATA_RX_OK,rx=10,sender=0,delay_s=0.001041
2.30104,DATA_RX_OK,rx=4,sender=0,delay_s=0.001041
2.30104,DATA_RX_OK,rx=7,sender=0,delay_s=0.001041
2.30104,DATA_RX_OK,rx=9,sender=0,delay_s=0.001041
2.30104,DATA_RX_OK,rx=6,sender=0,delay_s=0.001041
2.40066,DATA_RX_OK,rx=11,sender=0,delay_s=0.000662
2.40066,DATA_RX_OK,rx=1,sender=0,delay_s=0.000662
2.40066,DATA_RX_OK,rx=5,sender=0,delay_s=0.000662
2.40066,DATA_RX_OK,rx=2,sender=0,delay_s=0.000662
2.40066,DATA_RX_OK,rx=3,sender=0,delay_s=0.000662
2.40066,DATA_RX_OK,rx=8,sender=0,delay_s=0.000662
2.40066,DATA_RX_OK,rx=10,sender=0,delay_s=0.000662
2.40066,DATA_RX_OK,rx=4,sender=0,delay_s=0.000662
2.40066,DATA_RX_OK,rx=7,sender=0,delay_s=0.000662
2.40066,DATA_RX_OK,rx=9,sender=0,delay_s=0.000662
2.40066,DATA_RX_OK,rx=6,sender=0,delay_s=0.000662
2.50066,DATA_RX_OK,rx=11,sender=0,delay_s=0.000662
2.50066,DATA_RX_OK,rx=1,sender=0,delay_s=0.000662
2.50066,DATA_RX_OK,rx=5,sender=0,delay_s=0.000662
2.50066,DATA_RX_OK,rx=2,sender=0,delay_s=0.000662
2.50066,DATA_RX_OK,rx=3,sender=0,delay_s=0.000662
2.50066,DATA_RX_OK,rx=8,sender=0,delay_s=0.000662
2.50066,DATA_RX_OK,rx=10,sender=0,delay_s=0.000662
2.50066,DATA_RX_OK,rx=4,sender=0,delay_s=0.000662
2.50066,DATA_RX_OK,rx=7,sender=0,delay_s=0.000662
2.50066,DATA_RX_OK,rx=9,sender=0,delay_s=0.000662
2.50066,DATA_RX_OK,rx=6,sender=0,delay_s=0.000662
2.6,REPLAY_SENT,nonce=2500000000
2.60066,DATA_DROP_REPLAY,rx=11,sender=0,nonce=2500000000
2.60066,DATA_DROP_REPLAY,rx=1,sender=0,nonce=2500000000
2.60066,DATA_DROP_REPLAY,rx=5,sender=0,nonce=2500000000
2.60066,DATA_DROP_REPLAY,rx=2,sender=0,nonce=2500000000
2.60066,DATA_DROP_REPLAY,rx=3,sender=0,nonce=2500000000
2.60066,DATA_DROP_REPLAY,rx=8,sender=0,nonce=2500000000
2.60066,DATA_DROP_REPLAY,rx=10,sender=0,nonce=2500000000
2.60066,DATA_DROP_REPLAY,rx=4,sender=0,nonce=2500000000
2.60066,DATA_DROP_REPLAY,rx=7,sender=0,nonce=2500000000
2.60066,DATA_DROP_REPLAY,rx=9,sender=0,nonce=2500000000
2.60066,DATA_DROP_REPLAY,rx=6,sender=0,nonce=2500000000
2.60101,DATA_RX_OK,rx=11,sender=0,delay_s=0.001005
2.60101,DATA_RX_OK,rx=1,sender=0,delay_s=0.001005
2.60101,DATA_RX_OK,rx=5,sender=0,delay_s=0.001005
2.60101,DATA_RX_OK,rx=2,sender=0,delay_s=0.001005
2.60101,DATA_RX_OK,rx=3,sender=0,delay_s=0.001005
2.60101,DATA_RX_OK,rx=8,sender=0,delay_s=0.001005
2.60101,DATA_RX_OK,rx=10,sender=0,delay_s=0.001005
2.60101,DATA_RX_OK,rx=4,sender=0,delay_s=0.001005
2.60101,DATA_RX_OK,rx=7,sender=0,delay_s=0.001005
2.60101,DATA_RX_OK,rx=9,sender=0,delay_s=0.001005
2.60101,DATA_RX_OK,rx=6,sender=0,delay_s=0.001005
2.70066,DATA_DROP_SIG,rx=11,sender=0,nonce=2700000000
2.70066,DATA_DROP_SIG,rx=1,sender=0,nonce=2700000000
2.70066,DATA_DROP_SIG,rx=5,sender=0,nonce=2700000000
2.70066,DATA_DROP_SIG,rx=2,sender=0,nonce=2700000000
2.70066,DATA_DROP_SIG,rx=3,sender=0,nonce=2700000000
2.70066,DATA_DROP_SIG,rx=8,sender=0,nonce=2700000000
2.70066,DATA_DROP_SIG,rx=10,sender=0,nonce=2700000000
2.70066,DATA_DROP_SIG,rx=4,sender=0,nonce=2700000000
2.70066,DATA_DROP_SIG,rx=7,sender=0,nonce=2700000000
2.70066,DATA_DROP_SIG,rx=9,sender=0,nonce=2700000000
2.70066,DATA_DROP_SIG,rx=6,sender=0,nonce=2700000000
2.80066,DATA_RX_OK,rx=11,sender=0,delay_s=0.000662
2.80066,DATA_RX_OK,rx=1,sender=0,delay_s=0.000662
2.80066,DATA_RX_OK,rx=5,sender=0,delay_s=0.000662
2.80066,DATA_RX_OK,rx=2,sender=0,delay_s=0.000662
2.80066,DATA_RX_OK,rx=8,sender=0,delay_s=0.000662
2.80066,DATA_RX_OK,rx=3,sender=0,delay_s=0.000662
2.80066,DATA_RX_OK,rx=10,sender=0,delay_s=0.000662
2.80066,DATA_RX_OK,rx=4,sender=0,delay_s=0.000662
2.80066,DATA_RX_OK,rx=7,sender=0,delay_s=0.000662
2.80066,DATA_RX_OK,rx=9,sender=0,delay_s=0.000662
2.80066,DATA_RX_OK,rx=6,sender=0,delay_s=0.000662
2.9,REPLAY_SENT,nonce=2800000000
2.90066,DATA_DROP_REPLAY,rx=11,sender=0,nonce=2800000000
2.90066,DATA_DROP_REPLAY,rx=1,sender=0,nonce=2800000000
2.90066,DATA_DROP_REPLAY,rx=5,sender=0,nonce=2800000000
2.90066,DATA_DROP_REPLAY,rx=2,sender=0,nonce=2800000000
2.90066,DATA_DROP_REPLAY,rx=8,sender=0,nonce=2800000000
2.90066,DATA_DROP_REPLAY,rx=3,sender=0,nonce=2800000000
2.90066,DATA_DROP_REPLAY,rx=10,sender=0,nonce=2800000000
2.90066,DATA_DROP_REPLAY,rx=4,sender=0,nonce=2800000000
2.90066,DATA_DROP_REPLAY,rx=7,sender=0,nonce=2800000000
2.90066,DATA_DROP_REPLAY,rx=9,sender=0,nonce=2800000000
2.90066,DATA_DROP_REPLAY,rx=6,sender=0,nonce=2800000000
2.90095,DATA_RX_OK,rx=11,sender=0,delay_s=0.000951
2.90095,DATA_RX_OK,rx=1,sender=0,delay_s=0.000951
2.90095,DATA_RX_OK,rx=5,sender=0,delay_s=0.000951
2.90095,DATA_RX_OK,rx=2,sender=0,delay_s=0.000951
2.90095,DATA_RX_OK,rx=8,sender=0,delay_s=0.000951
2.90095,DATA_RX_OK,rx=3,sender=0,delay_s=0.000951
2.90095,DATA_RX_OK,rx=10,sender=0,delay_s=0.000951
2.90095,DATA_RX_OK,rx=4,sender=0,delay_s=0.000951
2.90095,DATA_RX_OK,rx=7,sender=0,delay_s=0.000951
2.90095,DATA_RX_OK,rx=9,sender=0,delay_s=0.000951
2.90095,DATA_RX_OK,rx=6,sender=0,delay_s=0.000951
3,REPORT_SENT,by=0,about=3,delta=-0.050000
3,REPORT_SENT,by=1,about=6,delta=0.020000
3,REPORT_SENT,by=2,about=8,delta=0.020000
3,REPORT_SENT,by=3,about=4,delta=0.020000
3,REPORT_SENT,by=4,about=6,delta=0.020000
3,REPORT_SENT,by=5,about=8,delta=0.020000
3,REPORT_SENT,by=6,about=6,delta=-0.050000
3,REPORT_SENT,by=7,about=2,delta=0.020000
3,REPORT_SENT,by=8,about=8,delta=0.020000
3,REPORT_SENT,by=9,about=8,delta=0.020000
3.00021,REPORT_RX_RSU,rsu=10,by=7,about=2,delta=0.020000
3.00038,REPORT_RX_RSU,rsu=10,by=5,about=8,delta=0.020000
3.0005,REPORT_RX_RSU,rsu=10,by=8,about=8,delta=0.020000
3.00065,REPORT_RX_RSU,rsu=10,by=4,about=6,delta=0.020000
3.00078,REPORT_RX_RSU,rsu=10,by=1,about=6,delta=0.020000
3.00095,REPORT_RX_RSU,rsu=10,by=0,about=3,delta=-0.050000
3.00109,REPORT_RX_RSU,rsu=10,by=9,about=8,delta=0.020000
3.0017,DATA_RX_OK,rx=11,sender=0,delay_s=0.001700
3.0017,DATA_RX_OK,rx=1,sender=0,delay_s=0.001700
3.0017,DATA_RX_OK,rx=5,sender=0,delay_s=0.001700
3.0017,DATA_RX_OK,rx=2,sender=0,delay_s=0.001700
3.0017,DATA_RX_OK,rx=8,sender=0,delay_s=0.001700
3.0017,DATA_RX_OK,rx=3,sender=0,delay_s=0.001700
3.0017,DATA_RX_OK,rx=10,sender=0,delay_s=0.001700
3.0017,DATA_RX_OK,rx=4,sender=0,delay_s=0.001700
3.0017,DATA_RX_OK,rx=7,sender=0,delay_s=0.001700
3.0017,DATA_RX_OK,rx=9,sender=0,delay_s=0.001700
3.0017,DATA_RX_OK,rx=6,sender=0,delay_s=0.001700
3.10066,DATA_RX_OK,rx=11,sender=0,delay_s=0.000662
3.10066,DATA_RX_OK,rx=1,sender=0,delay_s=0.000662
3.10066,DATA_RX_OK,rx=8,sender=0,delay_s=0.000662
3.10066,DATA_RX_OK,rx=2,sender=0,delay_s=0.000662
3.10066,DATA_RX_OK,rx=5,sender=0,delay_s=0.000662
3.10066,DATA_RX_OK,rx=3,sender=0,delay_s=0.000662
3.10066,DATA_RX_OK,rx=10,sender=0,delay_s=0.000662
3.10066,DATA_RX_OK,rx=4,sender=0,delay_s=0.000662
3.10066,DATA_RX_OK,rx=7,sender=0,delay_s=0.000662
3.10066,DATA_RX_OK,rx=9,sender=0,delay_s=0.000662
3.10066,DATA_RX_OK,rx=6,sender=0,delay_s=0.000662
3.15,BLOCK_MINE_START,block_next=4
3.2,REPLAY_SENT,nonce=3100000000
3.2,BLOCK_COMMIT_ITEM,accused=2,delta=0.020000,trust=0.780000
3.2,BLOCK_COMMIT_ITEM,accused=8,delta=0.020000,trust=0.690000
3.2,BLOCK_COMMIT_ITEM,accused=8,delta=0.020000,trust=0.710000
3.2,BLOCK_COMMIT_ITEM,accused=6,delta=0.020000,trust=0.720000
3.2,BLOCK_COMMIT_ITEM,accused=6,delta=0.020000,trust=0.740000
3.2,BLOCK_COMMIT_ITEM,accused=3,delta=-0.050000,trust=0.690000
3.2,BLOCK_COMMIT_ITEM,accused=8,delta=0.020000,trust=0.730000
3.2,BLOCK_COMMIT_DONE,block=4,items=7,lat_s=0.050000
3.20066,DATA_DROP_REPLAY,rx=11,sender=0,nonce=3100000000
3.20066,DATA_DROP_REPLAY,rx=1,sender=0,nonce=3100000000
3.20066,DATA_DROP_REPLAY,rx=8,sender=0,nonce=3100000000
3.20066,DATA_DROP_REPLAY,rx=2,sender=0,nonce=3100000000
3.20066,DATA_DROP_REPLAY,rx=5,sender=0,nonce=3100000000
3.20066,DATA_DROP_REPLAY,rx=3,sender=0,nonce=3100000000
3.20066,DATA_DROP_REPLAY,rx=10,sender=0,nonce=3100000000
3.20066,DATA_DROP_REPLAY,rx=4,sender=0,nonce=3100000000
3.20066,DATA_DROP_REPLAY,rx=7,sender=0,nonce=3100000000
3.20066,DATA_DROP_REPLAY,rx=9,sender=0,nonce=3100000000
3.20066,DATA_DROP_REPLAY,rx=6,sender=0,nonce=3100000000
3.20099,DATA_RX_OK,rx=11,sender=0,delay_s=0.000987
3.20099,DATA_RX_OK,rx=1,sender=0,delay_s=0.000987
3.20099,DATA_RX_OK,rx=8,sender=0,delay_s=0.000987
3.20099,DATA_RX_OK,rx=2,sender=0,delay_s=0.000987
3.20099,DATA_RX_OK,rx=5,sender=0,delay_s=0.000987
3.20099,DATA_RX_OK,rx=3,sender=0,delay_s=0.000987
3.20099,DATA_RX_OK,rx=10,sender=0,delay_s=0.000987
3.20099,DATA_RX_OK,rx=4,sender=0,delay_s=0.000987
3.20099,DATA_RX_OK,rx=7,sender=0,delay_s=0.000987
3.20099,DATA_RX_OK,rx=9,sender=0,delay_s=0.000987
3.20099,DATA_RX_OK,rx=6,sender=0,delay_s=0.000987
3.30066,DATA_RX_OK,rx=11,sender=0,delay_s=0.000662
3.30066,DATA_RX_OK,rx=1,sender=0,delay_s=0.000662
3.30066,DATA_RX_OK,rx=8,sender=0,delay_s=0.000662
3.30066,DATA_RX_OK,rx=2,sender=0,delay_s=0.000662
3.30066,DATA_RX_OK,rx=5,sender=0,delay_s=0.000662
3.30066,DATA_RX_OK,rx=10,sender=0,delay_s=0.000662
3.30066,DATA_RX_OK,rx=3,sender=0,delay_s=0.000662
3.30066,DATA_RX_OK,rx=4,sender=0,delay_s=0.000662
3.30066,DATA_RX_OK,rx=7,sender=0,delay_s=0.000662
3.30066,DATA_RX_OK,rx=9,sender=0,delay_s=0.000662
3.30066,DATA_RX_OK,rx=6,sender=0,delay_s=0.000662
3.40066,DATA_DROP_SIG,rx=11,sender=0,nonce=3400000000
3.40066,DATA_DROP_SIG,rx=1,sender=0,nonce=3400000000
3.40066,DATA_DROP_SIG,rx=8,sender=0,nonce=3400000000
3.40066,DATA_DROP_SIG,rx=2,sender=0,nonce=3400000000
3.40066,DATA_DROP_SIG,rx=5,sender=0,nonce=3400000000
3.40066,DATA_DROP_SIG,rx=10,sender=0,nonce=3400000000
3.40066,DATA_DROP_SIG,rx=3,sender=0,nonce=3400000000
3.40066,DATA_DROP_SIG,rx=4,sender=0,nonce=3400000000
3.40066,DATA_DROP_SIG,rx=7,sender=0,nonce=3400000000
3.40066,DATA_DROP_SIG,rx=9,sender=0,nonce=3400000000
3.40066,DATA_DROP_SIG,rx=6,sender=0,nonce=3400000000
3.5,REPLAY_SENT,nonce=3400000000
3.50066,DATA_DROP_SIG,rx=11,sender=0,nonce=3400000000
3.50066,DATA_DROP_SIG,rx=1,sender=0,nonce=3400000000
3.50066,DATA_DROP_SIG,rx=8,sender=0,nonce=3400000000
3.50066,DATA_DROP_SIG,rx=2,sender=0,nonce=3400000000
3.50066,DATA_DROP_SIG,rx=5,sender=0,nonce=3400000000
3.50066,DATA_DROP_SIG,rx=10,sender=0,nonce=3400000000
3.50066,DATA_DROP_SIG,rx=3,sender=0,nonce=3400000000
3.50066,DATA_DROP_SIG,rx=4,sender=0,nonce=3400000000
3.50066,DATA_DROP_SIG,rx=7,sender=0,nonce=3400000000
3.50066,DATA_DROP_SIG,rx=9,sender=0,nonce=3400000000
3.50066,DATA_DROP_SIG,rx=6,sender=0,nonce=3400000000
3.50094,DATA_RX_OK,rx=11,sender=0,delay_s=0.000942
3.50094,DATA_RX_OK,rx=1,sender=0,delay_s=0.000942
3.50094,DATA_RX_OK,rx=8,sender=0,delay_s=0.000942
3.50094,DATA_RX_OK,rx=2,sender=0,delay_s=0.000942
3.50094,DATA_RX_OK,rx=5,sender=0,delay_s=0.000942
3.50094,DATA_RX_OK,rx=10,sender=0,delay_s=0.000942
3.50094,DATA_RX_OK,rx=3,sender=0,delay_s=0.000942
3.50094,DATA_RX_OK,rx=4,sender=0,delay_s=0.000942
3.50094,DATA_RX_OK,rx=7,sender=0,delay_s=0.000942
3.50094,DATA_RX_OK,rx=9,sender=0,delay_s=0.000942
3.50094,DATA_RX_OK,rx=6,sender=0,delay_s=0.000942
3.60066,DATA_RX_OK,rx=11,sender=0,delay_s=0.000662
3.60066,DATA_RX_OK,rx=1,sender=0,delay_s=0.000662
3.60066,DATA_RX_OK,rx=2,sender=0,delay_s=0.000662
3.60066,DATA_RX_OK,rx=8,sender=0,delay_s=0.000662
3.60066,DATA_RX_OK,rx=5,sender=0,delay_s=0.000662
3.60066,DATA_RX_OK,rx=10,sender=0,delay_s=0.000662
3.60066,DATA_RX_OK,rx=3,sender=0,delay_s=0.000662
3.60066,DATA_RX_OK,rx=4,sender=0,delay_s=0.000662
3.60066,DATA_RX_OK,rx=7,sender=0,delay_s=0.000662
3.60066,DATA_RX_OK,rx=9,sender=0,delay_s=0.000662
3.60066,DATA_RX_OK,rx=6,sender=0,delay_s=0.000662
3.70066,DATA_RX_OK,rx=11,sender=0,delay_s=0.000662
3.70066,DATA_RX_OK,rx=1,sender=0,delay_s=0.000662
3.70066,DATA_RX_OK,rx=2,sender=0,delay_s=0.000662
3.70066,DATA_RX_OK,rx=8,sender=0,delay_s=0.000662
3.70066,DATA_RX_OK,rx=5,sender=0,delay_s=0.000662
3.70066,DATA_RX_OK,rx=10,sender=0,delay_s=0.000662
3.70066,DATA_RX_OK,rx=3,sender=0,delay_s=0.000662
3.70066,DATA_RX_OK,rx=4,sender=0,delay_s=0.000662
3.70066,DATA_RX_OK,rx=7,sender=0,delay_s=0.000662
3.70066,DATA_RX_OK,rx=9,sender=0,delay_s=0.000662
3.70066,DATA_RX_OK,rx=6,sender=0,delay_s=0.000662
3.8,REPLAY_SENT,nonce=3700000000
3.80066,DATA_DROP_REPLAY,rx=11,sender=0,nonce=3700000000
3.80066,DATA_DROP_REPLAY,rx=1,sender=0,nonce=3700000000
3.80066,DATA_DROP_REPLAY,rx=2,sender=0,nonce=3700000000
3.80066,DATA_DROP_REPLAY,rx=8,sender=0,nonce=3700000000
3.80066,DATA_DROP_REPLAY,rx=5,sender=0,nonce=3700000000
3.80066,DATA_DROP_REPLAY,rx=10,sender=0,nonce=3700000000
3.80066,DATA_DROP_REPLAY,rx=4,sender=0,nonce=3700000000
3.80066,DATA_DROP_REPLAY,rx=3,sender=0,nonce=3700000000
3.80066,DATA_DROP_REPLAY,rx=7,sender=0,nonce=3700000000
3.80066,DATA_DROP_REPLAY,rx=9,sender=0,nonce=3700000000
3.80066,DATA_DROP_REPLAY,rx=6,sender=0,nonce=3700000000
3.80101,DATA_RX_OK,rx=11,sender=0,delay_s=0.001005
3.80101,DATA_RX_OK,rx=1,sender=0,delay_s=0.001005
3.80101,DATA_RX_OK,rx=2,sender=0,delay_s=0.001005
3.80101,DATA_RX_OK,rx=8,sender=0,delay_s=0.001005
3.80101,DATA_RX_OK,rx=5,sender=0,delay_s=0.001005
3.80101,DATA_RX_OK,rx=10,sender=0,delay_s=0.001005
3.80101,DATA_RX_OK,rx=4,sender=0,delay_s=0.001005
3.80101,DATA_RX_OK,rx=3,sender=0,delay_s=0.001005
3.80101,DATA_RX_OK,rx=7,sender=0,delay_s=0.001005
3.80101,DATA_RX_OK,rx=9,sender=0,delay_s=0.001005
3.80101,DATA_RX_OK,rx=6,sender=0,delay_s=0.001005
3.90066,DATA_RX_OK,rx=11,sender=0,delay_s=0.000662
3.90066,DATA_RX_OK,rx=1,sender=0,delay_s=0.000662
3.90066,DATA_RX_OK,rx=2,sender=0,delay_s=0.000662
3.90066,DATA_RX_OK,rx=8,sender=0,delay_s=0.000662
3.90066,DATA_RX_OK,rx=5,sender=0,delay_s=0.000662
3.90066,DATA_RX_OK,rx=10,sender=0,delay_s=0.000662
3.90066,DATA_RX_OK,rx=4,sender=0,delay_s=0.000662
3.90066,DATA_RX_OK,rx=3,sender=0,delay_s=0.000662
3.90066,DATA_RX_OK,rx=7,sender=0,delay_s=0.000662
3.90066,DATA_RX_OK,rx=9,sender=0,delay_s=0.000662
3.90066,DATA_RX_OK,rx=6,sender=0,delay_s=0.000662
4,REPORT_SENT,by=0,about=4,delta=0.020000
4,REPORT_SENT,by=1,about=3,delta=0.020000
4,REPORT_SENT,by=2,about=4,delta=0.020000
4,REPORT_SENT,by=3,about=1,delta=0.020000
4,REPORT_SENT,by=4,about=6,delta=0.020000
4,REPORT_SENT,by=5,about=9,delta=0.020000
4,REPORT_SENT,by=6,about=9,delta=0.020000
4,REPORT_SENT,by=7,about=6,delta=0.020000
4,REPORT_SENT,by=8,about=9,delta=0.020000
4,REPORT_SENT,by=9,about=5,delta=-0.050000
4.00007,REPORT_RX_RSU,rsu=10,by=4,about=6,delta=0.020000
4.00022,REPORT_RX_RSU,rsu=10,by=1,about=3,delta=0.020000
4.00053,REPORT_RX_RSU,rsu=10,by=5,about=9,delta=0.020000
4.00077,REPORT_RX_RSU,rsu=10,by=8,about=9,delta=0.020000
4.00092,REPORT_RX_RSU,rsu=10,by=0,about=4,delta=0.020000
4.00105,REPORT_RX_RSU,rsu=10,by=9,about=5,delta=-0.050000
4.00151,REPORT_RX_RSU,rsu=10,by=7,about=6,delta=0.020000
4.00163,DATA_RX_OK,rx=11,sender=0,delay_s=0.001635
4.00163,DATA_RX_OK,rx=2,sender=0,delay_s=0.001635
4.00163,DATA_RX_OK,rx=1,sender=0,delay_s=0.001635
4.00163,DATA_RX_OK,rx=8,sender=0,delay_s=0.001635
4.00163,DATA_RX_OK,rx=5,sender=0,delay_s=0.001635
4.00163,DATA_RX_OK,rx=10,sender=0,delay_s=0.001635
4.00163,DATA_RX_OK,rx=4,sender=0,delay_s=0.001635
4.00163,DATA_RX_OK,rx=3,sender=0,delay_s=0.001635
4.00163,DATA_RX_OK,rx=7,sender=0,delay_s=0.001635
4.00163,DATA_RX_OK,rx=9,sender=0,delay_s=0.001635
4.00164,DATA_RX_OK,rx=6,sender=0,delay_s=0.001635
4.1,REPLAY_SENT,nonce=4000000000
4.10066,DATA_DROP_REPLAY,rx=11,sender=0,nonce=4000000000
4.10066,DATA_DROP_REPLAY,rx=2,sender=0,nonce=4000000000
4.10066,DATA_DROP_REPLAY,rx=1,sender=0,nonce=4000000000
4.10066,DATA_DROP_REPLAY,rx=5,sender=0,nonce=4000000000
4.10066,DATA_DROP_REPLAY,rx=8,sender=0,nonce=4000000000
4.10066,DATA_DROP_REPLAY,rx=10,sender=0,nonce=4000000000
4.10066,DATA_DROP_REPLAY,rx=4,sender=0,nonce=4000000000
4.10066,DATA_DROP_REPLAY,rx=3,sender=0,nonce=4000000000
4.10066,DATA_DROP_REPLAY,rx=7,sender=0,nonce=4000000000
4.10066,DATA_DROP_REPLAY,rx=9,sender=0,nonce=4000000000
4.10066,DATA_DROP_REPLAY,rx=6,sender=0,nonce=4000000000
4.10097,DATA_RX_OK,rx=11,sender=0,delay_s=0.000969
4.10097,DATA_RX_OK,rx=2,sender=0,delay_s=0.000969
4.10097,DATA_RX_OK,rx=1,sender=0,delay_s=0.000969
4.10097,DATA_RX_OK,rx=5,sender=0,delay_s=0.000969
4.10097,DATA_RX_OK,rx=8,sender=0,delay_s=0.000969
4.10097,DATA_RX_OK,rx=10,sender=0,delay_s=0.000969
4.10097,DATA_RX_OK,rx=4,sender=0,delay_s=0.000969
4.10097,DATA_RX_OK,rx=3,sender=0,delay_s=0.000969
4.10097,DATA_RX_OK,rx=7,sender=0,delay_s=0.000969
4.10097,DATA_RX_OK,rx=9,sender=0,delay_s=0.000969
4.10097,DATA_RX_OK,rx=6,sender=0,delay_s=0.000969
4.2,BLOCK_MINE_START,block_next=5
4.20066,DATA_RX_OK,rx=11,sender=0,delay_s=0.000662
4.20066,DATA_RX_OK,rx=2,sender=0,delay_s=0.000662
4.20066,DATA_RX_OK,rx=1,sender=0,delay_s=0.000662
4.20066,DATA_RX_OK,rx=5,sender=0,delay_s=0.000662
4.20066,DATA_RX_OK,rx=8,sender=0,delay_s=0.000662
4.20066,DATA_RX_OK,rx=10,sender=0,delay_s=0.000662
4.20066,DATA_RX_OK,rx=4,sender=0,delay_s=0.000662
4.20066,DATA_RX_OK,rx=3,sender=0,delay_s=0.000662
4.20066,DATA_RX_OK,rx=7,sender=0,delay_s=0.000662
4.20066,DATA_RX_OK,rx=9,sender=0,delay_s=0.000662
4.20066,DATA_RX_OK,rx=6,sender=0,delay_s=0.000662
4.25,BLOCK_COMMIT_ITEM,accused=6,delta=0.020000,trust=0.760000
4.25,BLOCK_COMMIT_ITEM,accused=3,delta=0.020000,trust=0.710000
4.25,BLOCK_COMMIT_ITEM,accused=9,delta=0.020000,trust=0.720000
4.25,BLOCK_COMMIT_ITEM,accused=9,delta=0.020000,trust=0.740000
4.25,BLOCK_COMMIT_ITEM,accused=4,delta=0.020000,trust=0.760000
4.25,BLOCK_COMMIT_ITEM,accused=5,delta=-0.050000,trust=0.600000
4.25,BLOCK_COMMIT_ITEM,accused=6,delta=0.020000,trust=0.780000
4.25,BLOCK_COMMIT_DONE,block=5,items=7,lat_s=0.050000
4.30066,DATA_RX_OK,rx=11,sender=0,delay_s=0.000662
4.30066,DATA_RX_OK,rx=2,sender=0,delay_s=0.000662
4.30066,DATA_RX_OK,rx=1,sender=0,delay_s=0.000662
4.30066,DATA_RX_OK,rx=8,sender=0,delay_s=0.000662
4.30066,DATA_RX_OK,rx=5,sender=0,delay_s=0.000662
4.30066,DATA_RX_OK,rx=10,sender=0,delay_s=0.000662
4.30066,DATA_RX_OK,rx=4,sender=0,delay_s=0.000662
4.30066,DATA_RX_OK,rx=3,sender=0,delay_s=0.000662
4.30066,DATA_RX_OK,rx=7,sender=0,delay_s=0.000662
4.30066,DATA_RX_OK,rx=9,sender=0,delay_s=0.000662
4.30066,DATA_RX_OK,rx=6,sender=0,delay_s=0.000662
4.4,REPLAY_SENT,nonce=4300000000
4.40066,DATA_DROP_REPLAY,rx=11,sender=0,nonce=4300000000
4.40066,DATA_DROP_REPLAY,rx=2,sender=0,nonce=4300000000
4.40066,DATA_DROP_REPLAY,rx=1,sender=0,nonce=4300000000
4.40066,DATA_DROP_REPLAY,rx=8,sender=0,nonce=4300000000
4.40066,DATA_DROP_REPLAY,rx=5,sender=0,nonce=4300000000
4.40066,DATA_DROP_REPLAY,rx=10,sender=0,nonce=4300000000
4.40066,DATA_DROP_REPLAY,rx=4,sender=0,nonce=4300000000
4.40066,DATA_DROP_REPLAY,rx=3,sender=0,nonce=4300000000
4.40066,DATA_DROP_REPLAY,rx=7,sender=0,nonce=4300000000
4.40066,DATA_DROP_REPLAY,rx=9,sender=0,nonce=4300000000
4.40066,DATA_DROP_REPLAY,rx=6,sender=0,nonce=4300000000
4.40101,DATA_RX_OK,rx=11,sender=0,delay_s=0.001005
4.40101,DATA_RX_OK,rx=2,sender=0,delay_s=0.001005
4.40101,DATA_RX_OK,rx=1,sender=0,delay_s=0.001005
4.40101,DATA_RX_OK,rx=8,sender=0,delay_s=0.001005
4.40101,DATA_RX_OK,rx=5,sender=0,delay_s=0.001005
4.40101,DATA_RX_OK,rx=10,sender=0,delay_s=0.001005
4.40101,DATA_RX_OK,rx=4,sender=0,delay_s=0.001005
4.40101,DATA_RX_OK,rx=3,sender=0,delay_s=0.001005
4.40101,DATA_RX_OK,rx=7,sender=0,delay_s=0.001005
4.40101,DATA_RX_OK,rx=9,sender=0,delay_s=0.001005
4.40101,DATA_RX_OK,rx=6,sender=0,delay_s=0.001005
4.50066,DATA_RX_OK,rx=11,sender=0,delay_s=0.000662
4.50066,DATA_RX_OK,rx=2,sender=0,delay_s=0.000662
4.50066,DATA_RX_OK,rx=1,sender=0,delay_s=0.000662
4.50066,DATA_RX_OK,rx=8,sender=0,delay_s=0.000662
4.50066,DATA_RX_OK,rx=5,sender=0,delay_s=0.000662
4.50066,DATA_RX_OK,rx=10,sender=0,delay_s=0.000662
4.50066,DATA_RX_OK,rx=4,sender=0,delay_s=0.000662
4.50066,DATA_RX_OK,rx=3,sender=0,delay_s=0.000662
4.50066,DATA_RX_OK,rx=7,sender=0,delay_s=0.000662
4.50066,DATA_RX_OK,rx=9,sender=0,delay_s=0.000662
4.50066,DATA_RX_OK,rx=6,sender=0,delay_s=0.000662
4.60066,DATA_DROP_SIG,rx=11,sender=0,nonce=4600000000
4.60066,DATA_DROP_SIG,rx=2,sender=0,nonce=4600000000
4.60066,DATA_DROP_SIG,rx=1,sender=0,nonce=4600000000
4.60066,DATA_DROP_SIG,rx=8,sender=0,nonce=4600000000
4.60066,DATA_DROP_SIG,rx=5,sender=0,nonce=4600000000
4.60066,DATA_DROP_SIG,rx=10,sender=0,nonce=4600000000
4.60066,DATA_DROP_SIG,rx=3,sender=0,nonce=4600000000
4.60066,DATA_DROP_SIG,rx=4,sender=0,nonce=4600000000
4.60066,DATA_DROP_SIG,rx=7,sender=0,nonce=4600000000
4.60066,DATA_DROP_SIG,rx=9,sender=0,nonce=4600000000
4.60066,DATA_DROP_SIG,rx=6,sender=0,nonce=4600000000
4.7,REPLAY_SENT,nonce=4600000000
4.70066,DATA_DROP_SIG,rx=11,sender=0,nonce=4600000000
4.70066,DATA_DROP_SIG,rx=2,sender=0,nonce=4600000000
4.70066,DATA_DROP_SIG,rx=1,sender=0,nonce=4600000000
4.70066,DATA_DROP_SIG,rx=8,sender=0,nonce=4600000000
4.70066,DATA_DROP_SIG,rx=5,sender=0,nonce=4600000000
4.70066,DATA_DROP_SIG,rx=10,sender=0,nonce=4600000000
4.70066,DATA_DROP_SIG,rx=3,sender=0,nonce=4600000000
4.70066,DATA_DROP_SIG,rx=4,sender=0,nonce=4600000000
4.70066,DATA_DROP_SIG,rx=7,sender=0,nonce=4600000000
4.70066,DATA_DROP_SIG,rx=9,sender=0,nonce=4600000000
4.70066,DATA_DROP_SIG,rx=6,sender=0,nonce=4600000000
4.70098,DATA_RX_OK,rx=11,sender=0,delay_s=0.000978
4.70098,DATA_RX_OK,rx=2,sender=0,delay_s=0.000978
4.70098,DATA_RX_OK,rx=1,sender=0,delay_s=0.000978
4.70098,DATA_RX_OK,rx=8,sender=0,delay_s=0.000978
4.70098,DATA_RX_OK,rx=5,sender=0,delay_s=0.000978
4.70098,DATA_RX_OK,rx=10,sender=0,delay_s=0.000978
4.70098,DATA_RX_OK,rx=3,sender=0,delay_s=0.000978
4.70098,DATA_RX_OK,rx=4,sender=0,delay_s=0.000978
4.70098,DATA_RX_OK,rx=7,sender=0,delay_s=0.000978
4.70098,DATA_RX_OK,rx=9,sender=0,delay_s=0.000978
4.70098,DATA_RX_OK,rx=6,sender=0,delay_s=0.000978
4.80066,DATA_RX_OK,rx=11,sender=0,delay_s=0.000662
4.80066,DATA_RX_OK,rx=2,sender=0,delay_s=0.000662
4.80066,DATA_RX_OK,rx=8,sender=0,delay_s=0.000662
4.80066,DATA_RX_OK,rx=1,sender=0,delay_s=0.000662
4.80066,DATA_RX_OK,rx=5,sender=0,delay_s=0.000662
4.80066,DATA_RX_OK,rx=10,sender=0,delay_s=0.000662
4.80066,DATA_RX_OK,rx=3,sender=0,delay_s=0.000662
4.80066,DATA_RX_OK,rx=4,sender=0,delay_s=0.000662
4.80066,DATA_RX_OK,rx=7,sender=0,delay_s=0.000662
4.80066,DATA_RX_OK,rx=9,sender=0,delay_s=0.000662
4.80066,DATA_RX_OK,rx=6,sender=0,delay_s=0.000662
4.90066,DATA_RX_OK,rx=11,sender=0,delay_s=0.000662
4.90066,DATA_RX_OK,rx=2,sender=0,delay_s=0.000662
4.90066,DATA_RX_OK,rx=8,sender=0,delay_s=0.000662
4.90066,DATA_RX_OK,rx=1,sender=0,delay_s=0.000662
4.90066,DATA_RX_OK,rx=5,sender=0,delay_s=0.000662
4.90066,DATA_RX_OK,rx=10,sender=0,delay_s=0.000662
4.90066,DATA_RX_OK,rx=3,sender=0,delay_s=0.000662
4.90066,DATA_RX_OK,rx=7,sender=0,delay_s=0.000662
4.90066,DATA_RX_OK,rx=4,sender=0,delay_s=0.000662
4.90066,DATA_RX_OK,rx=9,sender=0,delay_s=0.000662
4.90066,DATA_RX_OK,rx=6,sender=0,delay_s=0.000662
5,REPORT_SENT,by=0,about=1,delta=0.020000
5,REPORT_SENT,by=1,about=6,delta=0.020000
5,REPORT_SENT,by=2,about=4,delta=-0.050000
5,REPORT_SENT,by=3,about=2,delta=0.020000
5,REPORT_SENT,by=4,about=8,delta=0.020000
5,REPORT_SENT,by=5,about=8,delta=0.020000
5,REPORT_SENT,by=6,about=0,delta=0.020000
5,REPORT_SENT,by=7,about=6,delta=-0.050000
5,REPORT_SENT,by=8,about=2,delta=0.020000
5,REPORT_SENT,by=9,about=2,delta=0.020000
5,REPLAY_SENT,nonce=4900000000
5.00025,REPORT_RX_RSU,rsu=10,by=8,about=2,delta=0.020000
5.00044,REPORT_RX_RSU,rsu=10,by=0,about=1,delta=0.020000
5.00077,REPORT_RX_RSU,rsu=10,by=4,about=8,delta=0.020000
5.00105,REPORT_RX_RSU,rsu=10,by=9,about=2,delta=0.020000
5.00115,DATA_DROP_REPLAY,rx=11,sender=0,nonce=4900000000
5.00115,DATA_DROP_REPLAY,rx=2,sender=0,nonce=4900000000
5.00115,DATA_DROP_REPLAY,rx=8,sender=0,nonce=4900000000
5.00115,DATA_DROP_REPLAY,rx=1,sender=0,nonce=4900000000
5.00115,DATA_DROP_REPLAY,rx=5,sender=0,nonce=4900000000
5.00115,DATA_DROP_REPLAY,rx=3,sender=0,nonce=4900000000
5.0016,DATA_RX_OK,rx=11,sender=0,delay_s=0.001598
5.0016,DATA_RX_OK,rx=2,sender=0,delay_s=0.001598
5.0016,DATA_RX_OK,rx=8,sender=0,delay_s=0.001598
5.0016,DATA_RX_OK,rx=1,sender=0,delay_s=0.001598
5.0016,DATA_RX_OK,rx=5,sender=0,delay_s=0.001598
5.0016,DATA_RX_OK,rx=10,sender=0,delay_s=0.001598
5.0016,DATA_RX_OK,rx=7,sender=0,delay_s=0.001598
5.0016,DATA_RX_OK,rx=3,sender=0,delay_s=0.001598
5.0016,DATA_RX_OK,rx=4,sender=0,delay_s=0.001598
5.0016,DATA_RX_OK,rx=9,sender=0,delay_s=0.001598
5.0016,DATA_RX_OK,rx=6,sender=0,delay_s=0.001598
5.00161,REPORT_RX_RSU,rsu=10,by=7,about=6,delta=-0.050000
5.00191,REPORT_RX_RSU,rsu=10,by=1,about=6,delta=0.020000
5.00216,REPORT_RX_RSU,rsu=10,by=5,about=8,delta=0.020000
5.10066,DATA_RX_OK,rx=11,sender=0,delay_s=0.000662
5.10066,DATA_RX_OK,rx=2,sender=0,delay_s=0.000662
5.10066,DATA_RX_OK,rx=8,sender=0,delay_s=0.000662
5.10066,DATA_RX_OK,rx=1,sender=0,delay_s=0.000662
5.10066,DATA_RX_OK,rx=5,sender=0,delay_s=0.000662
5.10066,DATA_RX_OK,rx=10,sender=0,delay_s=0.000662
5.10066,DATA_RX_OK,rx=3,sender=0,delay_s=0.000662
5.10066,DATA_RX_OK,rx=7,sender=0,delay_s=0.000662
5.10066,DATA_RX_OK,rx=4,sender=0,delay_s=0.000662
5.10066,DATA_RX_OK,rx=9,sender=0,delay_s=0.000662
5.10066,DATA_RX_OK,rx=6,sender=0,delay_s=0.000662
5.20066,DATA_RX_OK,rx=11,sender=0,delay_s=0.000662
5.20066,DATA_RX_OK,rx=2,sender=0,delay_s=0.000662
5.20066,DATA_RX_OK,rx=8,sender=0,delay_s=0.000662
5.20066,DATA_RX_OK,rx=1,sender=0,delay_s=0.000662
5.20066,DATA_RX_OK,rx=5,sender=0,delay_s=0.000662
5.20066,DATA_RX_OK,rx=10,sender=0,delay_s=0.000662
5.20066,DATA_RX_OK,rx=3,sender=0,delay_s=0.000662
5.20066,DATA_RX_OK,rx=7,sender=0,delay_s=0.000662
5.20066,DATA_RX_OK,rx=4,sender=0,delay_s=0.000662
5.20066,DATA_RX_OK,rx=9,sender=0,delay_s=0.000662
5.20066,DATA_RX_OK,rx=6,sender=0,delay_s=0.000662
5.25,BLOCK_MINE_START,block_next=6
5.3,REPLAY_SENT,nonce=5200000000
5.3,BLOCK_COMMIT_ITEM,accused=2,delta=0.020000,trust=0.800000
5.3,BLOCK_COMMIT_ITEM,accused=1,delta=0.020000,trust=0.670000
5.3,BLOCK_COMMIT_ITEM,accused=8,delta=0.020000,trust=0.750000
5.3,BLOCK_COMMIT_ITEM,accused=2,delta=0.020000,trust=0.820000
5.3,BLOCK_COMMIT_ITEM,accused=6,delta=-0.050000,trust=0.730000
5.3,BLOCK_COMMIT_ITEM,accused=6,delta=0.020000,trust=0.750000
5.3,BLOCK_COMMIT_ITEM,accused=8,delta=0.020000,trust=0.770000
5.3,BLOCK_COMMIT_DONE,block=6,items=7,lat_s=0.050000
5.30066,DATA_DROP_REPLAY,rx=11,sender=0,nonce=5200000000
5.30066,DATA_DROP_REPLAY,rx=2,sender=0,nonce=5200000000
5.30066,DATA_DROP_REPLAY,rx=8,sender=0,nonce=5200000000
5.30066,DATA_DROP_REPLAY,rx=1,sender=0,nonce=5200000000
5.30066,DATA_DROP_REPLAY,rx=5,sender=0,nonce=5200000000
5.30066,DATA_DROP_REPLAY,rx=10,sender=0,nonce=5200000000
5.30066,DATA_DROP_REPLAY,rx=3,sender=0,nonce=5200000000
5.30066,DATA_DROP_REPLAY,rx=7,sender=0,nonce=5200000000
5.30066,DATA_DROP_REPLAY,rx=4,sender=0,nonce=5200000000
5.30066,DATA_DROP_REPLAY,rx=9,sender=0,nonce=5200000000
5.30066,DATA_DROP_REPLAY,rx=6,sender=0,nonce=5200000000
5.30094,DATA_RX_OK,rx=11,sender=0,delay_s=0.000942
5.30094,DATA_RX_OK,rx=2,sender=0,delay_s=0.000942
5.30094,DATA_RX_OK,rx=8,sender=0,delay_s=0.000942
5.30094,DATA_RX_OK,rx=1,sender=0,delay_s=0.000942
5.30094,DATA_RX_OK,rx=5,sender=0,delay_s=0.000942
5.30094,DATA_RX_OK,rx=10,sender=0,delay_s=0.000942
5.30094,DATA_RX_OK,rx=3,sender=0,delay_s=0.000942
5.30094,DATA_RX_OK,rx=7,sender=0,delay_s=0.000942
5.30094,DATA_RX_OK,rx=4,sender=0,delay_s=0.000942
5.30094,DATA_RX_OK,rx=9,sender=0,delay_s=0.000942
5.30094,DATA_RX_OK,rx=6,sender=0,delay_s=0.000942
5.40066,DATA_RX_OK,rx=11,sender=0,delay_s=0.000662
5.40066,DATA_RX_OK,rx=2,sender=0,delay_s=0.000662
5.40066,DATA_RX_OK,rx=1,sender=0,delay_s=0.000662
5.40066,DATA_RX_OK,rx=8,sender=0,delay_s=0.000662
5.40066,DATA_RX_OK,rx=5,sender=0,delay_s=0.000662
5.40066,DATA_RX_OK,rx=10,sender=0,delay_s=0.000662
5.40066,DATA_RX_OK,rx=3,sender=0,delay_s=0.000662
5.40066,DATA_RX_OK,rx=7,sender=0,delay_s=0.000662
5.40066,DATA_RX_OK,rx=4,sender=0,delay_s=0.000662
5.40066,DATA_RX_OK,rx=9,sender=0,delay_s=0.000662
5.40066,DATA_RX_OK,rx=6,sender=0,delay_s=0.000662
5.50066,DATA_DROP_SIG,rx=11,sender=0,nonce=5500000000
5.50066,DATA_DROP_SIG,rx=2,sender=0,nonce=5500000000
5.50066,DATA_DROP_SIG,rx=1,sender=0,nonce=5500000000
5.50066,DATA_DROP_SIG,rx=5,sender=0,nonce=5500000000
5.50066,DATA_DROP_SIG,rx=8,sender=0,nonce=5500000000
5.50066,DATA_DROP_SIG,rx=10,sender=0,nonce=5500000000
5.50066,DATA_DROP_SIG,rx=3,sender=0,nonce=5500000000
5.50066,DATA_DROP_SIG,rx=7,sender=0,nonce=5500000000
5.50066,DATA_DROP_SIG,rx=4,sender=0,nonce=5500000000
5.50066,DATA_DROP_SIG,rx=9,sender=0,nonce=5500000000
5.50066,DATA_DROP_SIG,rx=6,sender=0,nonce=5500000000
5.6,REPLAY_SENT,nonce=5500000000
5.60066,DATA_DROP_SIG,rx=11,sender=0,nonce=5500000000
5.60066,DATA_DROP_SIG,rx=2,sender=0,nonce=5500000000
5.60066,DATA_DROP_SIG,rx=5,sender=0,nonce=5500000000
5.60066,DATA_DROP_SIG,rx=1,sender=0,nonce=5500000000
5.60066,DATA_DROP_SIG,rx=8,sender=0,nonce=5500000000
5.60066,DATA_DROP_SIG,rx=10,sender=0,nonce=5500000000
5.60066,DATA_DROP_SIG,rx=3,sender=0,nonce=5500000000
5.60066,DATA_DROP_SIG,rx=7,sender=0,nonce=5500000000
5.60066,DATA_DROP_SIG,rx=4,sender=0,nonce=5500000000
5.60066,DATA_DROP_SIG,rx=9,sender=0,nonce=5500000000
5.60066,DATA_DROP_SIG,rx=6,sender=0,nonce=5500000000
5.60097,DATA_RX_OK,rx=11,sender=0,delay_s=0.000969
5.60097,DATA_RX_OK,rx=2,sender=0,delay_s=0.000969
5.60097,DATA_RX_OK,rx=5,sender=0,delay_s=0.000969
5.60097,DATA_RX_OK,rx=1,sender=0,delay_s=0.000969
5.60097,DATA_RX_OK,rx=8,sender=0,delay_s=0.000969
5.60097,DATA_RX_OK,rx=10,sender=0,delay_s=0.000969
5.60097,DATA_RX_OK,rx=3,sender=0,delay_s=0.000969
5.60097,DATA_RX_OK,rx=7,sender=0,delay_s=0.000969
5.60097,DATA_RX_OK,rx=4,sender=0,delay_s=0.000969
5.60097,DATA_RX_OK,rx=9,sender=0,delay_s=0.000969
5.60097,DATA_RX_OK,rx=6,sender=0,delay_s=0.000969
5.70066,DATA_RX_OK,rx=11,sender=0,delay_s=0.000662
5.70066,DATA_RX_OK,rx=2,sender=0,delay_s=0.000662
5.70066,DATA_RX_OK,rx=5,sender=0,delay_s=0.000662
5.70066,DATA_RX_OK,rx=1,sender=0,delay_s=0.000662
5.70066,DATA_RX_OK,rx=8,sender=0,delay_s=0.000662
5.70066,DATA_RX_OK,rx=10,sender=0,delay_s=0.000662
5.70066,DATA_RX_OK,rx=3,sender=0,delay_s=0.000662
5.70066,DATA_RX_OK,rx=7,sender=0,delay_s=0.000662
5.70066,DATA_RX_OK,rx=4,sender=0,delay_s=0.000662
5.70066,DATA_RX_OK,rx=9,sender=0,delay_s=0.000662
5.70066,DATA_RX_OK,rx=6,sender=0,delay_s=0.000662
5.80066,DATA_RX_OK,rx=11,sender=0,delay_s=0.000662
5.80066,DATA_RX_OK,rx=5,sender=0,delay_s=0.000662
5.80066,DATA_RX_OK,rx=2,sender=0,delay_s=0.000662
5.80066,DATA_RX_OK,rx=1,sender=0,delay_s=0.000662
5.80066,DATA_RX_OK,rx=8,sender=0,delay_s=0.000662
5.80066,DATA_RX_OK,rx=10,sender=0,delay_s=0.000662
5.80066,DATA_RX_OK,rx=3,sender=0,delay_s=0.000662
5.80066,DATA_RX_OK,rx=7,sender=0,delay_s=0.000662
5.80066,DATA_RX_OK,rx=4,sender=0,delay_s=0.000662
5.80066,DATA_RX_OK,rx=9,sender=0,delay_s=0.000662
5.80066,DATA_RX_OK,rx=6,sender=0,delay_s=0.000662
5.9,REPLAY_SENT,nonce=5800000000
5.90066,DATA_DROP_REPLAY,rx=11,sender=0,nonce=5800000000
5.90066,DATA_DROP_REPLAY,rx=5,sender=0,nonce=5800000000
5.90066,DATA_DROP_REPLAY,rx=2,sender=0,nonce=5800000000
5.90066,DATA_DROP_REPLAY,rx=1,sender=0,nonce=5800000000
5.90066,DATA_DROP_REPLAY,rx=8,sender=0,nonce=5800000000
5.90066,DATA_DROP_REPLAY,rx=10,sender=0,nonce=5800000000
5.90066,DATA_DROP_REPLAY,rx=3,sender=0,nonce=5800000000
5.90066,DATA_DROP_REPLAY,rx=7,sender=0,nonce=5800000000
5.90066,DATA_DROP_REPLAY,rx=4,sender=0,nonce=5800000000
5.90066,DATA_DROP_REPLAY,rx=9,sender=0,nonce=5800000000
5.90066,DATA_DROP_REPLAY,rx=6,sender=0,nonce=5800000000
5.90092,DATA_RX_OK,rx=11,sender=0,delay_s=0.000924
5.90092,DATA_RX_OK,rx=5,sender=0,delay_s=0.000924
5.90092,DATA_RX_OK,rx=2,sender=0,delay_s=0.000924
5.90092,DATA_RX_OK,rx=1,sender=0,delay_s=0.000924
5.90092,DATA_RX_OK,rx=8,sender=0,delay_s=0.000924
5.90092,DATA_RX_OK,rx=10,sender=0,delay_s=0.000924
5.90092,DATA_RX_OK,rx=3,sender=0,delay_s=0.000924
5.90092,DATA_RX_OK,rx=7,sender=0,delay_s=0.000924
5.90092,DATA_RX_OK,rx=4,sender=0,delay_s=0.000924
5.90092,DATA_RX_OK,rx=9,sender=0,delay_s=0.000924
5.90092,DATA_RX_OK,rx=6,sender=0,delay_s=0.000924
6,REPORT_SENT,by=0,about=9,delta=-0.050000
6,REPORT_SENT,by=1,about=7,delta=0.020000
6,REPORT_SENT,by=2,about=0,delta=-0.050000
6,REPORT_SENT,by=3,about=4,delta=0.020000
6,REPORT_SENT,by=4,about=2,delta=0.020000
6,REPORT_SENT,by=5,about=8,delta=0.020000
6,REPORT_SENT,by=6,about=8,delta=0.020000
6,REPORT_SENT,by=7,about=2,delta=0.020000
6,REPORT_SENT,by=8,about=7,delta=-0.050000
6,REPORT_SENT,by=9,about=3,delta=0.020000
6.00019,REPORT_RX_RSU,rsu=10,by=1,about=7,delta=0.020000
6.00049,REPORT_RX_RSU,rsu=10,by=5,about=8,delta=0.020000
6.00062,REPORT_RX_RSU,rsu=10,by=9,about=3,delta=0.020000
6.00079,REPORT_RX_RSU,rsu=10,by=0,about=9,delta=-0.050000
6.00097,REPORT_RX_RSU,rsu=10,by=4,about=2,delta=0.020000
6.00115,REPORT_RX_RSU,rsu=10,by=8,about=7,delta=-0.050000
6.00165,REPORT_RX_RSU,rsu=10,by=7,about=2,delta=0.020000
6.00167,DATA_DROP_SIG,rx=11,sender=0,nonce=6000000000
6.00167,DATA_DROP_SIG,rx=5,sender=0,nonce=6000000000
6.00167,DATA_DROP_SIG,rx=2,sender=0,nonce=6000000000
6.00167,DATA_DROP_SIG,rx=1,sender=0,nonce=6000000000
6.00167,DATA_DROP_SIG,rx=8,sender=0,nonce=6000000000
6.00167,DATA_DROP_SIG,rx=10,sender=0,nonce=6000000000
6.00167,DATA_DROP_SIG,rx=3,sender=0,nonce=6000000000
6.00167,DATA_DROP_SIG,rx=7,sender=0,nonce=6000000000
6.00167,DATA_DROP_SIG,rx=4,sender=0,nonce=6000000000
6.00167,DATA_DROP_SIG,rx=9,sender=0,nonce=6000000000
6.00167,DATA_DROP_SIG,rx=6,sender=0,nonce=6000000000
6.10066,DATA_RX_OK,rx=11,sender=0,delay_s=0.000662
6.10066,DATA_RX_OK,rx=5,sender=0,delay_s=0.000662
6.10066,DATA_RX_OK,rx=1,sender=0,delay_s=0.000662
6.10066,DATA_RX_OK,rx=2,sender=0,delay_s=0.000662
6.10066,DATA_RX_OK,rx=8,sender=0,delay_s=0.000662
6.10066,DATA_RX_OK,rx=3,sender=0,delay_s=0.000662
6.10066,DATA_RX_OK,rx=10,sender=0,delay_s=0.000662
6.10066,DATA_RX_OK,rx=7,sender=0,delay_s=0.000662
6.10066,DATA_RX_OK,rx=9,sender=0,delay_s=0.000662
6.10066,DATA_RX_OK,rx=4,sender=0,delay_s=0.000662
6.10066,DATA_RX_OK,rx=6,sender=0,delay_s=0.000662
6.2,REPLAY_SENT,nonce=6100000000
6.20066,DATA_DROP_REPLAY,rx=11,sender=0,nonce=6100000000
6.20066,DATA_DROP_REPLAY,rx=5,sender=0,nonce=6100000000
6.20066,DATA_DROP_REPLAY,rx=1,sender=0,nonce=6100000000
6.20066,DATA_DROP_REPLAY,rx=2,sender=0,nonce=6100000000
6.20066,DATA_DROP_REPLAY,rx=8,sender=0,nonce=6100000000
6.20066,DATA_DROP_REPLAY,rx=3,sender=0,nonce=6100000000
6.20066,DATA_DROP_REPLAY,rx=10,sender=0,nonce=6100000000
6.20066,DATA_DROP_REPLAY,rx=7,sender=0,nonce=6100000000
6.20066,DATA_DROP_REPLAY,rx=9,sender=0,nonce=6100000000
6.20066,DATA_DROP_REPLAY,rx=4,sender=0,nonce=6100000000
6.20066,DATA_DROP_REPLAY,rx=6,sender=0,nonce=6100000000
6.20098,DATA_RX_OK,rx=11,sender=0,delay_s=0.000978
6.20098,DATA_RX_OK,rx=5,sender=0,delay_s=0.000978
6.20098,DATA_RX_OK,rx=1,sender=0,delay_s=0.000978
6.20098,DATA_RX_OK,rx=2,sender=0,delay_s=0.000978
6.20098,DATA_RX_OK,rx=8,sender=0,delay_s=0.000978
6.20098,DATA_RX_OK,rx=3,sender=0,delay_s=0.000978
6.20098,DATA_RX_OK,rx=10,sender=0,delay_s=0.000978
6.20098,DATA_RX_OK,rx=7,sender=0,delay_s=0.000978
6.20098,DATA_RX_OK,rx=9,sender=0,delay_s=0.000978
6.20098,DATA_RX_OK,rx=4,sender=0,delay_s=0.000978
6.20098,DATA_RX_OK,rx=6,sender=0,delay_s=0.000978
6.3,BLOCK_MINE_START,block_next=7
6.30066,DATA_RX_OK,rx=11,sender=0,delay_s=0.000662
6.30066,DATA_RX_OK,rx=5,sender=0,delay_s=0.000662
6.30066,DATA_RX_OK,rx=1,sender=0,delay_s=0.000662
6.30066,DATA_RX_OK,rx=2,sender=0,delay_s=0.000662
6.30066,DATA_RX_OK,rx=8,sender=0,delay_s=0.000662
6.30066,DATA_RX_OK,rx=3,sender=0,delay_s=0.000662
6.30066,DATA_RX_OK,rx=10,sender=0,delay_s=0.000662
6.30066,DATA_RX_OK,rx=7,sender=0,delay_s=0.000662
6.30066,DATA_RX_OK,rx=9,sender=0,delay_s=0.000662
6.30066,DATA_RX_OK,rx=4,sender=0,delay_s=0.000662
6.30066,DATA_RX_OK,rx=6,sender=0,delay_s=0.000662
6.35,BLOCK_COMMIT_ITEM,accused=7,delta=0.020000,trust=0.740000
6.35,BLOCK_COMMIT_ITEM,accused=8,delta=0.020000,trust=0.790000
6.35,BLOCK_COMMIT_ITEM,accused=3,delta=0.020000,trust=0.730000
6.35,BLOCK_COMMIT_ITEM,accused=9,delta=-0.050000,trust=0.690000
6.35,BLOCK_COMMIT_ITEM,accused=2,delta=0.020000,trust=0.840000
6.35,BLOCK_COMMIT_ITEM,accused=7,delta=-0.050000,trust=0.690000
6.35,BLOCK_COMMIT_ITEM,accused=2,delta=0.020000,trust=0.860000
6.35,BLOCK_COMMIT_DONE,block=7,items=7,lat_s=0.050000
6.40066,DATA_DROP_SIG,rx=11,sender=0,nonce=6400000000
6.40066,DATA_DROP_SIG,rx=5,sender=0,nonce=6400000000
6.40066,DATA_DROP_SIG,rx=1,sender=0,nonce=6400000000
6.40066,DATA_DROP_SIG,rx=2,sender=0,nonce=6400000000
6.40066,DATA_DROP_SIG,rx=8,sender=0,nonce=6400000000
6.40066,DATA_DROP_SIG,rx=3,sender=0,nonce=6400000000
6.40066,DATA_DROP_SIG,rx=10,sender=0,nonce=6400000000
6.40066,DATA_DROP_SIG,rx=7,sender=0,nonce=6400000000
6.40066,DATA_DROP_SIG,rx=9,sender=0,nonce=6400000000
6.40066,DATA_DROP_SIG,rx=4,sender=0,nonce=6400000000
6.40066,DATA_DROP_SIG,rx=6,sender=0,nonce=6400000000
6.5,REPLAY_SENT,nonce=6400000000
6.50066,DATA_DROP_SIG,rx=11,sender=0,nonce=6400000000
6.50066,DATA_DROP_SIG,rx=5,sender=0,nonce=6400000000
6.50066,DATA_DROP_SIG,rx=1,sender=0,nonce=6400000000
6.50066,DATA_DROP_SIG,rx=2,sender=0,nonce=6400000000
6.50066,DATA_DROP_SIG,rx=8,sender=0,nonce=6400000000
6.50066,DATA_DROP_SIG,rx=3,sender=0,nonce=6400000000
6.50066,DATA_DROP_SIG,rx=10,sender=0,nonce=6400000000
6.50066,DATA_DROP_SIG,rx=7,sender=0,nonce=6400000000
6.50066,DATA_DROP_SIG,rx=9,sender=0,nonce=6400000000
6.50066,DATA_DROP_SIG,rx=4,sender=0,nonce=6400000000
6.50066,DATA_DROP_SIG,rx=6,sender=0,nonce=6400000000
6.50097,DATA_RX_OK,rx=11,sender=0,delay_s=0.000969
6.50097,DATA_RX_OK,rx=5,sender=0,delay_s=0.000969
6.50097,DATA_RX_OK,rx=1,sender=0,delay_s=0.000969
6.50097,DATA_RX_OK,rx=2,sender=0,delay_s=0.000969
6.50097,DATA_RX_OK,rx=8,sender=0,delay_s=0.000969
6.50097,DATA_RX_OK,rx=3,sender=0,delay_s=0.000969
6.50097,DATA_RX_OK,rx=10,sender=0,delay_s=0.000969
6.50097,DATA_RX_OK,rx=7,sender=0,delay_s=0.000969
6.50097,DATA_RX_OK,rx=9,sender=0,delay_s=0.000969
6.50097,DATA_RX_OK,rx=4,sender=0,delay_s=0.000969
6.50097,DATA_RX_OK,rx=6,sender=0,delay_s=0.000969
6.60066,DATA_DROP_SIG,rx=11,sender=0,nonce=6600000000
6.60066,DATA_DROP_SIG,rx=5,sender=0,nonce=6600000000
6.60066,DATA_DROP_SIG,rx=1,sender=0,nonce=6600000000
6.60066,DATA_DROP_SIG,rx=2,sender=0,nonce=6600000000
6.60066,DATA_DROP_SIG,rx=8,sender=0,nonce=6600000000
6.60066,DATA_DROP_SIG,rx=3,sender=0,nonce=6600000000
6.60066,DATA_DROP_SIG,rx=10,sender=0,nonce=6600000000
6.60066,DATA_DROP_SIG,rx=7,sender=0,nonce=6600000000
6.60066,DATA_DROP_SIG,rx=9,sender=0,nonce=6600000000
6.60066,DATA_DROP_SIG,rx=4,sender=0,nonce=6600000000
6.60066,DATA_DROP_SIG,rx=6,sender=0,nonce=6600000000
6.70066,DATA_RX_OK,rx=11,sender=0,delay_s=0.000662
6.70066,DATA_RX_OK,rx=5,sender=0,delay_s=0.000662
6.70066,DATA_RX_OK,rx=1,sender=0,delay_s=0.000662
6.70066,DATA_RX_OK,rx=2,sender=0,delay_s=0.000662
6.70066,DATA_RX_OK,rx=8,sender=0,delay_s=0.000662
6.70066,DATA_RX_OK,rx=3,sender=0,delay_s=0.000662
6.70066,DATA_RX_OK,rx=10,sender=0,delay_s=0.000662
6.70066,DATA_RX_OK,rx=7,sender=0,delay_s=0.000662
6.70066,DATA_RX_OK,rx=9,sender=0,delay_s=0.000662
6.70066,DATA_RX_OK,rx=4,sender=0,delay_s=0.000662
6.70066,DATA_RX_OK,rx=6,sender=0,delay_s=0.000662
6.8,REPLAY_SENT,nonce=6700000000
6.80066,DATA_DROP_REPLAY,rx=11,sender=0,nonce=6700000000
6.80066,DATA_DROP_REPLAY,rx=5,sender=0,nonce=6700000000
6.80066,DATA_DROP_REPLAY,rx=1,sender=0,nonce=6700000000
6.80066,DATA_DROP_REPLAY,rx=2,sender=0,nonce=6700000000
6.80066,DATA_DROP_REPLAY,rx=8,sender=0,nonce=6700000000
6.80066,DATA_DROP_REPLAY,rx=3,sender=0,nonce=6700000000
6.80066,DATA_DROP_REPLAY,rx=10,sender=0,nonce=6700000000
6.80066,DATA_DROP_REPLAY,rx=9,sender=0,nonce=6700000000
6.80066,DATA_DROP_REPLAY,rx=7,sender=0,nonce=6700000000
6.80066,DATA_DROP_REPLAY,rx=4,sender=0,nonce=6700000000
6.80066,DATA_DROP_REPLAY,rx=6,sender=0,nonce=6700000000
6.80094,DATA_RX_OK,rx=11,sender=0,delay_s=0.000942
6.80094,DATA_RX_OK,rx=5,sender=0,delay_s=0.000942
6.80094,DATA_RX_OK,rx=1,sender=0,delay_s=0.000942
6.80094,DATA_RX_OK,rx=2,sender=0,delay_s=0.000942
6.80094,DATA_RX_OK,rx=8,sender=0,delay_s=0.000942
6.80094,DATA_RX_OK,rx=3,sender=0,delay_s=0.000942
6.80094,DATA_RX_OK,rx=10,sender=0,delay_s=0.000942
6.80094,DATA_RX_OK,rx=9,sender=0,delay_s=0.000942
6.80094,DATA_RX_OK,rx=7,sender=0,delay_s=0.000942
6.80094,DATA_RX_OK,rx=4,sender=0,delay_s=0.000942
6.80094,DATA_RX_OK,rx=6,sender=0,delay_s=0.000942
6.90066,DATA_RX_OK,rx=11,sender=0,delay_s=0.000662
6.90066,DATA_RX_OK,rx=1,sender=0,delay_s=0.000662
6.90066,DATA_RX_OK,rx=5,sender=0,delay_s=0.000662
6.90066,DATA_RX_OK,rx=2,sender=0,delay_s=0.000662
6.90066,DATA_RX_OK,rx=8,sender=0,delay_s=0.000662
6.90066,DATA_RX_OK,rx=3,sender=0,delay_s=0.000662
6.90066,DATA_RX_OK,rx=10,sender=0,delay_s=0.000662
6.90066,DATA_RX_OK,rx=9,sender=0,delay_s=0.000662
6.90066,DATA_RX_OK,rx=7,sender=0,delay_s=0.000662
6.90066,DATA_RX_OK,rx=4,sender=0,delay_s=0.000662
6.90066,DATA_RX_OK,rx=6,sender=0,delay_s=0.000662
7,REPORT_SENT,by=0,about=1,delta=0.020000
7,REPORT_SENT,by=1,about=3,delta=-0.050000
7,REPORT_SENT,by=2,about=5,delta=0.020000
7,REPORT_SENT,by=3,about=0,delta=0.020000
7,REPORT_SENT,by=4,about=7,delta=0.020000
7,REPORT_SENT,by=5,about=7,delta=0.020000
7,REPORT_SENT,by=6,about=7,delta=-0.050000
7,REPORT_SENT,by=7,about=2,delta=-0.050000
7,REPORT_SENT,by=8,about=7,delta=0.020000
7,REPORT_SENT,by=9,about=6,delta=0.020000
7.00019,REPORT_RX_RSU,rsu=10,by=7,about=2,delta=-0.050000
7.00033,REPORT_RX_RSU,rsu=10,by=5,about=7,delta=0.020000
7.00059,REPORT_RX_RSU,rsu=10,by=9,about=6,delta=0.020000
7.00073,REPORT_RX_RSU,rsu=10,by=4,about=7,delta=0.020000
7.00085,REPORT_RX_RSU,rsu=10,by=0,about=1,delta=0.020000
7.00125,REPORT_RX_RSU,rsu=10,by=1,about=3,delta=-0.050000
7.00136,DATA_RX_OK,rx=11,sender=0,delay_s=0.001364
7.00136,DATA_RX_OK,rx=1,sender=0,delay_s=0.001364
7.00136,DATA_RX_OK,rx=5,sender=0,delay_s=0.001364
7.00136,DATA_RX_OK,rx=2,sender=0,delay_s=0.001364
7.00136,DATA_RX_OK,rx=8,sender=0,delay_s=0.001364
7.00136,DATA_RX_OK,rx=3,sender=0,delay_s=0.001364
7.00136,DATA_RX_OK,rx=10,sender=0,delay_s=0.001364
7.00136,DATA_RX_OK,rx=9,sender=0,delay_s=0.001364
7.00136,DATA_RX_OK,rx=7,sender=0,delay_s=0.001364
7.00136,DATA_RX_OK,rx=4,sender=0,delay_s=0.001364
7.00136,DATA_RX_OK,rx=6,sender=0,delay_s=0.001364
7.00139,REPORT_RX_RSU,rsu=10,by=8,about=7,delta=0.020000
7.1,REPLAY_SENT,nonce=7000000000
7.10066,DATA_DROP_REPLAY,rx=1,sender=0,nonce=7000000000
7.10066,DATA_DROP_REPLAY,rx=11,sender=0,nonce=7000000000
7.10066,DATA_DROP_REPLAY,rx=2,sender=0,nonce=7000000000
7.10066,DATA_DROP_REPLAY,rx=5,sender=0,nonce=7000000000
7.10066,DATA_DROP_REPLAY,rx=8,sender=0,nonce=7000000000
7.10066,DATA_DROP_REPLAY,rx=3,sender=0,nonce=7000000000
7.10066,DATA_DROP_REPLAY,rx=10,sender=0,nonce=7000000000
7.10066,DATA_DROP_REPLAY,rx=9,sender=0,nonce=7000000000
7.10066,DATA_DROP_REPLAY,rx=7,sender=0,nonce=7000000000
7.10066,DATA_DROP_REPLAY,rx=4,sender=0,nonce=7000000000
7.10066,DATA_DROP_REPLAY,rx=6,sender=0,nonce=7000000000
7.10105,DATA_DROP_SIG,rx=1,sender=0,nonce=7100000000
7.10105,DATA_DROP_SIG,rx=11,sender=0,nonce=7100000000
7.10105,DATA_DROP_SIG,rx=2,sender=0,nonce=7100000000
7.10105,DATA_DROP_SIG,rx=5,sender=0,nonce=7100000000
7.10105,DATA_DROP_SIG,rx=8,sender=0,nonce=7100000000
7.10105,DATA_DROP_SIG,rx=3,sender=0,nonce=7100000000
7.10105,DATA_DROP_SIG,rx=10,sender=0,nonce=7100000000
7.10105,DATA_DROP_SIG,rx=9,sender=0,nonce=7100000000
7.10105,DATA_DROP_SIG,rx=7,sender=0,nonce=7100000000
7.10105,DATA_DROP_SIG,rx=4,sender=0,nonce=7100000000
7.10105,DATA_DROP_SIG,rx=6,sender=0,nonce=7100000000
7.20066,DATA_DROP_SIG,rx=1,sender=0,nonce=7200000000
7.20066,DATA_DROP_SIG,rx=11,sender=0,nonce=7200000000
7.20066,DATA_DROP_SIG,rx=2,sender=0,nonce=7200000000
7.20066,DATA_DROP_SIG,rx=5,sender=0,nonce=7200000000
7.20066,DATA_DROP_SIG,rx=8,sender=0,nonce=7200000000
7.20066,DATA_DROP_SIG,rx=3,sender=0,nonce=7200000000
7.20066,DATA_DROP_SIG,rx=10,sender=0,nonce=7200000000
7.20066,DATA_DROP_SIG,rx=9,sender=0,nonce=7200000000
7.20066,DATA_DROP_SIG,rx=7,sender=0,nonce=7200000000
7.20066,DATA_DROP_SIG,rx=4,sender=0,nonce=7200000000
7.20066,DATA_DROP_SIG,rx=6,sender=0,nonce=7200000000
7.30066,DATA_DROP_SIG,rx=1,sender=0,nonce=7300000000
7.30066,DATA_DROP_SIG,rx=11,sender=0,nonce=7300000000
7.30066,DATA_DROP_SIG,rx=2,sender=0,nonce=7300000000
7.30066,DATA_DROP_SIG,rx=5,sender=0,nonce=7300000000
7.30066,DATA_DROP_SIG,rx=8,sender=0,nonce=7300000000
7.30066,DATA_DROP_SIG,rx=3,sender=0,nonce=7300000000
7.30066,DATA_DROP_SIG,rx=10,sender=0,nonce=7300000000
7.30066,DATA_DROP_SIG,rx=9,sender=0,nonce=7300000000
7.30066,DATA_DROP_SIG,rx=7,sender=0,nonce=7300000000
7.30066,DATA_DROP_SIG,rx=4,sender=0,nonce=7300000000
7.30066,DATA_DROP_SIG,rx=6,sender=0,nonce=7300000000
7.35,BLOCK_MINE_START,block_next=8
7.4,REPLAY_SENT,nonce=7300000000
7.4,BLOCK_COMMIT_ITEM,accused=2,delta=-0.050000,trust=0.810000
7.4,BLOCK_COMMIT_ITEM,accused=7,delta=0.020000,trust=0.710000
7.4,BLOCK_COMMIT_ITEM,accused=6,delta=0.020000,trust=0.770000
7.4,BLOCK_COMMIT_ITEM,accused=7,delta=0.020000,trust=0.730000
7.4,BLOCK_COMMIT_ITEM,accused=1,delta=0.020000,trust=0.690000
7.4,BLOCK_COMMIT_ITEM,accused=3,delta=-0.050000,trust=0.680000
7.4,BLOCK_COMMIT_ITEM,accused=7,delta=0.020000,trust=0.750000
7.4,BLOCK_COMMIT_DONE,block=8,items=7,lat_s=0.050000
7.40066,DATA_DROP_SIG,rx=1,sender=0,nonce=7300000000
7.40066,DATA_DROP_SIG,rx=11,sender=0,nonce=7300000000
7.40066,DATA_DROP_SIG,rx=2,sender=0,nonce=7300000000
7.40066,DATA_DROP_SIG,rx=5,sender=0,nonce=7300000000
7.40066,DATA_DROP_SIG,rx=8,sender=0,nonce=7300000000
7.40066,DATA_DROP_SIG,rx=3,sender=0,nonce=7300000000
7.40066,DATA_DROP_SIG,rx=10,sender=0,nonce=7300000000
7.40066,DATA_DROP_SIG,rx=9,sender=0,nonce=7300000000
7.40066,DATA_DROP_SIG,rx=7,sender=0,nonce=7300000000
7.40066,DATA_DROP_SIG,rx=4,sender=0,nonce=7300000000
7.40066,DATA_DROP_SIG,rx=6,sender=0,nonce=7300000000
7.40099,DATA_RX_OK,rx=1,sender=0,delay_s=0.000987
7.40099,DATA_RX_OK,rx=11,sender=0,delay_s=0.000987
7.40099,DATA_RX_OK,rx=2,sender=0,delay_s=0.000987
7.40099,DATA_RX_OK,rx=5,sender=0,delay_s=0.000987
7.40099,DATA_RX_OK,rx=8,sender=0,delay_s=0.000987
7.40099,DATA_RX_OK,rx=3,sender=0,delay_s=0.000987
7.40099,DATA_RX_OK,rx=10,sender=0,delay_s=0.000987
7.40099,DATA_RX_OK,rx=9,sender=0,delay_s=0.000987
7.40099,DATA_RX_OK,rx=7,sender=0,delay_s=0.000987
7.40099,DATA_RX_OK,rx=4,sender=0,delay_s=0.000987
7.40099,DATA_RX_OK,rx=6,sender=0,delay_s=0.000987
7.50066,DATA_RX_OK,rx=1,sender=0,delay_s=0.000662
7.50066,DATA_RX_OK,rx=11,sender=0,delay_s=0.000662
7.50066,DATA_RX_OK,rx=2,sender=0,delay_s=0.000662
7.50066,DATA_RX_OK,rx=5,sender=0,delay_s=0.000662
7.50066,DATA_RX_OK,rx=8,sender=0,delay_s=0.000662
7.50066,DATA_RX_OK,rx=3,sender=0,delay_s=0.000662
7.50066,DATA_RX_OK,rx=10,sender=0,delay_s=0.000662
7.50066,DATA_RX_OK,rx=9,sender=0,delay_s=0.000662
7.50066,DATA_RX_OK,rx=7,sender=0,delay_s=0.000662
7.50066,DATA_RX_OK,rx=4,sender=0,delay_s=0.000662
7.50066,DATA_RX_OK,rx=6,sender=0,delay_s=0.000662
7.60066,DATA_RX_OK,rx=1,sender=0,delay_s=0.000662
7.60066,DATA_RX_OK,rx=11,sender=0,delay_s=0.000662
7.60066,DATA_RX_OK,rx=2,sender=0,delay_s=0.000662
7.60066,DATA_RX_OK,rx=5,sender=0,delay_s=0.000662
7.60066,DATA_RX_OK,rx=8,sender=0,delay_s=0.000662
7.60066,DATA_RX_OK,rx=3,sender=0,delay_s=0.000662
7.60066,DATA_RX_OK,rx=10,sender=0,delay_s=0.000662
7.60066,DATA_RX_OK,rx=9,sender=0,delay_s=0.000662
7.60066,DATA_RX_OK,rx=7,sender=0,delay_s=0.000662
7.60066,DATA_RX_OK,rx=4,sender=0,delay_s=0.000662
7.60066,DATA_RX_OK,rx=6,sender=0,delay_s=0.000662
7.7,REPLAY_SENT,nonce=7600000000
7.70066,DATA_DROP_REPLAY,rx=1,sender=0,nonce=7600000000
7.70066,DATA_DROP_REPLAY,rx=11,sender=0,nonce=7600000000
7.70066,DATA_DROP_REPLAY,rx=2,sender=0,nonce=7600000000
7.70066,DATA_DROP_REPLAY,rx=5,sender=0,nonce=7600000000
7.70066,DATA_DROP_REPLAY,rx=8,sender=0,nonce=7600000000
7.70066,DATA_DROP_REPLAY,rx=3,sender=0,nonce=7600000000
7.70066,DATA_DROP_REPLAY,rx=10,sender=0,nonce=7600000000
7.70066,DATA_DROP_REPLAY,rx=9,sender=0,nonce=7600000000
7.70066,DATA_DROP_REPLAY,rx=4,sender=0,nonce=7600000000
7.70066,DATA_DROP_REPLAY,rx=7,sender=0,nonce=7600000000
7.70066,DATA_DROP_REPLAY,rx=6,sender=0,nonce=7600000000
7.70101,DATA_RX_OK,rx=1,sender=0,delay_s=0.001014
7.70101,DATA_RX_OK,rx=11,sender=0,delay_s=0.001014
7.70101,DATA_RX_OK,rx=2,sender=0,delay_s=0.001014
7.70101,DATA_RX_OK,rx=5,sender=0,delay_s=0.001014
7.70101,DATA_RX_OK,rx=8,sender=0,delay_s=0.001014
7.70101,DATA_RX_OK,rx=3,sender=0,delay_s=0.001014
7.70101,DATA_RX_OK,rx=10,sender=0,delay_s=0.001014
7.70101,DATA_RX_OK,rx=9,sender=0,delay_s=0.001014
7.70101,DATA_RX_OK,rx=4,sender=0,delay_s=0.001014
7.70101,DATA_RX_OK,rx=7,sender=0,delay_s=0.001014
7.70101,DATA_RX_OK,rx=6,sender=0,delay_s=0.001014
7.80066,DATA_DROP_SIG,rx=1,sender=0,nonce=7800000000
7.80066,DATA_DROP_SIG,rx=11,sender=0,nonce=7800000000
7.80066,DATA_DROP_SIG,rx=2,sender=0,nonce=7800000000
7.80066,DATA_DROP_SIG,rx=5,sender=0,nonce=7800000000
7.80066,DATA_DROP_SIG,rx=8,sender=0,nonce=7800000000
7.80066,DATA_DROP_SIG,rx=3,sender=0,nonce=7800000000
7.80066,DATA_DROP_SIG,rx=10,sender=0,nonce=7800000000
7.80066,DATA_DROP_SIG,rx=9,sender=0,nonce=7800000000
7.80066,DATA_DROP_SIG,rx=4,sender=0,nonce=7800000000
7.80066,DATA_DROP_SIG,rx=7,sender=0,nonce=7800000000
7.80066,DATA_DROP_SIG,rx=6,sender=0,nonce=7800000000
7.90066,DATA_RX_OK,rx=1,sender=0,delay_s=0.000662
7.90066,DATA_RX_OK,rx=11,sender=0,delay_s=0.000662
7.90066,DATA_RX_OK,rx=2,sender=0,delay_s=0.000662
7.90066,DATA_RX_OK,rx=5,sender=0,delay_s=0.000662
7.90066,DATA_RX_OK,rx=8,sender=0,delay_s=0.000662
7.90066,DATA_RX_OK,rx=3,sender=0,delay_s=0.000662
7.90066,DATA_RX_OK,rx=10,sender=0,delay_s=0.000662
7.90066,DATA_RX_OK,rx=9,sender=0,delay_s=0.000662
7.90066,DATA_RX_OK,rx=4,sender=0,delay_s=0.000662
7.90066,DATA_RX_OK,rx=7,sender=0,delay_s=0.000662
7.90066,DATA_RX_OK,rx=6,sender=0,delay_s=0.000662
8,REPORT_SENT,by=0,about=8,delta=0.020000
8,REPORT_SENT,by=1,about=7,delta=0.020000
8,REPORT_SENT,by=2,about=9,delta=-0.050000
8,REPORT_SENT,by=3,about=8,delta=0.020000
8,REPORT_SENT,by=4,about=5,delta=0.020000
8,REPORT_SENT,by=5,about=9,delta=0.020000
8,REPORT_SENT,by=6,about=0,delta=0.020000
8,REPORT_SENT,by=7,about=9,delta=0.020000
8,REPORT_SENT,by=8,about=9,delta=0.020000
8,REPORT_SENT,by=9,about=3,delta=0.020000
8,REPLAY_SENT,nonce=7900000000
8.00021,REPORT_RX_RSU,rsu=10,by=7,about=9,delta=0.020000
8.00044,REPORT_RX_RSU,rsu=10,by=0,about=8,delta=0.020000
8.00057,REPORT_RX_RSU,rsu=10,by=9,about=3,delta=0.020000
8.00096,REPORT_RX_RSU,rsu=10,by=8,about=9,delta=0.020000
8.00108,DATA_DROP_REPLAY,rx=1,sender=0,nonce=7900000000
8.00108,DATA_DROP_REPLAY,rx=11,sender=0,nonce=7900000000
8.00108,DATA_DROP_REPLAY,rx=2,sender=0,nonce=7900000000
8.00108,DATA_DROP_REPLAY,rx=8,sender=0,nonce=7900000000
8.00108,DATA_DROP_REPLAY,rx=5,sender=0,nonce=7900000000
8.00108,DATA_DROP_REPLAY,rx=3,sender=0,nonce=7900000000
8.00108,DATA_DROP_REPLAY,rx=10,sender=0,nonce=7900000000
8.00108,DATA_DROP_REPLAY,rx=9,sender=0,nonce=7900000000
8.00108,DATA_DROP_REPLAY,rx=4,sender=0,nonce=7900000000
8.00108,DATA_DROP_REPLAY,rx=7,sender=0,nonce=7900000000
8.00108,DATA_DROP_REPLAY,rx=6,sender=0,nonce=7900000000
8.0011,REPORT_RX_RSU,rsu=10,by=4,about=5,delta=0.020000
8.00167,REPORT_RX_RSU,rsu=10,by=1,about=7,delta=0.020000
8.00179,DATA_RX_OK,rx=1,sender=0,delay_s=0.001794
8.00179,DATA_RX_OK,rx=11,sender=0,delay_s=0.001794
8.00179,DATA_RX_OK,rx=2,sender=0,delay_s=0.001794
8.00179,DATA_RX_OK,rx=8,sender=0,delay_s=0.001794
8.00179,DATA_RX_OK,rx=5,sender=0,delay_s=0.001794
8.00179,DATA_RX_OK,rx=3,sender=0,delay_s=0.001794
8.00179,DATA_RX_OK,rx=10,sender=0,delay_s=0.001794
8.00179,DATA_RX_OK,rx=9,sender=0,delay_s=0.001794
8.00179,DATA_RX_OK,rx=4,sender=0,delay_s=0.001794
8.00179,DATA_RX_OK,rx=7,sender=0,delay_s=0.001794
8.00179,DATA_RX_OK,rx=6,sender=0,delay_s=0.001794
8.00229,REPORT_RX_RSU,rsu=10,by=5,about=9,delta=0.020000
8.10066,DATA_RX_OK,rx=1,sender=0,delay_s=0.000662
8.10066,DATA_RX_OK,rx=11,sender=0,delay_s=0.000662
8.10066,DATA_RX_OK,rx=2,sender=0,delay_s=0.000662
8.10066,DATA_RX_OK,rx=8,sender=0,delay_s=0.000662
8.10066,DATA_RX_OK,rx=5,sender=0,delay_s=0.000662
8.10066,DATA_RX_OK,rx=3,sender=0,delay_s=0.000662
8.10066,DATA_RX_OK,rx=10,sender=0,delay_s=0.000662
8.10066,DATA_RX_OK,rx=4,sender=0,delay_s=0.000662
8.10066,DATA_RX_OK,rx=9,sender=0,delay_s=0.000662
8.10066,DATA_RX_OK,rx=7,sender=0,delay_s=0.000662
8.10066,DATA_RX_OK,rx=6,sender=0,delay_s=0.000662
8.20066,DATA_RX_OK,rx=1,sender=0,delay_s=0.000662
8.20066,DATA_RX_OK,rx=11,sender=0,delay_s=0.000662
8.20066,DATA_RX_OK,rx=2,sender=0,delay_s=0.000662
8.20066,DATA_RX_OK,rx=8,sender=0,delay_s=0.000662
8.20066,DATA_RX_OK,rx=5,sender=0,delay_s=0.000662
8.20066,DATA_RX_OK,rx=3,sender=0,delay_s=0.000662
8.20066,DATA_RX_OK,rx=10,sender=0,delay_s=0.000662
8.20066,DATA_RX_OK,rx=4,sender=0,delay_s=0.000662
8.20066,DATA_RX_OK,rx=9,sender=0,delay_s=0.000662
8.20066,DATA_RX_OK,rx=7,sender=0,delay_s=0.000662
8.20066,DATA_RX_OK,rx=6,sender=0,delay_s=0.000662
8.3,REPLAY_SENT,nonce=8200000000
8.30066,DATA_DROP_REPLAY,rx=1,sender=0,nonce=8200000000
8.30066,DATA_DROP_REPLAY,rx=11,sender=0,nonce=8200000000
8.30066,DATA_DROP_REPLAY,rx=2,sender=0,nonce=8200000000
8.30066,DATA_DROP_REPLAY,rx=8,sender=0,nonce=8200000000
8.30066,DATA_DROP_REPLAY,rx=5,sender=0,nonce=8200000000
8.30066,DATA_DROP_REPLAY,rx=3,sender=0,nonce=8200000000
8.30066,DATA_DROP_REPLAY,rx=10,sender=0,nonce=8200000000
8.30066,DATA_DROP_REPLAY,rx=4,sender=0,nonce=8200000000
8.30066,DATA_DROP_REPLAY,rx=9,sender=0,nonce=8200000000
8.30066,DATA_DROP_REPLAY,rx=7,sender=0,nonce=8200000000
8.30066,DATA_DROP_REPLAY,rx=6,sender=0,nonce=8200000000
8.30094,DATA_RX_OK,rx=1,sender=0,delay_s=0.000942
8.30094,DATA_RX_OK,rx=11,sender=0,delay_s=0.000942
8.30094,DATA_RX_OK,rx=2,sender=0,delay_s=0.000942
8.30094,DATA_RX_OK,rx=8,sender=0,delay_s=0.000942
8.30094,DATA_RX_OK,rx=5,sender=0,delay_s=0.000942
8.30094,DATA_RX_OK,rx=3,sender=0,delay_s=0.000942
8.30094,DATA_RX_OK,rx=10,sender=0,delay_s=0.000942
8.30094,DATA_RX_OK,rx=4,sender=0,delay_s=0.000942
8.30094,DATA_RX_OK,rx=9,sender=0,delay_s=0.000942
8.30094,DATA_RX_OK,rx=7,sender=0,delay_s=0.000942
8.30094,DATA_RX_OK,rx=6,sender=0,delay_s=0.000942
8.4,BLOCK_MINE_START,block_next=9
8.40066,DATA_RX_OK,rx=1,sender=0,delay_s=0.000662
8.40066,DATA_RX_OK,rx=11,sender=0,delay_s=0.000662
8.40066,DATA_RX_OK,rx=2,sender=0,delay_s=0.000662
8.40066,DATA_RX_OK,rx=8,sender=0,delay_s=0.000662
8.40066,DATA_RX_OK,rx=5,sender=0,delay_s=0.000662
8.40066,DATA_RX_OK,rx=3,sender=0,delay_s=0.000662
8.40066,DATA_RX_OK,rx=10,sender=0,delay_s=0.000662
8.40066,DATA_RX_OK,rx=4,sender=0,delay_s=0.000662
8.40066,DATA_RX_OK,rx=9,sender=0,delay_s=0.000662
8.40066,DATA_RX_OK,rx=7,sender=0,delay_s=0.000662
8.40066,DATA_RX_OK,rx=6,sender=0,delay_s=0.000662
8.45,BLOCK_COMMIT_ITEM,accused=9,delta=0.020000,trust=0.710000
8.45,BLOCK_COMMIT_ITEM,accused=8,delta=0.020000,trust=0.810000
8.45,BLOCK_COMMIT_ITEM,accused=3,delta=0.020000,trust=0.700000
8.45,BLOCK_COMMIT_ITEM,accused=9,delta=0.020000,trust=0.730000
8.45,BLOCK_COMMIT_ITEM,accused=5,delta=0.020000,trust=0.620000
8.45,BLOCK_COMMIT_ITEM,accused=7,delta=0.020000,trust=0.770000
8.45,BLOCK_COMMIT_ITEM,accused=9,delta=0.020000,trust=0.750000
8.45,BLOCK_COMMIT_DONE,block=9,items=7,lat_s=0.050000
8.50066,DATA_DROP_SIG,rx=1,sender=0,nonce=8500000000
8.50066,DATA_DROP_SIG,rx=11,sender=0,nonce=8500000000
8.50066,DATA_DROP_SIG,rx=2,sender=0,nonce=8500000000
8.50066,DATA_DROP_SIG,rx=8,sender=0,nonce=8500000000
8.50066,DATA_DROP_SIG,rx=5,sender=0,nonce=8500000000
8.50066,DATA_DROP_SIG,rx=3,sender=0,nonce=8500000000
8.50066,DATA_DROP_SIG,rx=10,sender=0,nonce=8500000000
8.50066,DATA_DROP_SIG,rx=4,sender=0,nonce=8500000000
8.50066,DATA_DROP_SIG,rx=9,sender=0,nonce=8500000000
8.50066,DATA_DROP_SIG,rx=7,sender=0,nonce=8500000000
8.50066,DATA_DROP_SIG,rx=6,sender=0,nonce=8500000000
8.6,REPLAY_SENT,nonce=8500000000
8.60066,DATA_DROP_SIG,rx=1,sender=0,nonce=8500000000
8.60066,DATA_DROP_SIG,rx=11,sender=0,nonce=8500000000
8.60066,DATA_DROP_SIG,rx=2,sender=0,nonce=8500000000
8.60066,DATA_DROP_SIG,rx=8,sender=0,nonce=8500000000
8.60066,DATA_DROP_SIG,rx=3,sender=0,nonce=8500000000
8.60066,DATA_DROP_SIG,rx=5,sender=0,nonce=8500000000
8.60066,DATA_DROP_SIG,rx=10,sender=0,nonce=8500000000
8.60066,DATA_DROP_SIG,rx=4,sender=0,nonce=8500000000
8.60066,DATA_DROP_SIG,rx=9,sender=0,nonce=8500000000
8.60066,DATA_DROP_SIG,rx=7,sender=0,nonce=8500000000
8.60066,DATA_DROP_SIG,rx=6,sender=0,nonce=8500000000
8.60099,DATA_RX_OK,rx=1,sender=0,delay_s=0.000987
8.60099,DATA_RX_OK,rx=11,sender=0,delay_s=0.000987
8.60099,DATA_RX_OK,rx=2,sender=0,delay_s=0.000987
8.60099,DATA_RX_OK,rx=8,sender=0,delay_s=0.000987
8.60099,DATA_RX_OK,rx=3,sender=0,delay_s=0.000987
8.60099,DATA_RX_OK,rx=5,sender=0,delay_s=0.000987
8.60099,DATA_RX_OK,rx=10,sender=0,delay_s=0.000987
8.60099,DATA_RX_OK,rx=4,sender=0,delay_s=0.000987
8.60099,DATA_RX_OK,rx=9,sender=0,delay_s=0.000987
8.60099,DATA_RX_OK,rx=7,sender=0,delay_s=0.000987
8.60099,DATA_RX_OK,rx=6,sender=0,delay_s=0.000987
8.70066,DATA_RX_OK,rx=1,sender=0,delay_s=0.000662
8.70066,DATA_RX_OK,rx=11,sender=0,delay_s=0.000662
8.70066,DATA_RX_OK,rx=2,sender=0,delay_s=0.000662
8.70066,DATA_RX_OK,rx=8,sender=0,delay_s=0.000662
8.70066,DATA_RX_OK,rx=3,sender=0,delay_s=0.000662
8.70066,DATA_RX_OK,rx=5,sender=0,delay_s=0.000662
8.70066,DATA_RX_OK,rx=10,sender=0,delay_s=0.000662
8.70066,DATA_RX_OK,rx=4,sender=0,delay_s=0.000662
8.70066,DATA_RX_OK,rx=9,sender=0,delay_s=0.000662
8.70066,DATA_RX_OK,rx=6,sender=0,delay_s=0.000662
8.70066,DATA_RX_OK,rx=7,sender=0,delay_s=0.000662
8.80066,DATA_RX_OK,rx=1,sender=0,delay_s=0.000662
8.80066,DATA_RX_OK,rx=11,sender=0,delay_s=0.000662
8.80066,DATA_RX_OK,rx=2,sender=0,delay_s=0.000662
8.80066,DATA_RX_OK,rx=8,sender=0,delay_s=0.000662
8.80066,DATA_RX_OK,rx=3,sender=0,delay_s=0.000662
8.80066,DATA_RX_OK,rx=5,sender=0,delay_s=0.000662
8.80066,DATA_RX_OK,rx=10,sender=0,delay_s=0.000662
8.80066,DATA_RX_OK,rx=4,sender=0,delay_s=0.000662
8.80066,DATA_RX_OK,rx=9,sender=0,delay_s=0.000662
8.80066,DATA_RX_OK,rx=6,sender=0,delay_s=0.000662
8.80066,DATA_RX_OK,rx=7,sender=0,delay_s=0.000662
8.9,REPLAY_SENT,nonce=8800000000
8.90066,DATA_DROP_REPLAY,rx=11,sender=0,nonce=8800000000
8.90066,DATA_DROP_REPLAY,rx=1,sender=0,nonce=8800000000
8.90066,DATA_DROP_REPLAY,rx=2,sender=0,nonce=8800000000
8.90066,DATA_DROP_REPLAY,rx=8,sender=0,nonce=8800000000
8.90066,DATA_DROP_REPLAY,rx=3,sender=0,nonce=8800000000
8.90066,DATA_DROP_REPLAY,rx=5,sender=0,nonce=8800000000
8.90066,DATA_DROP_REPLAY,rx=10,sender=0,nonce=8800000000
8.90066,DATA_DROP_REPLAY,rx=4,sender=0,nonce=8800000000
8.90066,DATA_DROP_REPLAY,rx=9,sender=0,nonce=8800000000
8.90066,DATA_DROP_REPLAY,rx=6,sender=0,nonce=8800000000
8.90066,DATA_DROP_REPLAY,rx=7,sender=0,nonce=8800000000
8.90101,DATA_RX_OK,rx=11,sender=0,delay_s=0.001014
8.90101,DATA_RX_OK,rx=1,sender=0,delay_s=0.001014
8.90101,DATA_RX_OK,rx=2,sender=0,delay_s=0.001014
8.90101,DATA_RX_OK,rx=8,sender=0,delay_s=0.001014
8.90101,DATA_RX_OK,rx=3,sender=0,delay_s=0.001014
8.90101,DATA_RX_OK,rx=5,sender=0,delay_s=0.001014
8.90101,DATA_RX_OK,rx=10,sender=0,delay_s=0.001014
8.90101,DATA_RX_OK,rx=4,sender=0,delay_s=0.001014
8.90101,DATA_RX_OK,rx=9,sender=0,delay_s=0.001014
8.90101,DATA_RX_OK,rx=6,sender=0,delay_s=0.001014
8.90101,DATA_RX_OK,rx=7,sender=0,delay_s=0.001014
9,REPORT_SENT,by=0,about=7,delta=-0.050000
9,REPORT_SENT,by=1,about=6,delta=-0.050000
9,REPORT_SENT,by=2,about=4,delta=0.020000
9,REPORT_SENT,by=3,about=7,delta=-0.050000
9,REPORT_SENT,by=4,about=1,delta=-0.050000
9,REPORT_SENT,by=5,about=2,delta=0.020000
9,REPORT_SENT,by=6,about=6,delta=0.020000
9,REPORT_SENT,by=7,about=1,delta=0.020000
9,REPORT_SENT,by=8,about=7,delta=0.020000
9,REPORT_SENT,by=9,about=5,delta=0.020000
9.00043,REPORT_RX_RSU,rsu=10,by=9,about=5,delta=0.020000
9.00057,REPORT_RX_RSU,rsu=10,by=5,about=2,delta=0.020000
9.0007,REPORT_RX_RSU,rsu=10,by=0,about=7,delta=-0.050000
9.00084,REPORT_RX_RSU,rsu=10,by=4,about=1,delta=-0.050000
9.00098,REPORT_RX_RSU,rsu=10,by=8,about=7,delta=0.020000
9.00153,DATA_RX_OK,rx=11,sender=0,delay_s=0.001527
9.00153,DATA_RX_OK,rx=1,sender=0,delay_s=0.001527
9.00153,DATA_RX_OK,rx=2,sender=0,delay_s=0.001527
9.00153,DATA_RX_OK,rx=8,sender=0,delay_s=0.001527
9.00153,DATA_RX_OK,rx=3,sender=0,delay_s=0.001527
9.00153,DATA_RX_OK,rx=10,sender=0,delay_s=0.001527
9.00153,DATA_RX_OK,rx=5,sender=0,delay_s=0.001527
9.00153,DATA_RX_OK,rx=4,sender=0,delay_s=0.001527
9.00153,DATA_RX_OK,rx=9,sender=0,delay_s=0.001527
9.00153,DATA_RX_OK,rx=6,sender=0,delay_s=0.001527
9.00153,DATA_RX_OK,rx=7,sender=0,delay_s=0.001527
9.00156,REPORT_RX_RSU,rsu=10,by=1,about=6,delta=-0.050000
9.00182,REPORT_RX_RSU,rsu=10,by=7,about=1,delta=0.020000
9.10066,DATA_DROP_SIG,rx=11,sender=0,nonce=9100000000
9.10066,DATA_DROP_SIG,rx=1,sender=0,nonce=9100000000
9.10066,DATA_DROP_SIG,rx=2,sender=0,nonce=9100000000
9.10066,DATA_DROP_SIG,rx=8,sender=0,nonce=9100000000
9.10066,DATA_DROP_SIG,rx=3,sender=0,nonce=9100000000
9.10066,DATA_DROP_SIG,rx=10,sender=0,nonce=9100000000
9.10066,DATA_DROP_SIG,rx=5,sender=0,nonce=9100000000
9.10066,DATA_DROP_SIG,rx=4,sender=0,nonce=9100000000
9.10066,DATA_DROP_SIG,rx=9,sender=0,nonce=9100000000
9.10066,DATA_DROP_SIG,rx=6,sender=0,nonce=9100000000
9.10066,DATA_DROP_SIG,rx=7,sender=0,nonce=9100000000
9.2,REPLAY_SENT,nonce=9100000000
9.20066,DATA_DROP_SIG,rx=11,sender=0,nonce=9100000000
9.20066,DATA_DROP_SIG,rx=1,sender=0,nonce=9100000000
9.20066,DATA_DROP_SIG,rx=2,sender=0,nonce=9100000000
9.20066,DATA_DROP_SIG,rx=8,sender=0,nonce=9100000000
9.20066,DATA_DROP_SIG,rx=3,sender=0,nonce=9100000000
9.20066,DATA_DROP_SIG,rx=10,sender=0,nonce=9100000000
9.20066,DATA_DROP_SIG,rx=5,sender=0,nonce=9100000000
9.20066,DATA_DROP_SIG,rx=9,sender=0,nonce=9100000000
9.20066,DATA_DROP_SIG,rx=4,sender=0,nonce=9100000000
9.20066,DATA_DROP_SIG,rx=6,sender=0,nonce=9100000000
9.20066,DATA_DROP_SIG,rx=7,sender=0,nonce=9100000000
9.20106,DATA_RX_OK,rx=11,sender=0,delay_s=0.001059
9.20106,DATA_RX_OK,rx=1,sender=0,delay_s=0.001059
9.20106,DATA_RX_OK,rx=2,sender=0,delay_s=0.001059
9.20106,DATA_RX_OK,rx=8,sender=0,delay_s=0.001059
9.20106,DATA_RX_OK,rx=3,sender=0,delay_s=0.001059
9.20106,DATA_RX_OK,rx=10,sender=0,delay_s=0.001059
9.20106,DATA_RX_OK,rx=5,sender=0,delay_s=0.001059
9.20106,DATA_RX_OK,rx=9,sender=0,delay_s=0.001059
9.20106,DATA_RX_OK,rx=4,sender=0,delay_s=0.001059
9.20106,DATA_RX_OK,rx=6,sender=0,delay_s=0.001059
9.20106,DATA_RX_OK,rx=7,sender=0,delay_s=0.001059
9.30066,DATA_RX_OK,rx=11,sender=0,delay_s=0.000662
9.30066,DATA_RX_OK,rx=1,sender=0,delay_s=0.000662
9.30066,DATA_RX_OK,rx=2,sender=0,delay_s=0.000662
9.30066,DATA_RX_OK,rx=8,sender=0,delay_s=0.000662
9.30066,DATA_RX_OK,rx=3,sender=0,delay_s=0.000662
9.30066,DATA_RX_OK,rx=10,sender=0,delay_s=0.000662
9.30066,DATA_RX_OK,rx=5,sender=0,delay_s=0.000662
9.30066,DATA_RX_OK,rx=9,sender=0,delay_s=0.000662
9.30066,DATA_RX_OK,rx=4,sender=0,delay_s=0.000662
9.30066,DATA_RX_OK,rx=6,sender=0,delay_s=0.000662
9.30066,DATA_RX_OK,rx=7,sender=0,delay_s=0.000662
9.40066,DATA_RX_OK,rx=11,sender=0,delay_s=0.000662
9.40066,DATA_RX_OK,rx=1,sender=0,delay_s=0.000662
9.40066,DATA_RX_OK,rx=2,sender=0,delay_s=0.000662
9.40066,DATA_RX_OK,rx=8,sender=0,delay_s=0.000662
9.40066,DATA_RX_OK,rx=3,sender=0,delay_s=0.000662
9.40066,DATA_RX_OK,rx=10,sender=0,delay_s=0.000662
9.40066,DATA_RX_OK,rx=5,sender=0,delay_s=0.000662
9.40066,DATA_RX_OK,rx=9,sender=0,delay_s=0.000662
9.40066,DATA_RX_OK,rx=4,sender=0,delay_s=0.000662
9.40066,DATA_RX_OK,rx=6,sender=0,delay_s=0.000662
9.40066,DATA_RX_OK,rx=7,sender=0,delay_s=0.000662
9.45,BLOCK_MINE_START,block_next=10
9.5,REPLAY_SENT,nonce=9400000000
9.5,BLOCK_COMMIT_ITEM,accused=5,delta=0.020000,trust=0.640000
9.5,BLOCK_COMMIT_ITEM,accused=2,delta=0.020000,trust=0.830000
9.5,BLOCK_COMMIT_ITEM,accused=7,delta=-0.050000,trust=0.720000
9.5,BLOCK_COMMIT_ITEM,accused=1,delta=-0.050000,trust=0.640000
9.5,BLOCK_COMMIT_ITEM,accused=7,delta=0.020000,trust=0.740000
9.5,BLOCK_COMMIT_ITEM,accused=6,delta=-0.050000,trust=0.720000
9.5,BLOCK_COMMIT_ITEM,accused=1,delta=0.020000,trust=0.660000
9.5,BLOCK_COMMIT_DONE,block=10,items=7,lat_s=0.050000
9.50066,DATA_DROP_REPLAY,rx=11,sender=0,nonce=9400000000
9.50066,DATA_DROP_REPLAY,rx=1,sender=0,nonce=9400000000
9.50066,DATA_DROP_REPLAY,rx=2,sender=0,nonce=9400000000
9.50066,DATA_DROP_REPLAY,rx=8,sender=0,nonce=9400000000
9.50066,DATA_DROP_REPLAY,rx=3,sender=0,nonce=9400000000
9.50066,DATA_DROP_REPLAY,rx=10,sender=0,nonce=9400000000
9.50066,DATA_DROP_REPLAY,rx=5,sender=0,nonce=9400000000
9.50066,DATA_DROP_REPLAY,rx=9,sender=0,nonce=9400000000
9.50066,DATA_DROP_REPLAY,rx=4,sender=0,nonce=9400000000
9.50066,DATA_DROP_REPLAY,rx=6,sender=0,nonce=9400000000
9.50066,DATA_DROP_REPLAY,rx=7,sender=0,nonce=9400000000
9.50102,DATA_RX_OK,rx=11,sender=0,delay_s=0.001023
9.50102,DATA_RX_OK,rx=1,sender=0,delay_s=0.001023
9.50102,DATA_RX_OK,rx=2,sender=0,delay_s=0.001023
9.50102,DATA_RX_OK,rx=8,sender=0,delay_s=0.001023
9.50102,DATA_RX_OK,rx=3,sender=0,delay_s=0.001023
9.50102,DATA_RX_OK,rx=10,sender=0,delay_s=0.001023
9.50102,DATA_RX_OK,rx=5,sender=0,delay_s=0.001023
9.50102,DATA_RX_OK,rx=9,sender=0,delay_s=0.001023
9.50102,DATA_RX_OK,rx=4,sender=0,delay_s=0.001023
9.50102,DATA_RX_OK,rx=6,sender=0,delay_s=0.001023
9.50102,DATA_RX_OK,rx=7,sender=0,delay_s=0.001023
9.60066,DATA_DROP_SIG,rx=1,sender=0,nonce=9600000000
9.60066,DATA_DROP_SIG,rx=11,sender=0,nonce=9600000000
9.60066,DATA_DROP_SIG,rx=2,sender=0,nonce=9600000000
9.60066,DATA_DROP_SIG,rx=8,sender=0,nonce=9600000000
9.60066,DATA_DROP_SIG,rx=3,sender=0,nonce=9600000000
9.60066,DATA_DROP_SIG,rx=10,sender=0,nonce=9600000000
9.60066,DATA_DROP_SIG,rx=5,sender=0,nonce=9600000000
9.60066,DATA_DROP_SIG,rx=9,sender=0,nonce=9600000000
9.60066,DATA_DROP_SIG,rx=4,sender=0,nonce=9600000000
9.60066,DATA_DROP_SIG,rx=6,sender=0,nonce=9600000000
9.60066,DATA_DROP_SIG,rx=7,sender=0,nonce=9600000000
9.70066,DATA_RX_OK,rx=1,sender=0,delay_s=0.000662
9.70066,DATA_RX_OK,rx=11,sender=0,delay_s=0.000662
9.70066,DATA_RX_OK,rx=2,sender=0,delay_s=0.000662
9.70066,DATA_RX_OK,rx=8,sender=0,delay_s=0.000662
9.70066,DATA_RX_OK,rx=3,sender=0,delay_s=0.000662
9.70066,DATA_RX_OK,rx=10,sender=0,delay_s=0.000662
9.70066,DATA_RX_OK,rx=5,sender=0,delay_s=0.000662
9.70066,DATA_RX_OK,rx=9,sender=0,delay_s=0.000662
9.70066,DATA_RX_OK,rx=4,sender=0,delay_s=0.000662
9.70066,DATA_RX_OK,rx=6,sender=0,delay_s=0.000662
9.70066,DATA_RX_OK,rx=7,sender=0,delay_s=0.000662
9.8,REPLAY_SENT,nonce=9700000000
9.80066,DATA_DROP_REPLAY,rx=1,sender=0,nonce=9700000000
9.80066,DATA_DROP_REPLAY,rx=11,sender=0,nonce=9700000000
9.80066,DATA_DROP_REPLAY,rx=2,sender=0,nonce=9700000000
9.80066,DATA_DROP_REPLAY,rx=8,sender=0,nonce=9700000000
9.80066,DATA_DROP_REPLAY,rx=10,sender=0,nonce=9700000000
9.80066,DATA_DROP_REPLAY,rx=3,sender=0,nonce=9700000000
9.80066,DATA_DROP_REPLAY,rx=5,sender=0,nonce=9700000000
9.80066,DATA_DROP_REPLAY,rx=9,sender=0,nonce=9700000000
9.80066,DATA_DROP_REPLAY,rx=4,sender=0,nonce=9700000000
9.80066,DATA_DROP_REPLAY,rx=6,sender=0,nonce=9700000000
9.80066,DATA_DROP_REPLAY,rx=7,sender=0,nonce=9700000000
9.80105,DATA_RX_OK,rx=1,sender=0,delay_s=0.001050
9.80105,DATA_RX_OK,rx=11,sender=0,delay_s=0.001050
9.80105,DATA_RX_OK,rx=2,sender=0,delay_s=0.001050
9.80105,DATA_RX_OK,rx=8,sender=0,delay_s=0.001050
9.80105,DATA_RX_OK,rx=10,sender=0,delay_s=0.001050
9.80105,DATA_RX_OK,rx=3,sender=0,delay_s=0.001050
9.80105,DATA_RX_OK,rx=5,sender=0,delay_s=0.001050
9.80105,DATA_RX_OK,rx=9,sender=0,delay_s=0.001050
9.80105,DATA_RX_OK,rx=4,sender=0,delay_s=0.001050
9.80105,DATA_RX_OK,rx=6,sender=0,delay_s=0.001050
9.80105,DATA_RX_OK,rx=7,sender=0,delay_s=0.001050
9.90066,DATA_DROP_SIG,rx=1,sender=0,nonce=9900000000
9.90066,DATA_DROP_SIG,rx=11,sender=0,nonce=9900000000
9.90066,DATA_DROP_SIG,rx=2,sender=0,nonce=9900000000
9.90066,DATA_DROP_SIG,rx=10,sender=0,nonce=9900000000
9.90066,DATA_DROP_SIG,rx=3,sender=0,nonce=9900000000
9.90066,DATA_DROP_SIG,rx=8,sender=0,nonce=9900000000
9.90066,DATA_DROP_SIG,rx=5,sender=0,nonce=9900000000
9.90066,DATA_DROP_SIG,rx=9,sender=0,nonce=9900000000
9.90066,DATA_DROP_SIG,rx=4,sender=0,nonce=9900000000
9.90066,DATA_DROP_SIG,rx=6,sender=0,nonce=9900000000
9.90066,DATA_DROP_SIG,rx=7,sender=0,nonce=9900000000
10,REPORT_SENT,by=0,about=2,delta=0.020000
10,REPORT_SENT,by=1,about=4,delta=0.020000
10,REPORT_SENT,by=2,about=2,delta=0.020000
10,REPORT_SENT,by=3,about=3,delta=0.020000
10,REPORT_SENT,by=4,about=1,delta=0.020000
10,REPORT_SENT,by=5,about=3,delta=-0.050000
10,REPORT_SENT,by=6,about=3,delta=-0.050000
10,REPORT_SENT,by=7,about=4,delta=0.020000
10,REPORT_SENT,by=8,about=4,delta=0.020000
10,REPORT_SENT,by=9,about=8,delta=-0.050000
10.0002,REPORT_RX_RSU,rsu=10,by=5,about=3,delta=-0.050000
10.0003,REPORT_RX_RSU,rsu=10,by=1,about=4,delta=0.020000
10.0005,REPORT_RX_RSU,rsu=10,by=0,about=2,delta=0.020000
10.0006,REPORT_RX_RSU,rsu=10,by=9,about=8,delta=-0.050000
10.0008,REPORT_RX_RSU,rsu=10,by=7,about=4,delta=0.020000
10.0013,REPORT_RX_RSU,rsu=10,by=4,about=1,delta=0.020000
10.0013,DATA_RX_OK,rx=1,sender=0,delay_s=0.001336
10.0013,DATA_RX_OK,rx=11,sender=0,delay_s=0.001336
10.0013,DATA_RX_OK,rx=2,sender=0,delay_s=0.001336
10.0013,DATA_RX_OK,rx=10,sender=0,delay_s=0.001336
10.0013,DATA_RX_OK,rx=3,sender=0,delay_s=0.001336
10.0013,DATA_RX_OK,rx=8,sender=0,delay_s=0.001336
10.0013,DATA_RX_OK,rx=5,sender=0,delay_s=0.001336
10.0013,DATA_RX_OK,rx=9,sender=0,delay_s=0.001336
10.0013,DATA_RX_OK,rx=4,sender=0,delay_s=0.001336
10.0013,DATA_RX_OK,rx=6,sender=0,delay_s=0.001336
10.0013,DATA_RX_OK,rx=7,sender=0,delay_s=0.001336
10.0014,REPORT_RX_RSU,rsu=10,by=8,about=4,delta=0.020000
10.1,REPLAY_SENT,nonce=10000000000
10.1007,DATA_DROP_REPLAY,rx=1,sender=0,nonce=10000000000
10.1007,DATA_DROP_REPLAY,rx=11,sender=0,nonce=10000000000
10.1007,DATA_DROP_REPLAY,rx=2,sender=0,nonce=10000000000
10.1007,DATA_DROP_REPLAY,rx=3,sender=0,nonce=10000000000
10.1007,DATA_DROP_REPLAY,rx=10,sender=0,nonce=10000000000
10.1007,DATA_DROP_REPLAY,rx=8,sender=0,nonce=10000000000
10.1007,DATA_DROP_REPLAY,rx=5,sender=0,nonce=10000000000
10.1007,DATA_DROP_REPLAY,rx=9,sender=0,nonce=10000000000
10.1007,DATA_DROP_REPLAY,rx=4,sender=0,nonce=10000000000
10.1007,DATA_DROP_REPLAY,rx=6,sender=0,nonce=10000000000
10.1007,DATA_DROP_REPLAY,rx=7,sender=0,nonce=10000000000
10.1009,DATA_RX_OK,rx=1,sender=0,delay_s=0.000942
10.1009,DATA_RX_OK,rx=11,sender=0,delay_s=0.000942
10.1009,DATA_RX_OK,rx=2,sender=0,delay_s=0.000942
10.1009,DATA_RX_OK,rx=3,sender=0,delay_s=0.000942
10.1009,DATA_RX_OK,rx=10,sender=0,delay_s=0.000942
10.1009,DATA_RX_OK,rx=8,sender=0,delay_s=0.000942
10.1009,DATA_RX_OK,rx=5,sender=0,delay_s=0.000942
10.1009,DATA_RX_OK,rx=9,sender=0,delay_s=0.000942
10.1009,DATA_RX_OK,rx=4,sender=0,delay_s=0.000942
10.1009,DATA_RX_OK,rx=6,sender=0,delay_s=0.000942
10.1009,DATA_RX_OK,rx=7,sender=0,delay_s=0.000942
10.2007,DATA_DROP_SIG,rx=1,sender=0,nonce=10200000000
10.2007,DATA_DROP_SIG,rx=11,sender=0,nonce=10200000000
10.2007,DATA_DROP_SIG,rx=2,sender=0,nonce=10200000000
10.2007,DATA_DROP_SIG,rx=3,sender=0,nonce=10200000000
10.2007,DATA_DROP_SIG,rx=10,sender=0,nonce=10200000000
10.2007,DATA_DROP_SIG,rx=8,sender=0,nonce=10200000000
10.2007,DATA_DROP_SIG,rx=5,sender=0,nonce=10200000000
10.2007,DATA_DROP_SIG,rx=9,sender=0,nonce=10200000000
10.2007,DATA_DROP_SIG,rx=4,sender=0,nonce=10200000000
10.2007,DATA_DROP_SIG,rx=6,sender=0,nonce=10200000000
10.2007,DATA_DROP_SIG,rx=7,sender=0,nonce=10200000000
10.3007,DATA_RX_OK,rx=1,sender=0,delay_s=0.000662
10.3007,DATA_RX_OK,rx=11,sender=0,delay_s=0.000662
10.3007,DATA_RX_OK,rx=2,sender=0,delay_s=0.000662
10.3007,DATA_RX_OK,rx=3,sender=0,delay_s=0.000662
10.3007,DATA_RX_OK,rx=10,sender=0,delay_s=0.000662
10.3007,DATA_RX_OK,rx=8,sender=0,delay_s=0.000662
10.3007,DATA_RX_OK,rx=5,sender=0,delay_s=0.000662
10.3007,DATA_RX_OK,rx=9,sender=0,delay_s=0.000662
10.3007,DATA_RX_OK,rx=4,sender=0,delay_s=0.000662
10.3007,DATA_RX_OK,rx=6,sender=0,delay_s=0.000662
10.3007,DATA_RX_OK,rx=7,sender=0,delay_s=0.000662
10.4,REPLAY_SENT,nonce=10300000000
10.4007,DATA_DROP_REPLAY,rx=11,sender=0,nonce=10300000000
10.4007,DATA_DROP_REPLAY,rx=1,sender=0,nonce=10300000000
10.4007,DATA_DROP_REPLAY,rx=2,sender=0,nonce=10300000000
10.4007,DATA_DROP_REPLAY,rx=3,sender=0,nonce=10300000000
10.4007,DATA_DROP_REPLAY,rx=10,sender=0,nonce=10300000000
10.4007,DATA_DROP_REPLAY,rx=8,sender=0,nonce=10300000000
10.4007,DATA_DROP_REPLAY,rx=5,sender=0,nonce=10300000000
10.4007,DATA_DROP_REPLAY,rx=9,sender=0,nonce=10300000000
10.4007,DATA_DROP_REPLAY,rx=7,sender=0,nonce=10300000000
10.4007,DATA_DROP_REPLAY,rx=4,sender=0,nonce=10300000000
10.4007,DATA_DROP_REPLAY,rx=6,sender=0,nonce=10300000000
10.401,DATA_RX_OK,rx=11,sender=0,delay_s=0.000969
10.401,DATA_RX_OK,rx=1,sender=0,delay_s=0.000969
10.401,DATA_RX_OK,rx=2,sender=0,delay_s=0.000969
10.401,DATA_RX_OK,rx=3,sender=0,delay_s=0.000969
10.401,DATA_RX_OK,rx=10,sender=0,delay_s=0.000969
10.401,DATA_RX_OK,rx=8,sender=0,delay_s=0.000969
10.401,DATA_RX_OK,rx=5,sender=0,delay_s=0.000969
10.401,DATA_RX_OK,rx=9,sender=0,delay_s=0.000969
10.401,DATA_RX_OK,rx=7,sender=0,delay_s=0.000969
10.401,DATA_RX_OK,rx=4,sender=0,delay_s=0.000969
10.401,DATA_RX_OK,rx=6,sender=0,delay_s=0.000969
10.5,BLOCK_MINE_START,block_next=11
10.5007,DATA_RX_OK,rx=11,sender=0,delay_s=0.000662
10.5007,DATA_RX_OK,rx=1,sender=0,delay_s=0.000662
10.5007,DATA_RX_OK,rx=2,sender=0,delay_s=0.000662
10.5007,DATA_RX_OK,rx=3,sender=0,delay_s=0.000662
10.5007,DATA_RX_OK,rx=10,sender=0,delay_s=0.000662
10.5007,DATA_RX_OK,rx=8,sender=0,delay_s=0.000662
10.5007,DATA_RX_OK,rx=5,sender=0,delay_s=0.000662
10.5007,DATA_RX_OK,rx=7,sender=0,delay_s=0.000662
10.5007,DATA_RX_OK,rx=9,sender=0,delay_s=0.000662
10.5007,DATA_RX_OK,rx=6,sender=0,delay_s=0.000662
10.5007,DATA_RX_OK,rx=4,sender=0,delay_s=0.000662
10.55,BLOCK_COMMIT_ITEM,accused=3,delta=-0.050000,trust=0.650000
10.55,BLOCK_COMMIT_ITEM,accused=4,delta=0.020000,trust=0.780000
10.55,BLOCK_COMMIT_ITEM,accused=2,delta=0.020000,trust=0.850000
10.55,BLOCK_COMMIT_ITEM,accused=8,delta=-0.050000,trust=0.760000
10.55,BLOCK_COMMIT_ITEM,accused=4,delta=0.020000,trust=0.800000
10.55,BLOCK_COMMIT_ITEM,accused=1,delta=0.020000,trust=0.680000
10.55,BLOCK_COMMIT_ITEM,accused=4,delta=0.020000,trust=0.820000
10.55,BLOCK_COMMIT_DONE,block=11,items=7,lat_s=0.050000
10.6007,DATA_RX_OK,rx=11,sender=0,delay_s=0.000662
10.6007,DATA_RX_OK,rx=2,sender=0,delay_s=0.000662
10.6007,DATA_RX_OK,rx=1,sender=0,delay_s=0.000662
10.6007,DATA_RX_OK,rx=3,sender=0,delay_s=0.000662
10.6007,DATA_RX_OK,rx=10,sender=0,delay_s=0.000662
10.6007,DATA_RX_OK,rx=5,sender=0,delay_s=0.000662
10.6007,DATA_RX_OK,rx=8,sender=0,delay_s=0.000662
10.6007,DATA_RX_OK,rx=7,sender=0,delay_s=0.000662
10.6007,DATA_RX_OK,rx=6,sender=0,delay_s=0.000662
10.6007,DATA_RX_OK,rx=9,sender=0,delay_s=0.000662
10.6007,DATA_RX_OK,rx=4,sender=0,delay_s=0.000662
10.7,REPLAY_SENT,nonce=10600000000
10.7007,DATA_DROP_REPLAY,rx=11,sender=0,nonce=10600000000
10.7007,DATA_DROP_REPLAY,rx=2,sender=0,nonce=10600000000
10.7007,DATA_DROP_REPLAY,rx=1,sender=0,nonce=10600000000
10.7007,DATA_DROP_REPLAY,rx=3,sender=0,nonce=10600000000
10.7007,DATA_DROP_REPLAY,rx=5,sender=0,nonce=10600000000
10.7007,DATA_DROP_REPLAY,rx=10,sender=0,nonce=10600000000
10.7007,DATA_DROP_REPLAY,rx=8,sender=0,nonce=10600000000
10.7007,DATA_DROP_REPLAY,rx=7,sender=0,nonce=10600000000
10.7007,DATA_DROP_REPLAY,rx=6,sender=0,nonce=10600000000
10.7007,DATA_DROP_REPLAY,rx=9,sender=0,nonce=10600000000
10.7007,DATA_DROP_REPLAY,rx=4,sender=0,nonce=10600000000
10.701,DATA_RX_OK,rx=11,sender=0,delay_s=0.001032
10.701,DATA_RX_OK,rx=2,sender=0,delay_s=0.001032
10.701,DATA_RX_OK,rx=1,sender=0,delay_s=0.001032
10.701,DATA_RX_OK,rx=3,sender=0,delay_s=0.001032
10.701,DATA_RX_OK,rx=5,sender=0,delay_s=0.001032
10.701,DATA_RX_OK,rx=10,sender=0,delay_s=0.001032
10.701,DATA_RX_OK,rx=8,sender=0,delay_s=0.001032
10.701,DATA_RX_OK,rx=7,sender=0,delay_s=0.001032
10.701,DATA_RX_OK,rx=6,sender=0,delay_s=0.001032
10.701,DATA_RX_OK,rx=9,sender=0,delay_s=0.001032
10.701,DATA_RX_OK,rx=4,sender=0,delay_s=0.001032
10.8007,DATA_DROP_SIG,rx=11,sender=0,nonce=10800000000
10.8007,DATA_DROP_SIG,rx=2,sender=0,nonce=10800000000
10.8007,DATA_DROP_SIG,rx=1,sender=0,nonce=10800000000
10.8007,DATA_DROP_SIG,rx=3,sender=0,nonce=10800000000
10.8007,DATA_DROP_SIG,rx=5,sender=0,nonce=10800000000
10.8007,DATA_DROP_SIG,rx=10,sender=0,nonce=10800000000
10.8007,DATA_DROP_SIG,rx=8,sender=0,nonce=10800000000
10.8007,DATA_DROP_SIG,rx=7,sender=0,nonce=10800000000
10.8007,DATA_DROP_SIG,rx=6,sender=0,nonce=10800000000
10.8007,DATA_DROP_SIG,rx=9,sender=0,nonce=10800000000
10.8007,DATA_DROP_SIG,rx=4,sender=0,nonce=10800000000
10.9007,DATA_DROP_SIG,rx=11,sender=0,nonce=10900000000
10.9007,DATA_DROP_SIG,rx=2,sender=0,nonce=10900000000
10.9007,DATA_DROP_SIG,rx=1,sender=0,nonce=10900000000
10.9007,DATA_DROP_SIG,rx=3,sender=0,nonce=10900000000
10.9007,DATA_DROP_SIG,rx=5,sender=0,nonce=10900000000
10.9007,DATA_DROP_SIG,rx=10,sender=0,nonce=10900000000
10.9007,DATA_DROP_SIG,rx=8,sender=0,nonce=10900000000
10.9007,DATA_DROP_SIG,rx=7,sender=0,nonce=10900000000
10.9007,DATA_DROP_SIG,rx=6,sender=0,nonce=10900000000
10.9007,DATA_DROP_SIG,rx=9,sender=0,nonce=10900000000
10.9007,DATA_DROP_SIG,rx=4,sender=0,nonce=10900000000
11,REPORT_SENT,by=0,about=0,delta=0.020000
11,REPORT_SENT,by=1,about=7,delta=0.020000
11,REPORT_SENT,by=2,about=2,delta=0.020000
11,REPORT_SENT,by=3,about=5,delta=0.020000
11,REPORT_SENT,by=4,about=8,delta=-0.050000
11,REPORT_SENT,by=5,about=3,delta=0.020000
11,REPORT_SENT,by=6,about=4,delta=0.020000
11,REPORT_SENT,by=7,about=7,delta=-0.050000
11,REPORT_SENT,by=8,about=8,delta=0.020000
11,REPORT_SENT,by=9,about=2,delta=0.020000
11,REPLAY_SENT,nonce=10900000000
11.0002,REPORT_RX_RSU,rsu=10,by=1,about=7,delta=0.020000
11.0004,REPORT_RX_RSU,rsu=10,by=9,about=2,delta=0.020000
11.0006,REPORT_RX_RSU,rsu=10,by=4,about=8,delta=-0.050000
11.0008,REPORT_RX_RSU,rsu=10,by=0,about=0,delta=0.020000
11.001,REPORT_RX_RSU,rsu=10,by=5,about=3,delta=0.020000
11.0015,DATA_DROP_SIG,rx=11,sender=0,nonce=10900000000
11.0015,DATA_DROP_SIG,rx=2,sender=0,nonce=10900000000
11.0015,DATA_DROP_SIG,rx=1,sender=0,nonce=10900000000
11.0015,DATA_DROP_SIG,rx=3,sender=0,nonce=10900000000
11.0015,DATA_DROP_SIG,rx=5,sender=0,nonce=10900000000
11.0015,DATA_DROP_SIG,rx=10,sender=0,nonce=10900000000
11.0015,DATA_DROP_SIG,rx=8,sender=0,nonce=10900000000
11.0015,DATA_DROP_SIG,rx=7,sender=0,nonce=10900000000
11.0015,DATA_DROP_SIG,rx=6,sender=0,nonce=10900000000
11.0015,DATA_DROP_SIG,rx=9,sender=0,nonce=10900000000
11.0015,DATA_DROP_SIG,rx=4,sender=0,nonce=10900000000
11.0019,REPORT_RX_RSU,rsu=10,by=8,about=8,delta=0.020000
11.0019,DATA_RX_OK,rx=11,sender=0,delay_s=0.001907
11.0019,DATA_RX_OK,rx=2,sender=0,delay_s=0.001907
11.0019,DATA_RX_OK,rx=1,sender=0,delay_s=0.001907
11.0019,DATA_RX_OK,rx=3,sender=0,delay_s=0.001907
11.0019,DATA_RX_OK,rx=5,sender=0,delay_s=0.001907
11.0019,DATA_RX_OK,rx=10,sender=0,delay_s=0.001907
11.0019,DATA_RX_OK,rx=8,sender=0,delay_s=0.001907
11.0019,DATA_RX_OK,rx=7,sender=0,delay_s=0.001907
11.0019,DATA_RX_OK,rx=6,sender=0,delay_s=0.001907
11.0019,DATA_RX_OK,rx=9,sender=0,delay_s=0.001907
11.0019,DATA_RX_OK,rx=4,sender=0,delay_s=0.001907
11.0021,REPORT_RX_RSU,rsu=10,by=7,about=7,delta=-0.050000
11.1007,DATA_RX_OK,rx=2,sender=0,delay_s=0.000662
11.1007,DATA_RX_OK,rx=11,sender=0,delay_s=0.000662
11.1007,DATA_RX_OK,rx=1,sender=0,delay_s=0.000662
11.1007,DATA_RX_OK,rx=3,sender=0,delay_s=0.000662
11.1007,DATA_RX_OK,rx=5,sender=0,delay_s=0.000662
11.1007,DATA_RX_OK,rx=10,sender=0,delay_s=0.000662
11.1007,DATA_RX_OK,rx=8,sender=0,delay_s=0.000662
11.1007,DATA_RX_OK,rx=7,sender=0,delay_s=0.000662
11.1007,DATA_RX_OK,rx=6,sender=0,delay_s=0.000662
11.1007,DATA_RX_OK,rx=9,sender=0,delay_s=0.000662
11.1007,DATA_RX_OK,rx=4,sender=0,delay_s=0.000662
11.2007,DATA_RX_OK,rx=2,sender=0,delay_s=0.000662
11.2007,DATA_RX_OK,rx=11,sender=0,delay_s=0.000662
11.2007,DATA_RX_OK,rx=1,sender=0,delay_s=0.000662
11.2007,DATA_RX_OK,rx=3,sender=0,delay_s=0.000662
11.2007,DATA_RX_OK,rx=5,sender=0,delay_s=0.000662
11.2007,DATA_RX_OK,rx=10,sender=0,delay_s=0.000662
11.2007,DATA_RX_OK,rx=8,sender=0,delay_s=0.000662
11.2007,DATA_RX_OK,rx=6,sender=0,delay_s=0.000662
11.2007,DATA_RX_OK,rx=7,sender=0,delay_s=0.000662
11.2007,DATA_RX_OK,rx=9,sender=0,delay_s=0.000662
11.2007,DATA_RX_OK,rx=4,sender=0,delay_s=0.000662
11.3,REPLAY_SENT,nonce=11200000000
11.3007,DATA_DROP_REPLAY,rx=2,sender=0,nonce=11200000000
11.3007,DATA_DROP_REPLAY,rx=11,sender=0,nonce=11200000000
11.3007,DATA_DROP_REPLAY,rx=1,sender=0,nonce=11200000000
11.3007,DATA_DROP_REPLAY,rx=3,sender=0,nonce=11200000000
11.3007,DATA_DROP_REPLAY,rx=10,sender=0,nonce=11200000000
11.3007,DATA_DROP_REPLAY,rx=5,sender=0,nonce=11200000000
11.3007,DATA_DROP_REPLAY,rx=8,sender=0,nonce=11200000000
11.3007,DATA_DROP_REPLAY,rx=6,sender=0,nonce=11200000000
11.3007,DATA_DROP_REPLAY,rx=9,sender=0,nonce=11200000000
11.3007,DATA_DROP_REPLAY,rx=7,sender=0,nonce=11200000000
11.3007,DATA_DROP_REPLAY,rx=4,sender=0,nonce=11200000000
11.3009,DATA_DROP_SIG,rx=2,sender=0,nonce=11300000000
11.3009,DATA_DROP_SIG,rx=11,sender=0,nonce=11300000000
11.3009,DATA_DROP_SIG,rx=1,sender=0,nonce=11300000000
11.3009,DATA_DROP_SIG,rx=3,sender=0,nonce=11300000000
11.3009,DATA_DROP_SIG,rx=10,sender=0,nonce=11300000000
11.3009,DATA_DROP_SIG,rx=5,sender=0,nonce=11300000000
11.3009,DATA_DROP_SIG,rx=8,sender=0,nonce=11300000000
11.3009,DATA_DROP_SIG,rx=6,sender=0,nonce=11300000000
11.3009,DATA_DROP_SIG,rx=9,sender=0,nonce=11300000000
11.3009,DATA_DROP_SIG,rx=7,sender=0,nonce=11300000000
11.3009,DATA_DROP_SIG,rx=4,sender=0,nonce=11300000000
11.4007,DATA_RX_OK,rx=2,sender=0,delay_s=0.000662
11.4007,DATA_RX_OK,rx=11,sender=0,delay_s=0.000662
11.4007,DATA_RX_OK,rx=1,sender=0,delay_s=0.000662
11.4007,DATA_RX_OK,rx=3,sender=0,delay_s=0.000662
11.4007,DATA_RX_OK,rx=10,sender=0,delay_s=0.000662
11.4007,DATA_RX_OK,rx=5,sender=0,delay_s=0.000662
11.4007,DATA_RX_OK,rx=8,sender=0,delay_s=0.000662
11.4007,DATA_RX_OK,rx=6,sender=0,delay_s=0.000662
11.4007,DATA_RX_OK,rx=9,sender=0,delay_s=0.000662
11.4007,DATA_RX_OK,rx=7,sender=0,delay_s=0.000662
11.4007,DATA_RX_OK,rx=4,sender=0,delay_s=0.000662
11.5007,DATA_RX_OK,rx=2,sender=0,delay_s=0.000662
11.5007,DATA_RX_OK,rx=11,sender=0,delay_s=0.000662
11.5007,DATA_RX_OK,rx=1,sender=0,delay_s=0.000662
11.5007,DATA_RX_OK,rx=3,sender=0,delay_s=0.000662
11.5007,DATA_RX_OK,rx=10,sender=0,delay_s=0.000662
11.5007,DATA_RX_OK,rx=5,sender=0,delay_s=0.000662
11.5007,DATA_RX_OK,rx=8,sender=0,delay_s=0.000662
11.5007,DATA_RX_OK,rx=9,sender=0,delay_s=0.000662
11.5007,DATA_RX_OK,rx=6,sender=0,delay_s=0.000662
11.5007,DATA_RX_OK,rx=7,sender=0,delay_s=0.000662
11.5007,DATA_RX_OK,rx=4,sender=0,delay_s=0.000662
11.55,BLOCK_MINE_START,block_next=12
11.6,REPLAY_SENT,nonce=11500000000
11.6,BLOCK_COMMIT_ITEM,accused=7,delta=0.020000,trust=0.760000
11.6,BLOCK_COMMIT_ITEM,accused=2,delta=0.020000,trust=0.870000
11.6,BLOCK_COMMIT_ITEM,accused=8,delta=-0.050000,trust=0.710000
11.6,BLOCK_COMMIT_ITEM,accused=0,delta=0.020000,trust=0.760000
11.6,BLOCK_COMMIT_ITEM,accused=3,delta=0.020000,trust=0.670000
11.6,BLOCK_COMMIT_ITEM,accused=8,delta=0.020000,trust=0.730000
11.6,BLOCK_COMMIT_ITEM,accused=7,delta=-0.050000,trust=0.710000
11.6,BLOCK_COMMIT_DONE,block=12,items=7,lat_s=0.050000
11.6007,DATA_DROP_REPLAY,rx=2,sender=0,nonce=11500000000
11.6007,DATA_DROP_REPLAY,rx=11,sender=0,nonce=11500000000
11.6007,DATA_DROP_REPLAY,rx=1,sender=0,nonce=11500000000
11.6007,DATA_DROP_REPLAY,rx=3,sender=0,nonce=11500000000
11.6007,DATA_DROP_REPLAY,rx=10,sender=0,nonce=11500000000
11.6007,DATA_DROP_REPLAY,rx=5,sender=0,nonce=11500000000
11.6007,DATA_DROP_REPLAY,rx=8,sender=0,nonce=11500000000
11.6007,DATA_DROP_REPLAY,rx=9,sender=0,nonce=11500000000
11.6007,DATA_DROP_REPLAY,rx=6,sender=0,nonce=11500000000
11.6007,DATA_DROP_REPLAY,rx=7,sender=0,nonce=11500000000
11.6007,DATA_DROP_REPLAY,rx=4,sender=0,nonce=11500000000
11.601,DATA_DROP_SIG,rx=2,sender=0,nonce=11600000000
11.601,DATA_DROP_SIG,rx=11,sender=0,nonce=11600000000
11.601,DATA_DROP_SIG,rx=1,sender=0,nonce=11600000000
11.601,DATA_DROP_SIG,rx=3,sender=0,nonce=11600000000
11.601,DATA_DROP_SIG,rx=10,sender=0,nonce=11600000000
11.601,DATA_DROP_SIG,rx=5,sender=0,nonce=11600000000
11.601,DATA_DROP_SIG,rx=8,sender=0,nonce=11600000000
11.601,DATA_DROP_SIG,rx=9,sender=0,nonce=11600000000
11.601,DATA_DROP_SIG,rx=6,sender=0,nonce=11600000000
11.601,DATA_DROP_SIG,rx=7,sender=0,nonce=11600000000
11.601,DATA_DROP_SIG,rx=4,sender=0,nonce=11600000000
11.7007,DATA_RX_OK,rx=2,sender=0,delay_s=0.000662
11.7007,DATA_RX_OK,rx=1,sender=0,delay_s=0.000662
11.7007,DATA_RX_OK,rx=11,sender=0,delay_s=0.000662
11.7007,DATA_RX_OK,rx=10,sender=0,delay_s=0.000662
11.7007,DATA_RX_OK,rx=3,sender=0,delay_s=0.000662
11.7007,DATA_RX_OK,rx=5,sender=0,delay_s=0.000662
11.7007,DATA_RX_OK,rx=8,sender=0,delay_s=0.000662
11.7007,DATA_RX_OK,rx=9,sender=0,delay_s=0.000662
11.7007,DATA_RX_OK,rx=6,sender=0,delay_s=0.000662
11.7007,DATA_RX_OK,rx=7,sender=0,delay_s=0.000662
11.7007,DATA_RX_OK,rx=4,sender=0,delay_s=0.000662
11.8007,DATA_RX_OK,rx=2,sender=0,delay_s=0.000662
11.8007,DATA_RX_OK,rx=11,sender=0,delay_s=0.000662
11.8007,DATA_RX_OK,rx=1,sender=0,delay_s=0.000662
11.8007,DATA_RX_OK,rx=3,sender=0,delay_s=0.000662
11.8007,DATA_RX_OK,rx=10,sender=0,delay_s=0.000662
11.8007,DATA_RX_OK,rx=5,sender=0,delay_s=0.000662
11.8007,DATA_RX_OK,rx=8,sender=0,delay_s=0.000662
11.8007,DATA_RX_OK,rx=6,sender=0,delay_s=0.000662
11.8007,DATA_RX_OK,rx=9,sender=0,delay_s=0.000662
11.8007,DATA_RX_OK,rx=7,sender=0,delay_s=0.000662
11.8007,DATA_RX_OK,rx=4,sender=0,delay_s=0.000662
11.9,REPLAY_SENT,nonce=11800000000
11.9007,DATA_DROP_REPLAY,rx=2,sender=0,nonce=11800000000
11.9007,DATA_DROP_REPLAY,rx=11,sender=0,nonce=11800000000
11.9007,DATA_DROP_REPLAY,rx=1,sender=0,nonce=11800000000
11.9007,DATA_DROP_REPLAY,rx=3,sender=0,nonce=11800000000
11.9007,DATA_DROP_REPLAY,rx=10,sender=0,nonce=11800000000
11.9007,DATA_DROP_REPLAY,rx=5,sender=0,nonce=11800000000
11.9007,DATA_DROP_REPLAY,rx=8,sender=0,nonce=11800000000
11.9007,DATA_DROP_REPLAY,rx=6,sender=0,nonce=11800000000
11.9007,DATA_DROP_REPLAY,rx=9,sender=0,nonce=11800000000
11.9007,DATA_DROP_REPLAY,rx=7,sender=0,nonce=11800000000
11.9007,DATA_DROP_REPLAY,rx=4,sender=0,nonce=11800000000
11.9009,DATA_DROP_SIG,rx=2,sender=0,nonce=11900000000
11.9009,DATA_DROP_SIG,rx=11,sender=0,nonce=11900000000
11.9009,DATA_DROP_SIG,rx=1,sender=0,nonce=11900000000
11.9009,DATA_DROP_SIG,rx=3,sender=0,nonce=11900000000
11.9009,DATA_DROP_SIG,rx=10,sender=0,nonce=11900000000
11.9009,DATA_DROP_SIG,rx=5,sender=0,nonce=11900000000
11.9009,DATA_DROP_SIG,rx=8,sender=0,nonce=11900000000
11.9009,DATA_DROP_SIG,rx=6,sender=0,nonce=11900000000
11.9009,DATA_DROP_SIG,rx=9,sender=0,nonce=11900000000
11.9009,DATA_DROP_SIG,rx=7,sender=0,nonce=11900000000
11.9009,DATA_DROP_SIG,rx=4,sender=0,nonce=11900000000
12,REPORT_SENT,by=0,about=9,delta=0.020000
12,REPORT_SENT,by=1,about=0,delta=0.020000
12,REPORT_SENT,by=2,about=4,delta=0.020000
12,REPORT_SENT,by=3,about=3,delta=-0.050000
12,REPORT_SENT,by=4,about=7,delta=0.020000
12,REPORT_SENT,by=5,about=5,delta=0.020000
12,REPORT_SENT,by=6,about=3,delta=-0.050000
12,REPORT_SENT,by=7,about=5,delta=0.020000
12,REPORT_SENT,by=8,about=0,delta=0.020000
12,REPORT_SENT,by=9,about=8,delta=0.020000
12.0002,REPORT_RX_RSU,rsu=10,by=5,about=5,delta=0.020000
12.0005,REPORT_RX_RSU,rsu=10,by=7,about=5,delta=0.020000
12.0007,REPORT_RX_RSU,rsu=10,by=8,about=0,delta=0.020000
12.0008,REPORT_RX_RSU,rsu=10,by=4,about=7,delta=0.020000
12.001,REPORT_RX_RSU,rsu=10,by=9,about=8,delta=0.020000
12.0011,REPORT_RX_RSU,rsu=10,by=0,about=9,delta=0.020000
12.0018,DATA_RX_OK,rx=2,sender=0,delay_s=0.001780
12.0018,DATA_RX_OK,rx=11,sender=0,delay_s=0.001780
12.0018,DATA_RX_OK,rx=1,sender=0,delay_s=0.001780
12.0018,DATA_RX_OK,rx=3,sender=0,delay_s=0.001780
12.0018,DATA_RX_OK,rx=10,sender=0,delay_s=0.001780
12.0018,DATA_RX_OK,rx=5,sender=0,delay_s=0.001780
12.0018,DATA_RX_OK,rx=8,sender=0,delay_s=0.001780
12.0018,DATA_RX_OK,rx=6,sender=0,delay_s=0.001780
12.0018,DATA_RX_OK,rx=9,sender=0,delay_s=0.001780
12.0018,DATA_RX_OK,rx=7,sender=0,delay_s=0.001780
12.0018,DATA_RX_OK,rx=4,sender=0,delay_s=0.001780
12.0018,REPORT_RX_RSU,rsu=10,by=1,about=0,delta=0.020000
12.1007,DATA_RX_OK,rx=2,sender=0,delay_s=0.000662
12.1007,DATA_RX_OK,rx=11,sender=0,delay_s=0.000662
12.1007,DATA_RX_OK,rx=1,sender=0,delay_s=0.000662
12.1007,DATA_RX_OK,rx=3,sender=0,delay_s=0.000662
12.1007,DATA_RX_OK,rx=5,sender=0,delay_s=0.000662
12.1007,DATA_RX_OK,rx=10,sender=0,delay_s=0.000662
12.1007,DATA_RX_OK,rx=8,sender=0,delay_s=0.000662
12.1007,DATA_RX_OK,rx=6,sender=0,delay_s=0.000662
12.1007,DATA_RX_OK,rx=7,sender=0,delay_s=0.000662
12.1007,DATA_RX_OK,rx=9,sender=0,delay_s=0.000662
12.1007,DATA_RX_OK,rx=4,sender=0,delay_s=0.000662
12.2,REPLAY_SENT,nonce=12100000000
12.2007,DATA_DROP_REPLAY,rx=2,sender=0,nonce=12100000000
12.2007,DATA_DROP_REPLAY,rx=11,sender=0,nonce=12100000000
12.2007,DATA_DROP_REPLAY,rx=1,sender=0,nonce=12100000000
12.2007,DATA_DROP_REPLAY,rx=5,sender=0,nonce=12100000000
12.2007,DATA_DROP_REPLAY,rx=3,sender=0,nonce=12100000000
12.2007,DATA_DROP_REPLAY,rx=10,sender=0,nonce=12100000000
12.2007,DATA_DROP_REPLAY,rx=8,sender=0,nonce=12100000000
12.2007,DATA_DROP_REPLAY,rx=6,sender=0,nonce=12100000000
12.2007,DATA_DROP_REPLAY,rx=7,sender=0,nonce=12100000000
12.2007,DATA_DROP_REPLAY,rx=9,sender=0,nonce=12100000000
12.2007,DATA_DROP_REPLAY,rx=4,sender=0,nonce=12100000000
12.2009,DATA_RX_OK,rx=2,sender=0,delay_s=0.000933
12.2009,DATA_RX_OK,rx=11,sender=0,delay_s=0.000933
12.2009,DATA_RX_OK,rx=1,sender=0,delay_s=0.000933
12.2009,DATA_RX_OK,rx=5,sender=0,delay_s=0.000933
12.2009,DATA_RX_OK,rx=3,sender=0,delay_s=0.000933
12.2009,DATA_RX_OK,rx=10,sender=0,delay_s=0.000933
12.2009,DATA_RX_OK,rx=8,sender=0,delay_s=0.000933
12.2009,DATA_RX_OK,rx=6,sender=0,delay_s=0.000933
12.2009,DATA_RX_OK,rx=7,sender=0,delay_s=0.000933
12.2009,DATA_RX_OK,rx=9,sender=0,delay_s=0.000933
12.2009,DATA_RX_OK,rx=4,sender=0,delay_s=0.000933
12.3007,DATA_RX_OK,rx=2,sender=0,delay_s=0.000662
12.3007,DATA_RX_OK,rx=11,sender=0,delay_s=0.000662
12.3007,DATA_RX_OK,rx=1,sender=0,delay_s=0.000662
12.3007,DATA_RX_OK,rx=5,sender=0,delay_s=0.000662
12.3007,DATA_RX_OK,rx=3,sender=0,delay_s=0.000662
12.3007,DATA_RX_OK,rx=10,sender=0,delay_s=0.000662
12.3007,DATA_RX_OK,rx=8,sender=0,delay_s=0.000662
12.3007,DATA_RX_OK,rx=6,sender=0,delay_s=0.000662
12.3007,DATA_RX_OK,rx=7,sender=0,delay_s=0.000662
12.3007,DATA_RX_OK,rx=9,sender=0,delay_s=0.000662
12.3007,DATA_RX_OK,rx=4,sender=0,delay_s=0.000662
12.4007,DATA_RX_OK,rx=2,sender=0,delay_s=0.000662
12.4007,DATA_RX_OK,rx=11,sender=0,delay_s=0.000662
12.4007,DATA_RX_OK,rx=1,sender=0,delay_s=0.000662
12.4007,DATA_RX_OK,rx=5,sender=0,delay_s=0.000662
12.4007,DATA_RX_OK,rx=3,sender=0,delay_s=0.000662
12.4007,DATA_RX_OK,rx=10,sender=0,delay_s=0.000662
12.4007,DATA_RX_OK,rx=8,sender=0,delay_s=0.000662
12.4007,DATA_RX_OK,rx=6,sender=0,delay_s=0.000662
12.4007,DATA_RX_OK,rx=7,sender=0,delay_s=0.000662
12.4007,DATA_RX_OK,rx=9,sender=0,delay_s=0.000662
12.4007,DATA_RX_OK,rx=4,sender=0,delay_s=0.000662
12.5,REPLAY_SENT,nonce=12400000000
12.5007,DATA_DROP_REPLAY,rx=2,sender=0,nonce=12400000000
12.5007,DATA_DROP_REPLAY,rx=11,sender=0,nonce=12400000000
12.5007,DATA_DROP_REPLAY,rx=1,sender=0,nonce=12400000000
12.5007,DATA_DROP_REPLAY,rx=5,sender=0,nonce=12400000000
12.5007,DATA_DROP_REPLAY,rx=3,sender=0,nonce=12400000000
12.5007,DATA_DROP_REPLAY,rx=10,sender=0,nonce=12400000000
12.5007,DATA_DROP_REPLAY,rx=8,sender=0,nonce=12400000000
12.5007,DATA_DROP_REPLAY,rx=6,sender=0,nonce=12400000000
12.5007,DATA_DROP_REPLAY,rx=7,sender=0,nonce=12400000000
12.5007,DATA_DROP_REPLAY,rx=9,sender=0,nonce=12400000000
12.5007,DATA_DROP_REPLAY,rx=4,sender=0,nonce=12400000000
12.501,DATA_RX_OK,rx=2,sender=0,delay_s=0.001032
12.501,DATA_RX_OK,rx=11,sender=0,delay_s=0.001032
12.501,DATA_RX_OK,rx=1,sender=0,delay_s=0.001032
12.501,DATA_RX_OK,rx=5,sender=0,delay_s=0.001032
12.501,DATA_RX_OK,rx=3,sender=0,delay_s=0.001032
12.501,DATA_RX_OK,rx=10,sender=0,delay_s=0.001032
12.501,DATA_RX_OK,rx=8,sender=0,delay_s=0.001032
12.501,DATA_RX_OK,rx=6,sender=0,delay_s=0.001032
12.501,DATA_RX_OK,rx=7,sender=0,delay_s=0.001032
12.501,DATA_RX_OK,rx=9,sender=0,delay_s=0.001032
12.501,DATA_RX_OK,rx=4,sender=0,delay_s=0.001032
12.6,BLOCK_MINE_START,block_next=13
12.6007,DATA_DROP_SIG,rx=2,sender=0,nonce=12600000000
12.6007,DATA_DROP_SIG,rx=11,sender=0,nonce=12600000000
12.6007,DATA_DROP_SIG,rx=1,sender=0,nonce=12600000000
12.6007,DATA_DROP_SIG,rx=5,sender=0,nonce=12600000000
12.6007,DATA_DROP_SIG,rx=3,sender=0,nonce=12600000000
12.6007,DATA_DROP_SIG,rx=10,sender=0,nonce=12600000000
12.6007,DATA_DROP_SIG,rx=8,sender=0,nonce=12600000000
12.6007,DATA_DROP_SIG,rx=6,sender=0,nonce=12600000000
12.6007,DATA_DROP_SIG,rx=7,sender=0,nonce=12600000000
12.6007,DATA_DROP_SIG,rx=9,sender=0,nonce=12600000000
12.6007,DATA_DROP_SIG,rx=4,sender=0,nonce=12600000000
12.65,BLOCK_COMMIT_ITEM,accused=5,delta=0.020000,trust=0.660000
12.65,BLOCK_COMMIT_ITEM,accused=5,delta=0.020000,trust=0.680000
12.65,BLOCK_COMMIT_ITEM,accused=0,delta=0.020000,trust=0.780000
12.65,BLOCK_COMMIT_ITEM,accused=7,delta=0.020000,trust=0.730000
12.65,BLOCK_COMMIT_ITEM,accused=8,delta=0.020000,trust=0.750000
12.65,BLOCK_COMMIT_ITEM,accused=9,delta=0.020000,trust=0.770000
12.65,BLOCK_COMMIT_ITEM,accused=0,delta=0.020000,trust=0.800000
12.65,BLOCK_COMMIT_DONE,block=13,items=7,lat_s=0.050000
12.7007,DATA_RX_OK,rx=2,sender=0,delay_s=0.000662
12.7007,DATA_RX_OK,rx=11,sender=0,delay_s=0.000662
12.7007,DATA_RX_OK,rx=1,sender=0,delay_s=0.000662
12.7007,DATA_RX_OK,rx=5,sender=0,delay_s=0.000662
12.7007,DATA_RX_OK,rx=3,sender=0,delay_s=0.000662
12.7007,DATA_RX_OK,rx=10,sender=0,delay_s=0.000662
12.7007,DATA_RX_OK,rx=8,sender=0,delay_s=0.000662
12.7007,DATA_RX_OK,rx=6,sender=0,delay_s=0.000662
12.7007,DATA_RX_OK,rx=7,sender=0,delay_s=0.000662
12.7007,DATA_RX_OK,rx=9,sender=0,delay_s=0.000662
12.7007,DATA_RX_OK,rx=4,sender=0,delay_s=0.000662
12.8,REPLAY_SENT,nonce=12700000000
12.8007,DATA_DROP_REPLAY,rx=2,sender=0,nonce=12700000000
12.8007,DATA_DROP_REPLAY,rx=11,sender=0,nonce=12700000000
12.8007,DATA_DROP_REPLAY,rx=1,sender=0,nonce=12700000000
12.8007,DATA_DROP_REPLAY,rx=5,sender=0,nonce=12700000000
12.8007,DATA_DROP_REPLAY,rx=3,sender=0,nonce=12700000000
12.8007,DATA_DROP_REPLAY,rx=10,sender=0,nonce=12700000000
12.8007,DATA_DROP_REPLAY,rx=8,sender=0,nonce=12700000000
12.8007,DATA_DROP_REPLAY,rx=6,sender=0,nonce=12700000000
12.8007,DATA_DROP_REPLAY,rx=7,sender=0,nonce=12700000000
12.8007,DATA_DROP_REPLAY,rx=9,sender=0,nonce=12700000000
12.8007,DATA_DROP_REPLAY,rx=4,sender=0,nonce=12700000000
12.801,DATA_RX_OK,rx=2,sender=0,delay_s=0.001023
12.801,DATA_RX_OK,rx=11,sender=0,delay_s=0.001023
12.801,DATA_RX_OK,rx=1,sender=0,delay_s=0.001023
12.801,DATA_RX_OK,rx=5,sender=0,delay_s=0.001023
12.801,DATA_RX_OK,rx=3,sender=0,delay_s=0.001023
12.801,DATA_RX_OK,rx=10,sender=0,delay_s=0.001023
12.801,DATA_RX_OK,rx=8,sender=0,delay_s=0.001023
12.801,DATA_RX_OK,rx=6,sender=0,delay_s=0.001023
12.801,DATA_RX_OK,rx=7,sender=0,delay_s=0.001023
12.801,DATA_RX_OK,rx=9,sender=0,delay_s=0.001023
12.801,DATA_RX_OK,rx=4,sender=0,delay_s=0.001023
12.9007,DATA_RX_OK,rx=11,sender=0,delay_s=0.000662
12.9007,DATA_RX_OK,rx=2,sender=0,delay_s=0.000662
12.9007,DATA_RX_OK,rx=1,sender=0,delay_s=0.000662
12.9007,DATA_RX_OK,rx=5,sender=0,delay_s=0.000662
12.9007,DATA_RX_OK,rx=3,sender=0,delay_s=0.000662
12.9007,DATA_RX_OK,rx=10,sender=0,delay_s=0.000662
12.9007,DATA_RX_OK,rx=8,sender=0,delay_s=0.000662
12.9007,DATA_RX_OK,rx=6,sender=0,delay_s=0.000662
12.9007,DATA_RX_OK,rx=7,sender=0,delay_s=0.000662
12.9007,DATA_RX_OK,rx=9,sender=0,delay_s=0.000662
12.9007,DATA_RX_OK,rx=4,sender=0,delay_s=0.000662
13,REPORT_SENT,by=0,about=9,delta=0.020000
13,REPORT_SENT,by=1,about=8,delta=0.020000
13,REPORT_SENT,by=2,about=0,delta=-0.050000
13,REPORT_SENT,by=3,about=8,delta=0.020000
13,REPORT_SENT,by=4,about=1,delta=0.020000
13,REPORT_SENT,by=5,about=4,delta=0.020000
13,REPORT_SENT,by=6,about=4,delta=0.020000
13,REPORT_SENT,by=7,about=2,delta=0.020000
13,REPORT_SENT,by=8,about=8,delta=0.020000
13,REPORT_SENT,by=9,about=8,delta=0.020000
13.0003,REPORT_RX_RSU,rsu=10,by=0,about=9,delta=0.020000
13.0004,REPORT_RX_RSU,rsu=10,by=7,about=2,delta=0.020000
13.0006,REPORT_RX_RSU,rsu=10,by=4,about=1,delta=0.020000
13.0007,REPORT_RX_RSU,rsu=10,by=9,about=8,delta=0.020000
13.0008,REPORT_RX_RSU,rsu=10,by=8,about=8,delta=0.020000
13.0012,REPORT_RX_RSU,rsu=10,by=1,about=8,delta=0.020000
13.0014,DATA_RX_OK,rx=11,sender=0,delay_s=0.001355
13.0014,DATA_RX_OK,rx=2,sender=0,delay_s=0.001355
13.0014,DATA_RX_OK,rx=1,sender=0,delay_s=0.001355
13.0014,DATA_RX_OK,rx=5,sender=0,delay_s=0.001355
13.0014,DATA_RX_OK,rx=3,sender=0,delay_s=0.001355
13.0014,DATA_RX_OK,rx=10,sender=0,delay_s=0.001355
13.0014,DATA_RX_OK,rx=8,sender=0,delay_s=0.001355
13.0014,DATA_RX_OK,rx=6,sender=0,delay_s=0.001355
13.0014,DATA_RX_OK,rx=7,sender=0,delay_s=0.001355
13.0014,DATA_RX_OK,rx=9,sender=0,delay_s=0.001355
13.0014,DATA_RX_OK,rx=4,sender=0,delay_s=0.001355
13.0014,REPORT_RX_RSU,rsu=10,by=5,about=4,delta=0.020000
13.1,REPLAY_SENT,nonce=13000000000
13.1007,DATA_DROP_REPLAY,rx=11,sender=0,nonce=13000000000
13.1007,DATA_DROP_REPLAY,rx=2,sender=0,nonce=13000000000
13.1007,DATA_DROP_REPLAY,rx=1,sender=0,nonce=13000000000
13.1007,DATA_DROP_REPLAY,rx=5,sender=0,nonce=13000000000
13.1007,DATA_DROP_REPLAY,rx=10,sender=0,nonce=13000000000
13.1007,DATA_DROP_REPLAY,rx=3,sender=0,nonce=13000000000
13.1007,DATA_DROP_REPLAY,rx=6,sender=0,nonce=13000000000
13.1007,DATA_DROP_REPLAY,rx=8,sender=0,nonce=13000000000
13.1007,DATA_DROP_REPLAY,rx=7,sender=0,nonce=13000000000
13.1007,DATA_DROP_REPLAY,rx=9,sender=0,nonce=13000000000
13.1007,DATA_DROP_REPLAY,rx=4,sender=0,nonce=13000000000
13.101,DATA_RX_OK,rx=11,sender=0,delay_s=0.000996
13.101,DATA_RX_OK,rx=2,sender=0,delay_s=0.000996
13.101,DATA_RX_OK,rx=1,sender=0,delay_s=0.000996
13.101,DATA_RX_OK,rx=5,sender=0,delay_s=0.000996
13.101,DATA_RX_OK,rx=10,sender=0,delay_s=0.000996
13.101,DATA_RX_OK,rx=3,sender=0,delay_s=0.000996
13.101,DATA_RX_OK,rx=6,sender=0,delay_s=0.000996
13.101,DATA_RX_OK,rx=8,sender=0,delay_s=0.000996
13.101,DATA_RX_OK,rx=7,sender=0,delay_s=0.000996
13.101,DATA_RX_OK,rx=9,sender=0,delay_s=0.000996
13.101,DATA_RX_OK,rx=4,sender=0,delay_s=0.000996
13.2007,DATA_RX_OK,rx=11,sender=0,delay_s=0.000662
13.2007,DATA_RX_OK,rx=2,sender=0,delay_s=0.000662
13.2007,DATA_RX_OK,rx=1,sender=0,delay_s=0.000662
13.2007,DATA_RX_OK,rx=5,sender=0,delay_s=0.000662
13.2007,DATA_RX_OK,rx=10,sender=0,delay_s=0.000662
13.2007,DATA_RX_OK,rx=3,sender=0,delay_s=0.000662
13.2007,DATA_RX_OK,rx=6,sender=0,delay_s=0.000662
13.2007,DATA_RX_OK,rx=7,sender=0,delay_s=0.000662
13.2007,DATA_RX_OK,rx=8,sender=0,delay_s=0.000662
13.2007,DATA_RX_OK,rx=9,sender=0,delay_s=0.000662
13.2007,DATA_RX_OK,rx=4,sender=0,delay_s=0.000662
13.3007,DATA_RX_OK,rx=11,sender=0,delay_s=0.000662
13.3007,DATA_RX_OK,rx=2,sender=0,delay_s=0.000662
13.3007,DATA_RX_OK,rx=1,sender=0,delay_s=0.000662
13.3007,DATA_RX_OK,rx=5,sender=0,delay_s=0.000662
13.3007,DATA_RX_OK,rx=10,sender=0,delay_s=0.000662
13.3007,DATA_RX_OK,rx=3,sender=0,delay_s=0.000662
13.3007,DATA_RX_OK,rx=6,sender=0,delay_s=0.000662
13.3007,DATA_RX_OK,rx=7,sender=0,delay_s=0.000662
13.3007,DATA_RX_OK,rx=8,sender=0,delay_s=0.000662
13.3007,DATA_RX_OK,rx=9,sender=0,delay_s=0.000662
13.3007,DATA_RX_OK,rx=4,sender=0,delay_s=0.000662
13.4,REPLAY_SENT,nonce=13300000000
13.4007,DATA_DROP_REPLAY,rx=11,sender=0,nonce=13300000000
13.4007,DATA_DROP_REPLAY,rx=2,sender=0,nonce=13300000000
13.4007,DATA_DROP_REPLAY,rx=1,sender=0,nonce=13300000000
13.4007,DATA_DROP_REPLAY,rx=5,sender=0,nonce=13300000000
13.4007,DATA_DROP_REPLAY,rx=10,sender=0,nonce=13300000000
13.4007,DATA_DROP_REPLAY,rx=3,sender=0,nonce=13300000000
13.4007,DATA_DROP_REPLAY,rx=6,sender=0,nonce=13300000000
13.4007,DATA_DROP_REPLAY,rx=7,sender=0,nonce=13300000000
13.4007,DATA_DROP_REPLAY,rx=8,sender=0,nonce=13300000000
13.4007,DATA_DROP_REPLAY,rx=9,sender=0,nonce=13300000000
13.4007,DATA_DROP_REPLAY,rx=4,sender=0,nonce=13300000000
13.4011,DATA_DROP_SIG,rx=11,sender=0,nonce=13400000000
13.4011,DATA_DROP_SIG,rx=2,sender=0,nonce=13400000000
13.4011,DATA_DROP_SIG,rx=1,sender=0,nonce=13400000000
13.4011,DATA_DROP_SIG,rx=5,sender=0,nonce=13400000000
13.4011,DATA_DROP_SIG,rx=10,sender=0,nonce=13400000000
13.4011,DATA_DROP_SIG,rx=3,sender=0,nonce=13400000000
13.4011,DATA_DROP_SIG,rx=6,sender=0,nonce=13400000000
13.4011,DATA_DROP_SIG,rx=7,sender=0,nonce=13400000000
13.4011,DATA_DROP_SIG,rx=8,sender=0,nonce=13400000000
13.4011,DATA_DROP_SIG,rx=9,sender=0,nonce=13400000000
13.4011,DATA_DROP_SIG,rx=4,sender=0,nonce=13400000000
13.5007,DATA_RX_OK,rx=11,sender=0,delay_s=0.000662
13.5007,DATA_RX_OK,rx=2,sender=0,delay_s=0.000662
13.5007,DATA_RX_OK,rx=1,sender=0,delay_s=0.000662
13.5007,DATA_RX_OK,rx=5,sender=0,delay_s=0.000662
13.5007,DATA_RX_OK,rx=3,sender=0,delay_s=0.000662
13.5007,DATA_RX_OK,rx=10,sender=0,delay_s=0.000662
13.5007,DATA_RX_OK,rx=6,sender=0,delay_s=0.000662
13.5007,DATA_RX_OK,rx=7,sender=0,delay_s=0.000662
13.5007,DATA_RX_OK,rx=8,sender=0,delay_s=0.000662
13.5007,DATA_RX_OK,rx=9,sender=0,delay_s=0.000662
13.5007,DATA_RX_OK,rx=4,sender=0,delay_s=0.000662
13.6007,DATA_RX_OK,rx=11,sender=0,delay_s=0.000662
13.6007,DATA_RX_OK,rx=2,sender=0,delay_s=0.000662
13.6007,DATA_RX_OK,rx=1,sender=0,delay_s=0.000662
13.6007,DATA_RX_OK,rx=5,sender=0,delay_s=0.000662
13.6007,DATA_RX_OK,rx=3,sender=0,delay_s=0.000662
13.6007,DATA_RX_OK,rx=10,sender=0,delay_s=0.000662
13.6007,DATA_RX_OK,rx=6,sender=0,delay_s=0.000662
13.6007,DATA_RX_OK,rx=7,sender=0,delay_s=0.000662
13.6007,DATA_RX_OK,rx=8,sender=0,delay_s=0.000662
13.6007,DATA_RX_OK,rx=9,sender=0,delay_s=0.000662
13.6007,DATA_RX_OK,rx=4,sender=0,delay_s=0.000662
13.65,BLOCK_MINE_START,block_next=14
13.7,REPLAY_SENT,nonce=13600000000
13.7,BLOCK_COMMIT_ITEM,accused=9,delta=0.020000,trust=0.790000
13.7,BLOCK_COMMIT_ITEM,accused=2,delta=0.020000,trust=0.890000
13.7,BLOCK_COMMIT_ITEM,accused=1,delta=0.020000,trust=0.700000
13.7,BLOCK_COMMIT_ITEM,accused=8,delta=0.020000,trust=0.770000
13.7,BLOCK_COMMIT_ITEM,accused=8,delta=0.020000,trust=0.790000
13.7,BLOCK_COMMIT_ITEM,accused=8,delta=0.020000,trust=0.810000
13.7,BLOCK_COMMIT_ITEM,accused=4,delta=0.020000,trust=0.840000
13.7,BLOCK_COMMIT_DONE,block=14,items=7,lat_s=0.050000
13.7007,DATA_DROP_REPLAY,rx=11,sender=0,nonce=13600000000
13.7007,DATA_DROP_REPLAY,rx=2,sender=0,nonce=13600000000
13.7007,DATA_DROP_REPLAY,rx=1,sender=0,nonce=13600000000
13.7007,DATA_DROP_REPLAY,rx=5,sender=0,nonce=13600000000
13.7007,DATA_DROP_REPLAY,rx=3,sender=0,nonce=13600000000
13.7007,DATA_DROP_REPLAY,rx=10,sender=0,nonce=13600000000
13.7007,DATA_DROP_REPLAY,rx=6,sender=0,nonce=13600000000
13.7007,DATA_DROP_REPLAY,rx=7,sender=0,nonce=13600000000
13.7007,DATA_DROP_REPLAY,rx=8,sender=0,nonce=13600000000
13.7007,DATA_DROP_REPLAY,rx=9,sender=0,nonce=13600000000
13.7007,DATA_DROP_REPLAY,rx=4,sender=0,nonce=13600000000
13.701,DATA_RX_OK,rx=11,sender=0,delay_s=0.000978
13.701,DATA_RX_OK,rx=2,sender=0,delay_s=0.000978
13.701,DATA_RX_OK,rx=1,sender=0,delay_s=0.000978
13.701,DATA_RX_OK,rx=5,sender=0,delay_s=0.000978
13.701,DATA_RX_OK,rx=3,sender=0,delay_s=0.000978
13.701,DATA_RX_OK,rx=10,sender=0,delay_s=0.000978
13.701,DATA_RX_OK,rx=6,sender=0,delay_s=0.000978
13.701,DATA_RX_OK,rx=7,sender=0,delay_s=0.000978
13.701,DATA_RX_OK,rx=8,sender=0,delay_s=0.000978
13.701,DATA_RX_OK,rx=9,sender=0,delay_s=0.000978
13.701,DATA_RX_OK,rx=4,sender=0,delay_s=0.000978
13.8007,DATA_RX_OK,rx=11,sender=0,delay_s=0.000662
13.8007,DATA_RX_OK,rx=2,sender=0,delay_s=0.000662
13.8007,DATA_RX_OK,rx=1,sender=0,delay_s=0.000662
13.8007,DATA_RX_OK,rx=5,sender=0,delay_s=0.000662
13.8007,DATA_RX_OK,rx=3,sender=0,delay_s=0.000662
13.8007,DATA_RX_OK,rx=10,sender=0,delay_s=0.000662
13.8007,DATA_RX_OK,rx=6,sender=0,delay_s=0.000662
13.8007,DATA_RX_OK,rx=7,sender=0,delay_s=0.000662
13.8007,DATA_RX_OK,rx=8,sender=0,delay_s=0.000662
13.8007,DATA_RX_OK,rx=9,sender=0,delay_s=0.000662
13.8007,DATA_RX_OK,rx=4,sender=0,delay_s=0.000662
13.9007,DATA_DROP_SIG,rx=11,sender=0,nonce=13900000000
13.9007,DATA_DROP_SIG,rx=2,sender=0,nonce=13900000000
13.9007,DATA_DROP_SIG,rx=1,sender=0,nonce=13900000000
13.9007,DATA_DROP_SIG,rx=5,sender=0,nonce=13900000000
13.9007,DATA_DROP_SIG,rx=3,sender=0,nonce=13900000000
13.9007,DATA_DROP_SIG,rx=10,sender=0,nonce=13900000000
13.9007,DATA_DROP_SIG,rx=6,sender=0,nonce=13900000000
13.9007,DATA_DROP_SIG,rx=7,sender=0,nonce=13900000000
13.9007,DATA_DROP_SIG,rx=8,sender=0,nonce=13900000000
13.9007,DATA_DROP_SIG,rx=9,sender=0,nonce=13900000000
13.9007,DATA_DROP_SIG,rx=4,sender=0,nonce=13900000000
14,REPORT_SENT,by=0,about=2,delta=0.020000
14,REPORT_SENT,by=1,about=6,delta=0.020000
14,REPORT_SENT,by=2,about=6,delta=0.020000
14,REPORT_SENT,by=3,about=4,delta=0.020000
14,REPORT_SENT,by=4,about=4,delta=0.020000
14,REPORT_SENT,by=5,about=6,delta=0.020000
14,REPORT_SENT,by=6,about=9,delta=0.020000
14,REPORT_SENT,by=7,about=9,delta=0.020000
14,REPORT_SENT,by=8,about=2,delta=0.020000
14,REPORT_SENT,by=9,about=6,delta=0.020000
14,REPLAY_SENT,nonce=13900000000
14.0002,REPORT_RX_RSU,rsu=10,by=1,about=6,delta=0.020000
14.0003,REPORT_RX_RSU,rsu=10,by=0,about=2,delta=0.020000
14.0004,REPORT_RX_RSU,rsu=10,by=9,about=6,delta=0.020000
14.0006,REPORT_RX_RSU,rsu=10,by=7,about=9,delta=0.020000
14.0011,REPORT_RX_RSU,rsu=10,by=5,about=6,delta=0.020000
14.0012,DATA_DROP_SIG,rx=11,sender=0,nonce=13900000000
14.0012,DATA_DROP_SIG,rx=2,sender=0,nonce=13900000000
14.0012,DATA_DROP_SIG,rx=5,sender=0,nonce=13900000000
14.0012,DATA_DROP_SIG,rx=1,sender=0,nonce=13900000000
14.0012,DATA_DROP_SIG,rx=3,sender=0,nonce=13900000000
14.0012,DATA_DROP_SIG,rx=10,sender=0,nonce=13900000000
14.0012,DATA_DROP_SIG,rx=6,sender=0,nonce=13900000000
14.0012,DATA_DROP_SIG,rx=7,sender=0,nonce=13900000000
14.0012,DATA_DROP_SIG,rx=9,sender=0,nonce=13900000000
14.0012,DATA_DROP_SIG,rx=8,sender=0,nonce=13900000000
14.0012,DATA_DROP_SIG,rx=4,sender=0,nonce=13900000000
14.0015,REPORT_RX_RSU,rsu=10,by=8,about=2,delta=0.020000
14.0017,DATA_RX_OK,rx=11,sender=0,delay_s=0.001657
14.0017,DATA_RX_OK,rx=2,sender=0,delay_s=0.001657
14.0017,DATA_RX_OK,rx=5,sender=0,delay_s=0.001657
14.0017,DATA_RX_OK,rx=1,sender=0,delay_s=0.001657
14.0017,DATA_RX_OK,rx=3,sender=0,delay_s=0.001657
14.0019,REPORT_RX_RSU,rsu=10,by=4,about=4,delta=0.020000
14.1007,DATA_RX_OK,rx=11,sender=0,delay_s=0.000662
14.1007,DATA_RX_OK,rx=2,sender=0,delay_s=0.000662
14.1007,DATA_RX_OK,rx=3,sender=0,delay_s=0.000662
14.1007,DATA_RX_OK,rx=5,sender=0,delay_s=0.000662
14.1007,DATA_RX_OK,rx=1,sender=0,delay_s=0.000662
14.1007,DATA_RX_OK,rx=10,sender=0,delay_s=0.000662
14.1007,DATA_RX_OK,rx=6,sender=0,delay_s=0.000662
14.1007,DATA_RX_OK,rx=7,sender=0,delay_s=0.000662
14.1007,DATA_RX_OK,rx=9,sender=0,delay_s=0.000662
14.1007,DATA_RX_OK,rx=8,sender=0,delay_s=0.000662
14.1007,DATA_RX_OK,rx=4,sender=0,delay_s=0.000662
14.2007,DATA_DROP_SIG,rx=11,sender=0,nonce=14200000000
14.2007,DATA_DROP_SIG,rx=2,sender=0,nonce=14200000000
14.2007,DATA_DROP_SIG,rx=3,sender=0,nonce=14200000000
14.2007,DATA_DROP_SIG,rx=5,sender=0,nonce=14200000000
14.2007,DATA_DROP_SIG,rx=1,sender=0,nonce=14200000000
14.2007,DATA_DROP_SIG,rx=10,sender=0,nonce=14200000000
14.2007,DATA_DROP_SIG,rx=6,sender=0,nonce=14200000000
14.2007,DATA_DROP_SIG,rx=7,sender=0,nonce=14200000000
14.2007,DATA_DROP_SIG,rx=9,sender=0,nonce=14200000000
14.2007,DATA_DROP_SIG,rx=8,sender=0,nonce=14200000000
14.2007,DATA_DROP_SIG,rx=4,sender=0,nonce=14200000000
14.3,REPLAY_SENT,nonce=14200000000
14.3007,DATA_DROP_SIG,rx=11,sender=0,nonce=14200000000
14.3007,DATA_DROP_SIG,rx=2,sender=0,nonce=14200000000
14.3007,DATA_DROP_SIG,rx=5,sender=0,nonce=14200000000
14.3007,DATA_DROP_SIG,rx=3,sender=0,nonce=14200000000
14.3007,DATA_DROP_SIG,rx=1,sender=0,nonce=14200000000
14.3007,DATA_DROP_SIG,rx=10,sender=0,nonce=14200000000
14.3007,DATA_DROP_SIG,rx=6,sender=0,nonce=14200000000
14.3007,DATA_DROP_SIG,rx=7,sender=0,nonce=14200000000
14.3007,DATA_DROP_SIG,rx=9,sender=0,nonce=14200000000
14.3007,DATA_DROP_SIG,rx=8,sender=0,nonce=14200000000
14.3007,DATA_DROP_SIG,rx=4,sender=0,nonce=14200000000
14.301,DATA_RX_OK,rx=11,sender=0,delay_s=0.000969
14.301,DATA_RX_OK,rx=2,sender=0,delay_s=0.000969
14.301,DATA_RX_OK,rx=5,sender=0,delay_s=0.000969
14.301,DATA_RX_OK,rx=3,sender=0,delay_s=0.000969
14.301,DATA_RX_OK,rx=1,sender=0,delay_s=0.000969
14.301,DATA_RX_OK,rx=10,sender=0,delay_s=0.000969
14.301,DATA_RX_OK,rx=6,sender=0,delay_s=0.000969
14.301,DATA_RX_OK,rx=7,sender=0,delay_s=0.000969
14.301,DATA_RX_OK,rx=9,sender=0,delay_s=0.000969
14.301,DATA_RX_OK,rx=8,sender=0,delay_s=0.000969
14.301,DATA_RX_OK,rx=4,sender=0,delay_s=0.000969
14.4007,DATA_RX_OK,rx=11,sender=0,delay_s=0.000662
14.4007,DATA_RX_OK,rx=2,sender=0,delay_s=0.000662
14.4007,DATA_RX_OK,rx=5,sender=0,delay_s=0.000662
14.4007,DATA_RX_OK,rx=3,sender=0,delay_s=0.000662
14.4007,DATA_RX_OK,rx=1,sender=0,delay_s=0.000662
14.4007,DATA_RX_OK,rx=10,sender=0,delay_s=0.000662
14.4007,DATA_RX_OK,rx=6,sender=0,delay_s=0.000662
14.4007,DATA_RX_OK,rx=7,sender=0,delay_s=0.000662
14.4007,DATA_RX_OK,rx=9,sender=0,delay_s=0.000662
14.4007,DATA_RX_OK,rx=8,sender=0,delay_s=0.000662
14.4007,DATA_RX_OK,rx=4,sender=0,delay_s=0.000662
14.5007,DATA_RX_OK,rx=11,sender=0,delay_s=0.000662
14.5007,DATA_RX_OK,rx=2,sender=0,delay_s=0.000662
14.5007,DATA_RX_OK,rx=5,sender=0,delay_s=0.000662
14.5007,DATA_RX_OK,rx=3,sender=0,delay_s=0.000662
14.5007,DATA_RX_OK,rx=1,sender=0,delay_s=0.000662
14.5007,DATA_RX_OK,rx=10,sender=0,delay_s=0.000662
14.5007,DATA_RX_OK,rx=6,sender=0,delay_s=0.000662
14.5007,DATA_RX_OK,rx=7,sender=0,delay_s=0.000662
14.5007,DATA_RX_OK,rx=9,sender=0,delay_s=0.000662
14.5007,DATA_RX_OK,rx=8,sender=0,delay_s=0.000662
14.5007,DATA_RX_OK,rx=4,sender=0,delay_s=0.000662
14.6,REPLAY_SENT,nonce=14500000000
14.6007,DATA_DROP_REPLAY,rx=11,sender=0,nonce=14500000000
14.6007,DATA_DROP_REPLAY,rx=2,sender=0,nonce=14500000000
14.6007,DATA_DROP_REPLAY,rx=5,sender=0,nonce=14500000000
14.6007,DATA_DROP_REPLAY,rx=3,sender=0,nonce=14500000000
14.6007,DATA_DROP_REPLAY,rx=1,sender=0,nonce=14500000000
14.6007,DATA_DROP_REPLAY,rx=10,sender=0,nonce=14500000000
14.6007,DATA_DROP_REPLAY,rx=6,sender=0,nonce=14500000000
14.6007,DATA_DROP_REPLAY,rx=7,sender=0,nonce=14500000000
14.6007,DATA_DROP_REPLAY,rx=9,sender=0,nonce=14500000000
14.6007,DATA_DROP_REPLAY,rx=8,sender=0,nonce=14500000000
14.6007,DATA_DROP_REPLAY,rx=4,sender=0,nonce=14500000000
14.6011,DATA_RX_OK,rx=11,sender=0,delay_s=0.001050
14.6011,DATA_RX_OK,rx=2,sender=0,delay_s=0.001050
14.6011,DATA_RX_OK,rx=5,sender=0,delay_s=0.001050
14.6011,DATA_RX_OK,rx=3,sender=0,delay_s=0.001050
14.6011,DATA_RX_OK,rx=1,sender=0,delay_s=0.001050
14.6011,DATA_RX_OK,rx=10,sender=0,delay_s=0.001050
14.6011,DATA_RX_OK,rx=6,sender=0,delay_s=0.001050
14.6011,DATA_RX_OK,rx=7,sender=0,delay_s=0.001050
14.6011,DATA_RX_OK,rx=9,sender=0,delay_s=0.001050
14.6011,DATA_RX_OK,rx=8,sender=0,delay_s=0.001050
14.6011,DATA_RX_OK,rx=4,sender=0,delay_s=0.001050
14.7,BLOCK_MINE_START,block_next=15
14.7007,DATA_RX_OK,rx=2,sender=0,delay_s=0.000662
14.7007,DATA_RX_OK,rx=11,sender=0,delay_s=0.000662
14.7007,DATA_RX_OK,rx=5,sender=0,delay_s=0.000662
14.7007,DATA_RX_OK,rx=3,sender=0,delay_s=0.000662
14.7007,DATA_RX_OK,rx=1,sender=0,delay_s=0.000662
14.7007,DATA_RX_OK,rx=6,sender=0,delay_s=0.000662
14.7007,DATA_RX_OK,rx=10,sender=0,delay_s=0.000662
14.7007,DATA_RX_OK,rx=7,sender=0,delay_s=0.000662
14.7007,DATA_RX_OK,rx=9,sender=0,delay_s=0.000662
14.7007,DATA_RX_OK,rx=8,sender=0,delay_s=0.000662
14.7007,DATA_RX_OK,rx=4,sender=0,delay_s=0.000662
14.75,BLOCK_COMMIT_ITEM,accused=6,delta=0.020000,trust=0.740000
14.75,BLOCK_COMMIT_ITEM,accused=2,delta=0.020000,trust=0.910000
14.75,BLOCK_COMMIT_ITEM,accused=6,delta=0.020000,trust=0.760000
14.75,BLOCK_COMMIT_ITEM,accused=9,delta=0.020000,trust=0.810000
14.75,BLOCK_COMMIT_ITEM,accused=6,delta=0.020000,trust=0.780000
14.75,BLOCK_COMMIT_ITEM,accused=2,delta=0.020000,trust=0.930000
14.75,BLOCK_COMMIT_ITEM,accused=4,delta=0.020000,trust=0.860000
14.75,BLOCK_COMMIT_DONE,block=15,items=7,lat_s=0.050000
14.8007,DATA_RX_OK,rx=2,sender=0,delay_s=0.000662
14.8007,DATA_RX_OK,rx=11,sender=0,delay_s=0.000662
14.8007,DATA_RX_OK,rx=5,sender=0,delay_s=0.000662
14.8007,DATA_RX_OK,rx=3,sender=0,delay_s=0.000662
14.8007,DATA_RX_OK,rx=1,sender=0,delay_s=0.000662
14.8007,DATA_RX_OK,rx=6,sender=0,delay_s=0.000662
14.8007,DATA_RX_OK,rx=10,sender=0,delay_s=0.000662
14.8007,DATA_RX_OK,rx=7,sender=0,delay_s=0.000662
14.8007,DATA_RX_OK,rx=9,sender=0,delay_s=0.000662
14.8007,DATA_RX_OK,rx=8,sender=0,delay_s=0.000662
14.8007,DATA_RX_OK,rx=4,sender=0,delay_s=0.000662
14.9,REPLAY_SENT,nonce=14800000000
14.9007,DATA_DROP_REPLAY,rx=2,sender=0,nonce=14800000000
14.9007,DATA_DROP_REPLAY,rx=11,sender=0,nonce=14800000000
14.9007,DATA_DROP_REPLAY,rx=5,sender=0,nonce=14800000000
14.9007,DATA_DROP_REPLAY,rx=3,sender=0,nonce=14800000000
14.9007,DATA_DROP_REPLAY,rx=1,sender=0,nonce=14800000000
14.9007,DATA_DROP_REPLAY,rx=6,sender=0,nonce=14800000000
14.9007,DATA_DROP_REPLAY,rx=10,sender=0,nonce=14800000000
14.9007,DATA_DROP_REPLAY,rx=7,sender=0,nonce=14800000000
14.9007,DATA_DROP_REPLAY,rx=9,sender=0,nonce=14800000000
14.9007,DATA_DROP_REPLAY,rx=8,sender=0,nonce=14800000000
14.9007,DATA_DROP_REPLAY,rx=4,sender=0,nonce=14800000000
14.901,DATA_RX_OK,rx=2,sender=0,delay_s=0.000951
14.901,DATA_RX_OK,rx=11,sender=0,delay_s=0.000951
14.901,DATA_RX_OK,rx=5,sender=0,delay_s=0.000951
14.901,DATA_RX_OK,rx=3,sender=0,delay_s=0.000951
14.901,DATA_RX_OK,rx=1,sender=0,delay_s=0.000951
14.901,DATA_RX_OK,rx=6,sender=0,delay_s=0.000951
14.901,DATA_RX_OK,rx=10,sender=0,delay_s=0.000951
14.901,DATA_RX_OK,rx=7,sender=0,delay_s=0.000951
14.901,DATA_RX_OK,rx=9,sender=0,delay_s=0.000951
14.901,DATA_RX_OK,rx=8,sender=0,delay_s=0.000951
14.901,DATA_RX_OK,rx=4,sender=0,delay_s=0.000951
15,REPORT_SENT,by=0,about=7,delta=0.020000
15,REPORT_SENT,by=1,about=9,delta=0.020000
15,REPORT_SENT,by=2,about=1,delta=0.020000
15,REPORT_SENT,by=3,about=7,delta=0.020000
15,REPORT_SENT,by=4,about=6,delta=0.020000
15,REPORT_SENT,by=5,about=4,delta=0.020000
15,REPORT_SENT,by=6,about=9,delta=0.020000
15,REPORT_SENT,by=7,about=4,delta=0.020000
15,REPORT_SENT,by=8,about=9,delta=0.020000
15,REPORT_SENT,by=9,about=2,delta=0.020000
15.0002,REPORT_RX_RSU,rsu=10,by=8,about=9,delta=0.020000
15.0004,REPORT_RX_RSU,rsu=10,by=9,about=2,delta=0.020000
15.0007,REPORT_RX_RSU,rsu=10,by=1,about=9,delta=0.020000
15.0008,REPORT_RX_RSU,rsu=10,by=7,about=4,delta=0.020000
15.001,REPORT_RX_RSU,rsu=10,by=0,about=7,delta=0.020000
15.0011,REPORT_RX_RSU,rsu=10,by=5,about=4,delta=0.020000
15.0017,DATA_DROP_SIG,rx=2,sender=0,nonce=15000000000
15.0017,DATA_DROP_SIG,rx=11,sender=0,nonce=15000000000
15.0017,DATA_DROP_SIG,rx=5,sender=0,nonce=15000000000
15.0017,DATA_DROP_SIG,rx=3,sender=0,nonce=15000000000
15.0017,DATA_DROP_SIG,rx=1,sender=0,nonce=15000000000
15.0017,DATA_DROP_SIG,rx=6,sender=0,nonce=15000000000
15.0017,DATA_DROP_SIG,rx=10,sender=0,nonce=15000000000
15.0017,DATA_DROP_SIG,rx=7,sender=0,nonce=15000000000
15.0017,DATA_DROP_SIG,rx=9,sender=0,nonce=15000000000
15.0017,DATA_DROP_SIG,rx=8,sender=0,nonce=15000000000
15.0017,DATA_DROP_SIG,rx=4,sender=0,nonce=15000000000
15.0017,REPORT_RX_RSU,rsu=10,by=4,about=6,delta=0.020000
15.1007,DATA_RX_OK,rx=2,sender=0,delay_s=0.000662
15.1007,DATA_RX_OK,rx=11,sender=0,delay_s=0.000662
15.1007,DATA_RX_OK,rx=5,sender=0,delay_s=0.000662
15.1007,DATA_RX_OK,rx=3,sender=0,delay_s=0.000662
15.1007,DATA_RX_OK,rx=1,sender=0,delay_s=0.000662
15.1007,DATA_RX_OK,rx=6,sender=0,delay_s=0.000662
15.1007,DATA_RX_OK,rx=10,sender=0,delay_s=0.000662
15.1007,DATA_RX_OK,rx=7,sender=0,delay_s=0.000662
15.1007,DATA_RX_OK,rx=9,sender=0,delay_s=0.000662
15.1007,DATA_RX_OK,rx=8,sender=0,delay_s=0.000662
15.1007,DATA_RX_OK,rx=4,sender=0,delay_s=0.000662
15.2,REPLAY_SENT,nonce=15100000000
15.2007,DATA_DROP_REPLAY,rx=2,sender=0,nonce=15100000000
15.2007,DATA_DROP_REPLAY,rx=11,sender=0,nonce=15100000000
15.2007,DATA_DROP_REPLAY,rx=5,sender=0,nonce=15100000000
15.2007,DATA_DROP_REPLAY,rx=3,sender=0,nonce=15100000000
15.2007,DATA_DROP_REPLAY,rx=1,sender=0,nonce=15100000000
15.2007,DATA_DROP_REPLAY,rx=6,sender=0,nonce=15100000000
15.2007,DATA_DROP_REPLAY,rx=10,sender=0,nonce=15100000000
15.2007,DATA_DROP_REPLAY,rx=7,sender=0,nonce=15100000000
15.2007,DATA_DROP_REPLAY,rx=9,sender=0,nonce=15100000000
15.2007,DATA_DROP_REPLAY,rx=4,sender=0,nonce=15100000000
15.2007,DATA_DROP_REPLAY,rx=8,sender=0,nonce=15100000000
15.201,DATA_DROP_SIG,rx=2,sender=0,nonce=15200000000
15.201,DATA_DROP_SIG,rx=11,sender=0,nonce=15200000000
15.201,DATA_DROP_SIG,rx=5,sender=0,nonce=15200000000
15.201,DATA_DROP_SIG,rx=3,sender=0,nonce=15200000000
15.201,DATA_DROP_SIG,rx=1,sender=0,nonce=15200000000
15.201,DATA_DROP_SIG,rx=6,sender=0,nonce=15200000000
15.201,DATA_DROP_SIG,rx=10,sender=0,nonce=15200000000
15.201,DATA_DROP_SIG,rx=7,sender=0,nonce=15200000000
15.201,DATA_DROP_SIG,rx=9,sender=0,nonce=15200000000
15.201,DATA_DROP_SIG,rx=4,sender=0,nonce=15200000000
15.201,DATA_DROP_SIG,rx=8,sender=0,nonce=15200000000
15.3007,DATA_RX_OK,rx=2,sender=0,delay_s=0.000662
15.3007,DATA_RX_OK,rx=11,sender=0,delay_s=0.000662
15.3007,DATA_RX_OK,rx=5,sender=0,delay_s=0.000662
15.3007,DATA_RX_OK,rx=3,sender=0,delay_s=0.000662
15.3007,DATA_RX_OK,rx=1,sender=0,delay_s=0.000662
15.3007,DATA_RX_OK,rx=10,sender=0,delay_s=0.000662
15.3007,DATA_RX_OK,rx=6,sender=0,delay_s=0.000662
15.3007,DATA_RX_OK,rx=7,sender=0,delay_s=0.000662
15.3007,DATA_RX_OK,rx=9,sender=0,delay_s=0.000662
15.3007,DATA_RX_OK,rx=4,sender=0,delay_s=0.000662
15.3007,DATA_RX_OK,rx=8,sender=0,delay_s=0.000662
15.4007,DATA_RX_OK,rx=2,sender=0,delay_s=0.000662
15.4007,DATA_RX_OK,rx=11,sender=0,delay_s=0.000662
15.4007,DATA_RX_OK,rx=5,sender=0,delay_s=0.000662
15.4007,DATA_RX_OK,rx=3,sender=0,delay_s=0.000662
15.4007,DATA_RX_OK,rx=1,sender=0,delay_s=0.000662
15.4007,DATA_RX_OK,rx=10,sender=0,delay_s=0.000662
15.4007,DATA_RX_OK,rx=6,sender=0,delay_s=0.000662
15.4007,DATA_RX_OK,rx=7,sender=0,delay_s=0.000662
15.4007,DATA_RX_OK,rx=9,sender=0,delay_s=0.000662
15.4007,DATA_RX_OK,rx=4,sender=0,delay_s=0.000662
15.4007,DATA_RX_OK,rx=8,sender=0,delay_s=0.000662
15.5,REPLAY_SENT,nonce=15400000000
15.5007,DATA_DROP_REPLAY,rx=2,sender=0,nonce=15400000000
15.5007,DATA_DROP_REPLAY,rx=11,sender=0,nonce=15400000000
15.5007,DATA_DROP_REPLAY,rx=5,sender=0,nonce=15400000000
15.5007,DATA_DROP_REPLAY,rx=3,sender=0,nonce=15400000000
15.5007,DATA_DROP_REPLAY,rx=1,sender=0,nonce=15400000000
15.5007,DATA_DROP_REPLAY,rx=10,sender=0,nonce=15400000000
15.5007,DATA_DROP_REPLAY,rx=7,sender=0,nonce=15400000000
15.5007,DATA_DROP_REPLAY,rx=6,sender=0,nonce=15400000000
15.5007,DATA_DROP_REPLAY,rx=9,sender=0,nonce=15400000000
15.5007,DATA_DROP_REPLAY,rx=4,sender=0,nonce=15400000000
15.5007,DATA_DROP_REPLAY,rx=8,sender=0,nonce=15400000000
15.501,DATA_RX_OK,rx=2,sender=0,delay_s=0.001014
15.501,DATA_RX_OK,rx=11,sender=0,delay_s=0.001014
15.501,DATA_RX_OK,rx=5,sender=0,delay_s=0.001014
15.501,DATA_RX_OK,rx=3,sender=0,delay_s=0.001014
15.501,DATA_RX_OK,rx=1,sender=0,delay_s=0.001014
15.501,DATA_RX_OK,rx=10,sender=0,delay_s=0.001014
15.501,DATA_RX_OK,rx=7,sender=0,delay_s=0.001014
15.501,DATA_RX_OK,rx=6,sender=0,delay_s=0.001014
15.501,DATA_RX_OK,rx=9,sender=0,delay_s=0.001014
15.501,DATA_RX_OK,rx=4,sender=0,delay_s=0.001014
15.501,DATA_RX_OK,rx=8,sender=0,delay_s=0.001014
15.6007,DATA_RX_OK,rx=2,sender=0,delay_s=0.000662
15.6007,DATA_RX_OK,rx=11,sender=0,delay_s=0.000662
15.6007,DATA_RX_OK,rx=5,sender=0,delay_s=0.000662
15.6007,DATA_RX_OK,rx=3,sender=0,delay_s=0.000662
15.6007,DATA_RX_OK,rx=1,sender=0,delay_s=0.000662
15.6007,DATA_RX_OK,rx=10,sender=0,delay_s=0.000662
15.6007,DATA_RX_OK,rx=7,sender=0,delay_s=0.000662
15.6007,DATA_RX_OK,rx=6,sender=0,delay_s=0.000662
15.6007,DATA_RX_OK,rx=9,sender=0,delay_s=0.000662
15.6007,DATA_RX_OK,rx=4,sender=0,delay_s=0.000662
15.6007,DATA_RX_OK,rx=8,sender=0,delay_s=0.000662
15.7007,DATA_RX_OK,rx=2,sender=0,delay_s=0.000662
15.7007,DATA_RX_OK,rx=11,sender=0,delay_s=0.000662
15.7007,DATA_RX_OK,rx=5,sender=0,delay_s=0.000662
15.7007,DATA_RX_OK,rx=3,sender=0,delay_s=0.000662
15.7007,DATA_RX_OK,rx=1,sender=0,delay_s=0.000662
15.7007,DATA_RX_OK,rx=10,sender=0,delay_s=0.000662
15.7007,DATA_RX_OK,rx=7,sender=0,delay_s=0.000662
15.7007,DATA_RX_OK,rx=6,sender=0,delay_s=0.000662
15.7007,DATA_RX_OK,rx=9,sender=0,delay_s=0.000662
15.7007,DATA_RX_OK,rx=4,sender=0,delay_s=0.000662
15.7007,DATA_RX_OK,rx=8,sender=0,delay_s=0.000662
15.75,BLOCK_MINE_START,block_next=16
15.8,REPLAY_SENT,nonce=15700000000
15.8,BLOCK_COMMIT_ITEM,accused=9,delta=0.020000,trust=0.830000
15.8,BLOCK_COMMIT_ITEM,accused=2,delta=0.020000,trust=0.950000
15.8,BLOCK_COMMIT_ITEM,accused=9,delta=0.020000,trust=0.850000
15.8,BLOCK_COMMIT_ITEM,accused=4,delta=0.020000,trust=0.880000
15.8,BLOCK_COMMIT_ITEM,accused=7,delta=0.020000,trust=0.750000
15.8,BLOCK_COMMIT_ITEM,accused=4,delta=0.020000,trust=0.900000
15.8,BLOCK_COMMIT_ITEM,accused=6,delta=0.020000,trust=0.800000
15.8,BLOCK_COMMIT_DONE,block=16,items=7,lat_s=0.050000
15.8007,DATA_DROP_REPLAY,rx=2,sender=0,nonce=15700000000
15.8007,DATA_DROP_REPLAY,rx=11,sender=0,nonce=15700000000
15.8007,DATA_DROP_REPLAY,rx=5,sender=0,nonce=15700000000
15.8007,DATA_DROP_REPLAY,rx=3,sender=0,nonce=15700000000
15.8007,DATA_DROP_REPLAY,rx=1,sender=0,nonce=15700000000
15.8007,DATA_DROP_REPLAY,rx=10,sender=0,nonce=15700000000
15.8007,DATA_DROP_REPLAY,rx=7,sender=0,nonce=15700000000
15.8007,DATA_DROP_REPLAY,rx=6,sender=0,nonce=15700000000
15.8007,DATA_DROP_REPLAY,rx=9,sender=0,nonce=15700000000
15.8007,DATA_DROP_REPLAY,rx=4,sender=0,nonce=15700000000
15.8007,DATA_DROP_REPLAY,rx=8,sender=0,nonce=15700000000
15.8009,DATA_RX_OK,rx=2,sender=0,delay_s=0.000942
15.8009,DATA_RX_OK,rx=11,sender=0,delay_s=0.000942
15.8009,DATA_RX_OK,rx=5,sender=0,delay_s=0.000942
15.8009,DATA_RX_OK,rx=3,sender=0,delay_s=0.000942
15.8009,DATA_RX_OK,rx=1,sender=0,delay_s=0.000942
15.8009,DATA_RX_OK,rx=10,sender=0,delay_s=0.000942
15.8009,DATA_RX_OK,rx=7,sender=0,delay_s=0.000942
15.8009,DATA_RX_OK,rx=6,sender=0,delay_s=0.000942
15.8009,DATA_RX_OK,rx=9,sender=0,delay_s=0.000942
15.8009,DATA_RX_OK,rx=4,sender=0,delay_s=0.000942
15.8009,DATA_RX_OK,rx=8,sender=0,delay_s=0.000942
15.9007,DATA_RX_OK,rx=2,sender=0,delay_s=0.000662
15.9007,DATA_RX_OK,rx=11,sender=0,delay_s=0.000662
15.9007,DATA_RX_OK,rx=5,sender=0,delay_s=0.000662
15.9007,DATA_RX_OK,rx=3,sender=0,delay_s=0.000662
15.9007,DATA_RX_OK,rx=1,sender=0,delay_s=0.000662
15.9007,DATA_RX_OK,rx=10,sender=0,delay_s=0.000662
15.9007,DATA_RX_OK,rx=7,sender=0,delay_s=0.000662
15.9007,DATA_RX_OK,rx=6,sender=0,delay_s=0.000662
15.9007,DATA_RX_OK,rx=9,sender=0,delay_s=0.000662
15.9007,DATA_RX_OK,rx=4,sender=0,delay_s=0.000662
15.9007,DATA_RX_OK,rx=8,sender=0,delay_s=0.000662
16,REPORT_SENT,by=0,about=1,delta=0.020000
16,REPORT_SENT,by=1,about=9,delta=-0.050000
16,REPORT_SENT,by=2,about=6,delta=0.020000
16,REPORT_SENT,by=3,about=7,delta=0.020000
16,REPORT_SENT,by=4,about=8,delta=-0.050000
16,REPORT_SENT,by=5,about=4,delta=0.020000
16,REPORT_SENT,by=6,about=6,delta=0.020000
16,REPORT_SENT,by=7,about=7,delta=0.020000
16,REPORT_SENT,by=8,about=6,delta=0.020000
16,REPORT_SENT,by=9,about=2,delta=-0.050000
16.0002,REPORT_RX_RSU,rsu=10,by=7,about=7,delta=0.020000
16.0004,REPORT_RX_RSU,rsu=10,by=0,about=1,delta=0.020000
16.0005,REPORT_RX_RSU,rsu=10,by=4,about=8,delta=-0.050000
16.001,REPORT_RX_RSU,rsu=10,by=9,about=2,delta=-0.050000
16.0011,DATA_RX_OK,rx=2,sender=0,delay_s=0.001055
16.0011,DATA_RX_OK,rx=11,sender=0,delay_s=0.001055
16.0011,DATA_RX_OK,rx=5,sender=0,delay_s=0.001055
16.0011,DATA_RX_OK,rx=3,sender=0,delay_s=0.001055
16.0011,DATA_RX_OK,rx=1,sender=0,delay_s=0.001055
16.0011,DATA_RX_OK,rx=10,sender=0,delay_s=0.001055
16.0011,DATA_RX_OK,rx=7,sender=0,delay_s=0.001055
16.0011,DATA_RX_OK,rx=6,sender=0,delay_s=0.001055
16.0011,DATA_RX_OK,rx=9,sender=0,delay_s=0.001055
16.0011,DATA_RX_OK,rx=4,sender=0,delay_s=0.001055
16.0011,DATA_RX_OK,rx=8,sender=0,delay_s=0.001055
16.0012,REPORT_RX_RSU,rsu=10,by=8,about=6,delta=0.020000
16.0013,REPORT_RX_RSU,rsu=10,by=1,about=9,delta=-0.050000
16.0016,REPORT_RX_RSU,rsu=10,by=5,about=4,delta=0.020000
16.1,REPLAY_SENT,nonce=16000000000
16.1007,DATA_DROP_REPLAY,rx=2,sender=0,nonce=16000000000
16.1007,DATA_DROP_REPLAY,rx=11,sender=0,nonce=16000000000
16.1007,DATA_DROP_REPLAY,rx=5,sender=0,nonce=16000000000
16.1007,DATA_DROP_REPLAY,rx=3,sender=0,nonce=16000000000
16.1007,DATA_DROP_REPLAY,rx=1,sender=0,nonce=16000000000
16.1007,DATA_DROP_REPLAY,rx=10,sender=0,nonce=16000000000
16.1007,DATA_DROP_REPLAY,rx=7,sender=0,nonce=16000000000
16.1007,DATA_DROP_REPLAY,rx=6,sender=0,nonce=16000000000
16.1007,DATA_DROP_REPLAY,rx=9,sender=0,nonce=16000000000
16.1007,DATA_DROP_REPLAY,rx=4,sender=0,nonce=16000000000
16.101,DATA_RX_OK,rx=2,sender=0,delay_s=0.000969
16.101,DATA_RX_OK,rx=11,sender=0,delay_s=0.000969
16.101,DATA_RX_OK,rx=5,sender=0,delay_s=0.000969
16.101,DATA_RX_OK,rx=3,sender=0,delay_s=0.000969
16.101,DATA_RX_OK,rx=1,sender=0,delay_s=0.000969
16.101,DATA_RX_OK,rx=10,sender=0,delay_s=0.000969
16.101,DATA_RX_OK,rx=7,sender=0,delay_s=0.000969
16.101,DATA_RX_OK,rx=6,sender=0,delay_s=0.000969
16.101,DATA_RX_OK,rx=9,sender=0,delay_s=0.000969
16.101,DATA_RX_OK,rx=4,sender=0,delay_s=0.000969
16.2007,DATA_RX_OK,rx=2,sender=0,delay_s=0.000662
16.2007,DATA_RX_OK,rx=11,sender=0,delay_s=0.000662
16.2007,DATA_RX_OK,rx=3,sender=0,delay_s=0.000662
16.2007,DATA_RX_OK,rx=5,sender=0,delay_s=0.000662
16.2007,DATA_RX_OK,rx=1,sender=0,delay_s=0.000662
16.2007,DATA_RX_OK,rx=10,sender=0,delay_s=0.000662
16.2007,DATA_RX_OK,rx=7,sender=0,delay_s=0.000662
16.2007,DATA_RX_OK,rx=6,sender=0,delay_s=0.000662
16.2007,DATA_RX_OK,rx=9,sender=0,delay_s=0.000662
16.2007,DATA_RX_OK,rx=4,sender=0,delay_s=0.000662
16.3007,DATA_RX_OK,rx=2,sender=0,delay_s=0.000662
16.3007,DATA_RX_OK,rx=11,sender=0,delay_s=0.000662
16.3007,DATA_RX_OK,rx=3,sender=0,delay_s=0.000662
16.3007,DATA_RX_OK,rx=5,sender=0,delay_s=0.000662
16.3007,DATA_RX_OK,rx=1,sender=0,delay_s=0.000662
16.3007,DATA_RX_OK,rx=10,sender=0,delay_s=0.000662
16.3007,DATA_RX_OK,rx=7,sender=0,delay_s=0.000662
16.3007,DATA_RX_OK,rx=6,sender=0,delay_s=0.000662
16.3007,DATA_RX_OK,rx=9,sender=0,delay_s=0.000662
16.3007,DATA_RX_OK,rx=4,sender=0,delay_s=0.000662
16.4,REPLAY_SENT,nonce=16300000000
16.4007,DATA_DROP_REPLAY,rx=2,sender=0,nonce=16300000000
16.4007,DATA_DROP_REPLAY,rx=11,sender=0,nonce=16300000000
16.4007,DATA_DROP_REPLAY,rx=3,sender=0,nonce=16300000000
16.4007,DATA_DROP_REPLAY,rx=5,sender=0,nonce=16300000000
16.4007,DATA_DROP_REPLAY,rx=1,sender=0,nonce=16300000000
16.4007,DATA_DROP_REPLAY,rx=10,sender=0,nonce=16300000000
16.4007,DATA_DROP_REPLAY,rx=7,sender=0,nonce=16300000000
16.4007,DATA_DROP_REPLAY,rx=6,sender=0,nonce=16300000000
16.4007,DATA_DROP_REPLAY,rx=9,sender=0,nonce=16300000000
16.4007,DATA_DROP_REPLAY,rx=4,sender=0,nonce=16300000000
16.4009,DATA_RX_OK,rx=2,sender=0,delay_s=0.000942
16.4009,DATA_RX_OK,rx=11,sender=0,delay_s=0.000942
16.4009,DATA_RX_OK,rx=3,sender=0,delay_s=0.000942
16.4009,DATA_RX_OK,rx=5,sender=0,delay_s=0.000942
16.4009,DATA_RX_OK,rx=1,sender=0,delay_s=0.000942
16.4009,DATA_RX_OK,rx=10,sender=0,delay_s=0.000942
16.4009,DATA_RX_OK,rx=7,sender=0,delay_s=0.000942
16.4009,DATA_RX_OK,rx=6,sender=0,delay_s=0.000942
16.4009,DATA_RX_OK,rx=9,sender=0,delay_s=0.000942
16.4009,DATA_RX_OK,rx=4,sender=0,delay_s=0.000942
16.5007,DATA_DROP_SIG,rx=2,sender=0,nonce=16500000000
16.5007,DATA_DROP_SIG,rx=11,sender=0,nonce=16500000000
16.5007,DATA_DROP_SIG,rx=3,sender=0,nonce=16500000000
16.5007,DATA_DROP_SIG,rx=5,sender=0,nonce=16500000000
16.5007,DATA_DROP_SIG,rx=1,sender=0,nonce=16500000000
16.5007,DATA_DROP_SIG,rx=10,sender=0,nonce=16500000000
16.5007,DATA_DROP_SIG,rx=7,sender=0,nonce=16500000000
16.5007,DATA_DROP_SIG,rx=6,sender=0,nonce=16500000000
16.5007,DATA_DROP_SIG,rx=9,sender=0,nonce=16500000000
16.5007,DATA_DROP_SIG,rx=4,sender=0,nonce=16500000000
16.6007,DATA_RX_OK,rx=2,sender=0,delay_s=0.000662
16.6007,DATA_RX_OK,rx=11,sender=0,delay_s=0.000662
16.6007,DATA_RX_OK,rx=3,sender=0,delay_s=0.000662
16.6007,DATA_RX_OK,rx=5,sender=0,delay_s=0.000662
16.6007,DATA_RX_OK,rx=1,sender=0,delay_s=0.000662
16.6007,DATA_RX_OK,rx=10,sender=0,delay_s=0.000662
16.6007,DATA_RX_OK,rx=7,sender=0,delay_s=0.000662
16.6007,DATA_RX_OK,rx=6,sender=0,delay_s=0.000662
16.6007,DATA_RX_OK,rx=4,sender=0,delay_s=0.000662
16.6007,DATA_RX_OK,rx=9,sender=0,delay_s=0.000662
16.7,REPLAY_SENT,nonce=16600000000
16.7007,DATA_DROP_REPLAY,rx=2,sender=0,nonce=16600000000
16.7007,DATA_DROP_REPLAY,rx=3,sender=0,nonce=16600000000
16.7007,DATA_DROP_REPLAY,rx=11,sender=0,nonce=16600000000
16.7007,DATA_DROP_REPLAY,rx=5,sender=0,nonce=16600000000
16.7007,DATA_DROP_REPLAY,rx=1,sender=0,nonce=16600000000
16.7007,DATA_DROP_REPLAY,rx=10,sender=0,nonce=16600000000
16.7007,DATA_DROP_REPLAY,rx=7,sender=0,nonce=16600000000
16.7007,DATA_DROP_REPLAY,rx=6,sender=0,nonce=16600000000
16.7007,DATA_DROP_REPLAY,rx=4,sender=0,nonce=16600000000
16.7007,DATA_DROP_REPLAY,rx=9,sender=0,nonce=16600000000
16.701,DATA_RX_OK,rx=2,sender=0,delay_s=0.000960
16.701,DATA_RX_OK,rx=3,sender=0,delay_s=0.000960
16.701,DATA_RX_OK,rx=11,sender=0,delay_s=0.000960
16.701,DATA_RX_OK,rx=5,sender=0,delay_s=0.000960
16.701,DATA_RX_OK,rx=1,sender=0,delay_s=0.000960
16.701,DATA_RX_OK,rx=10,sender=0,delay_s=0.000960
16.701,DATA_RX_OK,rx=7,sender=0,delay_s=0.000960
16.701,DATA_RX_OK,rx=6,sender=0,delay_s=0.000960
16.701,DATA_RX_OK,rx=4,sender=0,delay_s=0.000960
16.701,DATA_RX_OK,rx=9,sender=0,delay_s=0.000960
16.8,BLOCK_MINE_START,block_next=17
16.8007,DATA_RX_OK,rx=2,sender=0,delay_s=0.000662
16.8007,DATA_RX_OK,rx=3,sender=0,delay_s=0.000662
16.8007,DATA_RX_OK,rx=11,sender=0,delay_s=0.000662
16.8007,DATA_RX_OK,rx=5,sender=0,delay_s=0.000662
16.8007,DATA_RX_OK,rx=1,sender=0,delay_s=0.000662
16.8007,DATA_RX_OK,rx=10,sender=0,delay_s=0.000662
16.8007,DATA_RX_OK,rx=7,sender=0,delay_s=0.000662
16.8007,DATA_RX_OK,rx=6,sender=0,delay_s=0.000662
16.8007,DATA_RX_OK,rx=4,sender=0,delay_s=0.000662
16.8007,DATA_RX_OK,rx=9,sender=0,delay_s=0.000662
16.85,BLOCK_COMMIT_ITEM,accused=7,delta=0.020000,trust=0.770000
16.85,BLOCK_COMMIT_ITEM,accused=1,delta=0.020000,trust=0.720000
16.85,BLOCK_COMMIT_ITEM,accused=8,delta=-0.050000,trust=0.760000
16.85,BLOCK_COMMIT_ITEM,accused=2,delta=-0.050000,trust=0.900000
16.85,BLOCK_COMMIT_ITEM,accused=6,delta=0.020000,trust=0.820000
16.85,BLOCK_COMMIT_ITEM,accused=9,delta=-0.050000,trust=0.800000
16.85,BLOCK_COMMIT_ITEM,accused=4,delta=0.020000,trust=0.920000
16.85,BLOCK_COMMIT_DONE,block=17,items=7,lat_s=0.050000
16.9007,DATA_RX_OK,rx=2,sender=0,delay_s=0.000662
16.9007,DATA_RX_OK,rx=3,sender=0,delay_s=0.000662
16.9007,DATA_RX_OK,rx=11,sender=0,delay_s=0.000662
16.9007,DATA_RX_OK,rx=5,sender=0,delay_s=0.000662
16.9007,DATA_RX_OK,rx=1,sender=0,delay_s=0.000662
16.9007,DATA_RX_OK,rx=10,sender=0,delay_s=0.000662
16.9007,DATA_RX_OK,rx=6,sender=0,delay_s=0.000662
16.9007,DATA_RX_OK,rx=7,sender=0,delay_s=0.000662
16.9007,DATA_RX_OK,rx=4,sender=0,delay_s=0.000662
16.9007,DATA_RX_OK,rx=9,sender=0,delay_s=0.000662
17,REPORT_SENT,by=0,about=5,delta=0.020000
17,REPORT_SENT,by=1,about=6,delta=0.020000
17,REPORT_SENT,by=2,about=8,delta=-0.050000
17,REPORT_SENT,by=3,about=4,delta=0.020000
17,REPORT_SENT,by=4,about=1,delta=0.020000
17,REPORT_SENT,by=5,about=4,delta=0.020000
17,REPORT_SENT,by=6,about=3,delta=0.020000
17,REPORT_SENT,by=7,about=9,delta=0.020000
17,REPORT_SENT,by=8,about=1,delta=0.020000
17,REPORT_SENT,by=9,about=3,delta=-0.050000
17,REPLAY_SENT,nonce=16900000000
17.0004,REPORT_RX_RSU,rsu=10,by=0,about=5,delta=0.020000
17.0005,REPORT_RX_RSU,rsu=10,by=5,about=4,delta=0.020000
17.001,REPORT_RX_RSU,rsu=10,by=7,about=9,delta=0.020000
17.001,DATA_DROP_REPLAY,rx=2,sender=0,nonce=16900000000
17.001,DATA_DROP_REPLAY,rx=3,sender=0,nonce=16900000000
17.001,DATA_DROP_REPLAY,rx=11,sender=0,nonce=16900000000
17.001,DATA_DROP_REPLAY,rx=5,sender=0,nonce=16900000000
17.0014,REPORT_RX_RSU,rsu=10,by=4,about=1,delta=0.020000
17.0015,DATA_RX_OK,rx=2,sender=0,delay_s=0.001496
17.0015,DATA_RX_OK,rx=3,sender=0,delay_s=0.001496
17.0015,DATA_RX_OK,rx=11,sender=0,delay_s=0.001496
17.0015,DATA_RX_OK,rx=5,sender=0,delay_s=0.001496
17.0015,DATA_RX_OK,rx=1,sender=0,delay_s=0.001496
17.0015,DATA_RX_OK,rx=10,sender=0,delay_s=0.001496
17.0015,DATA_RX_OK,rx=6,sender=0,delay_s=0.001496
17.0018,REPORT_RX_RSU,rsu=10,by=1,about=6,delta=0.020000
17.0019,REPORT_RX_RSU,rsu=10,by=9,about=3,delta=-0.050000
17.0023,REPORT_RX_RSU,rsu=10,by=8,about=1,delta=0.020000
17.1007,DATA_DROP_SIG,rx=2,sender=0,nonce=17100000000
17.1007,DATA_DROP_SIG,rx=3,sender=0,nonce=17100000000
17.1007,DATA_DROP_SIG,rx=11,sender=0,nonce=17100000000
17.1007,DATA_DROP_SIG,rx=5,sender=0,nonce=17100000000
17.1007,DATA_DROP_SIG,rx=1,sender=0,nonce=17100000000
17.1007,DATA_DROP_SIG,rx=10,sender=0,nonce=17100000000
17.1007,DATA_DROP_SIG,rx=6,sender=0,nonce=17100000000
17.1007,DATA_DROP_SIG,rx=7,sender=0,nonce=17100000000
17.1007,DATA_DROP_SIG,rx=9,sender=0,nonce=17100000000
17.1007,DATA_DROP_SIG,rx=4,sender=0,nonce=17100000000
17.2007,DATA_RX_OK,rx=2,sender=0,delay_s=0.000662
17.2007,DATA_RX_OK,rx=3,sender=0,delay_s=0.000662
17.2007,DATA_RX_OK,rx=11,sender=0,delay_s=0.000662
17.2007,DATA_RX_OK,rx=5,sender=0,delay_s=0.000662
17.2007,DATA_RX_OK,rx=1,sender=0,delay_s=0.000662
17.2007,DATA_RX_OK,rx=10,sender=0,delay_s=0.000662
17.2007,DATA_RX_OK,rx=6,sender=0,delay_s=0.000662
17.2007,DATA_RX_OK,rx=7,sender=0,delay_s=0.000662
17.2007,DATA_RX_OK,rx=4,sender=0,delay_s=0.000662
17.2007,DATA_RX_OK,rx=9,sender=0,delay_s=0.000662
17.3,REPLAY_SENT,nonce=17200000000
17.3007,DATA_DROP_REPLAY,rx=2,sender=0,nonce=17200000000
17.3007,DATA_DROP_REPLAY,rx=3,sender=0,nonce=17200000000
17.3007,DATA_DROP_REPLAY,rx=11,sender=0,nonce=17200000000
17.3007,DATA_DROP_REPLAY,rx=5,sender=0,nonce=17200000000
17.3007,DATA_DROP_REPLAY,rx=1,sender=0,nonce=17200000000
17.3007,DATA_DROP_REPLAY,rx=10,sender=0,nonce=17200000000
17.3007,DATA_DROP_REPLAY,rx=6,sender=0,nonce=17200000000
17.3007,DATA_DROP_REPLAY,rx=7,sender=0,nonce=17200000000
17.3007,DATA_DROP_REPLAY,rx=9,sender=0,nonce=17200000000
17.3007,DATA_DROP_REPLAY,rx=4,sender=0,nonce=17200000000
17.3011,DATA_RX_OK,rx=2,sender=0,delay_s=0.001059
17.3011,DATA_RX_OK,rx=3,sender=0,delay_s=0.001059
17.3011,DATA_RX_OK,rx=11,sender=0,delay_s=0.001059
17.3011,DATA_RX_OK,rx=5,sender=0,delay_s=0.001059
17.3011,DATA_RX_OK,rx=1,sender=0,delay_s=0.001059
17.3011,DATA_RX_OK,rx=10,sender=0,delay_s=0.001059
17.3011,DATA_RX_OK,rx=6,sender=0,delay_s=0.001059
17.3011,DATA_RX_OK,rx=7,sender=0,delay_s=0.001059
17.3011,DATA_RX_OK,rx=9,sender=0,delay_s=0.001059
17.3011,DATA_RX_OK,rx=4,sender=0,delay_s=0.001059
17.4007,DATA_DROP_SIG,rx=3,sender=0,nonce=17400000000
17.4007,DATA_DROP_SIG,rx=2,sender=0,nonce=17400000000
17.4007,DATA_DROP_SIG,rx=11,sender=0,nonce=17400000000
17.4007,DATA_DROP_SIG,rx=5,sender=0,nonce=17400000000
17.4007,DATA_DROP_SIG,rx=1,sender=0,nonce=17400000000
17.4007,DATA_DROP_SIG,rx=10,sender=0,nonce=17400000000
17.4007,DATA_DROP_SIG,rx=6,sender=0,nonce=17400000000
17.4007,DATA_DROP_SIG,rx=7,sender=0,nonce=17400000000
17.4007,DATA_DROP_SIG,rx=9,sender=0,nonce=17400000000
17.4007,DATA_DROP_SIG,rx=4,sender=0,nonce=17400000000
17.5007,DATA_RX_OK,rx=3,sender=0,delay_s=0.000662
17.5007,DATA_RX_OK,rx=2,sender=0,delay_s=0.000662
17.5007,DATA_RX_OK,rx=11,sender=0,delay_s=0.000662
17.5007,DATA_RX_OK,rx=5,sender=0,delay_s=0.000662
17.5007,DATA_RX_OK,rx=1,sender=0,delay_s=0.000662
17.5007,DATA_RX_OK,rx=10,sender=0,delay_s=0.000662
17.5007,DATA_RX_OK,rx=6,sender=0,delay_s=0.000662
17.5007,DATA_RX_OK,rx=7,sender=0,delay_s=0.000662
17.5007,DATA_RX_OK,rx=9,sender=0,delay_s=0.000662
17.5007,DATA_RX_OK,rx=4,sender=0,delay_s=0.000662
17.6,REPLAY_SENT,nonce=17500000000
17.6007,DATA_DROP_REPLAY,rx=3,sender=0,nonce=17500000000
17.6007,DATA_DROP_REPLAY,rx=2,sender=0,nonce=17500000000
17.6007,DATA_DROP_REPLAY,rx=11,sender=0,nonce=17500000000
17.6007,DATA_DROP_REPLAY,rx=5,sender=0,nonce=17500000000
17.6007,DATA_DROP_REPLAY,rx=1,sender=0,nonce=17500000000
17.6007,DATA_DROP_REPLAY,rx=10,sender=0,nonce=17500000000
17.6007,DATA_DROP_REPLAY,rx=6,sender=0,nonce=17500000000
17.6007,DATA_DROP_REPLAY,rx=7,sender=0,nonce=17500000000
17.6007,DATA_DROP_REPLAY,rx=4,sender=0,nonce=17500000000
17.6007,DATA_DROP_REPLAY,rx=9,sender=0,nonce=17500000000
17.6009,DATA_RX_OK,rx=3,sender=0,delay_s=0.000924
17.6009,DATA_RX_OK,rx=2,sender=0,delay_s=0.000924
17.6009,DATA_RX_OK,rx=11,sender=0,delay_s=0.000924
17.6009,DATA_RX_OK,rx=5,sender=0,delay_s=0.000924
17.6009,DATA_RX_OK,rx=1,sender=0,delay_s=0.000924
17.6009,DATA_RX_OK,rx=10,sender=0,delay_s=0.000924
17.6009,DATA_RX_OK,rx=6,sender=0,delay_s=0.000924
17.6009,DATA_RX_OK,rx=7,sender=0,delay_s=0.000924
17.6009,DATA_RX_OK,rx=4,sender=0,delay_s=0.000924
17.6009,DATA_RX_OK,rx=9,sender=0,delay_s=0.000924
17.7007,DATA_RX_OK,rx=2,sender=0,delay_s=0.000662
17.7007,DATA_RX_OK,rx=3,sender=0,delay_s=0.000662
17.7007,DATA_RX_OK,rx=11,sender=0,delay_s=0.000662
17.7007,DATA_RX_OK,rx=5,sender=0,delay_s=0.000662
17.7007,DATA_RX_OK,rx=1,sender=0,delay_s=0.000662
17.7007,DATA_RX_OK,rx=6,sender=0,delay_s=0.000662
17.7007,DATA_RX_OK,rx=10,sender=0,delay_s=0.000662
17.7007,DATA_RX_OK,rx=7,sender=0,delay_s=0.000662
17.7007,DATA_RX_OK,rx=4,sender=0,delay_s=0.000662
17.7007,DATA_RX_OK,rx=9,sender=0,delay_s=0.000662
17.8007,DATA_RX_OK,rx=2,sender=0,delay_s=0.000662
17.8007,DATA_RX_OK,rx=3,sender=0,delay_s=0.000662
17.8007,DATA_RX_OK,rx=11,sender=0,delay_s=0.000662
17.8007,DATA_RX_OK,rx=5,sender=0,delay_s=0.000662
17.8007,DATA_RX_OK,rx=1,sender=0,delay_s=0.000662
17.8007,DATA_RX_OK,rx=6,sender=0,delay_s=0.000662
17.8007,DATA_RX_OK,rx=10,sender=0,delay_s=0.000662
17.8007,DATA_RX_OK,rx=7,sender=0,delay_s=0.000662
17.8007,DATA_RX_OK,rx=4,sender=0,delay_s=0.000662
17.8007,DATA_RX_OK,rx=9,sender=0,delay_s=0.000662
17.85,BLOCK_MINE_START,block_next=18
17.9,REPLAY_SENT,nonce=17800000000
17.9,BLOCK_COMMIT_ITEM,accused=5,delta=0.020000,trust=0.700000
17.9,BLOCK_COMMIT_ITEM,accused=4,delta=0.020000,trust=0.940000
17.9,BLOCK_COMMIT_ITEM,accused=9,delta=0.020000,trust=0.820000
17.9,BLOCK_COMMIT_ITEM,accused=1,delta=0.020000,trust=0.740000
17.9,BLOCK_COMMIT_ITEM,accused=6,delta=0.020000,trust=0.840000
17.9,BLOCK_COMMIT_ITEM,accused=3,delta=-0.050000,trust=0.620000
17.9,BLOCK_COMMIT_ITEM,accused=1,delta=0.020000,trust=0.760000
17.9,BLOCK_COMMIT_DONE,block=18,items=7,lat_s=0.050000
17.9007,DATA_DROP_REPLAY,rx=2,sender=0,nonce=17800000000
17.9007,DATA_DROP_REPLAY,rx=3,sender=0,nonce=17800000000
17.9007,DATA_DROP_REPLAY,rx=11,sender=0,nonce=17800000000
17.9007,DATA_DROP_REPLAY,rx=5,sender=0,nonce=17800000000
17.9007,DATA_DROP_REPLAY,rx=1,sender=0,nonce=17800000000
17.9007,DATA_DROP_REPLAY,rx=6,sender=0,nonce=17800000000
17.9007,DATA_DROP_REPLAY,rx=7,sender=0,nonce=17800000000
17.9007,DATA_DROP_REPLAY,rx=10,sender=0,nonce=17800000000
17.9007,DATA_DROP_REPLAY,rx=4,sender=0,nonce=17800000000
17.9007,DATA_DROP_REPLAY,rx=9,sender=0,nonce=17800000000
17.901,DATA_RX_OK,rx=2,sender=0,delay_s=0.001041
17.901,DATA_RX_OK,rx=3,sender=0,delay_s=0.001041
17.901,DATA_RX_OK,rx=11,sender=0,delay_s=0.001041
17.901,DATA_RX_OK,rx=5,sender=0,delay_s=0.001041
17.901,DATA_RX_OK,rx=1,sender=0,delay_s=0.001041
17.901,DATA_RX_OK,rx=6,sender=0,delay_s=0.001041
17.901,DATA_RX_OK,rx=7,sender=0,delay_s=0.001041
17.901,DATA_RX_OK,rx=10,sender=0,delay_s=0.001041
17.901,DATA_RX_OK,rx=4,sender=0,delay_s=0.001041
17.901,DATA_RX_OK,rx=9,sender=0,delay_s=0.001041
18,REPORT_SENT,by=0,about=1,delta=0.020000
18,REPORT_SENT,by=1,about=5,delta=0.020000
18,REPORT_SENT,by=2,about=7,delta=-0.050000
18,REPORT_SENT,by=3,about=5,delta=0.020000
18,REPORT_SENT,by=4,about=8,delta=0.020000
18,REPORT_SENT,by=5,about=2,delta=0.020000
18,REPORT_SENT,by=6,about=5,delta=0.020000
18,REPORT_SENT,by=7,about=5,delta=0.020000
18,REPORT_SENT,by=8,about=5,delta=0.020000
18,REPORT_SENT,by=9,about=8,delta=0.020000
18.0002,REPORT_RX_RSU,rsu=10,by=4,about=8,delta=0.020000
18.0004,REPORT_RX_RSU,rsu=10,by=5,about=2,delta=0.020000
18.0005,REPORT_RX_RSU,rsu=10,by=1,about=5,delta=0.020000
18.0006,REPORT_RX_RSU,rsu=10,by=9,about=8,delta=0.020000
18.0008,REPORT_RX_RSU,rsu=10,by=7,about=5,delta=0.020000
18.001,REPORT_RX_RSU,rsu=10,by=8,about=5,delta=0.020000
18.0011,REPORT_RX_RSU,rsu=10,by=0,about=1,delta=0.020000
18.0017,DATA_RX_OK,rx=2,sender=0,delay_s=0.001735
18.0017,DATA_RX_OK,rx=3,sender=0,delay_s=0.001735
18.0017,DATA_RX_OK,rx=11,sender=0,delay_s=0.001735
18.0017,DATA_RX_OK,rx=5,sender=0,delay_s=0.001735
18.0017,DATA_RX_OK,rx=1,sender=0,delay_s=0.001735
18.0017,DATA_RX_OK,rx=6,sender=0,delay_s=0.001735
18.0017,DATA_RX_OK,rx=7,sender=0,delay_s=0.001735
18.0017,DATA_RX_OK,rx=10,sender=0,delay_s=0.001735
18.0017,DATA_RX_OK,rx=4,sender=0,delay_s=0.001735
18.0017,DATA_RX_OK,rx=9,sender=0,delay_s=0.001735
18.0017,DATA_RX_OK,rx=8,sender=0,delay_s=0.001735
18.1007,DATA_RX_OK,rx=2,sender=0,delay_s=0.000662
18.1007,DATA_RX_OK,rx=3,sender=0,delay_s=0.000662
18.1007,DATA_RX_OK,rx=11,sender=0,delay_s=0.000662
18.1007,DATA_RX_OK,rx=5,sender=0,delay_s=0.000662
18.1007,DATA_RX_OK,rx=1,sender=0,delay_s=0.000662
18.1007,DATA_RX_OK,rx=6,sender=0,delay_s=0.000662
18.1007,DATA_RX_OK,rx=7,sender=0,delay_s=0.000662
18.1007,DATA_RX_OK,rx=10,sender=0,delay_s=0.000662
18.1007,DATA_RX_OK,rx=4,sender=0,delay_s=0.000662
18.1007,DATA_RX_OK,rx=9,sender=0,delay_s=0.000662
18.1007,DATA_RX_OK,rx=8,sender=0,delay_s=0.000662
18.2,REPLAY_SENT,nonce=18100000000
18.2007,DATA_DROP_REPLAY,rx=3,sender=0,nonce=18100000000
18.2007,DATA_DROP_REPLAY,rx=2,sender=0,nonce=18100000000
18.2007,DATA_DROP_REPLAY,rx=11,sender=0,nonce=18100000000
18.2007,DATA_DROP_REPLAY,rx=5,sender=0,nonce=18100000000
18.2007,DATA_DROP_REPLAY,rx=1,sender=0,nonce=18100000000
18.2007,DATA_DROP_REPLAY,rx=6,sender=0,nonce=18100000000
18.2007,DATA_DROP_REPLAY,rx=7,sender=0,nonce=18100000000
18.2007,DATA_DROP_REPLAY,rx=10,sender=0,nonce=18100000000
18.2007,DATA_DROP_REPLAY,rx=4,sender=0,nonce=18100000000
18.2007,DATA_DROP_REPLAY,rx=9,sender=0,nonce=18100000000
18.2007,DATA_DROP_REPLAY,rx=8,sender=0,nonce=18100000000
18.2009,DATA_RX_OK,rx=3,sender=0,delay_s=0.000933
18.2009,DATA_RX_OK,rx=2,sender=0,delay_s=0.000933
18.2009,DATA_RX_OK,rx=11,sender=0,delay_s=0.000933
18.2009,DATA_RX_OK,rx=5,sender=0,delay_s=0.000933
18.2009,DATA_RX_OK,rx=1,sender=0,delay_s=0.000933
18.2009,DATA_RX_OK,rx=6,sender=0,delay_s=0.000933
18.2009,DATA_RX_OK,rx=7,sender=0,delay_s=0.000933
18.2009,DATA_RX_OK,rx=10,sender=0,delay_s=0.000933
18.2009,DATA_RX_OK,rx=4,sender=0,delay_s=0.000933
18.2009,DATA_RX_OK,rx=9,sender=0,delay_s=0.000933
18.2009,DATA_RX_OK,rx=8,sender=0,delay_s=0.000933
18.3007,DATA_RX_OK,rx=3,sender=0,delay_s=0.000662
18.3007,DATA_RX_OK,rx=2,sender=0,delay_s=0.000662
18.3007,DATA_RX_OK,rx=11,sender=0,delay_s=0.000662
18.3007,DATA_RX_OK,rx=5,sender=0,delay_s=0.000662
18.3007,DATA_RX_OK,rx=1,sender=0,delay_s=0.000662
18.3007,DATA_RX_OK,rx=6,sender=0,delay_s=0.000662
18.3007,DATA_RX_OK,rx=7,sender=0,delay_s=0.000662
18.3007,DATA_RX_OK,rx=10,sender=0,delay_s=0.000662
18.3007,DATA_RX_OK,rx=4,sender=0,delay_s=0.000662
18.3007,DATA_RX_OK,rx=9,sender=0,delay_s=0.000662
18.3007,DATA_RX_OK,rx=8,sender=0,delay_s=0.000662
18.4007,DATA_RX_OK,rx=3,sender=0,delay_s=0.000662
18.4007,DATA_RX_OK,rx=11,sender=0,delay_s=0.000662
18.4007,DATA_RX_OK,rx=2,sender=0,delay_s=0.000662
18.4007,DATA_RX_OK,rx=5,sender=0,delay_s=0.000662
18.4007,DATA_RX_OK,rx=1,sender=0,delay_s=0.000662
18.4007,DATA_RX_OK,rx=6,sender=0,delay_s=0.000662
18.4007,DATA_RX_OK,rx=7,sender=0,delay_s=0.000662
18.4007,DATA_RX_OK,rx=10,sender=0,delay_s=0.000662
18.4007,DATA_RX_OK,rx=4,sender=0,delay_s=0.000662
18.4007,DATA_RX_OK,rx=9,sender=0,delay_s=0.000662
18.4007,DATA_RX_OK,rx=8,sender=0,delay_s=0.000662
18.5,REPLAY_SENT,nonce=18400000000
18.5007,DATA_DROP_REPLAY,rx=3,sender=0,nonce=18400000000
18.5007,DATA_DROP_REPLAY,rx=2,sender=0,nonce=18400000000
18.5007,DATA_DROP_REPLAY,rx=11,sender=0,nonce=18400000000
18.5007,DATA_DROP_REPLAY,rx=5,sender=0,nonce=18400000000
18.5007,DATA_DROP_REPLAY,rx=1,sender=0,nonce=18400000000
18.5007,DATA_DROP_REPLAY,rx=6,sender=0,nonce=18400000000
18.5007,DATA_DROP_REPLAY,rx=7,sender=0,nonce=18400000000
18.5007,DATA_DROP_REPLAY,rx=10,sender=0,nonce=18400000000
18.5007,DATA_DROP_REPLAY,rx=4,sender=0,nonce=18400000000
18.5007,DATA_DROP_REPLAY,rx=9,sender=0,nonce=18400000000
18.5007,DATA_DROP_REPLAY,rx=8,sender=0,nonce=18400000000
18.501,DATA_RX_OK,rx=3,sender=0,delay_s=0.000996
18.501,DATA_RX_OK,rx=2,sender=0,delay_s=0.000996
18.501,DATA_RX_OK,rx=11,sender=0,delay_s=0.000996
18.501,DATA_RX_OK,rx=5,sender=0,delay_s=0.000996
18.501,DATA_RX_OK,rx=1,sender=0,delay_s=0.000996
18.501,DATA_RX_OK,rx=6,sender=0,delay_s=0.000996
18.501,DATA_RX_OK,rx=7,sender=0,delay_s=0.000996
18.501,DATA_RX_OK,rx=10,sender=0,delay_s=0.000996
18.501,DATA_RX_OK,rx=4,sender=0,delay_s=0.000996
18.501,DATA_RX_OK,rx=9,sender=0,delay_s=0.000996
18.501,DATA_RX_OK,rx=8,sender=0,delay_s=0.000996
18.6007,DATA_RX_OK,rx=2,sender=0,delay_s=0.000662
18.6007,DATA_RX_OK,rx=3,sender=0,delay_s=0.000662
18.6007,DATA_RX_OK,rx=11,sender=0,delay_s=0.000662
18.6007,DATA_RX_OK,rx=5,sender=0,delay_s=0.000662
18.6007,DATA_RX_OK,rx=1,sender=0,delay_s=0.000662
18.6007,DATA_RX_OK,rx=6,sender=0,delay_s=0.000662
18.6007,DATA_RX_OK,rx=7,sender=0,delay_s=0.000662
18.6007,DATA_RX_OK,rx=10,sender=0,delay_s=0.000662
18.6007,DATA_RX_OK,rx=4,sender=0,delay_s=0.000662
18.6007,DATA_RX_OK,rx=9,sender=0,delay_s=0.000662
18.6007,DATA_RX_OK,rx=8,sender=0,delay_s=0.000662
18.7007,DATA_RX_OK,rx=2,sender=0,delay_s=0.000662
18.7007,DATA_RX_OK,rx=3,sender=0,delay_s=0.000662
18.7007,DATA_RX_OK,rx=11,sender=0,delay_s=0.000662
18.7007,DATA_RX_OK,rx=5,sender=0,delay_s=0.000662
18.7007,DATA_RX_OK,rx=1,sender=0,delay_s=0.000662
18.7007,DATA_RX_OK,rx=6,sender=0,delay_s=0.000662
18.7007,DATA_RX_OK,rx=7,sender=0,delay_s=0.000662
18.7007,DATA_RX_OK,rx=10,sender=0,delay_s=0.000662
18.7007,DATA_RX_OK,rx=4,sender=0,delay_s=0.000662
18.7007,DATA_RX_OK,rx=9,sender=0,delay_s=0.000662
18.7007,DATA_RX_OK,rx=8,sender=0,delay_s=0.000662
18.8,REPLAY_SENT,nonce=18700000000
18.8007,DATA_DROP_REPLAY,rx=2,sender=0,nonce=18700000000
18.8007,DATA_DROP_REPLAY,rx=3,sender=0,nonce=18700000000
18.8007,DATA_DROP_REPLAY,rx=11,sender=0,nonce=18700000000
18.8007,DATA_DROP_REPLAY,rx=5,sender=0,nonce=18700000000
18.8007,DATA_DROP_REPLAY,rx=1,sender=0,nonce=18700000000
18.8007,DATA_DROP_REPLAY,rx=6,sender=0,nonce=18700000000
18.8007,DATA_DROP_REPLAY,rx=7,sender=0,nonce=18700000000
18.8007,DATA_DROP_REPLAY,rx=10,sender=0,nonce=18700000000
18.8007,DATA_DROP_REPLAY,rx=4,sender=0,nonce=18700000000
18.8007,DATA_DROP_REPLAY,rx=9,sender=0,nonce=18700000000
18.8007,DATA_DROP_REPLAY,rx=8,sender=0,nonce=18700000000
18.801,DATA_RX_OK,rx=2,sender=0,delay_s=0.000960
18.801,DATA_RX_OK,rx=3,sender=0,delay_s=0.000960
18.801,DATA_RX_OK,rx=11,sender=0,delay_s=0.000960
18.801,DATA_RX_OK,rx=5,sender=0,delay_s=0.000960
18.801,DATA_RX_OK,rx=1,sender=0,delay_s=0.000960
18.801,DATA_RX_OK,rx=6,sender=0,delay_s=0.000960
18.801,DATA_RX_OK,rx=7,sender=0,delay_s=0.000960
18.801,DATA_RX_OK,rx=10,sender=0,delay_s=0.000960
18.801,DATA_RX_OK,rx=4,sender=0,delay_s=0.000960
18.801,DATA_RX_OK,rx=9,sender=0,delay_s=0.000960
18.801,DATA_RX_OK,rx=8,sender=0,delay_s=0.000960
18.9,BLOCK_MINE_START,block_next=19
18.9007,DATA_RX_OK,rx=2,sender=0,delay_s=0.000662
18.9007,DATA_RX_OK,rx=3,sender=0,delay_s=0.000662
18.9007,DATA_RX_OK,rx=11,sender=0,delay_s=0.000662
18.9007,DATA_RX_OK,rx=5,sender=0,delay_s=0.000662
18.9007,DATA_RX_OK,rx=1,sender=0,delay_s=0.000662
18.9007,DATA_RX_OK,rx=6,sender=0,delay_s=0.000662
18.9007,DATA_RX_OK,rx=7,sender=0,delay_s=0.000662
18.9007,DATA_RX_OK,rx=10,sender=0,delay_s=0.000662
18.9007,DATA_RX_OK,rx=4,sender=0,delay_s=0.000662
18.9007,DATA_RX_OK,rx=9,sender=0,delay_s=0.000662
18.9007,DATA_RX_OK,rx=8,sender=0,delay_s=0.000662
18.95,BLOCK_COMMIT_ITEM,accused=8,delta=0.020000,trust=0.780000
18.95,BLOCK_COMMIT_ITEM,accused=2,delta=0.020000,trust=0.920000
18.95,BLOCK_COMMIT_ITEM,accused=5,delta=0.020000,trust=0.720000
18.95,BLOCK_COMMIT_ITEM,accused=8,delta=0.020000,trust=0.800000
18.95,BLOCK_COMMIT_ITEM,accused=5,delta=0.020000,trust=0.740000
18.95,BLOCK_COMMIT_ITEM,accused=5,delta=0.020000,trust=0.760000
18.95,BLOCK_COMMIT_ITEM,accused=1,delta=0.020000,trust=0.780000
18.95,BLOCK_COMMIT_DONE,block=19,items=7,lat_s=0.050000
19,REPORT_SENT,by=0,about=0,delta=0.020000
19,REPORT_SENT,by=1,about=4,delta=-0.050000
19,REPORT_SENT,by=2,about=5,delta=0.020000
19,REPORT_SENT,by=3,about=6,delta=0.020000
19,REPORT_SENT,by=4,about=0,delta=0.020000
19,REPORT_SENT,by=5,about=5,delta=-0.050000
19,REPORT_SENT,by=6,about=0,delta=0.020000
19,REPORT_SENT,by=7,about=5,delta=0.020000
19,REPORT_SENT,by=8,about=7,delta=-0.050000
19,REPORT_SENT,by=9,about=5,delta=0.020000
19.0003,REPORT_RX_RSU,rsu=10,by=0,about=0,delta=0.020000
19.0007,REPORT_RX_RSU,rsu=10,by=8,about=7,delta=-0.050000
19.0008,DATA_RX_OK,rx=2,sender=0,delay_s=0.000799
19.0008,DATA_RX_OK,rx=11,sender=0,delay_s=0.000799
19.0008,DATA_RX_OK,rx=3,sender=0,delay_s=0.000799
19.0008,DATA_RX_OK,rx=1,sender=0,delay_s=0.000799
19.0008,DATA_RX_OK,rx=5,sender=0,delay_s=0.000799
19.0008,DATA_RX_OK,rx=6,sender=0,delay_s=0.000799
19.0008,DATA_RX_OK,rx=10,sender=0,delay_s=0.000799
19.0008,DATA_RX_OK,rx=7,sender=0,delay_s=0.000799
19.0008,DATA_RX_OK,rx=4,sender=0,delay_s=0.000799
19.0008,DATA_RX_OK,rx=9,sender=0,delay_s=0.000799
19.0008,DATA_RX_OK,rx=8,sender=0,delay_s=0.000799
19.0008,REPORT_RX_RSU,rsu=10,by=1,about=4,delta=-0.050000
19.001,REPORT_RX_RSU,rsu=10,by=4,about=0,delta=0.020000
19.0011,REPORT_RX_RSU,rsu=10,by=7,about=5,delta=0.020000
19.0012,REPORT_RX_RSU,rsu=10,by=9,about=5,delta=0.020000
19.0017,REPORT_RX_RSU,rsu=10,by=5,about=5,delta=-0.050000
19.1,REPLAY_SENT,nonce=19000000000
19.1007,DATA_DROP_REPLAY,rx=2,sender=0,nonce=19000000000
19.1007,DATA_DROP_REPLAY,rx=11,sender=0,nonce=19000000000
19.1007,DATA_DROP_REPLAY,rx=3,sender=0,nonce=19000000000
19.1007,DATA_DROP_REPLAY,rx=1,sender=0,nonce=19000000000
19.1007,DATA_DROP_REPLAY,rx=5,sender=0,nonce=19000000000
19.1007,DATA_DROP_REPLAY,rx=6,sender=0,nonce=19000000000
19.1007,DATA_DROP_REPLAY,rx=10,sender=0,nonce=19000000000
19.1007,DATA_DROP_REPLAY,rx=7,sender=0,nonce=19000000000
19.1007,DATA_DROP_REPLAY,rx=4,sender=0,nonce=19000000000
19.1007,DATA_DROP_REPLAY,rx=9,sender=0,nonce=19000000000
19.1007,DATA_DROP_REPLAY,rx=8,sender=0,nonce=19000000000
19.1009,DATA_RX_OK,rx=2,sender=0,delay_s=0.000924
19.1009,DATA_RX_OK,rx=11,sender=0,delay_s=0.000924
19.1009,DATA_RX_OK,rx=3,sender=0,delay_s=0.000924
19.1009,DATA_RX_OK,rx=1,sender=0,delay_s=0.000924
19.1009,DATA_RX_OK,rx=5,sender=0,delay_s=0.000924
19.1009,DATA_RX_OK,rx=6,sender=0,delay_s=0.000924
19.1009,DATA_RX_OK,rx=10,sender=0,delay_s=0.000924
19.1009,DATA_RX_OK,rx=7,sender=0,delay_s=0.000924
19.1009,DATA_RX_OK,rx=4,sender=0,delay_s=0.000924
19.1009,DATA_RX_OK,rx=9,sender=0,delay_s=0.000924
19.1009,DATA_RX_OK,rx=8,sender=0,delay_s=0.000924
19.2007,DATA_DROP_SIG,rx=2,sender=0,nonce=19200000000
19.2007,DATA_DROP_SIG,rx=11,sender=0,nonce=19200000000
19.2007,DATA_DROP_SIG,rx=3,sender=0,nonce=19200000000
19.2007,DATA_DROP_SIG,rx=1,sender=0,nonce=19200000000
19.2007,DATA_DROP_SIG,rx=5,sender=0,nonce=19200000000
19.2007,DATA_DROP_SIG,rx=6,sender=0,nonce=19200000000
19.2007,DATA_DROP_SIG,rx=10,sender=0,nonce=19200000000
19.2007,DATA_DROP_SIG,rx=7,sender=0,nonce=19200000000
19.2007,DATA_DROP_SIG,rx=4,sender=0,nonce=19200000000
19.2007,DATA_DROP_SIG,rx=9,sender=0,nonce=19200000000
19.2007,DATA_DROP_SIG,rx=8,sender=0,nonce=19200000000
19.3007,DATA_RX_OK,rx=2,sender=0,delay_s=0.000662
19.3007,DATA_RX_OK,rx=3,sender=0,delay_s=0.000662
19.3007,DATA_RX_OK,rx=11,sender=0,delay_s=0.000662
19.3007,DATA_RX_OK,rx=1,sender=0,delay_s=0.000662
19.3007,DATA_RX_OK,rx=5,sender=0,delay_s=0.000662
19.3007,DATA_RX_OK,rx=6,sender=0,delay_s=0.000662
19.3007,DATA_RX_OK,rx=10,sender=0,delay_s=0.000662
19.3007,DATA_RX_OK,rx=7,sender=0,delay_s=0.000662
19.3007,DATA_RX_OK,rx=4,sender=0,delay_s=0.000662
19.3007,DATA_RX_OK,rx=9,sender=0,delay_s=0.000662
19.3007,DATA_RX_OK,rx=8,sender=0,delay_s=0.000662
19.4,REPLAY_SENT,nonce=19300000000
19.4007,DATA_DROP_REPLAY,rx=2,sender=0,nonce=19300000000
19.4007,DATA_DROP_REPLAY,rx=3,sender=0,nonce=19300000000
19.4007,DATA_DROP_REPLAY,rx=11,sender=0,nonce=19300000000
19.4007,DATA_DROP_REPLAY,rx=1,sender=0,nonce=19300000000
19.4007,DATA_DROP_REPLAY,rx=5,sender=0,nonce=19300000000
19.4007,DATA_DROP_REPLAY,rx=6,sender=0,nonce=19300000000
19.4007,DATA_DROP_REPLAY,rx=10,sender=0,nonce=19300000000
19.4007,DATA_DROP_REPLAY,rx=7,sender=0,nonce=19300000000
19.4007,DATA_DROP_REPLAY,rx=4,sender=0,nonce=19300000000
19.4007,DATA_DROP_REPLAY,rx=9,sender=0,nonce=19300000000
19.4007,DATA_DROP_REPLAY,rx=8,sender=0,nonce=19300000000
19.401,DATA_DROP_SIG,rx=2,sender=0,nonce=19400000000
19.401,DATA_DROP_SIG,rx=3,sender=0,nonce=19400000000
19.401,DATA_DROP_SIG,rx=11,sender=0,nonce=19400000000
19.401,DATA_DROP_SIG,rx=1,sender=0,nonce=19400000000
19.401,DATA_DROP_SIG,rx=5,sender=0,nonce=19400000000
19.401,DATA_DROP_SIG,rx=6,sender=0,nonce=19400000000
19.401,DATA_DROP_SIG,rx=10,sender=0,nonce=19400000000
19.401,DATA_DROP_SIG,rx=7,sender=0,nonce=19400000000
19.401,DATA_DROP_SIG,rx=4,sender=0,nonce=19400000000
19.401,DATA_DROP_SIG,rx=9,sender=0,nonce=19400000000
19.401,DATA_DROP_SIG,rx=8,sender=0,nonce=19400000000
19.5007,DATA_RX_OK,rx=2,sender=0,delay_s=0.000662
19.5007,DATA_RX_OK,rx=3,sender=0,delay_s=0.000662
19.5007,DATA_RX_OK,rx=11,sender=0,delay_s=0.000662
19.5007,DATA_RX_OK,rx=1,sender=0,delay_s=0.000662
19.5007,DATA_RX_OK,rx=5,sender=0,delay_s=0.000662
19.5007,DATA_RX_OK,rx=6,sender=0,delay_s=0.000662
19.5007,DATA_RX_OK,rx=10,sender=0,delay_s=0.000662
19.5007,DATA_RX_OK,rx=7,sender=0,delay_s=0.000662
19.5007,DATA_RX_OK,rx=4,sender=0,delay_s=0.000662
19.5007,DATA_RX_OK,rx=9,sender=0,delay_s=0.000662
19.5007,DATA_RX_OK,rx=8,sender=0,delay_s=0.000662
19.6007,DATA_RX_OK,rx=2,sender=0,delay_s=0.000662
19.6007,DATA_RX_OK,rx=3,sender=0,delay_s=0.000662
19.6007,DATA_RX_OK,rx=11,sender=0,delay_s=0.000662
19.6007,DATA_RX_OK,rx=1,sender=0,delay_s=0.000662
19.6007,DATA_RX_OK,rx=5,sender=0,delay_s=0.000662
19.6007,DATA_RX_OK,rx=6,sender=0,delay_s=0.000662
19.6007,DATA_RX_OK,rx=10,sender=0,delay_s=0.000662
19.6007,DATA_RX_OK,rx=7,sender=0,delay_s=0.000662
19.6007,DATA_RX_OK,rx=4,sender=0,delay_s=0.000662
19.6007,DATA_RX_OK,rx=9,sender=0,delay_s=0.000662
19.6007,DATA_RX_OK,rx=8,sender=0,delay_s=0.000662
19.7,REPLAY_SENT,nonce=19600000000
19.7007,DATA_DROP_REPLAY,rx=2,sender=0,nonce=19600000000
19.7007,DATA_DROP_REPLAY,rx=3,sender=0,nonce=19600000000
19.7007,DATA_DROP_REPLAY,rx=11,sender=0,nonce=19600000000
19.7007,DATA_DROP_REPLAY,rx=1,sender=0,nonce=19600000000
19.7007,DATA_DROP_REPLAY,rx=5,sender=0,nonce=19600000000
19.7007,DATA_DROP_REPLAY,rx=6,sender=0,nonce=19600000000
19.7007,DATA_DROP_REPLAY,rx=10,sender=0,nonce=19600000000
19.7007,DATA_DROP_REPLAY,rx=7,sender=0,nonce=19600000000
19.7007,DATA_DROP_REPLAY,rx=4,sender=0,nonce=19600000000
19.7007,DATA_DROP_REPLAY,rx=9,sender=0,nonce=19600000000
19.7007,DATA_DROP_REPLAY,rx=8,sender=0,nonce=19600000000
19.7009,DATA_RX_OK,rx=2,sender=0,delay_s=0.000942
19.7009,DATA_RX_OK,rx=3,sender=0,delay_s=0.000942
19.7009,DATA_RX_OK,rx=11,sender=0,delay_s=0.000942
19.7009,DATA_RX_OK,rx=1,sender=0,delay_s=0.000942
19.7009,DATA_RX_OK,rx=5,sender=0,delay_s=0.000942
19.7009,DATA_RX_OK,rx=6,sender=0,delay_s=0.000942
19.7009,DATA_RX_OK,rx=10,sender=0,delay_s=0.000942
19.7009,DATA_RX_OK,rx=7,sender=0,delay_s=0.000942
19.7009,DATA_RX_OK,rx=4,sender=0,delay_s=0.000942
19.7009,DATA_RX_OK,rx=9,sender=0,delay_s=0.000942
19.7009,DATA_RX_OK,rx=8,sender=0,delay_s=0.000942
19.8007,DATA_RX_OK,rx=2,sender=0,delay_s=0.000662
19.8007,DATA_RX_OK,rx=3,sender=0,delay_s=0.000662
19.8007,DATA_RX_OK,rx=11,sender=0,delay_s=0.000662
19.8007,DATA_RX_OK,rx=1,sender=0,delay_s=0.000662
19.8007,DATA_RX_OK,rx=5,sender=0,delay_s=0.000662
19.8007,DATA_RX_OK,rx=6,sender=0,delay_s=0.000662
19.8007,DATA_RX_OK,rx=10,sender=0,delay_s=0.000662
19.8007,DATA_RX_OK,rx=7,sender=0,delay_s=0.000662
19.8007,DATA_RX_OK,rx=4,sender=0,delay_s=0.000662
19.8007,DATA_RX_OK,rx=9,sender=0,delay_s=0.000662
19.8007,DATA_RX_OK,rx=8,sender=0,delay_s=0.000662
19.9007,DATA_RX_OK,rx=2,sender=0,delay_s=0.000662
19.9007,DATA_RX_OK,rx=3,sender=0,delay_s=0.000662
19.9007,DATA_RX_OK,rx=11,sender=0,delay_s=0.000662
19.9007,DATA_RX_OK,rx=5,sender=0,delay_s=0.000662
19.9007,DATA_RX_OK,rx=1,sender=0,delay_s=0.000662
19.9007,DATA_RX_OK,rx=10,sender=0,delay_s=0.000662
19.9007,DATA_RX_OK,rx=6,sender=0,delay_s=0.000662
19.9007,DATA_RX_OK,rx=7,sender=0,delay_s=0.000662
19.9007,DATA_RX_OK,rx=4,sender=0,delay_s=0.000662
19.9007,DATA_RX_OK,rx=9,sender=0,delay_s=0.000662
19.9007,DATA_RX_OK,rx=8,sender=0,delay_s=0.000662
19.95,BLOCK_MINE_START,block_next=20
