time_s,event,details,file
0,BLOCK_MINE_START,block_next=1,bc_events_m0.2.csv
0.05,BLOCK_COMMIT_DONE,"block=1,items=0,lat_s=0.050000",bc_events_m0.2.csv
1,REPORT_SENT,"by=0,about=4,delta=0.020000",bc_events_m0.2.csv
1,REPORT_SENT,"by=1,about=2,delta=0.020000",bc_events_m0.2.csv
1,REPORT_SENT,"by=2,about=2,delta=0.020000",bc_events_m0.2.csv
1,REPORT_SENT,"by=3,about=1,delta=0.020000",bc_events_m0.2.csv
1,REPORT_SENT,"by=4,about=2,delta=0.020000",bc_events_m0.2.csv
1,REPORT_SENT,"by=5,about=8,delta=-0.050000",bc_events_m0.2.csv
1,REPORT_SENT,"by=6,about=6,delta=0.020000",bc_events_m0.2.csv
1,REPORT_SENT,"by=7,about=0,delta=0.020000",bc_events_m0.2.csv
1,REPORT_SENT,"by=8,about=8,delta=0.020000",bc_events_m0.2.csv
1,REPORT_SENT,"by=9,about=3,delta=0.020000",bc_events_m0.2.csv
1.00084,DATA_RX_OK,"rx=1,sender=0,delay_s=0.000841",bc_events_m0.2.csv
1.00084,DATA_RX_OK,"rx=11,sender=0,delay_s=0.000841",bc_events_m0.2.csv
1.00084,DATA_RX_OK,"rx=2,sender=0,delay_s=0.000841",bc_events_m0.2.csv
1.00084,DATA_RX_OK,"rx=3,sender=0,delay_s=0.000841",bc_events_m0.2.csv
1.00084,DATA_RX_OK,"rx=5,sender=0,delay_s=0.000841",bc_events_m0.2.csv
1.00084,DATA_RX_OK,"rx=8,sender=0,delay_s=0.000841",bc_events_m0.2.csv
1.00084,DATA_RX_OK,"rx=10,sender=0,delay_s=0.000841",bc_events_m0.2.csv
1.00084,DATA_RX_OK,"rx=4,sender=0,delay_s=0.000841",bc_events_m0.2.csv
1.00084,DATA_RX_OK,"rx=9,sender=0,delay_s=0.000841",bc_events_m0.2.csv
1.00084,DATA_RX_OK,"rx=7,sender=0,delay_s=0.000841",bc_events_m0.2.csv
1.00084,DATA_RX_OK,"rx=6,sender=0,delay_s=0.000841",bc_events_m0.2.csv
1.00085,REPORT_RX_RSU,"rsu=10,by=0,about=4,delta=0.020000",bc_events_m0.2.csv
1.00153,REPORT_RX_RSU,"rsu=10,by=5,about=8,delta=-0.050000",bc_events_m0.2.csv
1.00258,REPORT_RX_RSU,"rsu=10,by=8,about=8,delta=0.020000",bc_events_m0.2.csv
1.00366,REPORT_RX_RSU,"rsu=10,by=1,about=2,delta=0.020000",bc_events_m0.2.csv
1.00466,REPORT_RX_RSU,"rsu=10,by=4,about=2,delta=0.020000",bc_events_m0.2.csv
1.00665,REPORT_RX_RSU,"rsu=10,by=7,about=0,delta=0.020000",bc_events_m0.2.csv
1.00862,REPORT_RX_RSU,"rsu=10,by=9,about=3,delta=0.020000",bc_events_m0.2.csv
1.05,BLOCK_MINE_START,block_next=2,bc_events_m0.2.csv
1.1,BLOCK_COMMIT_ITEM,"accused=4,delta=0.020000,trust=0.720000",bc_events_m0.2.csv
1.1,BLOCK_COMMIT_ITEM,"accused=8,delta=-0.050000,trust=0.650000",bc_events_m0.2.csv
1.1,BLOCK_COMMIT_ITEM,"accused=8,delta=0.020000,trust=0.670000",bc_events_m0.2.csv
1.1,BLOCK_COMMIT_ITEM,"accused=2,delta=0.020000,trust=0.720000",bc_events_m0.2.csv
1.1,BLOCK_COMMIT_ITEM,"accused=2,delta=0.020000,trust=0.740000",bc_events_m0.2.csv
1.1,BLOCK_COMMIT_ITEM,"accused=0,delta=0.020000,trust=0.720000",bc_events_m0.2.csv
1.1,BLOCK_COMMIT_ITEM,"accused=3,delta=0.020000,trust=0.720000",bc_events_m0.2.csv
1.1,BLOCK_COMMIT_DONE,"block=2,items=7,lat_s=0.050000",bc_events_m0.2.csv
1.10066,DATA_RX_OK,"rx=1,sender=0,delay_s=0.000662",bc_events_m0.2.csv
1.10066,DATA_RX_OK,"rx=11,sender=0,delay_s=0.000662",bc_events_m0.2.csv
1.10066,DATA_RX_OK,"rx=2,sender=0,delay_s=0.000662",bc_events_m0.2.csv
1.10066,DATA_RX_OK,"rx=3,sender=0,delay_s=0.000662",bc_events_m0.2.csv
1.10066,DATA_RX_OK,"rx=5,sender=0,delay_s=0.000662",bc_events_m0.2.csv
1.10066,DATA_RX_OK,"rx=8,sender=0,delay_s=0.000662",bc_events_m0.2.csv
1.10066,DATA_RX_OK,"rx=10,sender=0,delay_s=0.000662",bc_events_m0.2.csv
1.10066,DATA_RX_OK,"rx=4,sender=0,delay_s=0.000662",bc_events_m0.2.csv
1.10066,DATA_RX_OK,"rx=9,sender=0,delay_s=0.000662",bc_events_m0.2.csv
1.10066,DATA_RX_OK,"rx=7,sender=0,delay_s=0.000662",bc_events_m0.2.csv
1.10066,DATA_RX_OK,"rx=6,sender=0,delay_s=0.000662",bc_events_m0.2.csv
1.20066,DATA_RX_OK,"rx=11,sender=0,delay_s=0.000662",bc_events_m0.2.csv
1.20066,DATA_RX_OK,"rx=1,sender=0,delay_s=0.000662",bc_events_m0.2.csv
1.20066,DATA_RX_OK,"rx=2,sender=0,delay_s=0.000662",bc_events_m0.2.csv
1.20066,DATA_RX_OK,"rx=3,sender=0,delay_s=0.000662",bc_events_m0.2.csv
1.20066,DATA_RX_OK,"rx=5,sender=0,delay_s=0.000662",bc_events_m0.2.csv
1.20066,DATA_RX_OK,"rx=8,sender=0,delay_s=0.000662",bc_events_m0.2.csv
1.20066,DATA_RX_OK,"rx=10,sender=0,delay_s=0.000662",bc_events_m0.2.csv
1.20066,DATA_RX_OK,"rx=4,sender=0,delay_s=0.000662",bc_events_m0.2.csv
1.20066,DATA_RX_OK,"rx=9,sender=0,delay_s=0.000662",bc_events_m0.2.csv
1.20066,DATA_RX_OK,"rx=7,sender=0,delay_s=0.000662",bc_events_m0.2.csv
1.20066,DATA_RX_OK,"rx=6,sender=0,delay_s=0.000662",bc_events_m0.2.csv
1.30066,DATA_RX_OK,"rx=11,sender=0,delay_s=0.000662",bc_events_m0.2.csv
1.30066,DATA_RX_OK,"rx=1,sender=0,delay_s=0.000662",bc_events_m0.2.csv
1.30066,DATA_RX_OK,"rx=2,sender=0,delay_s=0.000662",bc_events_m0.2.csv
1.30066,DATA_RX_OK,"rx=3,sender=0,delay_s=0.000662",bc_events_m0.2.csv
1.30066,DATA_RX_OK,"rx=5,sender=0,delay_s=0.000662",bc_events_m0.2.csv
1.30066,DATA_RX_OK,"rx=8,sender=0,delay_s=0.000662",bc_events_m0.2.csv
1.30066,DATA_RX_OK,"rx=10,sender=0,delay_s=0.000662",bc_events_m0.2.csv
1.30066,DATA_RX_OK,"rx=4,sender=0,delay_s=0.000662",bc_events_m0.2.csv
1.30066,DATA_RX_OK,"rx=9,sender=0,delay_s=0.000662",bc_events_m0.2.csv
1.30066,DATA_RX_OK,"rx=7,sender=0,delay_s=0.000662",bc_events_m0.2.csv
1.30066,DATA_RX_OK,"rx=6,sender=0,delay_s=0.000662",bc_events_m0.2.csv
1.40066,DATA_RX_OK,"rx=11,sender=0,delay_s=0.000662",bc_events_m0.2.csv
1.40066,DATA_RX_OK,"rx=1,sender=0,delay_s=0.000662",bc_events_m0.2.csv
1.40066,DATA_RX_OK,"rx=2,sender=0,delay_s=0.000662",bc_events_m0.2.csv
1.40066,DATA_RX_OK,"rx=3,sender=0,delay_s=0.000662",bc_events_m0.2.csv
1.40066,DATA_RX_OK,"rx=5,sender=0,delay_s=0.000662",bc_events_m0.2.csv
1.40066,DATA_RX_OK,"rx=8,sender=0,delay_s=0.000662",bc_events_m0.2.csv
1.40066,DATA_RX_OK,"rx=10,sender=0,delay_s=0.000662",bc_events_m0.2.csv
1.40066,DATA_RX_OK,"rx=4,sender=0,delay_s=0.000662",bc_events_m0.2.csv
1.40066,DATA_RX_OK,"rx=9,sender=0,delay_s=0.000662",bc_events_m0.2.csv
1.40066,DATA_RX_OK,"rx=7,sender=0,delay_s=0.000662",bc_events_m0.2.csv
1.40066,DATA_RX_OK,"rx=6,sender=0,delay_s=0.000662",bc_events_m0.2.csv
1.50066,DATA_RX_OK,"rx=11,sender=0,delay_s=0.000662",bc_events_m0.2.csv
1.50066,DATA_RX_OK,"rx=1,sender=0,delay_s=0.000662",bc_events_m0.2.csv
1.50066,DATA_RX_OK,"rx=2,sender=0,delay_s=0.000662",bc_events_m0.2.csv
1.50066,DATA_RX_OK,"rx=3,sender=0,delay_s=0.000662",bc_events_m0.2.csv
1.50066,DATA_RX_OK,"rx=5,sender=0,delay_s=0.000662",bc_events_m0.2.csv
1.50066,DATA_RX_OK,"rx=8,sender=0,delay_s=0.000662",bc_events_m0.2.csv
1.50066,DATA_RX_OK,"rx=10,sender=0,delay_s=0.000662",bc_events_m0.2.csv
1.50066,DATA_RX_OK,"rx=4,sender=0,delay_s=0.000662",bc_events_m0.2.csv
1.50066,DATA_RX_OK,"rx=9,sender=0,delay_s=0.000662",bc_events_m0.2.csv
1.50066,DATA_RX_OK,"rx=7,sender=0,delay_s=0.000662",bc_events_m0.2.csv
1.50066,DATA_RX_OK,"rx=6,sender=0,delay_s=0.000662",bc_events_m0.2.csv
1.60066,DATA_RX_OK,"rx=11,sender=0,delay_s=0.000662",bc_events_m0.2.csv
1.60066,DATA_RX_OK,"rx=1,sender=0,delay_s=0.000662",bc_events_m0.2.csv
1.60066,DATA_RX_OK,"rx=2,sender=0,delay_s=0.000662",bc_events_m0.2.csv
1.60066,DATA_RX_OK,"rx=3,sender=0,delay_s=0.000662",bc_events_m0.2.csv
1.60066,DATA_RX_OK,"rx=5,sender=0,delay_s=0.000662",bc_events_m0.2.csv
1.60066,DATA_RX_OK,"rx=8,sender=0,delay_s=0.000662",bc_events_m0.2.csv
1.60066,DATA_RX_OK,"rx=10,sender=0,delay_s=0.000662",bc_events_m0.2.csv
1.60066,DATA_RX_OK,"rx=4,sender=0,delay_s=0.000662",bc_events_m0.2.csv
1.60066,DATA_RX_OK,"rx=9,sender=0,delay_s=0.000662",bc_events_m0.2.csv
1.60066,DATA_RX_OK,"rx=7,sender=0,delay_s=0.000662",bc_events_m0.2.csv
1.60066,DATA_RX_OK,"rx=6,sender=0,delay_s=0.000662",bc_events_m0.2.csv
1.70066,DATA_RX_OK,"rx=11,sender=0,delay_s=0.000662",bc_events_m0.2.csv
1.70066,DATA_RX_OK,"rx=1,sender=0,delay_s=0.000662",bc_events_m0.2.csv
1.70066,DATA_RX_OK,"rx=2,sender=0,delay_s=0.000662",bc_events_m0.2.csv
1.70066,DATA_RX_OK,"rx=3,sender=0,delay_s=0.000662",bc_events_m0.2.csv
1.70066,DATA_RX_OK,"rx=5,sender=0,delay_s=0.000662",bc_events_m0.2.csv
1.70066,DATA_RX_OK,"rx=8,sender=0,delay_s=0.000662",bc_events_m0.2.csv
1.70066,DATA_RX_OK,"rx=10,sender=0,delay_s=0.000662",bc_events_m0.2.csv
1.70066,DATA_RX_OK,"rx=4,sender=0,delay_s=0.000662",bc_events_m0.2.csv
1.70066,DATA_RX_OK,"rx=9,sender=0,delay_s=0.000662",bc_events_m0.2.csv
1.70066,DATA_RX_OK,"rx=7,sender=0,delay_s=0.000662",bc_events_m0.2.csv
1.70066,DATA_RX_OK,"rx=6,sender=0,delay_s=0.000662",bc_events_m0.2.csv
1.80066,DATA_RX_OK,"rx=11,sender=0,delay_s=0.000662",bc_events_m0.2.csv
1.80066,DATA_RX_OK,"rx=1,sender=0,delay_s=0.000662",bc_events_m0.2.csv
1.80066,DATA_RX_OK,"rx=2,sender=0,delay_s=0.000662",bc_events_m0.2.csv
1.80066,DATA_RX_OK,"rx=5,sender=0,delay_s=0.000662",bc_events_m0.2.csv
1.80066,DATA_RX_OK,"rx=3,sender=0,delay_s=0.000662",bc_events_m0.2.csv
1.80066,DATA_RX_OK,"rx=8,sender=0,delay_s=0.000662",bc_events_m0.2.csv
1.80066,DATA_RX_OK,"rx=10,sender=0,delay_s=0.000662",bc_events_m0.2.csv
1.80066,DATA_RX_OK,"rx=4,sender=0,delay_s=0.000662",bc_events_m0.2.csv
1.80066,DATA_RX_OK,"rx=7,sender=0,delay_s=0.000662",bc_events_m0.2.csv
1.80066,DATA_RX_OK,"rx=9,sender=0,delay_s=0.000662",bc_events_m0.2.csv
1.80066,DATA_RX_OK,"rx=6,sender=0,delay_s=0.000662",bc_events_m0.2.csv
1.90066,DATA_RX_OK,"rx=11,sender=0,delay_s=0.000662",bc_events_m0.2.csv
1.90066,DATA_RX_OK,"rx=1,sender=0,delay_s=0.000662",bc_events_m0.2.csv
1.90066,DATA_RX_OK,"rx=2,sender=0,delay_s=0.000662",bc_events_m0.2.csv
1.90066,DATA_RX_OK,"rx=5,sender=0,delay_s=0.000662",bc_events_m0.2.csv
1.90066,DATA_RX_OK,"rx=3,sender=0,delay_s=0.000662",bc_events_m0.2.csv
1.90066,DATA_RX_OK,"rx=8,sender=0,delay_s=0.000662",bc_events_m0.2.csv
1.90066,DATA_RX_OK,"rx=10,sender=0,delay_s=0.000662",bc_events_m0.2.csv
1.90066,DATA_RX_OK,"rx=4,sender=0,delay_s=0.000662",bc_events_m0.2.csv
1.90066,DATA_RX_OK,"rx=7,sender=0,delay_s=0.000662",bc_events_m0.2.csv
1.90066,DATA_RX_OK,"rx=9,sender=0,delay_s=0.000662",bc_events_m0.2.csv
1.90066,DATA_RX_OK,"rx=6,sender=0,delay_s=0.000662",bc_events_m0.2.csv
2,REPLAY_SENT,nonce=1900000000,bc_events_m0.2.csv
2,REPORT_SENT,"by=0,about=7,delta=0.020000",bc_events_m0.2.csv
2,REPORT_SENT,"by=1,about=3,delta=0.020000",bc_events_m0.2.csv
2,REPORT_SENT,"by=2,about=5,delta=0.020000",bc_events_m0.2.csv
2,REPORT_SENT,"by=3,about=8,delta=-0.050000",bc_events_m0.2.csv
2,REPORT_SENT,"by=4,about=0,delta=0.020000",bc_events_m0.2.csv
2,REPORT_SENT,"by=5,about=5,delta=-0.050000",bc_events_m0.2.csv
2,REPORT_SENT,"by=6,about=4,delta=-0.050000",bc_events_m0.2.csv
2,REPORT_SENT,"by=7,about=2,delta=0.020000",bc_events_m0.2.csv
2,REPORT_SENT,"by=8,about=1,delta=-0.050000",bc_events_m0.2.csv
2,REPORT_SENT,"by=9,about=4,delta=0.020000",bc_events_m0.2.csv
2.00019,REPORT_RX_RSU,"rsu=10,by=4,about=0,delta=0.020000",bc_events_m0.2.csv
2.00047,REPORT_RX_RSU,"rsu=10,by=5,about=5,delta=-0.050000",bc_events_m0.2.csv
2.00067,REPORT_RX_RSU,"rsu=10,by=0,about=7,delta=0.020000",bc_events_m0.2.csv
2.00086,REPORT_RX_RSU,"rsu=10,by=8,about=1,delta=-0.050000",bc_events_m0.2.csv
2.00127,REPORT_RX_RSU,"rsu=10,by=9,about=4,delta=0.020000",bc_events_m0.2.csv
2.00139,DATA_DROP_REPLAY,"rx=11,sender=0,nonce=1900000000",bc_events_m0.2.csv
2.00139,DATA_DROP_REPLAY,"rx=1,sender=0,nonce=1900000000",bc_events_m0.2.csv
2.00139,DATA_DROP_REPLAY,"rx=2,sender=0,nonce=1900000000",bc_events_m0.2.csv
2.00139,DATA_DROP_REPLAY,"rx=5,sender=0,nonce=1900000000",bc_events_m0.2.csv
2.00139,DATA_DROP_REPLAY,"rx=3,sender=0,nonce=1900000000",bc_events_m0.2.csv
2.00139,DATA_DROP_REPLAY,"rx=8,sender=0,nonce=1900000000",bc_events_m0.2.csv
2.00139,DATA_DROP_REPLAY,"rx=10,sender=0,nonce=1900000000",bc_events_m0.2.csv
2.00139,DATA_DROP_REPLAY,"rx=4,sender=0,nonce=1900000000",bc_events_m0.2.csv
2.00139,DATA_DROP_REPLAY,"rx=7,sender=0,nonce=1900000000",bc_events_m0.2.csv
2.00139,DATA_DROP_REPLAY,"rx=9,sender=0,nonce=1900000000",bc_events_m0.2.csv
2.00139,DATA_DROP_REPLAY,"rx=6,sender=0,nonce=1900000000",bc_events_m0.2.csv
2.00172,REPORT_RX_RSU,"rsu=10,by=1,about=3,delta=0.020000",bc_events_m0.2.csv
2.00182,DATA_RX_OK,"rx=11,sender=0,delay_s=0.001825",bc_events_m0.2.csv
2.00182,DATA_RX_OK,"rx=1,sender=0,delay_s=0.001825",bc_events_m0.2.csv
2.00182,DATA_RX_OK,"rx=2,sender=0,delay_s=0.001825",bc_events_m0.2.csv
2.00182,DATA_RX_OK,"rx=5,sender=0,delay_s=0.001825",bc_events_m0.2.csv
2.00182,DATA_RX_OK,"rx=3,sender=0,delay_s=0.001825",bc_events_m0.2.csv
2.00182,DATA_RX_OK,"rx=8,sender=0,delay_s=0.001825",bc_events_m0.2.csv
2.00182,DATA_RX_OK,"rx=10,sender=0,delay_s=0.001825",bc_events_m0.2.csv
2.00182,DATA_RX_OK,"rx=4,sender=0,delay_s=0.001825",bc_events_m0.2.csv
2.00183,DATA_RX_OK,"rx=7,sender=0,delay_s=0.001825",bc_events_m0.2.csv
2.00183,DATA_RX_OK,"rx=9,sender=0,delay_s=0.001825",bc_events_m0.2.csv
2.00183,DATA_RX_OK,"rx=6,sender=0,delay_s=0.001825",bc_events_m0.2.csv
2.00199,REPORT_RX_RSU,"rsu=10,by=7,about=2,delta=0.020000",bc_events_m0.2.csv
2.1,BLOCK_MINE_START,block_next=3,bc_events_m0.2.csv
2.10066,DATA_DROP_SIG,"rx=11,sender=0,nonce=2100000000",bc_events_m0.2.csv
2.10066,DATA_DROP_SIG,"rx=1,sender=0,nonce=2100000000",bc_events_m0.2.csv
2.10066,DATA_DROP_SIG,"rx=5,sender=0,nonce=2100000000",bc_events_m0.2.csv
2.10066,DATA_DROP_SIG,"rx=2,sender=0,nonce=2100000000",bc_events_m0.2.csv
2.10066,DATA_DROP_SIG,"rx=3,sender=0,nonce=2100000000",bc_events_m0.2.csv
2.10066,DATA_DROP_SIG,"rx=8,sender=0,nonce=2100000000",bc_events_m0.2.csv
2.10066,DATA_DROP_SIG,"rx=10,sender=0,nonce=2100000000",bc_events_m0.2.csv
2.10066,DATA_DROP_SIG,"rx=4,sender=0,nonce=2100000000",bc_events_m0.2.csv
2.10066,DATA_DROP_SIG,"rx=7,sender=0,nonce=2100000000",bc_events_m0.2.csv
2.10066,DATA_DROP_SIG,"rx=9,sender=0,nonce=2100000000",bc_events_m0.2.csv
2.10066,DATA_DROP_SIG,"rx=6,sender=0,nonce=2100000000",bc_events_m0.2.csv
2.15,BLOCK_COMMIT_ITEM,"accused=0,delta=0.020000,trust=0.740000",bc_events_m0.2.csv
2.15,BLOCK_COMMIT_ITEM,"accused=5,delta=-0.050000,trust=0.650000",bc_events_m0.2.csv
2.15,BLOCK_COMMIT_ITEM,"accused=7,delta=0.020000,trust=0.720000",bc_events_m0.2.csv
2.15,BLOCK_COMMIT_ITEM,"accused=1,delta=-0.050000,trust=0.650000",bc_events_m0.2.csv
2.15,BLOCK_COMMIT_ITEM,"accused=4,delta=0.020000,trust=0.740000",bc_events_m0.2.csv
2.15,BLOCK_COMMIT_ITEM,"accused=3,delta=0.020000,trust=0.740000",bc_events_m0.2.csv
2.15,BLOCK_COMMIT_ITEM,"accused=2,delta=0.020000,trust=0.760000",bc_events_m0.2.csv
2.15,BLOCK_COMMIT_DONE,"block=3,items=7,lat_s=0.050000",bc_events_m0.2.csv
2.20066,DATA_DROP_SIG,"rx=11,sender=0,nonce=2200000000",bc_events_m0.2.csv
2.20066,DATA_DROP_SIG,"rx=1,sender=0,nonce=2200000000",bc_events_m0.2.csv
2.20066,DATA_DROP_SIG,"rx=5,sender=0,nonce=2200000000",bc_events_m0.2.csv
2.20066,DATA_DROP_SIG,"rx=2,sender=0,nonce=2200000000",bc_events_m0.2.csv
2.20066,DATA_DROP_SIG,"rx=3,sender=0,nonce=2200000000",bc_events_m0.2.csv
2.20066,DATA_DROP_SIG,"rx=8,sender=0,nonce=2200000000",bc_events_m0.2.csv
2.20066,DATA_DROP_SIG,"rx=10,sender=0,nonce=2200000000",bc_events_m0.2.csv
2.20066,DATA_DROP_SIG,"rx=4,sender=0,nonce=2200000000",bc_events_m0.2.csv
2.20066,DATA_DROP_SIG,"rx=7,sender=0,nonce=2200000000",bc_events_m0.2.csv
2.20066,DATA_DROP_SIG,"rx=9,sender=0,nonce=2200000000",bc_events_m0.2.csv
2.20066,DATA_DROP_SIG,"rx=6,sender=0,nonce=2200000000",bc_events_m0.2.csv
2.3,REPLAY_SENT,nonce=2200000000,bc_events_m0.2.csv
2.30066,DATA_DROP_SIG,"rx=11,sender=0,nonce=2200000000",bc_events_m0.2.csv
2.30066,DATA_DROP_SIG,"rx=1,sender=0,nonce=2200000000",bc_events_m0.2.csv
2.30066,DATA_DROP_SIG,"rx=5,sender=0,nonce=2200000000",bc_events_m0.2.csv
2.30066,DATA_DROP_SIG,"rx=2,sender=0,nonce=2200000000",bc_events_m0.2.csv
2.30066,DATA_DROP_SIG,"rx=3,sender=0,nonce=2200000000",bc_events_m0.2.csv
2.30066,DATA_DROP_SIG,"rx=8,sender=0,nonce=2200000000",bc_events_m0.2.csv
2.30066,DATA_DROP_SIG,"rx=10,sender=0,nonce=2200000000",bc_events_m0.2.csv
2.30066,DATA_DROP_SIG,"rx=4,sender=0,nonce=2200000000",bc_events_m0.2.csv
2.30066,DATA_DROP_SIG,"rx=7,sender=0,nonce=2200000000",bc_events_m0.2.csv
2.30066,DATA_DROP_SIG,"rx=9,sender=0,nonce=2200000000",bc_events_m0.2.csv
2.30066,DATA_DROP_SIG,"rx=6,sender=0,nonce=2200000000",bc_events_m0.2.csv
2.30104,DATA_RX_OK,"rx=11,sender=0,delay_s=0.001041",bc_events_m0.2.csv
2.30104,DATA_RX_OK,"rx=1,sender=0,delay_s=0.001041",bc_events_m0.2.csv
2.30104,DATA_RX_OK,"rx=5,sender=0,delay_s=0.001041",bc_events_m0.2.csv
2.30104,DATA_RX_OK,"rx=2,sender=0,delay_s=0.001041",bc_events_m0.2.csv
2.30104,DATA_RX_OK,"rx=3,sender=0,delay_s=0.001041",bc_events_m0.2.csv
2.30104,DATA_RX_OK,"rx=8,sender=0,delay_s=0.001041",bc_events_m0.2.csv
2.30104,DATA_RX_OK,"rx=10,sender=0,delay_s=0.001041",bc_events_m0.2.csv
2.30104,DATA_RX_OK,"rx=4,sender=0,delay_s=0.001041",bc_events_m0.2.csv
2.30104,DATA_RX_OK,"rx=7,sender=0,delay_s=0.001041",bc_events_m0.2.csv
2.30104,DATA_RX_OK,"rx=9,sender=0,delay_s=0.001041",bc_events_m0.2.csv
2.30104,DATA_RX_OK,"rx=6,sender=0,delay_s=0.001041",bc_events_m0.2.csv
2.40066,DATA_RX_OK,"rx=11,sender=0,delay_s=0.000662",bc_events_m0.2.csv
2.40066,DATA_RX_OK,"rx=1,sender=0,delay_s=0.000662",bc_events_m0.2.csv
2.40066,DATA_RX_OK,"rx=5,sender=0,delay_s=0.000662",bc_events_m0.2.csv
2.40066,DATA_RX_OK,"rx=2,sender=0,delay_s=0.000662",bc_events_m0.2.csv
2.40066,DATA_RX_OK,"rx=3,sender=0,delay_s=0.000662",bc_events_m0.2.csv
2.40066,DATA_RX_OK,"rx=8,sender=0,delay_s=0.000662",bc_events_m0.2.csv
2.40066,DATA_RX_OK,"rx=10,sender=0,delay_s=0.000662",bc_events_m0.2.csv
2.40066,DATA_RX_OK,"rx=4,sender=0,delay_s=0.000662",bc_events_m0.2.csv
2.40066,DATA_RX_OK,"rx=7,sender=0,delay_s=0.000662",bc_events_m0.2.csv
2.40066,DATA_RX_OK,"rx=9,sender=0,delay_s=0.000662",bc_events_m0.2.csv
2.40066,DATA_RX_OK,"rx=6,sender=0,delay_s=0.000662",bc_events_m0.2.csv
2.50066,DATA_RX_OK,"rx=11,sender=0,delay_s=0.000662",bc_events_m0.2.csv
2.50066,DATA_RX_OK,"rx=1,sender=0,delay_s=0.000662",bc_events_m0.2.csv
2.50066,DATA_RX_OK,"rx=5,sender=0,delay_s=0.000662",bc_events_m0.2.csv
2.50066,DATA_RX_OK,"rx=2,sender=0,delay_s=0.000662",bc_events_m0.2.csv
2.50066,DATA_RX_OK,"rx=3,sender=0,delay_s=0.000662",bc_events_m0.2.csv
2.50066,DATA_RX_OK,"rx=8,sender=0,delay_s=0.000662",bc_events_m0.2.csv
2.50066,DATA_RX_OK,"rx=10,sender=0,delay_s=0.000662",bc_events_m0.2.csv
2.50066,DATA_RX_OK,"rx=4,sender=0,delay_s=0.000662",bc_events_m0.2.csv
2.50066,DATA_RX_OK,"rx=7,sender=0,delay_s=0.000662",bc_events_m0.2.csv
2.50066,DATA_RX_OK,"rx=9,sender=0,delay_s=0.000662",bc_events_m0.2.csv
2.50066,DATA_RX_OK,"rx=6,sender=0,delay_s=0.000662",bc_events_m0.2.csv
2.6,REPLAY_SENT,nonce=2500000000,bc_events_m0.2.csv
2.60066,DATA_DROP_REPLAY,"rx=11,sender=0,nonce=2500000000",bc_events_m0.2.csv
2.60066,DATA_DROP_REPLAY,"rx=1,sender=0,nonce=2500000000",bc_events_m0.2.csv
2.60066,DATA_DROP_REPLAY,"rx=5,sender=0,nonce=2500000000",bc_events_m0.2.csv
2.60066,DATA_DROP_REPLAY,"rx=2,sender=0,nonce=2500000000",bc_events_m0.2.csv
2.60066,DATA_DROP_REPLAY,"rx=3,sender=0,nonce=2500000000",bc_events_m0.2.csv
2.60066,DATA_DROP_REPLAY,"rx=8,sender=0,nonce=2500000000",bc_events_m0.2.csv
2.60066,DATA_DROP_REPLAY,"rx=10,sender=0,nonce=2500000000",bc_events_m0.2.csv
2.60066,DATA_DROP_REPLAY,"rx=4,sender=0,nonce=2500000000",bc_events_m0.2.csv
2.60066,DATA_DROP_REPLAY,"rx=7,sender=0,nonce=2500000000",bc_events_m0.2.csv
2.60066,DATA_DROP_REPLAY,"rx=9,sender=0,nonce=2500000000",bc_events_m0.2.csv
2.60066,DATA_DROP_REPLAY,"rx=6,sender=0,nonce=2500000000",bc_events_m0.2.csv
2.60101,DATA_RX_OK,"rx=11,sender=0,delay_s=0.001005",bc_events_m0.2.csv
2.60101,DATA_RX_OK,"rx=1,sender=0,delay_s=0.001005",bc_events_m0.2.csv
2.60101,DATA_RX_OK,"rx=5,sender=0,delay_s=0.001005",bc_events_m0.2.csv
2.60101,DATA_RX_OK,"rx=2,sender=0,delay_s=0.001005",bc_events_m0.2.csv
2.60101,DATA_RX_OK,"rx=3,sender=0,delay_s=0.001005",bc_events_m0.2.csv
2.60101,DATA_RX_OK,"rx=8,sender=0,delay_s=0.001005",bc_events_m0.2.csv
2.60101,DATA_RX_OK,"rx=10,sender=0,delay_s=0.001005",bc_events_m0.2.csv
2.60101,DATA_RX_OK,"rx=4,sender=0,delay_s=0.001005",bc_events_m0.2.csv
2.60101,DATA_RX_OK,"rx=7,sender=0,delay_s=0.001005",bc_events_m0.2.csv
2.60101,DATA_RX_OK,"rx=9,sender=0,delay_s=0.001005",bc_events_m0.2.csv
2.60101,DATA_RX_OK,"rx=6,sender=0,delay_s=0.001005",bc_events_m0.2.csv
2.70066,DATA_DROP_SIG,"rx=11,sender=0,nonce=2700000000",bc_events_m0.2.csv
2.70066,DATA_DROP_SIG,"rx=1,sender=0,nonce=2700000000",bc_events_m0.2.csv
2.70066,DATA_DROP_SIG,"rx=5,sender=0,nonce=2700000000",bc_events_m0.2.csv
2.70066,DATA_DROP_SIG,"rx=2,sender=0,nonce=2700000000",bc_events_m0.2.csv
2.70066,DATA_DROP_SIG,"rx=3,sender=0,nonce=2700000000",bc_events_m0.2.csv
2.70066,DATA_DROP_SIG,"rx=8,sender=0,nonce=2700000000",bc_events_m0.2.csv
2.70066,DATA_DROP_SIG,"rx=10,sender=0,nonce=2700000000",bc_events_m0.2.csv
2.70066,DATA_DROP_SIG,"rx=4,sender=0,nonce=2700000000",bc_events_m0.2.csv
2.70066,DATA_DROP_SIG,"rx=7,sender=0,nonce=2700000000",bc_events_m0.2.csv
2.70066,DATA_DROP_SIG,"rx=9,sender=0,nonce=2700000000",bc_events_m0.2.csv
2.70066,DATA_DROP_SIG,"rx=6,sender=0,nonce=2700000000",bc_events_m0.2.csv
2.80066,DATA_RX_OK,"rx=11,sender=0,delay_s=0.000662",bc_events_m0.2.csv
2.80066,DATA_RX_OK,"rx=1,sender=0,delay_s=0.000662",bc_events_m0.2.csv
2.80066,DATA_RX_OK,"rx=5,sender=0,delay_s=0.000662",bc_events_m0.2.csv
2.80066,DATA_RX_OK,"rx=2,sender=0,delay_s=0.000662",bc_events_m0.2.csv
2.80066,DATA_RX_OK,"rx=8,sender=0,delay_s=0.000662",bc_events_m0.2.csv
2.80066,DATA_RX_OK,"rx=3,sender=0,delay_s=0.000662",bc_events_m0.2.csv
2.80066,DATA_RX_OK,"rx=10,sender=0,delay_s=0.000662",bc_events_m0.2.csv
2.80066,DATA_RX_OK,"rx=4,sender=0,delay_s=0.000662",bc_events_m0.2.csv
2.80066,DATA_RX_OK,"rx=7,sender=0,delay_s=0.000662",bc_events_m0.2.csv
2.80066,DATA_RX_OK,"rx=9,sender=0,delay_s=0.000662",bc_events_m0.2.csv
2.80066,DATA_RX_OK,"rx=6,sender=0,delay_s=0.000662",bc_events_m0.2.csv
2.9,REPLAY_SENT,nonce=2800000000,bc_events_m0.2.csv
2.90066,DATA_DROP_REPLAY,"rx=11,sender=0,nonce=2800000000",bc_events_m0.2.csv
2.90066,DATA_DROP_REPLAY,"rx=1,sender=0,nonce=2800000000",bc_events_m0.2.csv
2.90066,DATA_DROP_REPLAY,"rx=5,sender=0,nonce=2800000000",bc_events_m0.2.csv
2.90066,DATA_DROP_REPLAY,"rx=2,sender=0,nonce=2800000000",bc_events_m0.2.csv
2.90066,DATA_DROP_REPLAY,"rx=8,sender=0,nonce=2800000000",bc_events_m0.2.csv
2.90066,DATA_DROP_REPLAY,"rx=3,sender=0,nonce=2800000000",bc_events_m0.2.csv
2.90066,DATA_DROP_REPLAY,"rx=10,sender=0,nonce=2800000000",bc_events_m0.2.csv
2.90066,DATA_DROP_REPLAY,"rx=4,sender=0,nonce=2800000000",bc_events_m0.2.csv
2.90066,DATA_DROP_REPLAY,"rx=7,sender=0,nonce=2800000000",bc_events_m0.2.csv
2.90066,DATA_DROP_REPLAY,"rx=9,sender=0,nonce=2800000000",bc_events_m0.2.csv
2.90066,DATA_DROP_REPLAY,"rx=6,sender=0,nonce=2800000000",bc_events_m0.2.csv
2.90095,DATA_RX_OK,"rx=11,sender=0,delay_s=0.000951",bc_events_m0.2.csv
2.90095,DATA_RX_OK,"rx=1,sender=0,delay_s=0.000951",bc_events_m0.2.csv
2.90095,DATA_RX_OK,"rx=5,sender=0,delay_s=0.000951",bc_events_m0.2.csv
2.90095,DATA_RX_OK,"rx=2,sender=0,delay_s=0.000951",bc_events_m0.2.csv
2.90095,DATA_RX_OK,"rx=8,sender=0,delay_s=0.000951",bc_events_m0.2.csv
2.90095,DATA_RX_OK,"rx=3,sender=0,delay_s=0.000951",bc_events_m0.2.csv
2.90095,DATA_RX_OK,"rx=10,sender=0,delay_s=0.000951",bc_events_m0.2.csv
2.90095,DATA_RX_OK,"rx=4,sender=0,delay_s=0.000951",bc_events_m0.2.csv
2.90095,DATA_RX_OK,"rx=7,sender=0,delay_s=0.000951",bc_events_m0.2.csv
2.90095,DATA_RX_OK,"rx=9,sender=0,delay_s=0.000951",bc_events_m0.2.csv
2.90095,DATA_RX_OK,"rx=6,sender=0,delay_s=0.000951",bc_events_m0.2.csv
3,REPORT_SENT,"by=0,about=3,delta=-0.050000",bc_events_m0.2.csv
3,REPORT_SENT,"by=1,about=6,delta=0.020000",bc_events_m0.2.csv
3,REPORT_SENT,"by=2,about=8,delta=0.020000",bc_events_m0.2.csv
3,REPORT_SENT,"by=3,about=4,delta=0.020000",bc_events_m0.2.csv
3,REPORT_SENT,"by=4,about=6,delta=0.020000",bc_events_m0.2.csv
3,REPORT_SENT,"by=5,about=8,delta=0.020000",bc_events_m0.2.csv
3,REPORT_SENT,"by=6,about=6,delta=-0.050000",bc_events_m0.2.csv
3,REPORT_SENT,"by=7,about=2,delta=0.020000",bc_events_m0.2.csv
3,REPORT_SENT,"by=8,about=8,delta=0.020000",bc_events_m0.2.csv
3,REPORT_SENT,"by=9,about=8,delta=0.020000",bc_events_m0.2.csv
3.00021,REPORT_RX_RSU,"rsu=10,by=7,about=2,delta=0.020000",bc_events_m0.2.csv
3.00038,REPORT_RX_RSU,"rsu=10,by=5,about=8,delta=0.020000",bc_events_m0.2.csv
3.0005,REPORT_RX_RSU,"rsu=10,by=8,about=8,delta=0.020000",bc_events_m0.2.csv
3.00065,REPORT_RX_RSU,"rsu=10,by=4,about=6,delta=0.020000",bc_events_m0.2.csv
3.00078,REPORT_RX_RSU,"rsu=10,by=1,about=6,delta=0.020000",bc_events_m0.2.csv
3.00095,REPORT_RX_RSU,"rsu=10,by=0,about=3,delta=-0.050000",bc_events_m0.2.csv
3.00109,REPORT_RX_RSU,"rsu=10,by=9,about=8,delta=0.020000",bc_events_m0.2.csv
3.0017,DATA_RX_OK,"rx=11,sender=0,delay_s=0.001700",bc_events_m0.2.csv
3.0017,DATA_RX_OK,"rx=1,sender=0,delay_s=0.001700",bc_events_m0.2.csv
3.0017,DATA_RX_OK,"rx=5,sender=0,delay_s=0.001700",bc_events_m0.2.csv
3.0017,DATA_RX_OK,"rx=2,sender=0,delay_s=0.001700",bc_events_m0.2.csv
3.0017,DATA_RX_OK,"rx=8,sender=0,delay_s=0.001700",bc_events_m0.2.csv
3.0017,DATA_RX_OK,"rx=3,sender=0,delay_s=0.001700",bc_events_m0.2.csv
3.0017,DATA_RX_OK,"rx=10,sender=0,delay_s=0.001700",bc_events_m0.2.csv
3.0017,DATA_RX_OK,"rx=4,sender=0,delay_s=0.001700",bc_events_m0.2.csv
3.0017,DATA_RX_OK,"rx=7,sender=0,delay_s=0.001700",bc_events_m0.2.csv
3.0017,DATA_RX_OK,"rx=9,sender=0,delay_s=0.001700",bc_events_m0.2.csv
3.0017,DATA_RX_OK,"rx=6,sender=0,delay_s=0.001700",bc_events_m0.2.csv
3.10066,DATA_RX_OK,"rx=11,sender=0,delay_s=0.000662",bc_events_m0.2.csv
3.10066,DATA_RX_OK,"rx=1,sender=0,delay_s=0.000662",bc_events_m0.2.csv
3.10066,DATA_RX_OK,"rx=8,sender=0,delay_s=0.000662",bc_events_m0.2.csv
3.10066,DATA_RX_OK,"rx=2,sender=0,delay_s=0.000662",bc_events_m0.2.csv
3.10066,DATA_RX_OK,"rx=5,sender=0,delay_s=0.000662",bc_events_m0.2.csv
3.10066,DATA_RX_OK,"rx=3,sender=0,delay_s=0.000662",bc_events_m0.2.csv
3.10066,DATA_RX_OK,"rx=10,sender=0,delay_s=0.000662",bc_events_m0.2.csv
3.10066,DATA_RX_OK,"rx=4,sender=0,delay_s=0.000662",bc_events_m0.2.csv
3.10066,DATA_RX_OK,"rx=7,sender=0,delay_s=0.000662",bc_events_m0.2.csv
3.10066,DATA_RX_OK,"rx=9,sender=0,delay_s=0.000662",bc_events_m0.2.csv
3.10066,DATA_RX_OK,"rx=6,sender=0,delay_s=0.000662",bc_events_m0.2.csv
3.15,BLOCK_MINE_START,block_next=4,bc_events_m0.2.csv
3.2,REPLAY_SENT,nonce=3100000000,bc_events_m0.2.csv
3.2,BLOCK_COMMIT_ITEM,"accused=2,delta=0.020000,trust=0.780000",bc_events_m0.2.csv
3.2,BLOCK_COMMIT_ITEM,"accused=8,delta=0.020000,trust=0.690000",bc_events_m0.2.csv
3.2,BLOCK_COMMIT_ITEM,"accused=8,delta=0.020000,trust=0.710000",bc_events_m0.2.csv
3.2,BLOCK_COMMIT_ITEM,"accused=6,delta=0.020000,trust=0.720000",bc_events_m0.2.csv
3.2,BLOCK_COMMIT_ITEM,"accused=6,delta=0.020000,trust=0.740000",bc_events_m0.2.csv
3.2,BLOCK_COMMIT_ITEM,"accused=3,delta=-0.050000,trust=0.690000",bc_events_m0.2.csv
3.2,BLOCK_COMMIT_ITEM,"accused=8,delta=0.020000,trust=0.730000",bc_events_m0.2.csv
3.2,BLOCK_COMMIT_DONE,"block=4,items=7,lat_s=0.050000",bc_events_m0.2.csv
3.20066,DATA_DROP_REPLAY,"rx=11,sender=0,nonce=3100000000",bc_events_m0.2.csv
3.20066,DATA_DROP_REPLAY,"rx=1,sender=0,nonce=3100000000",bc_events_m0.2.csv
3.20066,DATA_DROP_REPLAY,"rx=8,sender=0,nonce=3100000000",bc_events_m0.2.csv
3.20066,DATA_DROP_REPLAY,"rx=2,sender=0,nonce=3100000000",bc_events_m0.2.csv
3.20066,DATA_DROP_REPLAY,"rx=5,sender=0,nonce=3100000000",bc_events_m0.2.csv
3.20066,DATA_DROP_REPLAY,"rx=3,sender=0,nonce=3100000000",bc_events_m0.2.csv
3.20066,DATA_DROP_REPLAY,"rx=10,sender=0,nonce=3100000000",bc_events_m0.2.csv
3.20066,DATA_DROP_REPLAY,"rx=4,sender=0,nonce=3100000000",bc_events_m0.2.csv
3.20066,DATA_DROP_REPLAY,"rx=7,sender=0,nonce=3100000000",bc_events_m0.2.csv
3.20066,DATA_DROP_REPLAY,"rx=9,sender=0,nonce=3100000000",bc_events_m0.2.csv
3.20066,DATA_DROP_REPLAY,"rx=6,sender=0,nonce=3100000000",bc_events_m0.2.csv
3.20099,DATA_RX_OK,"rx=11,sender=0,delay_s=0.000987",bc_events_m0.2.csv
3.20099,DATA_RX_OK,"rx=1,sender=0,delay_s=0.000987",bc_events_m0.2.csv
3.20099,DATA_RX_OK,"rx=8,sender=0,delay_s=0.000987",bc_events_m0.2.csv
3.20099,DATA_RX_OK,"rx=2,sender=0,delay_s=0.000987",bc_events_m0.2.csv
3.20099,DATA_RX_OK,"rx=5,sender=0,delay_s=0.000987",bc_events_m0.2.csv
3.20099,DATA_RX_OK,"rx=3,sender=0,delay_s=0.000987",bc_events_m0.2.csv
3.20099,DATA_RX_OK,"rx=10,sender=0,delay_s=0.000987",bc_events_m0.2.csv
3.20099,DATA_RX_OK,"rx=4,sender=0,delay_s=0.000987",bc_events_m0.2.csv
3.20099,DATA_RX_OK,"rx=7,sender=0,delay_s=0.000987",bc_events_m0.2.csv
3.20099,DATA_RX_OK,"rx=9,sender=0,delay_s=0.000987",bc_events_m0.2.csv
3.20099,DATA_RX_OK,"rx=6,sender=0,delay_s=0.000987",bc_events_m0.2.csv
3.30066,DATA_RX_OK,"rx=11,sender=0,delay_s=0.000662",bc_events_m0.2.csv
3.30066,DATA_RX_OK,"rx=1,sender=0,delay_s=0.000662",bc_events_m0.2.csv
3.30066,DATA_RX_OK,"rx=8,sender=0,delay_s=0.000662",bc_events_m0.2.csv
3.30066,DATA_RX_OK,"rx=2,sender=0,delay_s=0.000662",bc_events_m0.2.csv
3.30066,DATA_RX_OK,"rx=5,sender=0,delay_s=0.000662",bc_events_m0.2.csv
3.30066,DATA_RX_OK,"rx=10,sender=0,delay_s=0.000662",bc_events_m0.2.csv
3.30066,DATA_RX_OK,"rx=3,sender=0,delay_s=0.000662",bc_events_m0.2.csv
3.30066,DATA_RX_OK,"rx=4,sender=0,delay_s=0.000662",bc_events_m0.2.csv
3.30066,DATA_RX_OK,"rx=7,sender=0,delay_s=0.000662",bc_events_m0.2.csv
3.30066,DATA_RX_OK,"rx=9,sender=0,delay_s=0.000662",bc_events_m0.2.csv
3.30066,DATA_RX_OK,"rx=6,sender=0,delay_s=0.000662",bc_events_m0.2.csv
3.40066,DATA_DROP_SIG,"rx=11,sender=0,nonce=3400000000",bc_events_m0.2.csv
3.40066,DATA_DROP_SIG,"rx=1,sender=0,nonce=3400000000",bc_events_m0.2.csv
3.40066,DATA_DROP_SIG,"rx=8,sender=0,nonce=3400000000",bc_events_m0.2.csv
3.40066,DATA_DROP_SIG,"rx=2,sender=0,nonce=3400000000",bc_events_m0.2.csv
3.40066,DATA_DROP_SIG,"rx=5,sender=0,nonce=3400000000",bc_events_m0.2.csv
3.40066,DATA_DROP_SIG,"rx=10,sender=0,nonce=3400000000",bc_events_m0.2.csv
3.40066,DATA_DROP_SIG,"rx=3,sender=0,nonce=3400000000",bc_events_m0.2.csv
3.40066,DATA_DROP_SIG,"rx=4,sender=0,nonce=3400000000",bc_events_m0.2.csv
3.40066,DATA_DROP_SIG,"rx=7,sender=0,nonce=3400000000",bc_events_m0.2.csv
3.40066,DATA_DROP_SIG,"rx=9,sender=0,nonce=3400000000",bc_events_m0.2.csv
3.40066,DATA_DROP_SIG,"rx=6,sender=0,nonce=3400000000",bc_events_m0.2.csv
3.5,REPLAY_SENT,nonce=3400000000,bc_events_m0.2.csv
3.50066,DATA_DROP_SIG,"rx=11,sender=0,nonce=3400000000",bc_events_m0.2.csv
3.50066,DATA_DROP_SIG,"rx=1,sender=0,nonce=3400000000",bc_events_m0.2.csv
3.50066,DATA_DROP_SIG,"rx=8,sender=0,nonce=3400000000",bc_events_m0.2.csv
3.50066,DATA_DROP_SIG,"rx=2,sender=0,nonce=3400000000",bc_events_m0.2.csv
3.50066,DATA_DROP_SIG,"rx=5,sender=0,nonce=3400000000",bc_events_m0.2.csv
3.50066,DATA_DROP_SIG,"rx=10,sender=0,nonce=3400000000",bc_events_m0.2.csv
3.50066,DATA_DROP_SIG,"rx=3,sender=0,nonce=3400000000",bc_events_m0.2.csv
3.50066,DATA_DROP_SIG,"rx=4,sender=0,nonce=3400000000",bc_events_m0.2.csv
3.50066,DATA_DROP_SIG,"rx=7,sender=0,nonce=3400000000",bc_events_m0.2.csv
3.50066,DATA_DROP_SIG,"rx=9,sender=0,nonce=3400000000",bc_events_m0.2.csv
3.50066,DATA_DROP_SIG,"rx=6,sender=0,nonce=3400000000",bc_events_m0.2.csv
3.50094,DATA_RX_OK,"rx=11,sender=0,delay_s=0.000942",bc_events_m0.2.csv
3.50094,DATA_RX_OK,"rx=1,sender=0,delay_s=0.000942",bc_events_m0.2.csv
3.50094,DATA_RX_OK,"rx=8,sender=0,delay_s=0.000942",bc_events_m0.2.csv
3.50094,DATA_RX_OK,"rx=2,sender=0,delay_s=0.000942",bc_events_m0.2.csv
3.50094,DATA_RX_OK,"rx=5,sender=0,delay_s=0.000942",bc_events_m0.2.csv
3.50094,DATA_RX_OK,"rx=10,sender=0,delay_s=0.000942",bc_events_m0.2.csv
3.50094,DATA_RX_OK,"rx=3,sender=0,delay_s=0.000942",bc_events_m0.2.csv
3.50094,DATA_RX_OK,"rx=4,sender=0,delay_s=0.000942",bc_events_m0.2.csv
3.50094,DATA_RX_OK,"rx=7,sender=0,delay_s=0.000942",bc_events_m0.2.csv
3.50094,DATA_RX_OK,"rx=9,sender=0,delay_s=0.000942",bc_events_m0.2.csv
3.50094,DATA_RX_OK,"rx=6,sender=0,delay_s=0.000942",bc_events_m0.2.csv
3.60066,DATA_RX_OK,"rx=11,sender=0,delay_s=0.000662",bc_events_m0.2.csv
3.60066,DATA_RX_OK,"rx=1,sender=0,delay_s=0.000662",bc_events_m0.2.csv
3.60066,DATA_RX_OK,"rx=2,sender=0,delay_s=0.000662",bc_events_m0.2.csv
3.60066,DATA_RX_OK,"rx=8,sender=0,delay_s=0.000662",bc_events_m0.2.csv
3.60066,DATA_RX_OK,"rx=5,sender=0,delay_s=0.000662",bc_events_m0.2.csv
3.60066,DATA_RX_OK,"rx=10,sender=0,delay_s=0.000662",bc_events_m0.2.csv
3.60066,DATA_RX_OK,"rx=3,sender=0,delay_s=0.000662",bc_events_m0.2.csv
3.60066,DATA_RX_OK,"rx=4,sender=0,delay_s=0.000662",bc_events_m0.2.csv
3.60066,DATA_RX_OK,"rx=7,sender=0,delay_s=0.000662",bc_events_m0.2.csv
3.60066,DATA_RX_OK,"rx=9,sender=0,delay_s=0.000662",bc_events_m0.2.csv
3.60066,DATA_RX_OK,"rx=6,sender=0,delay_s=0.000662",bc_events_m0.2.csv
3.70066,DATA_RX_OK,"rx=11,sender=0,delay_s=0.000662",bc_events_m0.2.csv
3.70066,DATA_RX_OK,"rx=1,sender=0,delay_s=0.000662",bc_events_m0.2.csv
3.70066,DATA_RX_OK,"rx=2,sender=0,delay_s=0.000662",bc_events_m0.2.csv
3.70066,DATA_RX_OK,"rx=8,sender=0,delay_s=0.000662",bc_events_m0.2.csv
3.70066,DATA_RX_OK,"rx=5,sender=0,delay_s=0.000662",bc_events_m0.2.csv
3.70066,DATA_RX_OK,"rx=10,sender=0,delay_s=0.000662",bc_events_m0.2.csv
3.70066,DATA_RX_OK,"rx=3,sender=0,delay_s=0.000662",bc_events_m0.2.csv
3.70066,DATA_RX_OK,"rx=4,sender=0,delay_s=0.000662",bc_events_m0.2.csv
3.70066,DATA_RX_OK,"rx=7,sender=0,delay_s=0.000662",bc_events_m0.2.csv
3.70066,DATA_RX_OK,"rx=9,sender=0,delay_s=0.000662",bc_events_m0.2.csv
3.70066,DATA_RX_OK,"rx=6,sender=0,delay_s=0.000662",bc_events_m0.2.csv
3.8,REPLAY_SENT,nonce=3700000000,bc_events_m0.2.csv
3.80066,DATA_DROP_REPLAY,"rx=11,sender=0,nonce=3700000000",bc_events_m0.2.csv
3.80066,DATA_DROP_REPLAY,"rx=1,sender=0,nonce=3700000000",bc_events_m0.2.csv
3.80066,DATA_DROP_REPLAY,"rx=2,sender=0,nonce=3700000000",bc_events_m0.2.csv
3.80066,DATA_DROP_REPLAY,"rx=8,sender=0,nonce=3700000000",bc_events_m0.2.csv
3.80066,DATA_DROP_REPLAY,"rx=5,sender=0,nonce=3700000000",bc_events_m0.2.csv
3.80066,DATA_DROP_REPLAY,"rx=10,sender=0,nonce=3700000000",bc_events_m0.2.csv
3.80066,DATA_DROP_REPLAY,"rx=4,sender=0,nonce=3700000000",bc_events_m0.2.csv
3.80066,DATA_DROP_REPLAY,"rx=3,sender=0,nonce=3700000000",bc_events_m0.2.csv
3.80066,DATA_DROP_REPLAY,"rx=7,sender=0,nonce=3700000000",bc_events_m0.2.csv
3.80066,DATA_DROP_REPLAY,"rx=9,sender=0,nonce=3700000000",bc_events_m0.2.csv
3.80066,DATA_DROP_REPLAY,"rx=6,sender=0,nonce=3700000000",bc_events_m0.2.csv
3.80101,DATA_RX_OK,"rx=11,sender=0,delay_s=0.001005",bc_events_m0.2.csv
3.80101,DATA_RX_OK,"rx=1,sender=0,delay_s=0.001005",bc_events_m0.2.csv
3.80101,DATA_RX_OK,"rx=2,sender=0,delay_s=0.001005",bc_events_m0.2.csv
3.80101,DATA_RX_OK,"rx=8,sender=0,delay_s=0.001005",bc_events_m0.2.csv
3.80101,DATA_RX_OK,"rx=5,sender=0,delay_s=0.001005",bc_events_m0.2.csv
3.80101,DATA_RX_OK,"rx=10,sender=0,delay_s=0.001005",bc_events_m0.2.csv
3.80101,DATA_RX_OK,"rx=4,sender=0,delay_s=0.001005",bc_events_m0.2.csv
3.80101,DATA_RX_OK,"rx=3,sender=0,delay_s=0.001005",bc_events_m0.2.csv
3.80101,DATA_RX_OK,"rx=7,sender=0,delay_s=0.001005",bc_events_m0.2.csv
3.80101,DATA_RX_OK,"rx=9,sender=0,delay_s=0.001005",bc_events_m0.2.csv
3.80101,DATA_RX_OK,"rx=6,sender=0,delay_s=0.001005",bc_events_m0.2.csv
3.90066,DATA_RX_OK,"rx=11,sender=0,delay_s=0.000662",bc_events_m0.2.csv
3.90066,DATA_RX_OK,"rx=1,sender=0,delay_s=0.000662",bc_events_m0.2.csv
3.90066,DATA_RX_OK,"rx=2,sender=0,delay_s=0.000662",bc_events_m0.2.csv
3.90066,DATA_RX_OK,"rx=8,sender=0,delay_s=0.000662",bc_events_m0.2.csv
3.90066,DATA_RX_OK,"rx=5,sender=0,delay_s=0.000662",bc_events_m0.2.csv
3.90066,DATA_RX_OK,"rx=10,sender=0,delay_s=0.000662",bc_events_m0.2.csv
3.90066,DATA_RX_OK,"rx=4,sender=0,delay_s=0.000662",bc_events_m0.2.csv
3.90066,DATA_RX_OK,"rx=3,sender=0,delay_s=0.000662",bc_events_m0.2.csv
3.90066,DATA_RX_OK,"rx=7,sender=0,delay_s=0.000662",bc_events_m0.2.csv
3.90066,DATA_RX_OK,"rx=9,sender=0,delay_s=0.000662",bc_events_m0.2.csv
3.90066,DATA_RX_OK,"rx=6,sender=0,delay_s=0.000662",bc_events_m0.2.csv
4,REPORT_SENT,"by=0,about=4,delta=0.020000",bc_events_m0.2.csv
4,REPORT_SENT,"by=1,about=3,delta=0.020000",bc_events_m0.2.csv
4,REPORT_SENT,"by=2,about=4,delta=0.020000",bc_events_m0.2.csv
4,REPORT_SENT,"by=3,about=1,delta=0.020000",bc_events_m0.2.csv
4,REPORT_SENT,"by=4,about=6,delta=0.020000",bc_events_m0.2.csv
4,REPORT_SENT,"by=5,about=9,delta=0.020000",bc_events_m0.2.csv
4,REPORT_SENT,"by=6,about=9,delta=0.020000",bc_events_m0.2.csv
4,REPORT_SENT,"by=7,about=6,delta=0.020000",bc_events_m0.2.csv
4,REPORT_SENT,"by=8,about=9,delta=0.020000",bc_events_m0.2.csv
4,REPORT_SENT,"by=9,about=5,delta=-0.050000",bc_events_m0.2.csv
4.00007,REPORT_RX_RSU,"rsu=10,by=4,about=6,delta=0.020000",bc_events_m0.2.csv
4.00022,REPORT_RX_RSU,"rsu=10,by=1,about=3,delta=0.020000",bc_events_m0.2.csv
4.00053,REPORT_RX_RSU,"rsu=10,by=5,about=9,delta=0.020000",bc_events_m0.2.csv
4.00077,REPORT_RX_RSU,"rsu=10,by=8,about=9,delta=0.020000",bc_events_m0.2.csv
4.00092,REPORT_RX_RSU,"rsu=10,by=0,about=4,delta=0.020000",bc_events_m0.2.csv
4.00105,REPORT_RX_RSU,"rsu=10,by=9,about=5,delta=-0.050000",bc_events_m0.2.csv
4.00151,REPORT_RX_RSU,"rsu=10,by=7,about=6,delta=0.020000",bc_events_m0.2.csv
4.00163,DATA_RX_OK,"rx=11,sender=0,delay_s=0.001635",bc_events_m0.2.csv
4.00163,DATA_RX_OK,"rx=2,sender=0,delay_s=0.001635",bc_events_m0.2.csv
4.00163,DATA_RX_OK,"rx=1,sender=0,delay_s=0.001635",bc_events_m0.2.csv
4.00163,DATA_RX_OK,"rx=8,sender=0,delay_s=0.001635",bc_events_m0.2.csv
4.00163,DATA_RX_OK,"rx=5,sender=0,delay_s=0.001635",bc_events_m0.2.csv
4.00163,DATA_RX_OK,"rx=10,sender=0,delay_s=0.001635",bc_events_m0.2.csv
4.00163,DATA_RX_OK,"rx=4,sender=0,delay_s=0.001635",bc_events_m0.2.csv
4.00163,DATA_RX_OK,"rx=3,sender=0,delay_s=0.001635",bc_events_m0.2.csv
4.00163,DATA_RX_OK,"rx=7,sender=0,delay_s=0.001635",bc_events_m0.2.csv
4.00163,DATA_RX_OK,"rx=9,sender=0,delay_s=0.001635",bc_events_m0.2.csv
4.00164,DATA_RX_OK,"rx=6,sender=0,delay_s=0.001635",bc_events_m0.2.csv
4.1,REPLAY_SENT,nonce=4000000000,bc_events_m0.2.csv
4.10066,DATA_DROP_REPLAY,"rx=11,sender=0,nonce=4000000000",bc_events_m0.2.csv
4.10066,DATA_DROP_REPLAY,"rx=2,sender=0,nonce=4000000000",bc_events_m0.2.csv
4.10066,DATA_DROP_REPLAY,"rx=1,sender=0,nonce=4000000000",bc_events_m0.2.csv
4.10066,DATA_DROP_REPLAY,"rx=5,sender=0,nonce=4000000000",bc_events_m0.2.csv
4.10066,DATA_DROP_REPLAY,"rx=8,sender=0,nonce=4000000000",bc_events_m0.2.csv
4.10066,DATA_DROP_REPLAY,"rx=10,sender=0,nonce=4000000000",bc_events_m0.2.csv
4.10066,DATA_DROP_REPLAY,"rx=4,sender=0,nonce=4000000000",bc_events_m0.2.csv
4.10066,DATA_DROP_REPLAY,"rx=3,sender=0,nonce=4000000000",bc_events_m0.2.csv
4.10066,DATA_DROP_REPLAY,"rx=7,sender=0,nonce=4000000000",bc_events_m0.2.csv
4.10066,DATA_DROP_REPLAY,"rx=9,sender=0,nonce=4000000000",bc_events_m0.2.csv
4.10066,DATA_DROP_REPLAY,"rx=6,sender=0,nonce=4000000000",bc_events_m0.2.csv
4.10097,DATA_RX_OK,"rx=11,sender=0,delay_s=0.000969",bc_events_m0.2.csv
4.10097,DATA_RX_OK,"rx=2,sender=0,delay_s=0.000969",bc_events_m0.2.csv
4.10097,DATA_RX_OK,"rx=1,sender=0,delay_s=0.000969",bc_events_m0.2.csv
4.10097,DATA_RX_OK,"rx=5,sender=0,delay_s=0.000969",bc_events_m0.2.csv
4.10097,DATA_RX_OK,"rx=8,sender=0,delay_s=0.000969",bc_events_m0.2.csv
4.10097,DATA_RX_OK,"rx=10,sender=0,delay_s=0.000969",bc_events_m0.2.csv
4.10097,DATA_RX_OK,"rx=4,sender=0,delay_s=0.000969",bc_events_m0.2.csv
4.10097,DATA_RX_OK,"rx=3,sender=0,delay_s=0.000969",bc_events_m0.2.csv
4.10097,DATA_RX_OK,"rx=7,sender=0,delay_s=0.000969",bc_events_m0.2.csv
4.10097,DATA_RX_OK,"rx=9,sender=0,delay_s=0.000969",bc_events_m0.2.csv
4.10097,DATA_RX_OK,"rx=6,sender=0,delay_s=0.000969",bc_events_m0.2.csv
4.2,BLOCK_MINE_START,block_next=5,bc_events_m0.2.csv
4.20066,DATA_RX_OK,"rx=11,sender=0,delay_s=0.000662",bc_events_m0.2.csv
4.20066,DATA_RX_OK,"rx=2,sender=0,delay_s=0.000662",bc_events_m0.2.csv
4.20066,DATA_RX_OK,"rx=1,sender=0,delay_s=0.000662",bc_events_m0.2.csv
4.20066,DATA_RX_OK,"rx=5,sender=0,delay_s=0.000662",bc_events_m0.2.csv
4.20066,DATA_RX_OK,"rx=8,sender=0,delay_s=0.000662",bc_events_m0.2.csv
4.20066,DATA_RX_OK,"rx=10,sender=0,delay_s=0.000662",bc_events_m0.2.csv
4.20066,DATA_RX_OK,"rx=4,sender=0,delay_s=0.000662",bc_events_m0.2.csv
4.20066,DATA_RX_OK,"rx=3,sender=0,delay_s=0.000662",bc_events_m0.2.csv
4.20066,DATA_RX_OK,"rx=7,sender=0,delay_s=0.000662",bc_events_m0.2.csv
4.20066,DATA_RX_OK,"rx=9,sender=0,delay_s=0.000662",bc_events_m0.2.csv
4.20066,DATA_RX_OK,"rx=6,sender=0,delay_s=0.000662",bc_events_m0.2.csv
4.25,BLOCK_COMMIT_ITEM,"accused=6,delta=0.020000,trust=0.760000",bc_events_m0.2.csv
4.25,BLOCK_COMMIT_ITEM,"accused=3,delta=0.020000,trust=0.710000",bc_events_m0.2.csv
4.25,BLOCK_COMMIT_ITEM,"accused=9,delta=0.020000,trust=0.720000",bc_events_m0.2.csv
4.25,BLOCK_COMMIT_ITEM,"accused=9,delta=0.020000,trust=0.740000",bc_events_m0.2.csv
4.25,BLOCK_COMMIT_ITEM,"accused=4,delta=0.020000,trust=0.760000",bc_events_m0.2.csv
4.25,BLOCK_COMMIT_ITEM,"accused=5,delta=-0.050000,trust=0.600000",bc_events_m0.2.csv
4.25,BLOCK_COMMIT_ITEM,"accused=6,delta=0.020000,trust=0.780000",bc_events_m0.2.csv
4.25,BLOCK_COMMIT_DONE,"block=5,items=7,lat_s=0.050000",bc_events_m0.2.csv
4.30066,DATA_RX_OK,"rx=11,sender=0,delay_s=0.000662",bc_events_m0.2.csv
4.30066,DATA_RX_OK,"rx=2,sender=0,delay_s=0.000662",bc_events_m0.2.csv
4.30066,DATA_RX_OK,"rx=1,sender=0,delay_s=0.000662",bc_events_m0.2.csv
4.30066,DATA_RX_OK,"rx=8,sender=0,delay_s=0.000662",bc_events_m0.2.csv
4.30066,DATA_RX_OK,"rx=5,sender=0,delay_s=0.000662",bc_events_m0.2.csv
4.30066,DATA_RX_OK,"rx=10,sender=0,delay_s=0.000662",bc_events_m0.2.csv
4.30066,DATA_RX_OK,"rx=4,sender=0,delay_s=0.000662",bc_events_m0.2.csv
4.30066,DATA_RX_OK,"rx=3,sender=0,delay_s=0.000662",bc_events_m0.2.csv
4.30066,DATA_RX_OK,"rx=7,sender=0,delay_s=0.000662",bc_events_m0.2.csv
4.30066,DATA_RX_OK,"rx=9,sender=0,delay_s=0.000662",bc_events_m0.2.csv
4.30066,DATA_RX_OK,"rx=6,sender=0,delay_s=0.000662",bc_events_m0.2.csv
4.4,REPLAY_SENT,nonce=4300000000,bc_events_m0.2.csv
4.40066,DATA_DROP_REPLAY,"rx=11,sender=0,nonce=4300000000",bc_events_m0.2.csv
4.40066,DATA_DROP_REPLAY,"rx=2,sender=0,nonce=4300000000",bc_events_m0.2.csv
4.40066,DATA_DROP_REPLAY,"rx=1,sender=0,nonce=4300000000",bc_events_m0.2.csv
4.40066,DATA_DROP_REPLAY,"rx=8,sender=0,nonce=4300000000",bc_events_m0.2.csv
4.40066,DATA_DROP_REPLAY,"rx=5,sender=0,nonce=4300000000",bc_events_m0.2.csv
4.40066,DATA_DROP_REPLAY,"rx=10,sender=0,nonce=4300000000",bc_events_m0.2.csv
4.40066,DATA_DROP_REPLAY,"rx=4,sender=0,nonce=4300000000",bc_events_m0.2.csv
4.40066,DATA_DROP_REPLAY,"rx=3,sender=0,nonce=4300000000",bc_events_m0.2.csv
4.40066,DATA_DROP_REPLAY,"rx=7,sender=0,nonce=4300000000",bc_events_m0.2.csv
4.40066,DATA_DROP_REPLAY,"rx=9,sender=0,nonce=4300000000",bc_events_m0.2.csv
4.40066,DATA_DROP_REPLAY,"rx=6,sender=0,nonce=4300000000",bc_events_m0.2.csv
4.40101,DATA_RX_OK,"rx=11,sender=0,delay_s=0.001005",bc_events_m0.2.csv
4.40101,DATA_RX_OK,"rx=2,sender=0,delay_s=0.001005",bc_events_m0.2.csv
4.40101,DATA_RX_OK,"rx=1,sender=0,delay_s=0.001005",bc_events_m0.2.csv
4.40101,DATA_RX_OK,"rx=8,sender=0,delay_s=0.001005",bc_events_m0.2.csv
4.40101,DATA_RX_OK,"rx=5,sender=0,delay_s=0.001005",bc_events_m0.2.csv
4.40101,DATA_RX_OK,"rx=10,sender=0,delay_s=0.001005",bc_events_m0.2.csv
4.40101,DATA_RX_OK,"rx=4,sender=0,delay_s=0.001005",bc_events_m0.2.csv
4.40101,DATA_RX_OK,"rx=3,sender=0,delay_s=0.001005",bc_events_m0.2.csv
4.40101,DATA_RX_OK,"rx=7,sender=0,delay_s=0.001005",bc_events_m0.2.csv
4.40101,DATA_RX_OK,"rx=9,sender=0,delay_s=0.001005",bc_events_m0.2.csv
4.40101,DATA_RX_OK,"rx=6,sender=0,delay_s=0.001005",bc_events_m0.2.csv
4.50066,DATA_RX_OK,"rx=11,sender=0,delay_s=0.000662",bc_events_m0.2.csv
4.50066,DATA_RX_OK,"rx=2,sender=0,delay_s=0.000662",bc_events_m0.2.csv
4.50066,DATA_RX_OK,"rx=1,sender=0,delay_s=0.000662",bc_events_m0.2.csv
4.50066,DATA_RX_OK,"rx=8,sender=0,delay_s=0.000662",bc_events_m0.2.csv
4.50066,DATA_RX_OK,"rx=5,sender=0,delay_s=0.000662",bc_events_m0.2.csv
4.50066,DATA_RX_OK,"rx=10,sender=0,delay_s=0.000662",bc_events_m0.2.csv
4.50066,DATA_RX_OK,"rx=4,sender=0,delay_s=0.000662",bc_events_m0.2.csv
4.50066,DATA_RX_OK,"rx=3,sender=0,delay_s=0.000662",bc_events_m0.2.csv
4.50066,DATA_RX_OK,"rx=7,sender=0,delay_s=0.000662",bc_events_m0.2.csv
4.50066,DATA_RX_OK,"rx=9,sender=0,delay_s=0.000662",bc_events_m0.2.csv
4.50066,DATA_RX_OK,"rx=6,sender=0,delay_s=0.000662",bc_events_m0.2.csv
4.60066,DATA_DROP_SIG,"rx=11,sender=0,nonce=4600000000",bc_events_m0.2.csv
4.60066,DATA_DROP_SIG,"rx=2,sender=0,nonce=4600000000",bc_events_m0.2.csv
4.60066,DATA_DROP_SIG,"rx=1,sender=0,nonce=4600000000",bc_events_m0.2.csv
4.60066,DATA_DROP_SIG,"rx=8,sender=0,nonce=4600000000",bc_events_m0.2.csv
4.60066,DATA_DROP_SIG,"rx=5,sender=0,nonce=4600000000",bc_events_m0.2.csv
4.60066,DATA_DROP_SIG,"rx=10,sender=0,nonce=4600000000",bc_events_m0.2.csv
4.60066,DATA_DROP_SIG,"rx=3,sender=0,nonce=4600000000",bc_events_m0.2.csv
4.60066,DATA_DROP_SIG,"rx=4,sender=0,nonce=4600000000",bc_events_m0.2.csv
4.60066,DATA_DROP_SIG,"rx=7,sender=0,nonce=4600000000",bc_events_m0.2.csv
4.60066,DATA_DROP_SIG,"rx=9,sender=0,nonce=4600000000",bc_events_m0.2.csv
4.60066,DATA_DROP_SIG,"rx=6,sender=0,nonce=4600000000",bc_events_m0.2.csv
4.7,REPLAY_SENT,nonce=4600000000,bc_events_m0.2.csv
4.70066,DATA_DROP_SIG,"rx=11,sender=0,nonce=4600000000",bc_events_m0.2.csv
4.70066,DATA_DROP_SIG,"rx=2,sender=0,nonce=4600000000",bc_events_m0.2.csv
4.70066,DATA_DROP_SIG,"rx=1,sender=0,nonce=4600000000",bc_events_m0.2.csv
4.70066,DATA_DROP_SIG,"rx=8,sender=0,nonce=4600000000",bc_events_m0.2.csv
4.70066,DATA_DROP_SIG,"rx=5,sender=0,nonce=4600000000",bc_events_m0.2.csv
4.70066,DATA_DROP_SIG,"rx=10,sender=0,nonce=4600000000",bc_events_m0.2.csv
4.70066,DATA_DROP_SIG,"rx=3,sender=0,nonce=4600000000",bc_events_m0.2.csv
4.70066,DATA_DROP_SIG,"rx=4,sender=0,nonce=4600000000",bc_events_m0.2.csv
4.70066,DATA_DROP_SIG,"rx=7,sender=0,nonce=4600000000",bc_events_m0.2.csv
4.70066,DATA_DROP_SIG,"rx=9,sender=0,nonce=4600000000",bc_events_m0.2.csv
4.70066,DATA_DROP_SIG,"rx=6,sender=0,nonce=4600000000",bc_events_m0.2.csv
4.70098,DATA_RX_OK,"rx=11,sender=0,delay_s=0.000978",bc_events_m0.2.csv
4.70098,DATA_RX_OK,"rx=2,sender=0,delay_s=0.000978",bc_events_m0.2.csv
4.70098,DATA_RX_OK,"rx=1,sender=0,delay_s=0.000978",bc_events_m0.2.csv
4.70098,DATA_RX_OK,"rx=8,sender=0,delay_s=0.000978",bc_events_m0.2.csv
4.70098,DATA_RX_OK,"rx=5,sender=0,delay_s=0.000978",bc_events_m0.2.csv
4.70098,DATA_RX_OK,"rx=10,sender=0,delay_s=0.000978",bc_events_m0.2.csv
4.70098,DATA_RX_OK,"rx=3,sender=0,delay_s=0.000978",bc_events_m0.2.csv
4.70098,DATA_RX_OK,"rx=4,sender=0,delay_s=0.000978",bc_events_m0.2.csv
4.70098,DATA_RX_OK,"rx=7,sender=0,delay_s=0.000978",bc_events_m0.2.csv
4.70098,DATA_RX_OK,"rx=9,sender=0,delay_s=0.000978",bc_events_m0.2.csv
4.70098,DATA_RX_OK,"rx=6,sender=0,delay_s=0.000978",bc_events_m0.2.csv
4.80066,DATA_RX_OK,"rx=11,sender=0,delay_s=0.000662",bc_events_m0.2.csv
4.80066,DATA_RX_OK,"rx=2,sender=0,delay_s=0.000662",bc_events_m0.2.csv
4.80066,DATA_RX_OK,"rx=8,sender=0,delay_s=0.000662",bc_events_m0.2.csv
4.80066,DATA_RX_OK,"rx=1,sender=0,delay_s=0.000662",bc_events_m0.2.csv
4.80066,DATA_RX_OK,"rx=5,sender=0,delay_s=0.000662",bc_events_m0.2.csv
4.80066,DATA_RX_OK,"rx=10,sender=0,delay_s=0.000662",bc_events_m0.2.csv
4.80066,DATA_RX_OK,"rx=3,sender=0,delay_s=0.000662",bc_events_m0.2.csv
4.80066,DATA_RX_OK,"rx=4,sender=0,delay_s=0.000662",bc_events_m0.2.csv
4.80066,DATA_RX_OK,"rx=7,sender=0,delay_s=0.000662",bc_events_m0.2.csv
4.80066,DATA_RX_OK,"rx=9,sender=0,delay_s=0.000662",bc_events_m0.2.csv
4.80066,DATA_RX_OK,"rx=6,sender=0,delay_s=0.000662",bc_events_m0.2.csv
4.90066,DATA_RX_OK,"rx=11,sender=0,delay_s=0.000662",bc_events_m0.2.csv
4.90066,DATA_RX_OK,"rx=2,sender=0,delay_s=0.000662",bc_events_m0.2.csv
4.90066,DATA_RX_OK,"rx=8,sender=0,delay_s=0.000662",bc_events_m0.2.csv
4.90066,DATA_RX_OK,"rx=1,sender=0,delay_s=0.000662",bc_events_m0.2.csv
4.90066,DATA_RX_OK,"rx=5,sender=0,delay_s=0.000662",bc_events_m0.2.csv
4.90066,DATA_RX_OK,"rx=10,sender=0,delay_s=0.000662",bc_events_m0.2.csv
4.90066,DATA_RX_OK,"rx=3,sender=0,delay_s=0.000662",bc_events_m0.2.csv
4.90066,DATA_RX_OK,"rx=7,sender=0,delay_s=0.000662",bc_events_m0.2.csv
4.90066,DATA_RX_OK,"rx=4,sender=0,delay_s=0.000662",bc_events_m0.2.csv
4.90066,DATA_RX_OK,"rx=9,sender=0,delay_s=0.000662",bc_events_m0.2.csv
4.90066,DATA_RX_OK,"rx=6,sender=0,delay_s=0.000662",bc_events_m0.2.csv
5,REPORT_SENT,"by=0,about=1,delta=0.020000",bc_events_m0.2.csv
5,REPORT_SENT,"by=1,about=6,delta=0.020000",bc_events_m0.2.csv
5,REPORT_SENT,"by=2,about=4,delta=-0.050000",bc_events_m0.2.csv
5,REPORT_SENT,"by=3,about=2,delta=0.020000",bc_events_m0.2.csv
5,REPORT_SENT,"by=4,about=8,delta=0.020000",bc_events_m0.2.csv
5,REPORT_SENT,"by=5,about=8,delta=0.020000",bc_events_m0.2.csv
5,REPORT_SENT,"by=6,about=0,delta=0.020000",bc_events_m0.2.csv
5,REPORT_SENT,"by=7,about=6,delta=-0.050000",bc_events_m0.2.csv
5,REPORT_SENT,"by=8,about=2,delta=0.020000",bc_events_m0.2.csv
5,REPORT_SENT,"by=9,about=2,delta=0.020000",bc_events_m0.2.csv
5,REPLAY_SENT,nonce=4900000000,bc_events_m0.2.csv
5.00025,REPORT_RX_RSU,"rsu=10,by=8,about=2,delta=0.020000",bc_events_m0.2.csv
5.00044,REPORT_RX_RSU,"rsu=10,by=0,about=1,delta=0.020000",bc_events_m0.2.csv
5.00077,REPORT_RX_RSU,"rsu=10,by=4,about=8,delta=0.020000",bc_events_m0.2.csv
5.00105,REPORT_RX_RSU,"rsu=10,by=9,about=2,delta=0.020000",bc_events_m0.2.csv
5.00115,DATA_DROP_REPLAY,"rx=11,sender=0,nonce=4900000000",bc_events_m0.2.csv
5.00115,DATA_DROP_REPLAY,"rx=2,sender=0,nonce=4900000000",bc_events_m0.2.csv
5.00115,DATA_DROP_REPLAY,"rx=8,sender=0,nonce=4900000000",bc_events_m0.2.csv
5.00115,DATA_DROP_REPLAY,"rx=1,sender=0,nonce=4900000000",bc_events_m0.2.csv
5.00115,DATA_DROP_REPLAY,"rx=5,sender=0,nonce=4900000000",bc_events_m0.2.csv
5.00115,DATA_DROP_REPLAY,"rx=3,sender=0,nonce=4900000000",bc_events_m0.2.csv
5.0016,DATA_RX_OK,"rx=11,sender=0,delay_s=0.001598",bc_events_m0.2.csv
5.0016,DATA_RX_OK,"rx=2,sender=0,delay_s=0.001598",bc_events_m0.2.csv
5.0016,DATA_RX_OK,"rx=8,sender=0,delay_s=0.001598",bc_events_m0.2.csv
5.0016,DATA_RX_OK,"rx=1,sender=0,delay_s=0.001598",bc_events_m0.2.csv
5.0016,DATA_RX_OK,"rx=5,sender=0,delay_s=0.001598",bc_events_m0.2.csv
5.0016,DATA_RX_OK,"rx=10,sender=0,delay_s=0.001598",bc_events_m0.2.csv
5.0016,DATA_RX_OK,"rx=7,sender=0,delay_s=0.001598",bc_events_m0.2.csv
5.0016,DATA_RX_OK,"rx=3,sender=0,delay_s=0.001598",bc_events_m0.2.csv
5.0016,DATA_RX_OK,"rx=4,sender=0,delay_s=0.001598",bc_events_m0.2.csv
5.0016,DATA_RX_OK,"rx=9,sender=0,delay_s=0.001598",bc_events_m0.2.csv
5.0016,DATA_RX_OK,"rx=6,sender=0,delay_s=0.001598",bc_events_m0.2.csv
5.00161,REPORT_RX_RSU,"rsu=10,by=7,about=6,delta=-0.050000",bc_events_m0.2.csv
5.00191,REPORT_RX_RSU,"rsu=10,by=1,about=6,delta=0.020000",bc_events_m0.2.csv
5.00216,REPORT_RX_RSU,"rsu=10,by=5,about=8,delta=0.020000",bc_events_m0.2.csv
5.10066,DATA_RX_OK,"rx=11,sender=0,delay_s=0.000662",bc_events_m0.2.csv
5.10066,DATA_RX_OK,"rx=2,sender=0,delay_s=0.000662",bc_events_m0.2.csv
5.10066,DATA_RX_OK,"rx=8,sender=0,delay_s=0.000662",bc_events_m0.2.csv
5.10066,DATA_RX_OK,"rx=1,sender=0,delay_s=0.000662",bc_events_m0.2.csv
5.10066,DATA_RX_OK,"rx=5,sender=0,delay_s=0.000662",bc_events_m0.2.csv
5.10066,DATA_RX_OK,"rx=10,sender=0,delay_s=0.000662",bc_events_m0.2.csv
5.10066,DATA_RX_OK,"rx=3,sender=0,delay_s=0.000662",bc_events_m0.2.csv
5.10066,DATA_RX_OK,"rx=7,sender=0,delay_s=0.000662",bc_events_m0.2.csv
5.10066,DATA_RX_OK,"rx=4,sender=0,delay_s=0.000662",bc_events_m0.2.csv
5.10066,DATA_RX_OK,"rx=9,sender=0,delay_s=0.000662",bc_events_m0.2.csv
5.10066,DATA_RX_OK,"rx=6,sender=0,delay_s=0.000662",bc_events_m0.2.csv
5.20066,DATA_RX_OK,"rx=11,sender=0,delay_s=0.000662",bc_events_m0.2.csv
5.20066,DATA_RX_OK,"rx=2,sender=0,delay_s=0.000662",bc_events_m0.2.csv
5.20066,DATA_RX_OK,"rx=8,sender=0,delay_s=0.000662",bc_events_m0.2.csv
5.20066,DATA_RX_OK,"rx=1,sender=0,delay_s=0.000662",bc_events_m0.2.csv
5.20066,DATA_RX_OK,"rx=5,sender=0,delay_s=0.000662",bc_events_m0.2.csv
5.20066,DATA_RX_OK,"rx=10,sender=0,delay_s=0.000662",bc_events_m0.2.csv
5.20066,DATA_RX_OK,"rx=3,sender=0,delay_s=0.000662",bc_events_m0.2.csv
5.20066,DATA_RX_OK,"rx=7,sender=0,delay_s=0.000662",bc_events_m0.2.csv
5.20066,DATA_RX_OK,"rx=4,sender=0,delay_s=0.000662",bc_events_m0.2.csv
5.20066,DATA_RX_OK,"rx=9,sender=0,delay_s=0.000662",bc_events_m0.2.csv
5.20066,DATA_RX_OK,"rx=6,sender=0,delay_s=0.000662",bc_events_m0.2.csv
5.25,BLOCK_MINE_START,block_next=6,bc_events_m0.2.csv
5.3,REPLAY_SENT,nonce=5200000000,bc_events_m0.2.csv
5.3,BLOCK_COMMIT_ITEM,"accused=2,delta=0.020000,trust=0.800000",bc_events_m0.2.csv
5.3,BLOCK_COMMIT_ITEM,"accused=1,delta=0.020000,trust=0.670000",bc_events_m0.2.csv
5.3,BLOCK_COMMIT_ITEM,"accused=8,delta=0.020000,trust=0.750000",bc_events_m0.2.csv
5.3,BLOCK_COMMIT_ITEM,"accused=2,delta=0.020000,trust=0.820000",bc_events_m0.2.csv
5.3,BLOCK_COMMIT_ITEM,"accused=6,delta=-0.050000,trust=0.730000",bc_events_m0.2.csv
5.3,BLOCK_COMMIT_ITEM,"accused=6,delta=0.020000,trust=0.750000",bc_events_m0.2.csv
5.3,BLOCK_COMMIT_ITEM,"accused=8,delta=0.020000,trust=0.770000",bc_events_m0.2.csv
5.3,BLOCK_COMMIT_DONE,"block=6,items=7,lat_s=0.050000",bc_events_m0.2.csv
5.30066,DATA_DROP_REPLAY,"rx=11,sender=0,nonce=5200000000",bc_events_m0.2.csv
5.30066,DATA_DROP_REPLAY,"rx=2,sender=0,nonce=5200000000",bc_events_m0.2.csv
5.30066,DATA_DROP_REPLAY,"rx=8,sender=0,nonce=5200000000",bc_events_m0.2.csv
5.30066,DATA_DROP_REPLAY,"rx=1,sender=0,nonce=5200000000",bc_events_m0.2.csv
5.30066,DATA_DROP_REPLAY,"rx=5,sender=0,nonce=5200000000",bc_events_m0.2.csv
5.30066,DATA_DROP_REPLAY,"rx=10,sender=0,nonce=5200000000",bc_events_m0.2.csv
5.30066,DATA_DROP_REPLAY,"rx=3,sender=0,nonce=5200000000",bc_events_m0.2.csv
5.30066,DATA_DROP_REPLAY,"rx=7,sender=0,nonce=5200000000",bc_events_m0.2.csv
5.30066,DATA_DROP_REPLAY,"rx=4,sender=0,nonce=5200000000",bc_events_m0.2.csv
5.30066,DATA_DROP_REPLAY,"rx=9,sender=0,nonce=5200000000",bc_events_m0.2.csv
5.30066,DATA_DROP_REPLAY,"rx=6,sender=0,nonce=5200000000",bc_events_m0.2.csv
5.30094,DATA_RX_OK,"rx=11,sender=0,delay_s=0.000942",bc_events_m0.2.csv
5.30094,DATA_RX_OK,"rx=2,sender=0,delay_s=0.000942",bc_events_m0.2.csv
5.30094,DATA_RX_OK,"rx=8,sender=0,delay_s=0.000942",bc_events_m0.2.csv
5.30094,DATA_RX_OK,"rx=1,sender=0,delay_s=0.000942",bc_events_m0.2.csv
5.30094,DATA_RX_OK,"rx=5,sender=0,delay_s=0.000942",bc_events_m0.2.csv
5.30094,DATA_RX_OK,"rx=10,sender=0,delay_s=0.000942",bc_events_m0.2.csv
5.30094,DATA_RX_OK,"rx=3,sender=0,delay_s=0.000942",bc_events_m0.2.csv
5.30094,DATA_RX_OK,"rx=7,sender=0,delay_s=0.000942",bc_events_m0.2.csv
5.30094,DATA_RX_OK,"rx=4,sender=0,delay_s=0.000942",bc_events_m0.2.csv
5.30094,DATA_RX_OK,"rx=9,sender=0,delay_s=0.000942",bc_events_m0.2.csv
5.30094,DATA_RX_OK,"rx=6,sender=0,delay_s=0.000942",bc_events_m0.2.csv
5.40066,DATA_RX_OK,"rx=11,sender=0,delay_s=0.000662",bc_events_m0.2.csv
5.40066,DATA_RX_OK,"rx=2,sender=0,delay_s=0.000662",bc_events_m0.2.csv
5.40066,DATA_RX_OK,"rx=1,sender=0,delay_s=0.000662",bc_events_m0.2.csv
5.40066,DATA_RX_OK,"rx=8,sender=0,delay_s=0.000662",bc_events_m0.2.csv
5.40066,DATA_RX_OK,"rx=5,sender=0,delay_s=0.000662",bc_events_m0.2.csv
5.40066,DATA_RX_OK,"rx=10,sender=0,delay_s=0.000662",bc_events_m0.2.csv
5.40066,DATA_RX_OK,"rx=3,sender=0,delay_s=0.000662",bc_events_m0.2.csv
5.40066,DATA_RX_OK,"rx=7,sender=0,delay_s=0.000662",bc_events_m0.2.csv
5.40066,DATA_RX_OK,"rx=4,sender=0,delay_s=0.000662",bc_events_m0.2.csv
5.40066,DATA_RX_OK,"rx=9,sender=0,delay_s=0.000662",bc_events_m0.2.csv
5.40066,DATA_RX_OK,"rx=6,sender=0,delay_s=0.000662",bc_events_m0.2.csv
5.50066,DATA_DROP_SIG,"rx=11,sender=0,nonce=5500000000",bc_events_m0.2.csv
5.50066,DATA_DROP_SIG,"rx=2,sender=0,nonce=5500000000",bc_events_m0.2.csv
5.50066,DATA_DROP_SIG,"rx=1,sender=0,nonce=5500000000",bc_events_m0.2.csv
5.50066,DATA_DROP_SIG,"rx=5,sender=0,nonce=5500000000",bc_events_m0.2.csv
5.50066,DATA_DROP_SIG,"rx=8,sender=0,nonce=5500000000",bc_events_m0.2.csv
5.50066,DATA_DROP_SIG,"rx=10,sender=0,nonce=5500000000",bc_events_m0.2.csv
5.50066,DATA_DROP_SIG,"rx=3,sender=0,nonce=5500000000",bc_events_m0.2.csv
5.50066,DATA_DROP_SIG,"rx=7,sender=0,nonce=5500000000",bc_events_m0.2.csv
5.50066,DATA_DROP_SIG,"rx=4,sender=0,nonce=5500000000",bc_events_m0.2.csv
5.50066,DATA_DROP_SIG,"rx=9,sender=0,nonce=5500000000",bc_events_m0.2.csv
5.50066,DATA_DROP_SIG,"rx=6,sender=0,nonce=5500000000",bc_events_m0.2.csv
5.6,REPLAY_SENT,nonce=5500000000,bc_events_m0.2.csv
5.60066,DATA_DROP_SIG,"rx=11,sender=0,nonce=5500000000",bc_events_m0.2.csv
5.60066,DATA_DROP_SIG,"rx=2,sender=0,nonce=5500000000",bc_events_m0.2.csv
5.60066,DATA_DROP_SIG,"rx=5,sender=0,nonce=5500000000",bc_events_m0.2.csv
5.60066,DATA_DROP_SIG,"rx=1,sender=0,nonce=5500000000",bc_events_m0.2.csv
5.60066,DATA_DROP_SIG,"rx=8,sender=0,nonce=5500000000",bc_events_m0.2.csv
5.60066,DATA_DROP_SIG,"rx=10,sender=0,nonce=5500000000",bc_events_m0.2.csv
5.60066,DATA_DROP_SIG,"rx=3,sender=0,nonce=5500000000",bc_events_m0.2.csv
5.60066,DATA_DROP_SIG,"rx=7,sender=0,nonce=5500000000",bc_events_m0.2.csv
5.60066,DATA_DROP_SIG,"rx=4,sender=0,nonce=5500000000",bc_events_m0.2.csv
5.60066,DATA_DROP_SIG,"rx=9,sender=0,nonce=5500000000",bc_events_m0.2.csv
5.60066,DATA_DROP_SIG,"rx=6,sender=0,nonce=5500000000",bc_events_m0.2.csv
5.60097,DATA_RX_OK,"rx=11,sender=0,delay_s=0.000969",bc_events_m0.2.csv
5.60097,DATA_RX_OK,"rx=2,sender=0,delay_s=0.000969",bc_events_m0.2.csv
5.60097,DATA_RX_OK,"rx=5,sender=0,delay_s=0.000969",bc_events_m0.2.csv
5.60097,DATA_RX_OK,"rx=1,sender=0,delay_s=0.000969",bc_events_m0.2.csv
5.60097,DATA_RX_OK,"rx=8,sender=0,delay_s=0.000969",bc_events_m0.2.csv
5.60097,DATA_RX_OK,"rx=10,sender=0,delay_s=0.000969",bc_events_m0.2.csv
5.60097,DATA_RX_OK,"rx=3,sender=0,delay_s=0.000969",bc_events_m0.2.csv
5.60097,DATA_RX_OK,"rx=7,sender=0,delay_s=0.000969",bc_events_m0.2.csv
5.60097,DATA_RX_OK,"rx=4,sender=0,delay_s=0.000969",bc_events_m0.2.csv
5.60097,DATA_RX_OK,"rx=9,sender=0,delay_s=0.000969",bc_events_m0.2.csv
5.60097,DATA_RX_OK,"rx=6,sender=0,delay_s=0.000969",bc_events_m0.2.csv
5.70066,DATA_RX_OK,"rx=11,sender=0,delay_s=0.000662",bc_events_m0.2.csv
5.70066,DATA_RX_OK,"rx=2,sender=0,delay_s=0.000662",bc_events_m0.2.csv
5.70066,DATA_RX_OK,"rx=5,sender=0,delay_s=0.000662",bc_events_m0.2.csv
5.70066,DATA_RX_OK,"rx=1,sender=0,delay_s=0.000662",bc_events_m0.2.csv
5.70066,DATA_RX_OK,"rx=8,sender=0,delay_s=0.000662",bc_events_m0.2.csv
5.70066,DATA_RX_OK,"rx=10,sender=0,delay_s=0.000662",bc_events_m0.2.csv
5.70066,DATA_RX_OK,"rx=3,sender=0,delay_s=0.000662",bc_events_m0.2.csv
5.70066,DATA_RX_OK,"rx=7,sender=0,delay_s=0.000662",bc_events_m0.2.csv
5.70066,DATA_RX_OK,"rx=4,sender=0,delay_s=0.000662",bc_events_m0.2.csv
5.70066,DATA_RX_OK,"rx=9,sender=0,delay_s=0.000662",bc_events_m0.2.csv
5.70066,DATA_RX_OK,"rx=6,sender=0,delay_s=0.000662",bc_events_m0.2.csv
5.80066,DATA_RX_OK,"rx=11,sender=0,delay_s=0.000662",bc_events_m0.2.csv
5.80066,DATA_RX_OK,"rx=5,sender=0,delay_s=0.000662",bc_events_m0.2.csv
5.80066,DATA_RX_OK,"rx=2,sender=0,delay_s=0.000662",bc_events_m0.2.csv
5.80066,DATA_RX_OK,"rx=1,sender=0,delay_s=0.000662",bc_events_m0.2.csv
5.80066,DATA_RX_OK,"rx=8,sender=0,delay_s=0.000662",bc_events_m0.2.csv
5.80066,DATA_RX_OK,"rx=10,sender=0,delay_s=0.000662",bc_events_m0.2.csv
5.80066,DATA_RX_OK,"rx=3,sender=0,delay_s=0.000662",bc_events_m0.2.csv
5.80066,DATA_RX_OK,"rx=7,sender=0,delay_s=0.000662",bc_events_m0.2.csv
5.80066,DATA_RX_OK,"rx=4,sender=0,delay_s=0.000662",bc_events_m0.2.csv
5.80066,DATA_RX_OK,"rx=9,sender=0,delay_s=0.000662",bc_events_m0.2.csv
5.80066,DATA_RX_OK,"rx=6,sender=0,delay_s=0.000662",bc_events_m0.2.csv
5.9,REPLAY_SENT,nonce=5800000000,bc_events_m0.2.csv
5.90066,DATA_DROP_REPLAY,"rx=11,sender=0,nonce=5800000000",bc_events_m0.2.csv
5.90066,DATA_DROP_REPLAY,"rx=5,sender=0,nonce=5800000000",bc_events_m0.2.csv
5.90066,DATA_DROP_REPLAY,"rx=2,sender=0,nonce=5800000000",bc_events_m0.2.csv
5.90066,DATA_DROP_REPLAY,"rx=1,sender=0,nonce=5800000000",bc_events_m0.2.csv
5.90066,DATA_DROP_REPLAY,"rx=8,sender=0,nonce=5800000000",bc_events_m0.2.csv
5.90066,DATA_DROP_REPLAY,"rx=10,sender=0,nonce=5800000000",bc_events_m0.2.csv
5.90066,DATA_DROP_REPLAY,"rx=3,sender=0,nonce=5800000000",bc_events_m0.2.csv
5.90066,DATA_DROP_REPLAY,"rx=7,sender=0,nonce=5800000000",bc_events_m0.2.csv
5.90066,DATA_DROP_REPLAY,"rx=4,sender=0,nonce=5800000000",bc_events_m0.2.csv
5.90066,DATA_DROP_REPLAY,"rx=9,sender=0,nonce=5800000000",bc_events_m0.2.csv
5.90066,DATA_DROP_REPLAY,"rx=6,sender=0,nonce=5800000000",bc_events_m0.2.csv
5.90092,DATA_RX_OK,"rx=11,sender=0,delay_s=0.000924",bc_events_m0.2.csv
5.90092,DATA_RX_OK,"rx=5,sender=0,delay_s=0.000924",bc_events_m0.2.csv
5.90092,DATA_RX_OK,"rx=2,sender=0,delay_s=0.000924",bc_events_m0.2.csv
5.90092,DATA_RX_OK,"rx=1,sender=0,delay_s=0.000924",bc_events_m0.2.csv
5.90092,DATA_RX_OK,"rx=8,sender=0,delay_s=0.000924",bc_events_m0.2.csv
5.90092,DATA_RX_OK,"rx=10,sender=0,delay_s=0.000924",bc_events_m0.2.csv
5.90092,DATA_RX_OK,"rx=3,sender=0,delay_s=0.000924",bc_events_m0.2.csv
5.90092,DATA_RX_OK,"rx=7,sender=0,delay_s=0.000924",bc_events_m0.2.csv
5.90092,DATA_RX_OK,"rx=4,sender=0,delay_s=0.000924",bc_events_m0.2.csv
5.90092,DATA_RX_OK,"rx=9,sender=0,delay_s=0.000924",bc_events_m0.2.csv
5.90092,DATA_RX_OK,"rx=6,sender=0,delay_s=0.000924",bc_events_m0.2.csv
6,REPORT_SENT,"by=0,about=9,delta=-0.050000",bc_events_m0.2.csv
6,REPORT_SENT,"by=1,about=7,delta=0.020000",bc_events_m0.2.csv
6,REPORT_SENT,"by=2,about=0,delta=-0.050000",bc_events_m0.2.csv
6,REPORT_SENT,"by=3,about=4,delta=0.020000",bc_events_m0.2.csv
6,REPORT_SENT,"by=4,about=2,delta=0.020000",bc_events_m0.2.csv
6,REPORT_SENT,"by=5,about=8,delta=0.020000",bc_events_m0.2.csv
6,REPORT_SENT,"by=6,about=8,delta=0.020000",bc_events_m0.2.csv
6,REPORT_SENT,"by=7,about=2,delta=0.020000",bc_events_m0.2.csv
6,REPORT_SENT,"by=8,about=7,delta=-0.050000",bc_events_m0.2.csv
6,REPORT_SENT,"by=9,about=3,delta=0.020000",bc_events_m0.2.csv
6.00019,REPORT_RX_RSU,"rsu=10,by=1,about=7,delta=0.020000",bc_events_m0.2.csv
6.00049,REPORT_RX_RSU,"rsu=10,by=5,about=8,delta=0.020000",bc_events_m0.2.csv
6.00062,REPORT_RX_RSU,"rsu=10,by=9,about=3,delta=0.020000",bc_events_m0.2.csv
6.00079,REPORT_RX_RSU,"rsu=10,by=0,about=9,delta=-0.050000",bc_events_m0.2.csv
6.00097,REPORT_RX_RSU,"rsu=10,by=4,about=2,delta=0.020000",bc_events_m0.2.csv
6.00115,REPORT_RX_RSU,"rsu=10,by=8,about=7,delta=-0.050000",bc_events_m0.2.csv
6.00165,REPORT_RX_RSU,"rsu=10,by=7,about=2,delta=0.020000",bc_events_m0.2.csv
6.00167,DATA_DROP_SIG,"rx=11,sender=0,nonce=6000000000",bc_events_m0.2.csv
6.00167,DATA_DROP_SIG,"rx=5,sender=0,nonce=6000000000",bc_events_m0.2.csv
6.00167,DATA_DROP_SIG,"rx=2,sender=0,nonce=6000000000",bc_events_m0.2.csv
6.00167,DATA_DROP_SIG,"rx=1,sender=0,nonce=6000000000",bc_events_m0.2.csv
6.00167,DATA_DROP_SIG,"rx=8,sender=0,nonce=6000000000",bc_events_m0.2.csv
6.00167,DATA_DROP_SIG,"rx=10,sender=0,nonce=6000000000",bc_events_m0.2.csv
6.00167,DATA_DROP_SIG,"rx=3,sender=0,nonce=6000000000",bc_events_m0.2.csv
6.00167,DATA_DROP_SIG,"rx=7,sender=0,nonce=6000000000",bc_events_m0.2.csv
6.00167,DATA_DROP_SIG,"rx=4,sender=0,nonce=6000000000",bc_events_m0.2.csv
6.00167,DATA_DROP_SIG,"rx=9,sender=0,nonce=6000000000",bc_events_m0.2.csv
6.00167,DATA_DROP_SIG,"rx=6,sender=0,nonce=6000000000",bc_events_m0.2.csv
6.10066,DATA_RX_OK,"rx=11,sender=0,delay_s=0.000662",bc_events_m0.2.csv
6.10066,DATA_RX_OK,"rx=5,sender=0,delay_s=0.000662",bc_events_m0.2.csv
6.10066,DATA_RX_OK,"rx=1,sender=0,delay_s=0.000662",bc_events_m0.2.csv
6.10066,DATA_RX_OK,"rx=2,sender=0,delay_s=0.000662",bc_events_m0.2.csv
6.10066,DATA_RX_OK,"rx=8,sender=0,delay_s=0.000662",bc_events_m0.2.csv
6.10066,DATA_RX_OK,"rx=3,sender=0,delay_s=0.000662",bc_events_m0.2.csv
6.10066,DATA_RX_OK,"rx=10,sender=0,delay_s=0.000662",bc_events_m0.2.csv
6.10066,DATA_RX_OK,"rx=7,sender=0,delay_s=0.000662",bc_events_m0.2.csv
6.10066,DATA_RX_OK,"rx=9,sender=0,delay_s=0.000662",bc_events_m0.2.csv
6.10066,DATA_RX_OK,"rx=4,sender=0,delay_s=0.000662",bc_events_m0.2.csv
6.10066,DATA_RX_OK,"rx=6,sender=0,delay_s=0.000662",bc_events_m0.2.csv
6.2,REPLAY_SENT,nonce=6100000000,bc_events_m0.2.csv
6.20066,DATA_DROP_REPLAY,"rx=11,sender=0,nonce=6100000000",bc_events_m0.2.csv
6.20066,DATA_DROP_REPLAY,"rx=5,sender=0,nonce=6100000000",bc_events_m0.2.csv
6.20066,DATA_DROP_REPLAY,"rx=1,sender=0,nonce=6100000000",bc_events_m0.2.csv
6.20066,DATA_DROP_REPLAY,"rx=2,sender=0,nonce=6100000000",bc_events_m0.2.csv
6.20066,DATA_DROP_REPLAY,"rx=8,sender=0,nonce=6100000000",bc_events_m0.2.csv
6.20066,DATA_DROP_REPLAY,"rx=3,sender=0,nonce=6100000000",bc_events_m0.2.csv
6.20066,DATA_DROP_REPLAY,"rx=10,sender=0,nonce=6100000000",bc_events_m0.2.csv
6.20066,DATA_DROP_REPLAY,"rx=7,sender=0,nonce=6100000000",bc_events_m0.2.csv
6.20066,DATA_DROP_REPLAY,"rx=9,sender=0,nonce=6100000000",bc_events_m0.2.csv
6.20066,DATA_DROP_REPLAY,"rx=4,sender=0,nonce=6100000000",bc_events_m0.2.csv
6.20066,DATA_DROP_REPLAY,"rx=6,sender=0,nonce=6100000000",bc_events_m0.2.csv
6.20098,DATA_RX_OK,"rx=11,sender=0,delay_s=0.000978",bc_events_m0.2.csv
6.20098,DATA_RX_OK,"rx=5,sender=0,delay_s=0.000978",bc_events_m0.2.csv
6.20098,DATA_RX_OK,"rx=1,sender=0,delay_s=0.000978",bc_events_m0.2.csv
6.20098,DATA_RX_OK,"rx=2,sender=0,delay_s=0.000978",bc_events_m0.2.csv
6.20098,DATA_RX_OK,"rx=8,sender=0,delay_s=0.000978",bc_events_m0.2.csv
6.20098,DATA_RX_OK,"rx=3,sender=0,delay_s=0.000978",bc_events_m0.2.csv
6.20098,DATA_RX_OK,"rx=10,sender=0,delay_s=0.000978",bc_events_m0.2.csv
6.20098,DATA_RX_OK,"rx=7,sender=0,delay_s=0.000978",bc_events_m0.2.csv
6.20098,DATA_RX_OK,"rx=9,sender=0,delay_s=0.000978",bc_events_m0.2.csv
6.20098,DATA_RX_OK,"rx=4,sender=0,delay_s=0.000978",bc_events_m0.2.csv
6.20098,DATA_RX_OK,"rx=6,sender=0,delay_s=0.000978",bc_events_m0.2.csv
6.3,BLOCK_MINE_START,block_next=7,bc_events_m0.2.csv
6.30066,DATA_RX_OK,"rx=11,sender=0,delay_s=0.000662",bc_events_m0.2.csv
6.30066,DATA_RX_OK,"rx=5,sender=0,delay_s=0.000662",bc_events_m0.2.csv
6.30066,DATA_RX_OK,"rx=1,sender=0,delay_s=0.000662",bc_events_m0.2.csv
6.30066,DATA_RX_OK,"rx=2,sender=0,delay_s=0.000662",bc_events_m0.2.csv
6.30066,DATA_RX_OK,"rx=8,sender=0,delay_s=0.000662",bc_events_m0.2.csv
6.30066,DATA_RX_OK,"rx=3,sender=0,delay_s=0.000662",bc_events_m0.2.csv
6.30066,DATA_RX_OK,"rx=10,sender=0,delay_s=0.000662",bc_events_m0.2.csv
6.30066,DATA_RX_OK,"rx=7,sender=0,delay_s=0.000662",bc_events_m0.2.csv
6.30066,DATA_RX_OK,"rx=9,sender=0,delay_s=0.000662",bc_events_m0.2.csv
6.30066,DATA_RX_OK,"rx=4,sender=0,delay_s=0.000662",bc_events_m0.2.csv
6.30066,DATA_RX_OK,"rx=6,sender=0,delay_s=0.000662",bc_events_m0.2.csv
6.35,BLOCK_COMMIT_ITEM,"accused=7,delta=0.020000,trust=0.740000",bc_events_m0.2.csv
6.35,BLOCK_COMMIT_ITEM,"accused=8,delta=0.020000,trust=0.790000",bc_events_m0.2.csv
6.35,BLOCK_COMMIT_ITEM,"accused=3,delta=0.020000,trust=0.730000",bc_events_m0.2.csv
6.35,BLOCK_COMMIT_ITEM,"accused=9,delta=-0.050000,trust=0.690000",bc_events_m0.2.csv
6.35,BLOCK_COMMIT_ITEM,"accused=2,delta=0.020000,trust=0.840000",bc_events_m0.2.csv
6.35,BLOCK_COMMIT_ITEM,"accused=7,delta=-0.050000,trust=0.690000",bc_events_m0.2.csv
6.35,BLOCK_COMMIT_ITEM,"accused=2,delta=0.020000,trust=0.860000",bc_events_m0.2.csv
6.35,BLOCK_COMMIT_DONE,"block=7,items=7,lat_s=0.050000",bc_events_m0.2.csv
6.40066,DATA_DROP_SIG,"rx=11,sender=0,nonce=6400000000",bc_events_m0.2.csv
6.40066,DATA_DROP_SIG,"rx=5,sender=0,nonce=6400000000",bc_events_m0.2.csv
6.40066,DATA_DROP_SIG,"rx=1,sender=0,nonce=6400000000",bc_events_m0.2.csv
6.40066,DATA_DROP_SIG,"rx=2,sender=0,nonce=6400000000",bc_events_m0.2.csv
6.40066,DATA_DROP_SIG,"rx=8,sender=0,nonce=6400000000",bc_events_m0.2.csv
6.40066,DATA_DROP_SIG,"rx=3,sender=0,nonce=6400000000",bc_events_m0.2.csv
6.40066,DATA_DROP_SIG,"rx=10,sender=0,nonce=6400000000",bc_events_m0.2.csv
6.40066,DATA_DROP_SIG,"rx=7,sender=0,nonce=6400000000",bc_events_m0.2.csv
6.40066,DATA_DROP_SIG,"rx=9,sender=0,nonce=6400000000",bc_events_m0.2.csv
6.40066,DATA_DROP_SIG,"rx=4,sender=0,nonce=6400000000",bc_events_m0.2.csv
6.40066,DATA_DROP_SIG,"rx=6,sender=0,nonce=6400000000",bc_events_m0.2.csv
6.5,REPLAY_SENT,nonce=6400000000,bc_events_m0.2.csv
6.50066,DATA_DROP_SIG,"rx=11,sender=0,nonce=6400000000",bc_events_m0.2.csv
6.50066,DATA_DROP_SIG,"rx=5,sender=0,nonce=6400000000",bc_events_m0.2.csv
6.50066,DATA_DROP_SIG,"rx=1,sender=0,nonce=6400000000",bc_events_m0.2.csv
6.50066,DATA_DROP_SIG,"rx=2,sender=0,nonce=6400000000",bc_events_m0.2.csv
6.50066,DATA_DROP_SIG,"rx=8,sender=0,nonce=6400000000",bc_events_m0.2.csv
6.50066,DATA_DROP_SIG,"rx=3,sender=0,nonce=6400000000",bc_events_m0.2.csv
6.50066,DATA_DROP_SIG,"rx=10,sender=0,nonce=6400000000",bc_events_m0.2.csv
6.50066,DATA_DROP_SIG,"rx=7,sender=0,nonce=6400000000",bc_events_m0.2.csv
6.50066,DATA_DROP_SIG,"rx=9,sender=0,nonce=6400000000",bc_events_m0.2.csv
6.50066,DATA_DROP_SIG,"rx=4,sender=0,nonce=6400000000",bc_events_m0.2.csv
6.50066,DATA_DROP_SIG,"rx=6,sender=0,nonce=6400000000",bc_events_m0.2.csv
6.50097,DATA_RX_OK,"rx=11,sender=0,delay_s=0.000969",bc_events_m0.2.csv
6.50097,DATA_RX_OK,"rx=5,sender=0,delay_s=0.000969",bc_events_m0.2.csv
6.50097,DATA_RX_OK,"rx=1,sender=0,delay_s=0.000969",bc_events_m0.2.csv
6.50097,DATA_RX_OK,"rx=2,sender=0,delay_s=0.000969",bc_events_m0.2.csv
6.50097,DATA_RX_OK,"rx=8,sender=0,delay_s=0.000969",bc_events_m0.2.csv
6.50097,DATA_RX_OK,"rx=3,sender=0,delay_s=0.000969",bc_events_m0.2.csv
6.50097,DATA_RX_OK,"rx=10,sender=0,delay_s=0.000969",bc_events_m0.2.csv
6.50097,DATA_RX_OK,"rx=7,sender=0,delay_s=0.000969",bc_events_m0.2.csv
6.50097,DATA_RX_OK,"rx=9,sender=0,delay_s=0.000969",bc_events_m0.2.csv
6.50097,DATA_RX_OK,"rx=4,sender=0,delay_s=0.000969",bc_events_m0.2.csv
6.50097,DATA_RX_OK,"rx=6,sender=0,delay_s=0.000969",bc_events_m0.2.csv
6.60066,DATA_DROP_SIG,"rx=11,sender=0,nonce=6600000000",bc_events_m0.2.csv
6.60066,DATA_DROP_SIG,"rx=5,sender=0,nonce=6600000000",bc_events_m0.2.csv
6.60066,DATA_DROP_SIG,"rx=1,sender=0,nonce=6600000000",bc_events_m0.2.csv
6.60066,DATA_DROP_SIG,"rx=2,sender=0,nonce=6600000000",bc_events_m0.2.csv
6.60066,DATA_DROP_SIG,"rx=8,sender=0,nonce=6600000000",bc_events_m0.2.csv
6.60066,DATA_DROP_SIG,"rx=3,sender=0,nonce=6600000000",bc_events_m0.2.csv
6.60066,DATA_DROP_SIG,"rx=10,sender=0,nonce=6600000000",bc_events_m0.2.csv
6.60066,DATA_DROP_SIG,"rx=7,sender=0,nonce=6600000000",bc_events_m0.2.csv
6.60066,DATA_DROP_SIG,"rx=9,sender=0,nonce=6600000000",bc_events_m0.2.csv
6.60066,DATA_DROP_SIG,"rx=4,sender=0,nonce=6600000000",bc_events_m0.2.csv
6.60066,DATA_DROP_SIG,"rx=6,sender=0,nonce=6600000000",bc_events_m0.2.csv
6.70066,DATA_RX_OK,"rx=11,sender=0,delay_s=0.000662",bc_events_m0.2.csv
6.70066,DATA_RX_OK,"rx=5,sender=0,delay_s=0.000662",bc_events_m0.2.csv
6.70066,DATA_RX_OK,"rx=1,sender=0,delay_s=0.000662",bc_events_m0.2.csv
6.70066,DATA_RX_OK,"rx=2,sender=0,delay_s=0.000662",bc_events_m0.2.csv
6.70066,DATA_RX_OK,"rx=8,sender=0,delay_s=0.000662",bc_events_m0.2.csv
6.70066,DATA_RX_OK,"rx=3,sender=0,delay_s=0.000662",bc_events_m0.2.csv
6.70066,DATA_RX_OK,"rx=10,sender=0,delay_s=0.000662",bc_events_m0.2.csv
6.70066,DATA_RX_OK,"rx=7,sender=0,delay_s=0.000662",bc_events_m0.2.csv
6.70066,DATA_RX_OK,"rx=9,sender=0,delay_s=0.000662",bc_events_m0.2.csv
6.70066,DATA_RX_OK,"rx=4,sender=0,delay_s=0.000662",bc_events_m0.2.csv
6.70066,DATA_RX_OK,"rx=6,sender=0,delay_s=0.000662",bc_events_m0.2.csv
6.8,REPLAY_SENT,nonce=6700000000,bc_events_m0.2.csv
6.80066,DATA_DROP_REPLAY,"rx=11,sender=0,nonce=6700000000",bc_events_m0.2.csv
6.80066,DATA_DROP_REPLAY,"rx=5,sender=0,nonce=6700000000",bc_events_m0.2.csv
6.80066,DATA_DROP_REPLAY,"rx=1,sender=0,nonce=6700000000",bc_events_m0.2.csv
6.80066,DATA_DROP_REPLAY,"rx=2,sender=0,nonce=6700000000",bc_events_m0.2.csv
6.80066,DATA_DROP_REPLAY,"rx=8,sender=0,nonce=6700000000",bc_events_m0.2.csv
6.80066,DATA_DROP_REPLAY,"rx=3,sender=0,nonce=6700000000",bc_events_m0.2.csv
6.80066,DATA_DROP_REPLAY,"rx=10,sender=0,nonce=6700000000",bc_events_m0.2.csv
6.80066,DATA_DROP_REPLAY,"rx=9,sender=0,nonce=6700000000",bc_events_m0.2.csv
6.80066,DATA_DROP_REPLAY,"rx=7,sender=0,nonce=6700000000",bc_events_m0.2.csv
6.80066,DATA_DROP_REPLAY,"rx=4,sender=0,nonce=6700000000",bc_events_m0.2.csv
6.80066,DATA_DROP_REPLAY,"rx=6,sender=0,nonce=6700000000",bc_events_m0.2.csv
6.80094,DATA_RX_OK,"rx=11,sender=0,delay_s=0.000942",bc_events_m0.2.csv
6.80094,DATA_RX_OK,"rx=5,sender=0,delay_s=0.000942",bc_events_m0.2.csv
6.80094,DATA_RX_OK,"rx=1,sender=0,delay_s=0.000942",bc_events_m0.2.csv
6.80094,DATA_RX_OK,"rx=2,sender=0,delay_s=0.000942",bc_events_m0.2.csv
6.80094,DATA_RX_OK,"rx=8,sender=0,delay_s=0.000942",bc_events_m0.2.csv
6.80094,DATA_RX_OK,"rx=3,sender=0,delay_s=0.000942",bc_events_m0.2.csv
6.80094,DATA_RX_OK,"rx=10,sender=0,delay_s=0.000942",bc_events_m0.2.csv
6.80094,DATA_RX_OK,"rx=9,sender=0,delay_s=0.000942",bc_events_m0.2.csv
6.80094,DATA_RX_OK,"rx=7,sender=0,delay_s=0.000942",bc_events_m0.2.csv
6.80094,DATA_RX_OK,"rx=4,sender=0,delay_s=0.000942",bc_events_m0.2.csv
6.80094,DATA_RX_OK,"rx=6,sender=0,delay_s=0.000942",bc_events_m0.2.csv
6.90066,DATA_RX_OK,"rx=11,sender=0,delay_s=0.000662",bc_events_m0.2.csv
6.90066,DATA_RX_OK,"rx=1,sender=0,delay_s=0.000662",bc_events_m0.2.csv
6.90066,DATA_RX_OK,"rx=5,sender=0,delay_s=0.000662",bc_events_m0.2.csv
6.90066,DATA_RX_OK,"rx=2,sender=0,delay_s=0.000662",bc_events_m0.2.csv
6.90066,DATA_RX_OK,"rx=8,sender=0,delay_s=0.000662",bc_events_m0.2.csv
6.90066,DATA_RX_OK,"rx=3,sender=0,delay_s=0.000662",bc_events_m0.2.csv
6.90066,DATA_RX_OK,"rx=10,sender=0,delay_s=0.000662",bc_events_m0.2.csv
6.90066,DATA_RX_OK,"rx=9,sender=0,delay_s=0.000662",bc_events_m0.2.csv
6.90066,DATA_RX_OK,"rx=7,sender=0,delay_s=0.000662",bc_events_m0.2.csv
6.90066,DATA_RX_OK,"rx=4,sender=0,delay_s=0.000662",bc_events_m0.2.csv
6.90066,DATA_RX_OK,"rx=6,sender=0,delay_s=0.000662",bc_events_m0.2.csv
7,REPORT_SENT,"by=0,about=1,delta=0.020000",bc_events_m0.2.csv
7,REPORT_SENT,"by=1,about=3,delta=-0.050000",bc_events_m0.2.csv
7,REPORT_SENT,"by=2,about=5,delta=0.020000",bc_events_m0.2.csv
7,REPORT_SENT,"by=3,about=0,delta=0.020000",bc_events_m0.2.csv
7,REPORT_SENT,"by=4,about=7,delta=0.020000",bc_events_m0.2.csv
7,REPORT_SENT,"by=5,about=7,delta=0.020000",bc_events_m0.2.csv
7,REPORT_SENT,"by=6,about=7,delta=-0.050000",bc_events_m0.2.csv
7,REPORT_SENT,"by=7,about=2,delta=-0.050000",bc_events_m0.2.csv
7,REPORT_SENT,"by=8,about=7,delta=0.020000",bc_events_m0.2.csv
7,REPORT_SENT,"by=9,about=6,delta=0.020000",bc_events_m0.2.csv
7.00019,REPORT_RX_RSU,"rsu=10,by=7,about=2,delta=-0.050000",bc_events_m0.2.csv
7.00033,REPORT_RX_RSU,"rsu=10,by=5,about=7,delta=0.020000",bc_events_m0.2.csv
7.00059,REPORT_RX_RSU,"rsu=10,by=9,about=6,delta=0.020000",bc_events_m0.2.csv
7.00073,REPORT_RX_RSU,"rsu=10,by=4,about=7,delta=0.020000",bc_events_m0.2.csv
7.00085,REPORT_RX_RSU,"rsu=10,by=0,about=1,delta=0.020000",bc_events_m0.2.csv
7.00125,REPORT_RX_RSU,"rsu=10,by=1,about=3,delta=-0.050000",bc_events_m0.2.csv
7.00136,DATA_RX_OK,"rx=11,sender=0,delay_s=0.001364",bc_events_m0.2.csv
7.00136,DATA_RX_OK,"rx=1,sender=0,delay_s=0.001364",bc_events_m0.2.csv
7.00136,DATA_RX_OK,"rx=5,sender=0,delay_s=0.001364",bc_events_m0.2.csv
7.00136,DATA_RX_OK,"rx=2,sender=0,delay_s=0.001364",bc_events_m0.2.csv
7.00136,DATA_RX_OK,"rx=8,sender=0,delay_s=0.001364",bc_events_m0.2.csv
7.00136,DATA_RX_OK,"rx=3,sender=0,delay_s=0.001364",bc_events_m0.2.csv
7.00136,DATA_RX_OK,"rx=10,sender=0,delay_s=0.001364",bc_events_m0.2.csv
7.00136,DATA_RX_OK,"rx=9,sender=0,delay_s=0.001364",bc_events_m0.2.csv
7.00136,DATA_RX_OK,"rx=7,sender=0,delay_s=0.001364",bc_events_m0.2.csv
7.00136,DATA_RX_OK,"rx=4,sender=0,delay_s=0.001364",bc_events_m0.2.csv
7.00136,DATA_RX_OK,"rx=6,sender=0,delay_s=0.001364",bc_events_m0.2.csv
7.00139,REPORT_RX_RSU,"rsu=10,by=8,about=7,delta=0.020000",bc_events_m0.2.csv
7.1,REPLAY_SENT,nonce=7000000000,bc_events_m0.2.csv
7.10066,DATA_DROP_REPLAY,"rx=1,sender=0,nonce=7000000000",bc_events_m0.2.csv
7.10066,DATA_DROP_REPLAY,"rx=11,sender=0,nonce=7000000000",bc_events_m0.2.csv
7.10066,DATA_DROP_REPLAY,"rx=2,sender=0,nonce=7000000000",bc_events_m0.2.csv
7.10066,DATA_DROP_REPLAY,"rx=5,sender=0,nonce=7000000000",bc_events_m0.2.csv
7.10066,DATA_DROP_REPLAY,"rx=8,sender=0,nonce=7000000000",bc_events_m0.2.csv
7.10066,DATA_DROP_REPLAY,"rx=3,sender=0,nonce=7000000000",bc_events_m0.2.csv
7.10066,DATA_DROP_REPLAY,"rx=10,sender=0,nonce=7000000000",bc_events_m0.2.csv
7.10066,DATA_DROP_REPLAY,"rx=9,sender=0,nonce=7000000000",bc_events_m0.2.csv
7.10066,DATA_DROP_REPLAY,"rx=7,sender=0,nonce=7000000000",bc_events_m0.2.csv
7.10066,DATA_DROP_REPLAY,"rx=4,sender=0,nonce=7000000000",bc_events_m0.2.csv
7.10066,DATA_DROP_REPLAY,"rx=6,sender=0,nonce=7000000000",bc_events_m0.2.csv
7.10105,DATA_DROP_SIG,"rx=1,sender=0,nonce=7100000000",bc_events_m0.2.csv
7.10105,DATA_DROP_SIG,"rx=11,sender=0,nonce=7100000000",bc_events_m0.2.csv
7.10105,DATA_DROP_SIG,"rx=2,sender=0,nonce=7100000000",bc_events_m0.2.csv
7.10105,DATA_DROP_SIG,"rx=5,sender=0,nonce=7100000000",bc_events_m0.2.csv
7.10105,DATA_DROP_SIG,"rx=8,sender=0,nonce=7100000000",bc_events_m0.2.csv
7.10105,DATA_DROP_SIG,"rx=3,sender=0,nonce=7100000000",bc_events_m0.2.csv
7.10105,DATA_DROP_SIG,"rx=10,sender=0,nonce=7100000000",bc_events_m0.2.csv
7.10105,DATA_DROP_SIG,"rx=9,sender=0,nonce=7100000000",bc_events_m0.2.csv
7.10105,DATA_DROP_SIG,"rx=7,sender=0,nonce=7100000000",bc_events_m0.2.csv
7.10105,DATA_DROP_SIG,"rx=4,sender=0,nonce=7100000000",bc_events_m0.2.csv
7.10105,DATA_DROP_SIG,"rx=6,sender=0,nonce=7100000000",bc_events_m0.2.csv
7.20066,DATA_DROP_SIG,"rx=1,sender=0,nonce=7200000000",bc_events_m0.2.csv
7.20066,DATA_DROP_SIG,"rx=11,sender=0,nonce=7200000000",bc_events_m0.2.csv
7.20066,DATA_DROP_SIG,"rx=2,sender=0,nonce=7200000000",bc_events_m0.2.csv
7.20066,DATA_DROP_SIG,"rx=5,sender=0,nonce=7200000000",bc_events_m0.2.csv
7.20066,DATA_DROP_SIG,"rx=8,sender=0,nonce=7200000000",bc_events_m0.2.csv
7.20066,DATA_DROP_SIG,"rx=3,sender=0,nonce=7200000000",bc_events_m0.2.csv
7.20066,DATA_DROP_SIG,"rx=10,sender=0,nonce=7200000000",bc_events_m0.2.csv
7.20066,DATA_DROP_SIG,"rx=9,sender=0,nonce=7200000000",bc_events_m0.2.csv
7.20066,DATA_DROP_SIG,"rx=7,sender=0,nonce=7200000000",bc_events_m0.2.csv
7.20066,DATA_DROP_SIG,"rx=4,sender=0,nonce=7200000000",bc_events_m0.2.csv
7.20066,DATA_DROP_SIG,"rx=6,sender=0,nonce=7200000000",bc_events_m0.2.csv
7.30066,DATA_DROP_SIG,"rx=1,sender=0,nonce=7300000000",bc_events_m0.2.csv
7.30066,DATA_DROP_SIG,"rx=11,sender=0,nonce=7300000000",bc_events_m0.2.csv
7.30066,DATA_DROP_SIG,"rx=2,sender=0,nonce=7300000000",bc_events_m0.2.csv
7.30066,DATA_DROP_SIG,"rx=5,sender=0,nonce=7300000000",bc_events_m0.2.csv
7.30066,DATA_DROP_SIG,"rx=8,sender=0,nonce=7300000000",bc_events_m0.2.csv
7.30066,DATA_DROP_SIG,"rx=3,sender=0,nonce=7300000000",bc_events_m0.2.csv
7.30066,DATA_DROP_SIG,"rx=10,sender=0,nonce=7300000000",bc_events_m0.2.csv
7.30066,DATA_DROP_SIG,"rx=9,sender=0,nonce=7300000000",bc_events_m0.2.csv
7.30066,DATA_DROP_SIG,"rx=7,sender=0,nonce=7300000000",bc_events_m0.2.csv
7.30066,DATA_DROP_SIG,"rx=4,sender=0,nonce=7300000000",bc_events_m0.2.csv
7.30066,DATA_DROP_SIG,"rx=6,sender=0,nonce=7300000000",bc_events_m0.2.csv
7.35,BLOCK_MINE_START,block_next=8,bc_events_m0.2.csv
7.4,REPLAY_SENT,nonce=7300000000,bc_events_m0.2.csv
7.4,BLOCK_COMMIT_ITEM,"accused=2,delta=-0.050000,trust=0.810000",bc_events_m0.2.csv
7.4,BLOCK_COMMIT_ITEM,"accused=7,delta=0.020000,trust=0.710000",bc_events_m0.2.csv
7.4,BLOCK_COMMIT_ITEM,"accused=6,delta=0.020000,trust=0.770000",bc_events_m0.2.csv
7.4,BLOCK_COMMIT_ITEM,"accused=7,delta=0.020000,trust=0.730000",bc_events_m0.2.csv
7.4,BLOCK_COMMIT_ITEM,"accused=1,delta=0.020000,trust=0.690000",bc_events_m0.2.csv
7.4,BLOCK_COMMIT_ITEM,"accused=3,delta=-0.050000,trust=0.680000",bc_events_m0.2.csv
7.4,BLOCK_COMMIT_ITEM,"accused=7,delta=0.020000,trust=0.750000",bc_events_m0.2.csv
7.4,BLOCK_COMMIT_DONE,"block=8,items=7,lat_s=0.050000",bc_events_m0.2.csv
7.40066,DATA_DROP_SIG,"rx=1,sender=0,nonce=7300000000",bc_events_m0.2.csv
7.40066,DATA_DROP_SIG,"rx=11,sender=0,nonce=7300000000",bc_events_m0.2.csv
7.40066,DATA_DROP_SIG,"rx=2,sender=0,nonce=7300000000",bc_events_m0.2.csv
7.40066,DATA_DROP_SIG,"rx=5,sender=0,nonce=7300000000",bc_events_m0.2.csv
7.40066,DATA_DROP_SIG,"rx=8,sender=0,nonce=7300000000",bc_events_m0.2.csv
7.40066,DATA_DROP_SIG,"rx=3,sender=0,nonce=7300000000",bc_events_m0.2.csv
7.40066,DATA_DROP_SIG,"rx=10,sender=0,nonce=7300000000",bc_events_m0.2.csv
7.40066,DATA_DROP_SIG,"rx=9,sender=0,nonce=7300000000",bc_events_m0.2.csv
7.40066,DATA_DROP_SIG,"rx=7,sender=0,nonce=7300000000",bc_events_m0.2.csv
7.40066,DATA_DROP_SIG,"rx=4,sender=0,nonce=7300000000",bc_events_m0.2.csv
7.40066,DATA_DROP_SIG,"rx=6,sender=0,nonce=7300000000",bc_events_m0.2.csv
7.40099,DATA_RX_OK,"rx=1,sender=0,delay_s=0.000987",bc_events_m0.2.csv
7.40099,DATA_RX_OK,"rx=11,sender=0,delay_s=0.000987",bc_events_m0.2.csv
7.40099,DATA_RX_OK,"rx=2,sender=0,delay_s=0.000987",bc_events_m0.2.csv
7.40099,DATA_RX_OK,"rx=5,sender=0,delay_s=0.000987",bc_events_m0.2.csv
7.40099,DATA_RX_OK,"rx=8,sender=0,delay_s=0.000987",bc_events_m0.2.csv
7.40099,DATA_RX_OK,"rx=3,sender=0,delay_s=0.000987",bc_events_m0.2.csv
7.40099,DATA_RX_OK,"rx=10,sender=0,delay_s=0.000987",bc_events_m0.2.csv
7.40099,DATA_RX_OK,"rx=9,sender=0,delay_s=0.000987",bc_events_m0.2.csv
7.40099,DATA_RX_OK,"rx=7,sender=0,delay_s=0.000987",bc_events_m0.2.csv
7.40099,DATA_RX_OK,"rx=4,sender=0,delay_s=0.000987",bc_events_m0.2.csv
7.40099,DATA_RX_OK,"rx=6,sender=0,delay_s=0.000987",bc_events_m0.2.csv
7.50066,DATA_RX_OK,"rx=1,sender=0,delay_s=0.000662",bc_events_m0.2.csv
7.50066,DATA_RX_OK,"rx=11,sender=0,delay_s=0.000662",bc_events_m0.2.csv
7.50066,DATA_RX_OK,"rx=2,sender=0,delay_s=0.000662",bc_events_m0.2.csv
7.50066,DATA_RX_OK,"rx=5,sender=0,delay_s=0.000662",bc_events_m0.2.csv
7.50066,DATA_RX_OK,"rx=8,sender=0,delay_s=0.000662",bc_events_m0.2.csv
7.50066,DATA_RX_OK,"rx=3,sender=0,delay_s=0.000662",bc_events_m0.2.csv
7.50066,DATA_RX_OK,"rx=10,sender=0,delay_s=0.000662",bc_events_m0.2.csv
7.50066,DATA_RX_OK,"rx=9,sender=0,delay_s=0.000662",bc_events_m0.2.csv
7.50066,DATA_RX_OK,"rx=7,sender=0,delay_s=0.000662",bc_events_m0.2.csv
7.50066,DATA_RX_OK,"rx=4,sender=0,delay_s=0.000662",bc_events_m0.2.csv
7.50066,DATA_RX_OK,"rx=6,sender=0,delay_s=0.000662",bc_events_m0.2.csv
7.60066,DATA_RX_OK,"rx=1,sender=0,delay_s=0.000662",bc_events_m0.2.csv
7.60066,DATA_RX_OK,"rx=11,sender=0,delay_s=0.000662",bc_events_m0.2.csv
7.60066,DATA_RX_OK,"rx=2,sender=0,delay_s=0.000662",bc_events_m0.2.csv
7.60066,DATA_RX_OK,"rx=5,sender=0,delay_s=0.000662",bc_events_m0.2.csv
7.60066,DATA_RX_OK,"rx=8,sender=0,delay_s=0.000662",bc_events_m0.2.csv
7.60066,DATA_RX_OK,"rx=3,sender=0,delay_s=0.000662",bc_events_m0.2.csv
7.60066,DATA_RX_OK,"rx=10,sender=0,delay_s=0.000662",bc_events_m0.2.csv
7.60066,DATA_RX_OK,"rx=9,sender=0,delay_s=0.000662",bc_events_m0.2.csv
7.60066,DATA_RX_OK,"rx=7,sender=0,delay_s=0.000662",bc_events_m0.2.csv
7.60066,DATA_RX_OK,"rx=4,sender=0,delay_s=0.000662",bc_events_m0.2.csv
7.60066,DATA_RX_OK,"rx=6,sender=0,delay_s=0.000662",bc_events_m0.2.csv
7.7,REPLAY_SENT,nonce=7600000000,bc_events_m0.2.csv
7.70066,DATA_DROP_REPLAY,"rx=1,sender=0,nonce=7600000000",bc_events_m0.2.csv
7.70066,DATA_DROP_REPLAY,"rx=11,sender=0,nonce=7600000000",bc_events_m0.2.csv
7.70066,DATA_DROP_REPLAY,"rx=2,sender=0,nonce=7600000000",bc_events_m0.2.csv
7.70066,DATA_DROP_REPLAY,"rx=5,sender=0,nonce=7600000000",bc_events_m0.2.csv
7.70066,DATA_DROP_REPLAY,"rx=8,sender=0,nonce=7600000000",bc_events_m0.2.csv
7.70066,DATA_DROP_REPLAY,"rx=3,sender=0,nonce=7600000000",bc_events_m0.2.csv
7.70066,DATA_DROP_REPLAY,"rx=10,sender=0,nonce=7600000000",bc_events_m0.2.csv
7.70066,DATA_DROP_REPLAY,"rx=9,sender=0,nonce=7600000000",bc_events_m0.2.csv
7.70066,DATA_DROP_REPLAY,"rx=4,sender=0,nonce=7600000000",bc_events_m0.2.csv
7.70066,DATA_DROP_REPLAY,"rx=7,sender=0,nonce=7600000000",bc_events_m0.2.csv
7.70066,DATA_DROP_REPLAY,"rx=6,sender=0,nonce=7600000000",bc_events_m0.2.csv
7.70101,DATA_RX_OK,"rx=1,sender=0,delay_s=0.001014",bc_events_m0.2.csv
7.70101,DATA_RX_OK,"rx=11,sender=0,delay_s=0.001014",bc_events_m0.2.csv
7.70101,DATA_RX_OK,"rx=2,sender=0,delay_s=0.001014",bc_events_m0.2.csv
7.70101,DATA_RX_OK,"rx=5,sender=0,delay_s=0.001014",bc_events_m0.2.csv
7.70101,DATA_RX_OK,"rx=8,sender=0,delay_s=0.001014",bc_events_m0.2.csv
7.70101,DATA_RX_OK,"rx=3,sender=0,delay_s=0.001014",bc_events_m0.2.csv
7.70101,DATA_RX_OK,"rx=10,sender=0,delay_s=0.001014",bc_events_m0.2.csv
7.70101,DATA_RX_OK,"rx=9,sender=0,delay_s=0.001014",bc_events_m0.2.csv
7.70101,DATA_RX_OK,"rx=4,sender=0,delay_s=0.001014",bc_events_m0.2.csv
7.70101,DATA_RX_OK,"rx=7,sender=0,delay_s=0.001014",bc_events_m0.2.csv
7.70101,DATA_RX_OK,"rx=6,sender=0,delay_s=0.001014",bc_events_m0.2.csv
7.80066,DATA_DROP_SIG,"rx=1,sender=0,nonce=7800000000",bc_events_m0.2.csv
7.80066,DATA_DROP_SIG,"rx=11,sender=0,nonce=7800000000",bc_events_m0.2.csv
7.80066,DATA_DROP_SIG,"rx=2,sender=0,nonce=7800000000",bc_events_m0.2.csv
7.80066,DATA_DROP_SIG,"rx=5,sender=0,nonce=7800000000",bc_events_m0.2.csv
7.80066,DATA_DROP_SIG,"rx=8,sender=0,nonce=7800000000",bc_events_m0.2.csv
7.80066,DATA_DROP_SIG,"rx=3,sender=0,nonce=7800000000",bc_events_m0.2.csv
7.80066,DATA_DROP_SIG,"rx=10,sender=0,nonce=7800000000",bc_events_m0.2.csv
7.80066,DATA_DROP_SIG,"rx=9,sender=0,nonce=7800000000",bc_events_m0.2.csv
7.80066,DATA_DROP_SIG,"rx=4,sender=0,nonce=7800000000",bc_events_m0.2.csv
7.80066,DATA_DROP_SIG,"rx=7,sender=0,nonce=7800000000",bc_events_m0.2.csv
7.80066,DATA_DROP_SIG,"rx=6,sender=0,nonce=7800000000",bc_events_m0.2.csv
7.90066,DATA_RX_OK,"rx=1,sender=0,delay_s=0.000662",bc_events_m0.2.csv
7.90066,DATA_RX_OK,"rx=11,sender=0,delay_s=0.000662",bc_events_m0.2.csv
7.90066,DATA_RX_OK,"rx=2,sender=0,delay_s=0.000662",bc_events_m0.2.csv
7.90066,DATA_RX_OK,"rx=5,sender=0,delay_s=0.000662",bc_events_m0.2.csv
7.90066,DATA_RX_OK,"rx=8,sender=0,delay_s=0.000662",bc_events_m0.2.csv
7.90066,DATA_RX_OK,"rx=3,sender=0,delay_s=0.000662",bc_events_m0.2.csv
7.90066,DATA_RX_OK,"rx=10,sender=0,delay_s=0.000662",bc_events_m0.2.csv
7.90066,DATA_RX_OK,"rx=9,sender=0,delay_s=0.000662",bc_events_m0.2.csv
7.90066,DATA_RX_OK,"rx=4,sender=0,delay_s=0.000662",bc_events_m0.2.csv
7.90066,DATA_RX_OK,"rx=7,sender=0,delay_s=0.000662",bc_events_m0.2.csv
7.90066,DATA_RX_OK,"rx=6,sender=0,delay_s=0.000662",bc_events_m0.2.csv
8,REPORT_SENT,"by=0,about=8,delta=0.020000",bc_events_m0.2.csv
8,REPORT_SENT,"by=1,about=7,delta=0.020000",bc_events_m0.2.csv
8,REPORT_SENT,"by=2,about=9,delta=-0.050000",bc_events_m0.2.csv
8,REPORT_SENT,"by=3,about=8,delta=0.020000",bc_events_m0.2.csv
8,REPORT_SENT,"by=4,about=5,delta=0.020000",bc_events_m0.2.csv
8,REPORT_SENT,"by=5,about=9,delta=0.020000",bc_events_m0.2.csv
8,REPORT_SENT,"by=6,about=0,delta=0.020000",bc_events_m0.2.csv
8,REPORT_SENT,"by=7,about=9,delta=0.020000",bc_events_m0.2.csv
8,REPORT_SENT,"by=8,about=9,delta=0.020000",bc_events_m0.2.csv
8,REPORT_SENT,"by=9,about=3,delta=0.020000",bc_events_m0.2.csv
8,REPLAY_SENT,nonce=7900000000,bc_events_m0.2.csv
8.00021,REPORT_RX_RSU,"rsu=10,by=7,about=9,delta=0.020000",bc_events_m0.2.csv
8.00044,REPORT_RX_RSU,"rsu=10,by=0,about=8,delta=0.020000",bc_events_m0.2.csv
8.00057,REPORT_RX_RSU,"rsu=10,by=9,about=3,delta=0.020000",bc_events_m0.2.csv
8.00096,REPORT_RX_RSU,"rsu=10,by=8,about=9,delta=0.020000",bc_events_m0.2.csv
8.00108,DATA_DROP_REPLAY,"rx=1,sender=0,nonce=7900000000",bc_events_m0.2.csv
8.00108,DATA_DROP_REPLAY,"rx=11,sender=0,nonce=7900000000",bc_events_m0.2.csv
8.00108,DATA_DROP_REPLAY,"rx=2,sender=0,nonce=7900000000",bc_events_m0.2.csv
8.00108,DATA_DROP_REPLAY,"rx=8,sender=0,nonce=7900000000",bc_events_m0.2.csv
8.00108,DATA_DROP_REPLAY,"rx=5,sender=0,nonce=7900000000",bc_events_m0.2.csv
8.00108,DATA_DROP_REPLAY,"rx=3,sender=0,nonce=7900000000",bc_events_m0.2.csv
8.00108,DATA_DROP_REPLAY,"rx=10,sender=0,nonce=7900000000",bc_events_m0.2.csv
8.00108,DATA_DROP_REPLAY,"rx=9,sender=0,nonce=7900000000",bc_events_m0.2.csv
8.00108,DATA_DROP_REPLAY,"rx=4,sender=0,nonce=7900000000",bc_events_m0.2.csv
8.00108,DATA_DROP_REPLAY,"rx=7,sender=0,nonce=7900000000",bc_events_m0.2.csv
8.00108,DATA_DROP_REPLAY,"rx=6,sender=0,nonce=7900000000",bc_events_m0.2.csv
8.0011,REPORT_RX_RSU,"rsu=10,by=4,about=5,delta=0.020000",bc_events_m0.2.csv
8.00167,REPORT_RX_RSU,"rsu=10,by=1,about=7,delta=0.020000",bc_events_m0.2.csv
8.00179,DATA_RX_OK,"rx=1,sender=0,delay_s=0.001794",bc_events_m0.2.csv
8.00179,DATA_RX_OK,"rx=11,sender=0,delay_s=0.001794",bc_events_m0.2.csv
8.00179,DATA_RX_OK,"rx=2,sender=0,delay_s=0.001794",bc_events_m0.2.csv
8.00179,DATA_RX_OK,"rx=8,sender=0,delay_s=0.001794",bc_events_m0.2.csv
8.00179,DATA_RX_OK,"rx=5,sender=0,delay_s=0.001794",bc_events_m0.2.csv
8.00179,DATA_RX_OK,"rx=3,sender=0,delay_s=0.001794",bc_events_m0.2.csv
8.00179,DATA_RX_OK,"rx=10,sender=0,delay_s=0.001794",bc_events_m0.2.csv
8.00179,DATA_RX_OK,"rx=9,sender=0,delay_s=0.001794",bc_events_m0.2.csv
8.00179,DATA_RX_OK,"rx=4,sender=0,delay_s=0.001794",bc_events_m0.2.csv
8.00179,DATA_RX_OK,"rx=7,sender=0,delay_s=0.001794",bc_events_m0.2.csv
8.00179,DATA_RX_OK,"rx=6,sender=0,delay_s=0.001794",bc_events_m0.2.csv
8.00229,REPORT_RX_RSU,"rsu=10,by=5,about=9,delta=0.020000",bc_events_m0.2.csv
8.10066,DATA_RX_OK,"rx=1,sender=0,delay_s=0.000662",bc_events_m0.2.csv
8.10066,DATA_RX_OK,"rx=11,sender=0,delay_s=0.000662",bc_events_m0.2.csv
8.10066,DATA_RX_OK,"rx=2,sender=0,delay_s=0.000662",bc_events_m0.2.csv
8.10066,DATA_RX_OK,"rx=8,sender=0,delay_s=0.000662",bc_events_m0.2.csv
8.10066,DATA_RX_OK,"rx=5,sender=0,delay_s=0.000662",bc_events_m0.2.csv
8.10066,DATA_RX_OK,"rx=3,sender=0,delay_s=0.000662",bc_events_m0.2.csv
8.10066,DATA_RX_OK,"rx=10,sender=0,delay_s=0.000662",bc_events_m0.2.csv
8.10066,DATA_RX_OK,"rx=4,sender=0,delay_s=0.000662",bc_events_m0.2.csv
8.10066,DATA_RX_OK,"rx=9,sender=0,delay_s=0.000662",bc_events_m0.2.csv
8.10066,DATA_RX_OK,"rx=7,sender=0,delay_s=0.000662",bc_events_m0.2.csv
8.10066,DATA_RX_OK,"rx=6,sender=0,delay_s=0.000662",bc_events_m0.2.csv
8.20066,DATA_RX_OK,"rx=1,sender=0,delay_s=0.000662",bc_events_m0.2.csv
8.20066,DATA_RX_OK,"rx=11,sender=0,delay_s=0.000662",bc_events_m0.2.csv
8.20066,DATA_RX_OK,"rx=2,sender=0,delay_s=0.000662",bc_events_m0.2.csv
8.20066,DATA_RX_OK,"rx=8,sender=0,delay_s=0.000662",bc_events_m0.2.csv
8.20066,DATA_RX_OK,"rx=5,sender=0,delay_s=0.000662",bc_events_m0.2.csv
8.20066,DATA_RX_OK,"rx=3,sender=0,delay_s=0.000662",bc_events_m0.2.csv
8.20066,DATA_RX_OK,"rx=10,sender=0,delay_s=0.000662",bc_events_m0.2.csv
8.20066,DATA_RX_OK,"rx=4,sender=0,delay_s=0.000662",bc_events_m0.2.csv
8.20066,DATA_RX_OK,"rx=9,sender=0,delay_s=0.000662",bc_events_m0.2.csv
8.20066,DATA_RX_OK,"rx=7,sender=0,delay_s=0.000662",bc_events_m0.2.csv
8.20066,DATA_RX_OK,"rx=6,sender=0,delay_s=0.000662",bc_events_m0.2.csv
8.3,REPLAY_SENT,nonce=8200000000,bc_events_m0.2.csv
8.30066,DATA_DROP_REPLAY,"rx=1,sender=0,nonce=8200000000",bc_events_m0.2.csv
8.30066,DATA_DROP_REPLAY,"rx=11,sender=0,nonce=8200000000",bc_events_m0.2.csv
8.30066,DATA_DROP_REPLAY,"rx=2,sender=0,nonce=8200000000",bc_events_m0.2.csv
8.30066,DATA_DROP_REPLAY,"rx=8,sender=0,nonce=8200000000",bc_events_m0.2.csv
8.30066,DATA_DROP_REPLAY,"rx=5,sender=0,nonce=8200000000",bc_events_m0.2.csv
8.30066,DATA_DROP_REPLAY,"rx=3,sender=0,nonce=8200000000",bc_events_m0.2.csv
8.30066,DATA_DROP_REPLAY,"rx=10,sender=0,nonce=8200000000",bc_events_m0.2.csv
8.30066,DATA_DROP_REPLAY,"rx=4,sender=0,nonce=8200000000",bc_events_m0.2.csv
8.30066,DATA_DROP_REPLAY,"rx=9,sender=0,nonce=8200000000",bc_events_m0.2.csv
8.30066,DATA_DROP_REPLAY,"rx=7,sender=0,nonce=8200000000",bc_events_m0.2.csv
8.30066,DATA_DROP_REPLAY,"rx=6,sender=0,nonce=8200000000",bc_events_m0.2.csv
8.30094,DATA_RX_OK,"rx=1,sender=0,delay_s=0.000942",bc_events_m0.2.csv
8.30094,DATA_RX_OK,"rx=11,sender=0,delay_s=0.000942",bc_events_m0.2.csv
8.30094,DATA_RX_OK,"rx=2,sender=0,delay_s=0.000942",bc_events_m0.2.csv
8.30094,DATA_RX_OK,"rx=8,sender=0,delay_s=0.000942",bc_events_m0.2.csv
8.30094,DATA_RX_OK,"rx=5,sender=0,delay_s=0.000942",bc_events_m0.2.csv
8.30094,DATA_RX_OK,"rx=3,sender=0,delay_s=0.000942",bc_events_m0.2.csv
8.30094,DATA_RX_OK,"rx=10,sender=0,delay_s=0.000942",bc_events_m0.2.csv
8.30094,DATA_RX_OK,"rx=4,sender=0,delay_s=0.000942",bc_events_m0.2.csv
8.30094,DATA_RX_OK,"rx=9,sender=0,delay_s=0.000942",bc_events_m0.2.csv
8.30094,DATA_RX_OK,"rx=7,sender=0,delay_s=0.000942",bc_events_m0.2.csv
8.30094,DATA_RX_OK,"rx=6,sender=0,delay_s=0.000942",bc_events_m0.2.csv
8.4,BLOCK_MINE_START,block_next=9,bc_events_m0.2.csv
8.40066,DATA_RX_OK,"rx=1,sender=0,delay_s=0.000662",bc_events_m0.2.csv
8.40066,DATA_RX_OK,"rx=11,sender=0,delay_s=0.000662",bc_events_m0.2.csv
8.40066,DATA_RX_OK,"rx=2,sender=0,delay_s=0.000662",bc_events_m0.2.csv
8.40066,DATA_RX_OK,"rx=8,sender=0,delay_s=0.000662",bc_events_m0.2.csv
8.40066,DATA_RX_OK,"rx=5,sender=0,delay_s=0.000662",bc_events_m0.2.csv
8.40066,DATA_RX_OK,"rx=3,sender=0,delay_s=0.000662",bc_events_m0.2.csv
8.40066,DATA_RX_OK,"rx=10,sender=0,delay_s=0.000662",bc_events_m0.2.csv
8.40066,DATA_RX_OK,"rx=4,sender=0,delay_s=0.000662",bc_events_m0.2.csv
8.40066,DATA_RX_OK,"rx=9,sender=0,delay_s=0.000662",bc_events_m0.2.csv
8.40066,DATA_RX_OK,"rx=7,sender=0,delay_s=0.000662",bc_events_m0.2.csv
8.40066,DATA_RX_OK,"rx=6,sender=0,delay_s=0.000662",bc_events_m0.2.csv
8.45,BLOCK_COMMIT_ITEM,"accused=9,delta=0.020000,trust=0.710000",bc_events_m0.2.csv
8.45,BLOCK_COMMIT_ITEM,"accused=8,delta=0.020000,trust=0.810000",bc_events_m0.2.csv
8.45,BLOCK_COMMIT_ITEM,"accused=3,delta=0.020000,trust=0.700000",bc_events_m0.2.csv
8.45,BLOCK_COMMIT_ITEM,"accused=9,delta=0.020000,trust=0.730000",bc_events_m0.2.csv
8.45,BLOCK_COMMIT_ITEM,"accused=5,delta=0.020000,trust=0.620000",bc_events_m0.2.csv
8.45,BLOCK_COMMIT_ITEM,"accused=7,delta=0.020000,trust=0.770000",bc_events_m0.2.csv
8.45,BLOCK_COMMIT_ITEM,"accused=9,delta=0.020000,trust=0.750000",bc_events_m0.2.csv
8.45,BLOCK_COMMIT_DONE,"block=9,items=7,lat_s=0.050000",bc_events_m0.2.csv
8.50066,DATA_DROP_SIG,"rx=1,sender=0,nonce=8500000000",bc_events_m0.2.csv
8.50066,DATA_DROP_SIG,"rx=11,sender=0,nonce=8500000000",bc_events_m0.2.csv
8.50066,DATA_DROP_SIG,"rx=2,sender=0,nonce=8500000000",bc_events_m0.2.csv
8.50066,DATA_DROP_SIG,"rx=8,sender=0,nonce=8500000000",bc_events_m0.2.csv
8.50066,DATA_DROP_SIG,"rx=5,sender=0,nonce=8500000000",bc_events_m0.2.csv
8.50066,DATA_DROP_SIG,"rx=3,sender=0,nonce=8500000000",bc_events_m0.2.csv
8.50066,DATA_DROP_SIG,"rx=10,sender=0,nonce=8500000000",bc_events_m0.2.csv
8.50066,DATA_DROP_SIG,"rx=4,sender=0,nonce=8500000000",bc_events_m0.2.csv
8.50066,DATA_DROP_SIG,"rx=9,sender=0,nonce=8500000000",bc_events_m0.2.csv
8.50066,DATA_DROP_SIG,"rx=7,sender=0,nonce=8500000000",bc_events_m0.2.csv
8.50066,DATA_DROP_SIG,"rx=6,sender=0,nonce=8500000000",bc_events_m0.2.csv
8.6,REPLAY_SENT,nonce=8500000000,bc_events_m0.2.csv
8.60066,DATA_DROP_SIG,"rx=1,sender=0,nonce=8500000000",bc_events_m0.2.csv
8.60066,DATA_DROP_SIG,"rx=11,sender=0,nonce=8500000000",bc_events_m0.2.csv
8.60066,DATA_DROP_SIG,"rx=2,sender=0,nonce=8500000000",bc_events_m0.2.csv
8.60066,DATA_DROP_SIG,"rx=8,sender=0,nonce=8500000000",bc_events_m0.2.csv
8.60066,DATA_DROP_SIG,"rx=3,sender=0,nonce=8500000000",bc_events_m0.2.csv
8.60066,DATA_DROP_SIG,"rx=5,sender=0,nonce=8500000000",bc_events_m0.2.csv
8.60066,DATA_DROP_SIG,"rx=10,sender=0,nonce=8500000000",bc_events_m0.2.csv
8.60066,DATA_DROP_SIG,"rx=4,sender=0,nonce=8500000000",bc_events_m0.2.csv
8.60066,DATA_DROP_SIG,"rx=9,sender=0,nonce=8500000000",bc_events_m0.2.csv
8.60066,DATA_DROP_SIG,"rx=7,sender=0,nonce=8500000000",bc_events_m0.2.csv
8.60066,DATA_DROP_SIG,"rx=6,sender=0,nonce=8500000000",bc_events_m0.2.csv
8.60099,DATA_RX_OK,"rx=1,sender=0,delay_s=0.000987",bc_events_m0.2.csv
8.60099,DATA_RX_OK,"rx=11,sender=0,delay_s=0.000987",bc_events_m0.2.csv
8.60099,DATA_RX_OK,"rx=2,sender=0,delay_s=0.000987",bc_events_m0.2.csv
8.60099,DATA_RX_OK,"rx=8,sender=0,delay_s=0.000987",bc_events_m0.2.csv
8.60099,DATA_RX_OK,"rx=3,sender=0,delay_s=0.000987",bc_events_m0.2.csv
8.60099,DATA_RX_OK,"rx=5,sender=0,delay_s=0.000987",bc_events_m0.2.csv
8.60099,DATA_RX_OK,"rx=10,sender=0,delay_s=0.000987",bc_events_m0.2.csv
8.60099,DATA_RX_OK,"rx=4,sender=0,delay_s=0.000987",bc_events_m0.2.csv
8.60099,DATA_RX_OK,"rx=9,sender=0,delay_s=0.000987",bc_events_m0.2.csv
8.60099,DATA_RX_OK,"rx=7,sender=0,delay_s=0.000987",bc_events_m0.2.csv
8.60099,DATA_RX_OK,"rx=6,sender=0,delay_s=0.000987",bc_events_m0.2.csv
8.70066,DATA_RX_OK,"rx=1,sender=0,delay_s=0.000662",bc_events_m0.2.csv
8.70066,DATA_RX_OK,"rx=11,sender=0,delay_s=0.000662",bc_events_m0.2.csv
8.70066,DATA_RX_OK,"rx=2,sender=0,delay_s=0.000662",bc_events_m0.2.csv
8.70066,DATA_RX_OK,"rx=8,sender=0,delay_s=0.000662",bc_events_m0.2.csv
8.70066,DATA_RX_OK,"rx=3,sender=0,delay_s=0.000662",bc_events_m0.2.csv
8.70066,DATA_RX_OK,"rx=5,sender=0,delay_s=0.000662",bc_events_m0.2.csv
8.70066,DATA_RX_OK,"rx=10,sender=0,delay_s=0.000662",bc_events_m0.2.csv
8.70066,DATA_RX_OK,"rx=4,sender=0,delay_s=0.000662",bc_events_m0.2.csv
8.70066,DATA_RX_OK,"rx=9,sender=0,delay_s=0.000662",bc_events_m0.2.csv
8.70066,DATA_RX_OK,"rx=6,sender=0,delay_s=0.000662",bc_events_m0.2.csv
8.70066,DATA_RX_OK,"rx=7,sender=0,delay_s=0.000662",bc_events_m0.2.csv
8.80066,DATA_RX_OK,"rx=1,sender=0,delay_s=0.000662",bc_events_m0.2.csv
8.80066,DATA_RX_OK,"rx=11,sender=0,delay_s=0.000662",bc_events_m0.2.csv
8.80066,DATA_RX_OK,"rx=2,sender=0,delay_s=0.000662",bc_events_m0.2.csv
8.80066,DATA_RX_OK,"rx=8,sender=0,delay_s=0.000662",bc_events_m0.2.csv
8.80066,DATA_RX_OK,"rx=3,sender=0,delay_s=0.000662",bc_events_m0.2.csv
8.80066,DATA_RX_OK,"rx=5,sender=0,delay_s=0.000662",bc_events_m0.2.csv
8.80066,DATA_RX_OK,"rx=10,sender=0,delay_s=0.000662",bc_events_m0.2.csv
8.80066,DATA_RX_OK,"rx=4,sender=0,delay_s=0.000662",bc_events_m0.2.csv
8.80066,DATA_RX_OK,"rx=9,sender=0,delay_s=0.000662",bc_events_m0.2.csv
8.80066,DATA_RX_OK,"rx=6,sender=0,delay_s=0.000662",bc_events_m0.2.csv
8.80066,DATA_RX_OK,"rx=7,sender=0,delay_s=0.000662",bc_events_m0.2.csv
8.9,REPLAY_SENT,nonce=8800000000,bc_events_m0.2.csv
8.90066,DATA_DROP_REPLAY,"rx=11,sender=0,nonce=8800000000",bc_events_m0.2.csv
8.90066,DATA_DROP_REPLAY,"rx=1,sender=0,nonce=8800000000",bc_events_m0.2.csv
8.90066,DATA_DROP_REPLAY,"rx=2,sender=0,nonce=8800000000",bc_events_m0.2.csv
8.90066,DATA_DROP_REPLAY,"rx=8,sender=0,nonce=8800000000",bc_events_m0.2.csv
8.90066,DATA_DROP_REPLAY,"rx=3,sender=0,nonce=8800000000",bc_events_m0.2.csv
8.90066,DATA_DROP_REPLAY,"rx=5,sender=0,nonce=8800000000",bc_events_m0.2.csv
8.90066,DATA_DROP_REPLAY,"rx=10,sender=0,nonce=8800000000",bc_events_m0.2.csv
8.90066,DATA_DROP_REPLAY,"rx=4,sender=0,nonce=8800000000",bc_events_m0.2.csv
8.90066,DATA_DROP_REPLAY,"rx=9,sender=0,nonce=8800000000",bc_events_m0.2.csv
8.90066,DATA_DROP_REPLAY,"rx=6,sender=0,nonce=8800000000",bc_events_m0.2.csv
8.90066,DATA_DROP_REPLAY,"rx=7,sender=0,nonce=8800000000",bc_events_m0.2.csv
8.90101,DATA_RX_OK,"rx=11,sender=0,delay_s=0.001014",bc_events_m0.2.csv
8.90101,DATA_RX_OK,"rx=1,sender=0,delay_s=0.001014",bc_events_m0.2.csv
8.90101,DATA_RX_OK,"rx=2,sender=0,delay_s=0.001014",bc_events_m0.2.csv
8.90101,DATA_RX_OK,"rx=8,sender=0,delay_s=0.001014",bc_events_m0.2.csv
8.90101,DATA_RX_OK,"rx=3,sender=0,delay_s=0.001014",bc_events_m0.2.csv
8.90101,DATA_RX_OK,"rx=5,sender=0,delay_s=0.001014",bc_events_m0.2.csv
8.90101,DATA_RX_OK,"rx=10,sender=0,delay_s=0.001014",bc_events_m0.2.csv
8.90101,DATA_RX_OK,"rx=4,sender=0,delay_s=0.001014",bc_events_m0.2.csv
8.90101,DATA_RX_OK,"rx=9,sender=0,delay_s=0.001014",bc_events_m0.2.csv
8.90101,DATA_RX_OK,"rx=6,sender=0,delay_s=0.001014",bc_events_m0.2.csv
8.90101,DATA_RX_OK,"rx=7,sender=0,delay_s=0.001014",bc_events_m0.2.csv
9,REPORT_SENT,"by=0,about=7,delta=-0.050000",bc_events_m0.2.csv
9,REPORT_SENT,"by=1,about=6,delta=-0.050000",bc_events_m0.2.csv
9,REPORT_SENT,"by=2,about=4,delta=0.020000",bc_events_m0.2.csv
9,REPORT_SENT,"by=3,about=7,delta=-0.050000",bc_events_m0.2.csv
9,REPORT_SENT,"by=4,about=1,delta=-0.050000",bc_events_m0.2.csv
9,REPORT_SENT,"by=5,about=2,delta=0.020000",bc_events_m0.2.csv
9,REPORT_SENT,"by=6,about=6,delta=0.020000",bc_events_m0.2.csv
9,REPORT_SENT,"by=7,about=1,delta=0.020000",bc_events_m0.2.csv
9,REPORT_SENT,"by=8,about=7,delta=0.020000",bc_events_m0.2.csv
9,REPORT_SENT,"by=9,about=5,delta=0.020000",bc_events_m0.2.csv
9.00043,REPORT_RX_RSU,"rsu=10,by=9,about=5,delta=0.020000",bc_events_m0.2.csv
9.00057,REPORT_RX_RSU,"rsu=10,by=5,about=2,delta=0.020000",bc_events_m0.2.csv
9.0007,REPORT_RX_RSU,"rsu=10,by=0,about=7,delta=-0.050000",bc_events_m0.2.csv
9.00084,REPORT_RX_RSU,"rsu=10,by=4,about=1,delta=-0.050000",bc_events_m0.2.csv
9.00098,REPORT_RX_RSU,"rsu=10,by=8,about=7,delta=0.020000",bc_events_m0.2.csv
9.00153,DATA_RX_OK,"rx=11,sender=0,delay_s=0.001527",bc_events_m0.2.csv
9.00153,DATA_RX_OK,"rx=1,sender=0,delay_s=0.001527",bc_events_m0.2.csv
9.00153,DATA_RX_OK,"rx=2,sender=0,delay_s=0.001527",bc_events_m0.2.csv
9.00153,DATA_RX_OK,"rx=8,sender=0,delay_s=0.001527",bc_events_m0.2.csv
9.00153,DATA_RX_OK,"rx=3,sender=0,delay_s=0.001527",bc_events_m0.2.csv
9.00153,DATA_RX_OK,"rx=10,sender=0,delay_s=0.001527",bc_events_m0.2.csv
9.00153,DATA_RX_OK,"rx=5,sender=0,delay_s=0.001527",bc_events_m0.2.csv
9.00153,DATA_RX_OK,"rx=4,sender=0,delay_s=0.001527",bc_events_m0.2.csv
9.00153,DATA_RX_OK,"rx=9,sender=0,delay_s=0.001527",bc_events_m0.2.csv
9.00153,DATA_RX_OK,"rx=6,sender=0,delay_s=0.001527",bc_events_m0.2.csv
9.00153,DATA_RX_OK,"rx=7,sender=0,delay_s=0.001527",bc_events_m0.2.csv
9.00156,REPORT_RX_RSU,"rsu=10,by=1,about=6,delta=-0.050000",bc_events_m0.2.csv
9.00182,REPORT_RX_RSU,"rsu=10,by=7,about=1,delta=0.020000",bc_events_m0.2.csv
9.10066,DATA_DROP_SIG,"rx=11,sender=0,nonce=9100000000",bc_events_m0.2.csv
9.10066,DATA_DROP_SIG,"rx=1,sender=0,nonce=9100000000",bc_events_m0.2.csv
9.10066,DATA_DROP_SIG,"rx=2,sender=0,nonce=9100000000",bc_events_m0.2.csv
9.10066,DATA_DROP_SIG,"rx=8,sender=0,nonce=9100000000",bc_events_m0.2.csv
9.10066,DATA_DROP_SIG,"rx=3,sender=0,nonce=9100000000",bc_events_m0.2.csv
9.10066,DATA_DROP_SIG,"rx=10,sender=0,nonce=9100000000",bc_events_m0.2.csv
9.10066,DATA_DROP_SIG,"rx=5,sender=0,nonce=9100000000",bc_events_m0.2.csv
9.10066,DATA_DROP_SIG,"rx=4,sender=0,nonce=9100000000",bc_events_m0.2.csv
9.10066,DATA_DROP_SIG,"rx=9,sender=0,nonce=9100000000",bc_events_m0.2.csv
9.10066,DATA_DROP_SIG,"rx=6,sender=0,nonce=9100000000",bc_events_m0.2.csv
9.10066,DATA_DROP_SIG,"rx=7,sender=0,nonce=9100000000",bc_events_m0.2.csv
9.2,REPLAY_SENT,nonce=9100000000,bc_events_m0.2.csv
9.20066,DATA_DROP_SIG,"rx=11,sender=0,nonce=9100000000",bc_events_m0.2.csv
9.20066,DATA_DROP_SIG,"rx=1,sender=0,nonce=9100000000",bc_events_m0.2.csv
9.20066,DATA_DROP_SIG,"rx=2,sender=0,nonce=9100000000",bc_events_m0.2.csv
9.20066,DATA_DROP_SIG,"rx=8,sender=0,nonce=9100000000",bc_events_m0.2.csv
9.20066,DATA_DROP_SIG,"rx=3,sender=0,nonce=9100000000",bc_events_m0.2.csv
9.20066,DATA_DROP_SIG,"rx=10,sender=0,nonce=9100000000",bc_events_m0.2.csv
9.20066,DATA_DROP_SIG,"rx=5,sender=0,nonce=9100000000",bc_events_m0.2.csv
9.20066,DATA_DROP_SIG,"rx=9,sender=0,nonce=9100000000",bc_events_m0.2.csv
9.20066,DATA_DROP_SIG,"rx=4,sender=0,nonce=9100000000",bc_events_m0.2.csv
9.20066,DATA_DROP_SIG,"rx=6,sender=0,nonce=9100000000",bc_events_m0.2.csv
9.20066,DATA_DROP_SIG,"rx=7,sender=0,nonce=9100000000",bc_events_m0.2.csv
9.20106,DATA_RX_OK,"rx=11,sender=0,delay_s=0.001059",bc_events_m0.2.csv
9.20106,DATA_RX_OK,"rx=1,sender=0,delay_s=0.001059",bc_events_m0.2.csv
9.20106,DATA_RX_OK,"rx=2,sender=0,delay_s=0.001059",bc_events_m0.2.csv
9.20106,DATA_RX_OK,"rx=8,sender=0,delay_s=0.001059",bc_events_m0.2.csv
9.20106,DATA_RX_OK,"rx=3,sender=0,delay_s=0.001059",bc_events_m0.2.csv
9.20106,DATA_RX_OK,"rx=10,sender=0,delay_s=0.001059",bc_events_m0.2.csv
9.20106,DATA_RX_OK,"rx=5,sender=0,delay_s=0.001059",bc_events_m0.2.csv
9.20106,DATA_RX_OK,"rx=9,sender=0,delay_s=0.001059",bc_events_m0.2.csv
9.20106,DATA_RX_OK,"rx=4,sender=0,delay_s=0.001059",bc_events_m0.2.csv
9.20106,DATA_RX_OK,"rx=6,sender=0,delay_s=0.001059",bc_events_m0.2.csv
9.20106,DATA_RX_OK,"rx=7,sender=0,delay_s=0.001059",bc_events_m0.2.csv
9.30066,DATA_RX_OK,"rx=11,sender=0,delay_s=0.000662",bc_events_m0.2.csv
9.30066,DATA_RX_OK,"rx=1,sender=0,delay_s=0.000662",bc_events_m0.2.csv
9.30066,DATA_RX_OK,"rx=2,sender=0,delay_s=0.000662",bc_events_m0.2.csv
9.30066,DATA_RX_OK,"rx=8,sender=0,delay_s=0.000662",bc_events_m0.2.csv
9.30066,DATA_RX_OK,"rx=3,sender=0,delay_s=0.000662",bc_events_m0.2.csv
9.30066,DATA_RX_OK,"rx=10,sender=0,delay_s=0.000662",bc_events_m0.2.csv
9.30066,DATA_RX_OK,"rx=5,sender=0,delay_s=0.000662",bc_events_m0.2.csv
9.30066,DATA_RX_OK,"rx=9,sender=0,delay_s=0.000662",bc_events_m0.2.csv
9.30066,DATA_RX_OK,"rx=4,sender=0,delay_s=0.000662",bc_events_m0.2.csv
9.30066,DATA_RX_OK,"rx=6,sender=0,delay_s=0.000662",bc_events_m0.2.csv
9.30066,DATA_RX_OK,"rx=7,sender=0,delay_s=0.000662",bc_events_m0.2.csv
9.40066,DATA_RX_OK,"rx=11,sender=0,delay_s=0.000662",bc_events_m0.2.csv
9.40066,DATA_RX_OK,"rx=1,sender=0,delay_s=0.000662",bc_events_m0.2.csv
9.40066,DATA_RX_OK,"rx=2,sender=0,delay_s=0.000662",bc_events_m0.2.csv
9.40066,DATA_RX_OK,"rx=8,sender=0,delay_s=0.000662",bc_events_m0.2.csv
9.40066,DATA_RX_OK,"rx=3,sender=0,delay_s=0.000662",bc_events_m0.2.csv
9.40066,DATA_RX_OK,"rx=10,sender=0,delay_s=0.000662",bc_events_m0.2.csv
9.40066,DATA_RX_OK,"rx=5,sender=0,delay_s=0.000662",bc_events_m0.2.csv
9.40066,DATA_RX_OK,"rx=9,sender=0,delay_s=0.000662",bc_events_m0.2.csv
9.40066,DATA_RX_OK,"rx=4,sender=0,delay_s=0.000662",bc_events_m0.2.csv
9.40066,DATA_RX_OK,"rx=6,sender=0,delay_s=0.000662",bc_events_m0.2.csv
9.40066,DATA_RX_OK,"rx=7,sender=0,delay_s=0.000662",bc_events_m0.2.csv
9.45,BLOCK_MINE_START,block_next=10,bc_events_m0.2.csv
9.5,REPLAY_SENT,nonce=9400000000,bc_events_m0.2.csv
9.5,BLOCK_COMMIT_ITEM,"accused=5,delta=0.020000,trust=0.640000",bc_events_m0.2.csv
9.5,BLOCK_COMMIT_ITEM,"accused=2,delta=0.020000,trust=0.830000",bc_events_m0.2.csv
9.5,BLOCK_COMMIT_ITEM,"accused=7,delta=-0.050000,trust=0.720000",bc_events_m0.2.csv
9.5,BLOCK_COMMIT_ITEM,"accused=1,delta=-0.050000,trust=0.640000",bc_events_m0.2.csv
9.5,BLOCK_COMMIT_ITEM,"accused=7,delta=0.020000,trust=0.740000",bc_events_m0.2.csv
9.5,BLOCK_COMMIT_ITEM,"accused=6,delta=-0.050000,trust=0.720000",bc_events_m0.2.csv
9.5,BLOCK_COMMIT_ITEM,"accused=1,delta=0.020000,trust=0.660000",bc_events_m0.2.csv
9.5,BLOCK_COMMIT_DONE,"block=10,items=7,lat_s=0.050000",bc_events_m0.2.csv
9.50066,DATA_DROP_REPLAY,"rx=11,sender=0,nonce=9400000000",bc_events_m0.2.csv
9.50066,DATA_DROP_REPLAY,"rx=1,sender=0,nonce=9400000000",bc_events_m0.2.csv
9.50066,DATA_DROP_REPLAY,"rx=2,sender=0,nonce=9400000000",bc_events_m0.2.csv
9.50066,DATA_DROP_REPLAY,"rx=8,sender=0,nonce=9400000000",bc_events_m0.2.csv
9.50066,DATA_DROP_REPLAY,"rx=3,sender=0,nonce=9400000000",bc_events_m0.2.csv
9.50066,DATA_DROP_REPLAY,"rx=10,sender=0,nonce=9400000000",bc_events_m0.2.csv
9.50066,DATA_DROP_REPLAY,"rx=5,sender=0,nonce=9400000000",bc_events_m0.2.csv
9.50066,DATA_DROP_REPLAY,"rx=9,sender=0,nonce=9400000000",bc_events_m0.2.csv
9.50066,DATA_DROP_REPLAY,"rx=4,sender=0,nonce=9400000000",bc_events_m0.2.csv
9.50066,DATA_DROP_REPLAY,"rx=6,sender=0,nonce=9400000000",bc_events_m0.2.csv
9.50066,DATA_DROP_REPLAY,"rx=7,sender=0,nonce=9400000000",bc_events_m0.2.csv
9.50102,DATA_RX_OK,"rx=11,sender=0,delay_s=0.001023",bc_events_m0.2.csv
9.50102,DATA_RX_OK,"rx=1,sender=0,delay_s=0.001023",bc_events_m0.2.csv
9.50102,DATA_RX_OK,"rx=2,sender=0,delay_s=0.001023",bc_events_m0.2.csv
9.50102,DATA_RX_OK,"rx=8,sender=0,delay_s=0.001023",bc_events_m0.2.csv
9.50102,DATA_RX_OK,"rx=3,sender=0,delay_s=0.001023",bc_events_m0.2.csv
9.50102,DATA_RX_OK,"rx=10,sender=0,delay_s=0.001023",bc_events_m0.2.csv
9.50102,DATA_RX_OK,"rx=5,sender=0,delay_s=0.001023",bc_events_m0.2.csv
9.50102,DATA_RX_OK,"rx=9,sender=0,delay_s=0.001023",bc_events_m0.2.csv
9.50102,DATA_RX_OK,"rx=4,sender=0,delay_s=0.001023",bc_events_m0.2.csv
9.50102,DATA_RX_OK,"rx=6,sender=0,delay_s=0.001023",bc_events_m0.2.csv
9.50102,DATA_RX_OK,"rx=7,sender=0,delay_s=0.001023",bc_events_m0.2.csv
9.60066,DATA_DROP_SIG,"rx=1,sender=0,nonce=9600000000",bc_events_m0.2.csv
9.60066,DATA_DROP_SIG,"rx=11,sender=0,nonce=9600000000",bc_events_m0.2.csv
9.60066,DATA_DROP_SIG,"rx=2,sender=0,nonce=9600000000",bc_events_m0.2.csv
9.60066,DATA_DROP_SIG,"rx=8,sender=0,nonce=9600000000",bc_events_m0.2.csv
9.60066,DATA_DROP_SIG,"rx=3,sender=0,nonce=9600000000",bc_events_m0.2.csv
9.60066,DATA_DROP_SIG,"rx=10,sender=0,nonce=9600000000",bc_events_m0.2.csv
9.60066,DATA_DROP_SIG,"rx=5,sender=0,nonce=9600000000",bc_events_m0.2.csv
9.60066,DATA_DROP_SIG,"rx=9,sender=0,nonce=9600000000",bc_events_m0.2.csv
9.60066,DATA_DROP_SIG,"rx=4,sender=0,nonce=9600000000",bc_events_m0.2.csv
9.60066,DATA_DROP_SIG,"rx=6,sender=0,nonce=9600000000",bc_events_m0.2.csv
9.60066,DATA_DROP_SIG,"rx=7,sender=0,nonce=9600000000",bc_events_m0.2.csv
9.70066,DATA_RX_OK,"rx=1,sender=0,delay_s=0.000662",bc_events_m0.2.csv
9.70066,DATA_RX_OK,"rx=11,sender=0,delay_s=0.000662",bc_events_m0.2.csv
9.70066,DATA_RX_OK,"rx=2,sender=0,delay_s=0.000662",bc_events_m0.2.csv
9.70066,DATA_RX_OK,"rx=8,sender=0,delay_s=0.000662",bc_events_m0.2.csv
9.70066,DATA_RX_OK,"rx=3,sender=0,delay_s=0.000662",bc_events_m0.2.csv
9.70066,DATA_RX_OK,"rx=10,sender=0,delay_s=0.000662",bc_events_m0.2.csv
9.70066,DATA_RX_OK,"rx=5,sender=0,delay_s=0.000662",bc_events_m0.2.csv
9.70066,DATA_RX_OK,"rx=9,sender=0,delay_s=0.000662",bc_events_m0.2.csv
9.70066,DATA_RX_OK,"rx=4,sender=0,delay_s=0.000662",bc_events_m0.2.csv
9.70066,DATA_RX_OK,"rx=6,sender=0,delay_s=0.000662",bc_events_m0.2.csv
9.70066,DATA_RX_OK,"rx=7,sender=0,delay_s=0.000662",bc_events_m0.2.csv
9.8,REPLAY_SENT,nonce=9700000000,bc_events_m0.2.csv
9.80066,DATA_DROP_REPLAY,"rx=1,sender=0,nonce=9700000000",bc_events_m0.2.csv
9.80066,DATA_DROP_REPLAY,"rx=11,sender=0,nonce=9700000000",bc_events_m0.2.csv
9.80066,DATA_DROP_REPLAY,"rx=2,sender=0,nonce=9700000000",bc_events_m0.2.csv
9.80066,DATA_DROP_REPLAY,"rx=8,sender=0,nonce=9700000000",bc_events_m0.2.csv
9.80066,DATA_DROP_REPLAY,"rx=10,sender=0,nonce=9700000000",bc_events_m0.2.csv
9.80066,DATA_DROP_REPLAY,"rx=3,sender=0,nonce=9700000000",bc_events_m0.2.csv
9.80066,DATA_DROP_REPLAY,"rx=5,sender=0,nonce=9700000000",bc_events_m0.2.csv
9.80066,DATA_DROP_REPLAY,"rx=9,sender=0,nonce=9700000000",bc_events_m0.2.csv
9.80066,DATA_DROP_REPLAY,"rx=4,sender=0,nonce=9700000000",bc_events_m0.2.csv
9.80066,DATA_DROP_REPLAY,"rx=6,sender=0,nonce=9700000000",bc_events_m0.2.csv
9.80066,DATA_DROP_REPLAY,"rx=7,sender=0,nonce=9700000000",bc_events_m0.2.csv
9.80105,DATA_RX_OK,"rx=1,sender=0,delay_s=0.001050",bc_events_m0.2.csv
9.80105,DATA_RX_OK,"rx=11,sender=0,delay_s=0.001050",bc_events_m0.2.csv
9.80105,DATA_RX_OK,"rx=2,sender=0,delay_s=0.001050",bc_events_m0.2.csv
9.80105,DATA_RX_OK,"rx=8,sender=0,delay_s=0.001050",bc_events_m0.2.csv
9.80105,DATA_RX_OK,"rx=10,sender=0,delay_s=0.001050",bc_events_m0.2.csv
9.80105,DATA_RX_OK,"rx=3,sender=0,delay_s=0.001050",bc_events_m0.2.csv
9.80105,DATA_RX_OK,"rx=5,sender=0,delay_s=0.001050",bc_events_m0.2.csv
9.80105,DATA_RX_OK,"rx=9,sender=0,delay_s=0.001050",bc_events_m0.2.csv
9.80105,DATA_RX_OK,"rx=4,sender=0,delay_s=0.001050",bc_events_m0.2.csv
9.80105,DATA_RX_OK,"rx=6,sender=0,delay_s=0.001050",bc_events_m0.2.csv
9.80105,DATA_RX_OK,"rx=7,sender=0,delay_s=0.001050",bc_events_m0.2.csv
9.90066,DATA_DROP_SIG,"rx=1,sender=0,nonce=9900000000",bc_events_m0.2.csv
9.90066,DATA_DROP_SIG,"rx=11,sender=0,nonce=9900000000",bc_events_m0.2.csv
9.90066,DATA_DROP_SIG,"rx=2,sender=0,nonce=9900000000",bc_events_m0.2.csv
9.90066,DATA_DROP_SIG,"rx=10,sender=0,nonce=9900000000",bc_events_m0.2.csv
9.90066,DATA_DROP_SIG,"rx=3,sender=0,nonce=9900000000",bc_events_m0.2.csv
9.90066,DATA_DROP_SIG,"rx=8,sender=0,nonce=9900000000",bc_events_m0.2.csv
9.90066,DATA_DROP_SIG,"rx=5,sender=0,nonce=9900000000",bc_events_m0.2.csv
9.90066,DATA_DROP_SIG,"rx=9,sender=0,nonce=9900000000",bc_events_m0.2.csv
9.90066,DATA_DROP_SIG,"rx=4,sender=0,nonce=9900000000",bc_events_m0.2.csv
9.90066,DATA_DROP_SIG,"rx=6,sender=0,nonce=9900000000",bc_events_m0.2.csv
9.90066,DATA_DROP_SIG,"rx=7,sender=0,nonce=9900000000",bc_events_m0.2.csv
10,REPORT_SENT,"by=0,about=2,delta=0.020000",bc_events_m0.2.csv
10,REPORT_SENT,"by=1,about=4,delta=0.020000",bc_events_m0.2.csv
10,REPORT_SENT,"by=2,about=2,delta=0.020000",bc_events_m0.2.csv
10,REPORT_SENT,"by=3,about=3,delta=0.020000",bc_events_m0.2.csv
10,REPORT_SENT,"by=4,about=1,delta=0.020000",bc_events_m0.2.csv
10,REPORT_SENT,"by=5,about=3,delta=-0.050000",bc_events_m0.2.csv
10,REPORT_SENT,"by=6,about=3,delta=-0.050000",bc_events_m0.2.csv
10,REPORT_SENT,"by=7,about=4,delta=0.020000",bc_events_m0.2.csv
10,REPORT_SENT,"by=8,about=4,delta=0.020000",bc_events_m0.2.csv
10,REPORT_SENT,"by=9,about=8,delta=-0.050000",bc_events_m0.2.csv
10.0002,REPORT_RX_RSU,"rsu=10,by=5,about=3,delta=-0.050000",bc_events_m0.2.csv
10.0003,REPORT_RX_RSU,"rsu=10,by=1,about=4,delta=0.020000",bc_events_m0.2.csv
10.0005,REPORT_RX_RSU,"rsu=10,by=0,about=2,delta=0.020000",bc_events_m0.2.csv
10.0006,REPORT_RX_RSU,"rsu=10,by=9,about=8,delta=-0.050000",bc_events_m0.2.csv
10.0008,REPORT_RX_RSU,"rsu=10,by=7,about=4,delta=0.020000",bc_events_m0.2.csv
10.0013,REPORT_RX_RSU,"rsu=10,by=4,about=1,delta=0.020000",bc_events_m0.2.csv
10.0013,DATA_RX_OK,"rx=1,sender=0,delay_s=0.001336",bc_events_m0.2.csv
10.0013,DATA_RX_OK,"rx=11,sender=0,delay_s=0.001336",bc_events_m0.2.csv
10.0013,DATA_RX_OK,"rx=2,sender=0,delay_s=0.001336",bc_events_m0.2.csv
10.0013,DATA_RX_OK,"rx=10,sender=0,delay_s=0.001336",bc_events_m0.2.csv
10.0013,DATA_RX_OK,"rx=3,sender=0,delay_s=0.001336",bc_events_m0.2.csv
10.0013,DATA_RX_OK,"rx=8,sender=0,delay_s=0.001336",bc_events_m0.2.csv
10.0013,DATA_RX_OK,"rx=5,sender=0,delay_s=0.001336",bc_events_m0.2.csv
10.0013,DATA_RX_OK,"rx=9,sender=0,delay_s=0.001336",bc_events_m0.2.csv
10.0013,DATA_RX_OK,"rx=4,sender=0,delay_s=0.001336",bc_events_m0.2.csv
10.0013,DATA_RX_OK,"rx=6,sender=0,delay_s=0.001336",bc_events_m0.2.csv
10.0013,DATA_RX_OK,"rx=7,sender=0,delay_s=0.001336",bc_events_m0.2.csv
10.0014,REPORT_RX_RSU,"rsu=10,by=8,about=4,delta=0.020000",bc_events_m0.2.csv
10.1,REPLAY_SENT,nonce=10000000000,bc_events_m0.2.csv
10.1007,DATA_DROP_REPLAY,"rx=1,sender=0,nonce=10000000000",bc_events_m0.2.csv
10.1007,DATA_DROP_REPLAY,"rx=11,sender=0,nonce=10000000000",bc_events_m0.2.csv
10.1007,DATA_DROP_REPLAY,"rx=2,sender=0,nonce=10000000000",bc_events_m0.2.csv
10.1007,DATA_DROP_REPLAY,"rx=3,sender=0,nonce=10000000000",bc_events_m0.2.csv
10.1007,DATA_DROP_REPLAY,"rx=10,sender=0,nonce=10000000000",bc_events_m0.2.csv
10.1007,DATA_DROP_REPLAY,"rx=8,sender=0,nonce=10000000000",bc_events_m0.2.csv
10.1007,DATA_DROP_REPLAY,"rx=5,sender=0,nonce=10000000000",bc_events_m0.2.csv
10.1007,DATA_DROP_REPLAY,"rx=9,sender=0,nonce=10000000000",bc_events_m0.2.csv
10.1007,DATA_DROP_REPLAY,"rx=4,sender=0,nonce=10000000000",bc_events_m0.2.csv
10.1007,DATA_DROP_REPLAY,"rx=6,sender=0,nonce=10000000000",bc_events_m0.2.csv
10.1007,DATA_DROP_REPLAY,"rx=7,sender=0,nonce=10000000000",bc_events_m0.2.csv
10.1009,DATA_RX_OK,"rx=1,sender=0,delay_s=0.000942",bc_events_m0.2.csv
10.1009,DATA_RX_OK,"rx=11,sender=0,delay_s=0.000942",bc_events_m0.2.csv
10.1009,DATA_RX_OK,"rx=2,sender=0,delay_s=0.000942",bc_events_m0.2.csv
10.1009,DATA_RX_OK,"rx=3,sender=0,delay_s=0.000942",bc_events_m0.2.csv
10.1009,DATA_RX_OK,"rx=10,sender=0,delay_s=0.000942",bc_events_m0.2.csv
10.1009,DATA_RX_OK,"rx=8,sender=0,delay_s=0.000942",bc_events_m0.2.csv
10.1009,DATA_RX_OK,"rx=5,sender=0,delay_s=0.000942",bc_events_m0.2.csv
10.1009,DATA_RX_OK,"rx=9,sender=0,delay_s=0.000942",bc_events_m0.2.csv
10.1009,DATA_RX_OK,"rx=4,sender=0,delay_s=0.000942",bc_events_m0.2.csv
10.1009,DATA_RX_OK,"rx=6,sender=0,delay_s=0.000942",bc_events_m0.2.csv
10.1009,DATA_RX_OK,"rx=7,sender=0,delay_s=0.000942",bc_events_m0.2.csv
10.2007,DATA_DROP_SIG,"rx=1,sender=0,nonce=10200000000",bc_events_m0.2.csv
10.2007,DATA_DROP_SIG,"rx=11,sender=0,nonce=10200000000",bc_events_m0.2.csv
10.2007,DATA_DROP_SIG,"rx=2,sender=0,nonce=10200000000",bc_events_m0.2.csv
10.2007,DATA_DROP_SIG,"rx=3,sender=0,nonce=10200000000",bc_events_m0.2.csv
10.2007,DATA_DROP_SIG,"rx=10,sender=0,nonce=10200000000",bc_events_m0.2.csv
10.2007,DATA_DROP_SIG,"rx=8,sender=0,nonce=10200000000",bc_events_m0.2.csv
10.2007,DATA_DROP_SIG,"rx=5,sender=0,nonce=10200000000",bc_events_m0.2.csv
10.2007,DATA_DROP_SIG,"rx=9,sender=0,nonce=10200000000",bc_events_m0.2.csv
10.2007,DATA_DROP_SIG,"rx=4,sender=0,nonce=10200000000",bc_events_m0.2.csv
10.2007,DATA_DROP_SIG,"rx=6,sender=0,nonce=10200000000",bc_events_m0.2.csv
10.2007,DATA_DROP_SIG,"rx=7,sender=0,nonce=10200000000",bc_events_m0.2.csv
10.3007,DATA_RX_OK,"rx=1,sender=0,delay_s=0.000662",bc_events_m0.2.csv
10.3007,DATA_RX_OK,"rx=11,sender=0,delay_s=0.000662",bc_events_m0.2.csv
10.3007,DATA_RX_OK,"rx=2,sender=0,delay_s=0.000662",bc_events_m0.2.csv
10.3007,DATA_RX_OK,"rx=3,sender=0,delay_s=0.000662",bc_events_m0.2.csv
10.3007,DATA_RX_OK,"rx=10,sender=0,delay_s=0.000662",bc_events_m0.2.csv
10.3007,DATA_RX_OK,"rx=8,sender=0,delay_s=0.000662",bc_events_m0.2.csv
10.3007,DATA_RX_OK,"rx=5,sender=0,delay_s=0.000662",bc_events_m0.2.csv
10.3007,DATA_RX_OK,"rx=9,sender=0,delay_s=0.000662",bc_events_m0.2.csv
10.3007,DATA_RX_OK,"rx=4,sender=0,delay_s=0.000662",bc_events_m0.2.csv
10.3007,DATA_RX_OK,"rx=6,sender=0,delay_s=0.000662",bc_events_m0.2.csv
10.3007,DATA_RX_OK,"rx=7,sender=0,delay_s=0.000662",bc_events_m0.2.csv
10.4,REPLAY_SENT,nonce=10300000000,bc_events_m0.2.csv
10.4007,DATA_DROP_REPLAY,"rx=11,sender=0,nonce=10300000000",bc_events_m0.2.csv
10.4007,DATA_DROP_REPLAY,"rx=1,sender=0,nonce=10300000000",bc_events_m0.2.csv
10.4007,DATA_DROP_REPLAY,"rx=2,sender=0,nonce=10300000000",bc_events_m0.2.csv
10.4007,DATA_DROP_REPLAY,"rx=3,sender=0,nonce=10300000000",bc_events_m0.2.csv
10.4007,DATA_DROP_REPLAY,"rx=10,sender=0,nonce=10300000000",bc_events_m0.2.csv
10.4007,DATA_DROP_REPLAY,"rx=8,sender=0,nonce=10300000000",bc_events_m0.2.csv
10.4007,DATA_DROP_REPLAY,"rx=5,sender=0,nonce=10300000000",bc_events_m0.2.csv
10.4007,DATA_DROP_REPLAY,"rx=9,sender=0,nonce=10300000000",bc_events_m0.2.csv
10.4007,DATA_DROP_REPLAY,"rx=7,sender=0,nonce=10300000000",bc_events_m0.2.csv
10.4007,DATA_DROP_REPLAY,"rx=4,sender=0,nonce=10300000000",bc_events_m0.2.csv
10.4007,DATA_DROP_REPLAY,"rx=6,sender=0,nonce=10300000000",bc_events_m0.2.csv
10.401,DATA_RX_OK,"rx=11,sender=0,delay_s=0.000969",bc_events_m0.2.csv
10.401,DATA_RX_OK,"rx=1,sender=0,delay_s=0.000969",bc_events_m0.2.csv
10.401,DATA_RX_OK,"rx=2,sender=0,delay_s=0.000969",bc_events_m0.2.csv
10.401,DATA_RX_OK,"rx=3,sender=0,delay_s=0.000969",bc_events_m0.2.csv
10.401,DATA_RX_OK,"rx=10,sender=0,delay_s=0.000969",bc_events_m0.2.csv
10.401,DATA_RX_OK,"rx=8,sender=0,delay_s=0.000969",bc_events_m0.2.csv
10.401,DATA_RX_OK,"rx=5,sender=0,delay_s=0.000969",bc_events_m0.2.csv
10.401,DATA_RX_OK,"rx=9,sender=0,delay_s=0.000969",bc_events_m0.2.csv
10.401,DATA_RX_OK,"rx=7,sender=0,delay_s=0.000969",bc_events_m0.2.csv
10.401,DATA_RX_OK,"rx=4,sender=0,delay_s=0.000969",bc_events_m0.2.csv
10.401,DATA_RX_OK,"rx=6,sender=0,delay_s=0.000969",bc_events_m0.2.csv
10.5,BLOCK_MINE_START,block_next=11,bc_events_m0.2.csv
10.5007,DATA_RX_OK,"rx=11,sender=0,delay_s=0.000662",bc_events_m0.2.csv
10.5007,DATA_RX_OK,"rx=1,sender=0,delay_s=0.000662",bc_events_m0.2.csv
10.5007,DATA_RX_OK,"rx=2,sender=0,delay_s=0.000662",bc_events_m0.2.csv
10.5007,DATA_RX_OK,"rx=3,sender=0,delay_s=0.000662",bc_events_m0.2.csv
10.5007,DATA_RX_OK,"rx=10,sender=0,delay_s=0.000662",bc_events_m0.2.csv
10.5007,DATA_RX_OK,"rx=8,sender=0,delay_s=0.000662",bc_events_m0.2.csv
10.5007,DATA_RX_OK,"rx=5,sender=0,delay_s=0.000662",bc_events_m0.2.csv
10.5007,DATA_RX_OK,"rx=7,sender=0,delay_s=0.000662",bc_events_m0.2.csv
10.5007,DATA_RX_OK,"rx=9,sender=0,delay_s=0.000662",bc_events_m0.2.csv
10.5007,DATA_RX_OK,"rx=6,sender=0,delay_s=0.000662",bc_events_m0.2.csv
10.5007,DATA_RX_OK,"rx=4,sender=0,delay_s=0.000662",bc_events_m0.2.csv
10.55,BLOCK_COMMIT_ITEM,"accused=3,delta=-0.050000,trust=0.650000",bc_events_m0.2.csv
10.55,BLOCK_COMMIT_ITEM,"accused=4,delta=0.020000,trust=0.780000",bc_events_m0.2.csv
10.55,BLOCK_COMMIT_ITEM,"accused=2,delta=0.020000,trust=0.850000",bc_events_m0.2.csv
10.55,BLOCK_COMMIT_ITEM,"accused=8,delta=-0.050000,trust=0.760000",bc_events_m0.2.csv
10.55,BLOCK_COMMIT_ITEM,"accused=4,delta=0.020000,trust=0.800000",bc_events_m0.2.csv
10.55,BLOCK_COMMIT_ITEM,"accused=1,delta=0.020000,trust=0.680000",bc_events_m0.2.csv
10.55,BLOCK_COMMIT_ITEM,"accused=4,delta=0.020000,trust=0.820000",bc_events_m0.2.csv
10.55,BLOCK_COMMIT_DONE,"block=11,items=7,lat_s=0.050000",bc_events_m0.2.csv
10.6007,DATA_RX_OK,"rx=11,sender=0,delay_s=0.000662",bc_events_m0.2.csv
10.6007,DATA_RX_OK,"rx=2,sender=0,delay_s=0.000662",bc_events_m0.2.csv
10.6007,DATA_RX_OK,"rx=1,sender=0,delay_s=0.000662",bc_events_m0.2.csv
10.6007,DATA_RX_OK,"rx=3,sender=0,delay_s=0.000662",bc_events_m0.2.csv
10.6007,DATA_RX_OK,"rx=10,sender=0,delay_s=0.000662",bc_events_m0.2.csv
10.6007,DATA_RX_OK,"rx=5,sender=0,delay_s=0.000662",bc_events_m0.2.csv
10.6007,DATA_RX_OK,"rx=8,sender=0,delay_s=0.000662",bc_events_m0.2.csv
10.6007,DATA_RX_OK,"rx=7,sender=0,delay_s=0.000662",bc_events_m0.2.csv
10.6007,DATA_RX_OK,"rx=6,sender=0,delay_s=0.000662",bc_events_m0.2.csv
10.6007,DATA_RX_OK,"rx=9,sender=0,delay_s=0.000662",bc_events_m0.2.csv
10.6007,DATA_RX_OK,"rx=4,sender=0,delay_s=0.000662",bc_events_m0.2.csv
10.7,REPLAY_SENT,nonce=10600000000,bc_events_m0.2.csv
10.7007,DATA_DROP_REPLAY,"rx=11,sender=0,nonce=10600000000",bc_events_m0.2.csv
10.7007,DATA_DROP_REPLAY,"rx=2,sender=0,nonce=10600000000",bc_events_m0.2.csv
10.7007,DATA_DROP_REPLAY,"rx=1,sender=0,nonce=10600000000",bc_events_m0.2.csv
10.7007,DATA_DROP_REPLAY,"rx=3,sender=0,nonce=10600000000",bc_events_m0.2.csv
10.7007,DATA_DROP_REPLAY,"rx=5,sender=0,nonce=10600000000",bc_events_m0.2.csv
10.7007,DATA_DROP_REPLAY,"rx=10,sender=0,nonce=10600000000",bc_events_m0.2.csv
10.7007,DATA_DROP_REPLAY,"rx=8,sender=0,nonce=10600000000",bc_events_m0.2.csv
10.7007,DATA_DROP_REPLAY,"rx=7,sender=0,nonce=10600000000",bc_events_m0.2.csv
10.7007,DATA_DROP_REPLAY,"rx=6,sender=0,nonce=10600000000",bc_events_m0.2.csv
10.7007,DATA_DROP_REPLAY,"rx=9,sender=0,nonce=10600000000",bc_events_m0.2.csv
10.7007,DATA_DROP_REPLAY,"rx=4,sender=0,nonce=10600000000",bc_events_m0.2.csv
10.701,DATA_RX_OK,"rx=11,sender=0,delay_s=0.001032",bc_events_m0.2.csv
10.701,DATA_RX_OK,"rx=2,sender=0,delay_s=0.001032",bc_events_m0.2.csv
10.701,DATA_RX_OK,"rx=1,sender=0,delay_s=0.001032",bc_events_m0.2.csv
10.701,DATA_RX_OK,"rx=3,sender=0,delay_s=0.001032",bc_events_m0.2.csv
10.701,DATA_RX_OK,"rx=5,sender=0,delay_s=0.001032",bc_events_m0.2.csv
10.701,DATA_RX_OK,"rx=10,sender=0,delay_s=0.001032",bc_events_m0.2.csv
10.701,DATA_RX_OK,"rx=8,sender=0,delay_s=0.001032",bc_events_m0.2.csv
10.701,DATA_RX_OK,"rx=7,sender=0,delay_s=0.001032",bc_events_m0.2.csv
10.701,DATA_RX_OK,"rx=6,sender=0,delay_s=0.001032",bc_events_m0.2.csv
10.701,DATA_RX_OK,"rx=9,sender=0,delay_s=0.001032",bc_events_m0.2.csv
10.701,DATA_RX_OK,"rx=4,sender=0,delay_s=0.001032",bc_events_m0.2.csv
10.8007,DATA_DROP_SIG,"rx=11,sender=0,nonce=10800000000",bc_events_m0.2.csv
10.8007,DATA_DROP_SIG,"rx=2,sender=0,nonce=10800000000",bc_events_m0.2.csv
10.8007,DATA_DROP_SIG,"rx=1,sender=0,nonce=10800000000",bc_events_m0.2.csv
10.8007,DATA_DROP_SIG,"rx=3,sender=0,nonce=10800000000",bc_events_m0.2.csv
10.8007,DATA_DROP_SIG,"rx=5,sender=0,nonce=10800000000",bc_events_m0.2.csv
10.8007,DATA_DROP_SIG,"rx=10,sender=0,nonce=10800000000",bc_events_m0.2.csv
10.8007,DATA_DROP_SIG,"rx=8,sender=0,nonce=10800000000",bc_events_m0.2.csv
10.8007,DATA_DROP_SIG,"rx=7,sender=0,nonce=10800000000",bc_events_m0.2.csv
10.8007,DATA_DROP_SIG,"rx=6,sender=0,nonce=10800000000",bc_events_m0.2.csv
10.8007,DATA_DROP_SIG,"rx=9,sender=0,nonce=10800000000",bc_events_m0.2.csv
10.8007,DATA_DROP_SIG,"rx=4,sender=0,nonce=10800000000",bc_events_m0.2.csv
10.9007,DATA_DROP_SIG,"rx=11,sender=0,nonce=10900000000",bc_events_m0.2.csv
10.9007,DATA_DROP_SIG,"rx=2,sender=0,nonce=10900000000",bc_events_m0.2.csv
10.9007,DATA_DROP_SIG,"rx=1,sender=0,nonce=10900000000",bc_events_m0.2.csv
10.9007,DATA_DROP_SIG,"rx=3,sender=0,nonce=10900000000",bc_events_m0.2.csv
10.9007,DATA_DROP_SIG,"rx=5,sender=0,nonce=10900000000",bc_events_m0.2.csv
10.9007,DATA_DROP_SIG,"rx=10,sender=0,nonce=10900000000",bc_events_m0.2.csv
10.9007,DATA_DROP_SIG,"rx=8,sender=0,nonce=10900000000",bc_events_m0.2.csv
10.9007,DATA_DROP_SIG,"rx=7,sender=0,nonce=10900000000",bc_events_m0.2.csv
10.9007,DATA_DROP_SIG,"rx=6,sender=0,nonce=10900000000",bc_events_m0.2.csv
10.9007,DATA_DROP_SIG,"rx=9,sender=0,nonce=10900000000",bc_events_m0.2.csv
10.9007,DATA_DROP_SIG,"rx=4,sender=0,nonce=10900000000",bc_events_m0.2.csv
11,REPORT_SENT,"by=0,about=0,delta=0.020000",bc_events_m0.2.csv
11,REPORT_SENT,"by=1,about=7,delta=0.020000",bc_events_m0.2.csv
11,REPORT_SENT,"by=2,about=2,delta=0.020000",bc_events_m0.2.csv
11,REPORT_SENT,"by=3,about=5,delta=0.020000",bc_events_m0.2.csv
11,REPORT_SENT,"by=4,about=8,delta=-0.050000",bc_events_m0.2.csv
11,REPORT_SENT,"by=5,about=3,delta=0.020000",bc_events_m0.2.csv
11,REPORT_SENT,"by=6,about=4,delta=0.020000",bc_events_m0.2.csv
11,REPORT_SENT,"by=7,about=7,delta=-0.050000",bc_events_m0.2.csv
11,REPORT_SENT,"by=8,about=8,delta=0.020000",bc_events_m0.2.csv
11,REPORT_SENT,"by=9,about=2,delta=0.020000",bc_events_m0.2.csv
11,REPLAY_SENT,nonce=10900000000,bc_events_m0.2.csv
11.0002,REPORT_RX_RSU,"rsu=10,by=1,about=7,delta=0.020000",bc_events_m0.2.csv
11.0004,REPORT_RX_RSU,"rsu=10,by=9,about=2,delta=0.020000",bc_events_m0.2.csv
11.0006,REPORT_RX_RSU,"rsu=10,by=4,about=8,delta=-0.050000",bc_events_m0.2.csv
11.0008,REPORT_RX_RSU,"rsu=10,by=0,about=0,delta=0.020000",bc_events_m0.2.csv
11.001,REPORT_RX_RSU,"rsu=10,by=5,about=3,delta=0.020000",bc_events_m0.2.csv
11.0015,DATA_DROP_SIG,"rx=11,sender=0,nonce=10900000000",bc_events_m0.2.csv
11.0015,DATA_DROP_SIG,"rx=2,sender=0,nonce=10900000000",bc_events_m0.2.csv
11.0015,DATA_DROP_SIG,"rx=1,sender=0,nonce=10900000000",bc_events_m0.2.csv
11.0015,DATA_DROP_SIG,"rx=3,sender=0,nonce=10900000000",bc_events_m0.2.csv
11.0015,DATA_DROP_SIG,"rx=5,sender=0,nonce=10900000000",bc_events_m0.2.csv
11.0015,DATA_DROP_SIG,"rx=10,sender=0,nonce=10900000000",bc_events_m0.2.csv
11.0015,DATA_DROP_SIG,"rx=8,sender=0,nonce=10900000000",bc_events_m0.2.csv
11.0015,DATA_DROP_SIG,"rx=7,sender=0,nonce=10900000000",bc_events_m0.2.csv
11.0015,DATA_DROP_SIG,"rx=6,sender=0,nonce=10900000000",bc_events_m0.2.csv
11.0015,DATA_DROP_SIG,"rx=9,sender=0,nonce=10900000000",bc_events_m0.2.csv
11.0015,DATA_DROP_SIG,"rx=4,sender=0,nonce=10900000000",bc_events_m0.2.csv
11.0019,REPORT_RX_RSU,"rsu=10,by=8,about=8,delta=0.020000",bc_events_m0.2.csv
11.0019,DATA_RX_OK,"rx=11,sender=0,delay_s=0.001907",bc_events_m0.2.csv
11.0019,DATA_RX_OK,"rx=2,sender=0,delay_s=0.001907",bc_events_m0.2.csv
11.0019,DATA_RX_OK,"rx=1,sender=0,delay_s=0.001907",bc_events_m0.2.csv
11.0019,DATA_RX_OK,"rx=3,sender=0,delay_s=0.001907",bc_events_m0.2.csv
11.0019,DATA_RX_OK,"rx=5,sender=0,delay_s=0.001907",bc_events_m0.2.csv
11.0019,DATA_RX_OK,"rx=10,sender=0,delay_s=0.001907",bc_events_m0.2.csv
11.0019,DATA_RX_OK,"rx=8,sender=0,delay_s=0.001907",bc_events_m0.2.csv
11.0019,DATA_RX_OK,"rx=7,sender=0,delay_s=0.001907",bc_events_m0.2.csv
11.0019,DATA_RX_OK,"rx=6,sender=0,delay_s=0.001907",bc_events_m0.2.csv
11.0019,DATA_RX_OK,"rx=9,sender=0,delay_s=0.001907",bc_events_m0.2.csv
11.0019,DATA_RX_OK,"rx=4,sender=0,delay_s=0.001907",bc_events_m0.2.csv
11.0021,REPORT_RX_RSU,"rsu=10,by=7,about=7,delta=-0.050000",bc_events_m0.2.csv
11.1007,DATA_RX_OK,"rx=2,sender=0,delay_s=0.000662",bc_events_m0.2.csv
11.1007,DATA_RX_OK,"rx=11,sender=0,delay_s=0.000662",bc_events_m0.2.csv
11.1007,DATA_RX_OK,"rx=1,sender=0,delay_s=0.000662",bc_events_m0.2.csv
11.1007,DATA_RX_OK,"rx=3,sender=0,delay_s=0.000662",bc_events_m0.2.csv
11.1007,DATA_RX_OK,"rx=5,sender=0,delay_s=0.000662",bc_events_m0.2.csv
11.1007,DATA_RX_OK,"rx=10,sender=0,delay_s=0.000662",bc_events_m0.2.csv
11.1007,DATA_RX_OK,"rx=8,sender=0,delay_s=0.000662",bc_events_m0.2.csv
11.1007,DATA_RX_OK,"rx=7,sender=0,delay_s=0.000662",bc_events_m0.2.csv
11.1007,DATA_RX_OK,"rx=6,sender=0,delay_s=0.000662",bc_events_m0.2.csv
11.1007,DATA_RX_OK,"rx=9,sender=0,delay_s=0.000662",bc_events_m0.2.csv
11.1007,DATA_RX_OK,"rx=4,sender=0,delay_s=0.000662",bc_events_m0.2.csv
11.2007,DATA_RX_OK,"rx=2,sender=0,delay_s=0.000662",bc_events_m0.2.csv
11.2007,DATA_RX_OK,"rx=11,sender=0,delay_s=0.000662",bc_events_m0.2.csv
11.2007,DATA_RX_OK,"rx=1,sender=0,delay_s=0.000662",bc_events_m0.2.csv
11.2007,DATA_RX_OK,"rx=3,sender=0,delay_s=0.000662",bc_events_m0.2.csv
11.2007,DATA_RX_OK,"rx=5,sender=0,delay_s=0.000662",bc_events_m0.2.csv
11.2007,DATA_RX_OK,"rx=10,sender=0,delay_s=0.000662",bc_events_m0.2.csv
11.2007,DATA_RX_OK,"rx=8,sender=0,delay_s=0.000662",bc_events_m0.2.csv
11.2007,DATA_RX_OK,"rx=6,sender=0,delay_s=0.000662",bc_events_m0.2.csv
11.2007,DATA_RX_OK,"rx=7,sender=0,delay_s=0.000662",bc_events_m0.2.csv
11.2007,DATA_RX_OK,"rx=9,sender=0,delay_s=0.000662",bc_events_m0.2.csv
11.2007,DATA_RX_OK,"rx=4,sender=0,delay_s=0.000662",bc_events_m0.2.csv
11.3,REPLAY_SENT,nonce=11200000000,bc_events_m0.2.csv
11.3007,DATA_DROP_REPLAY,"rx=2,sender=0,nonce=11200000000",bc_events_m0.2.csv
11.3007,DATA_DROP_REPLAY,"rx=11,sender=0,nonce=11200000000",bc_events_m0.2.csv
11.3007,DATA_DROP_REPLAY,"rx=1,sender=0,nonce=11200000000",bc_events_m0.2.csv
11.3007,DATA_DROP_REPLAY,"rx=3,sender=0,nonce=11200000000",bc_events_m0.2.csv
11.3007,DATA_DROP_REPLAY,"rx=10,sender=0,nonce=11200000000",bc_events_m0.2.csv
11.3007,DATA_DROP_REPLAY,"rx=5,sender=0,nonce=11200000000",bc_events_m0.2.csv
11.3007,DATA_DROP_REPLAY,"rx=8,sender=0,nonce=11200000000",bc_events_m0.2.csv
11.3007,DATA_DROP_REPLAY,"rx=6,sender=0,nonce=11200000000",bc_events_m0.2.csv
11.3007,DATA_DROP_REPLAY,"rx=9,sender=0,nonce=11200000000",bc_events_m0.2.csv
11.3007,DATA_DROP_REPLAY,"rx=7,sender=0,nonce=11200000000",bc_events_m0.2.csv
11.3007,DATA_DROP_REPLAY,"rx=4,sender=0,nonce=11200000000",bc_events_m0.2.csv
11.3009,DATA_DROP_SIG,"rx=2,sender=0,nonce=11300000000",bc_events_m0.2.csv
11.3009,DATA_DROP_SIG,"rx=11,sender=0,nonce=11300000000",bc_events_m0.2.csv
11.3009,DATA_DROP_SIG,"rx=1,sender=0,nonce=11300000000",bc_events_m0.2.csv
11.3009,DATA_DROP_SIG,"rx=3,sender=0,nonce=11300000000",bc_events_m0.2.csv
11.3009,DATA_DROP_SIG,"rx=10,sender=0,nonce=11300000000",bc_events_m0.2.csv
11.3009,DATA_DROP_SIG,"rx=5,sender=0,nonce=11300000000",bc_events_m0.2.csv
11.3009,DATA_DROP_SIG,"rx=8,sender=0,nonce=11300000000",bc_events_m0.2.csv
11.3009,DATA_DROP_SIG,"rx=6,sender=0,nonce=11300000000",bc_events_m0.2.csv
11.3009,DATA_DROP_SIG,"rx=9,sender=0,nonce=11300000000",bc_events_m0.2.csv
11.3009,DATA_DROP_SIG,"rx=7,sender=0,nonce=11300000000",bc_events_m0.2.csv
11.3009,DATA_DROP_SIG,"rx=4,sender=0,nonce=11300000000",bc_events_m0.2.csv
11.4007,DATA_RX_OK,"rx=2,sender=0,delay_s=0.000662",bc_events_m0.2.csv
11.4007,DATA_RX_OK,"rx=11,sender=0,delay_s=0.000662",bc_events_m0.2.csv
11.4007,DATA_RX_OK,"rx=1,sender=0,delay_s=0.000662",bc_events_m0.2.csv
11.4007,DATA_RX_OK,"rx=3,sender=0,delay_s=0.000662",bc_events_m0.2.csv
11.4007,DATA_RX_OK,"rx=10,sender=0,delay_s=0.000662",bc_events_m0.2.csv
11.4007,DATA_RX_OK,"rx=5,sender=0,delay_s=0.000662",bc_events_m0.2.csv
11.4007,DATA_RX_OK,"rx=8,sender=0,delay_s=0.000662",bc_events_m0.2.csv
11.4007,DATA_RX_OK,"rx=6,sender=0,delay_s=0.000662",bc_events_m0.2.csv
11.4007,DATA_RX_OK,"rx=9,sender=0,delay_s=0.000662",bc_events_m0.2.csv
11.4007,DATA_RX_OK,"rx=7,sender=0,delay_s=0.000662",bc_events_m0.2.csv
11.4007,DATA_RX_OK,"rx=4,sender=0,delay_s=0.000662",bc_events_m0.2.csv
11.5007,DATA_RX_OK,"rx=2,sender=0,delay_s=0.000662",bc_events_m0.2.csv
11.5007,DATA_RX_OK,"rx=11,sender=0,delay_s=0.000662",bc_events_m0.2.csv
11.5007,DATA_RX_OK,"rx=1,sender=0,delay_s=0.000662",bc_events_m0.2.csv
11.5007,DATA_RX_OK,"rx=3,sender=0,delay_s=0.000662",bc_events_m0.2.csv
11.5007,DATA_RX_OK,"rx=10,sender=0,delay_s=0.000662",bc_events_m0.2.csv
11.5007,DATA_RX_OK,"rx=5,sender=0,delay_s=0.000662",bc_events_m0.2.csv
11.5007,DATA_RX_OK,"rx=8,sender=0,delay_s=0.000662",bc_events_m0.2.csv
11.5007,DATA_RX_OK,"rx=9,sender=0,delay_s=0.000662",bc_events_m0.2.csv
11.5007,DATA_RX_OK,"rx=6,sender=0,delay_s=0.000662",bc_events_m0.2.csv
11.5007,DATA_RX_OK,"rx=7,sender=0,delay_s=0.000662",bc_events_m0.2.csv
11.5007,DATA_RX_OK,"rx=4,sender=0,delay_s=0.000662",bc_events_m0.2.csv
11.55,BLOCK_MINE_START,block_next=12,bc_events_m0.2.csv
11.6,REPLAY_SENT,nonce=11500000000,bc_events_m0.2.csv
11.6,BLOCK_COMMIT_ITEM,"accused=7,delta=0.020000,trust=0.760000",bc_events_m0.2.csv
11.6,BLOCK_COMMIT_ITEM,"accused=2,delta=0.020000,trust=0.870000",bc_events_m0.2.csv
11.6,BLOCK_COMMIT_ITEM,"accused=8,delta=-0.050000,trust=0.710000",bc_events_m0.2.csv
11.6,BLOCK_COMMIT_ITEM,"accused=0,delta=0.020000,trust=0.760000",bc_events_m0.2.csv
11.6,BLOCK_COMMIT_ITEM,"accused=3,delta=0.020000,trust=0.670000",bc_events_m0.2.csv
11.6,BLOCK_COMMIT_ITEM,"accused=8,delta=0.020000,trust=0.730000",bc_events_m0.2.csv
11.6,BLOCK_COMMIT_ITEM,"accused=7,delta=-0.050000,trust=0.710000",bc_events_m0.2.csv
11.6,BLOCK_COMMIT_DONE,"block=12,items=7,lat_s=0.050000",bc_events_m0.2.csv
11.6007,DATA_DROP_REPLAY,"rx=2,sender=0,nonce=11500000000",bc_events_m0.2.csv
11.6007,DATA_DROP_REPLAY,"rx=11,sender=0,nonce=11500000000",bc_events_m0.2.csv
11.6007,DATA_DROP_REPLAY,"rx=1,sender=0,nonce=11500000000",bc_events_m0.2.csv
11.6007,DATA_DROP_REPLAY,"rx=3,sender=0,nonce=11500000000",bc_events_m0.2.csv
11.6007,DATA_DROP_REPLAY,"rx=10,sender=0,nonce=11500000000",bc_events_m0.2.csv
11.6007,DATA_DROP_REPLAY,"rx=5,sender=0,nonce=11500000000",bc_events_m0.2.csv
11.6007,DATA_DROP_REPLAY,"rx=8,sender=0,nonce=11500000000",bc_events_m0.2.csv
11.6007,DATA_DROP_REPLAY,"rx=9,sender=0,nonce=11500000000",bc_events_m0.2.csv
11.6007,DATA_DROP_REPLAY,"rx=6,sender=0,nonce=11500000000",bc_events_m0.2.csv
11.6007,DATA_DROP_REPLAY,"rx=7,sender=0,nonce=11500000000",bc_events_m0.2.csv
11.6007,DATA_DROP_REPLAY,"rx=4,sender=0,nonce=11500000000",bc_events_m0.2.csv
11.601,DATA_DROP_SIG,"rx=2,sender=0,nonce=11600000000",bc_events_m0.2.csv
11.601,DATA_DROP_SIG,"rx=11,sender=0,nonce=11600000000",bc_events_m0.2.csv
11.601,DATA_DROP_SIG,"rx=1,sender=0,nonce=11600000000",bc_events_m0.2.csv
11.601,DATA_DROP_SIG,"rx=3,sender=0,nonce=11600000000",bc_events_m0.2.csv
11.601,DATA_DROP_SIG,"rx=10,sender=0,nonce=11600000000",bc_events_m0.2.csv
11.601,DATA_DROP_SIG,"rx=5,sender=0,nonce=11600000000",bc_events_m0.2.csv
11.601,DATA_DROP_SIG,"rx=8,sender=0,nonce=11600000000",bc_events_m0.2.csv
11.601,DATA_DROP_SIG,"rx=9,sender=0,nonce=11600000000",bc_events_m0.2.csv
11.601,DATA_DROP_SIG,"rx=6,sender=0,nonce=11600000000",bc_events_m0.2.csv
11.601,DATA_DROP_SIG,"rx=7,sender=0,nonce=11600000000",bc_events_m0.2.csv
11.601,DATA_DROP_SIG,"rx=4,sender=0,nonce=11600000000",bc_events_m0.2.csv
11.7007,DATA_RX_OK,"rx=2,sender=0,delay_s=0.000662",bc_events_m0.2.csv
11.7007,DATA_RX_OK,"rx=1,sender=0,delay_s=0.000662",bc_events_m0.2.csv
11.7007,DATA_RX_OK,"rx=11,sender=0,delay_s=0.000662",bc_events_m0.2.csv
11.7007,DATA_RX_OK,"rx=10,sender=0,delay_s=0.000662",bc_events_m0.2.csv
11.7007,DATA_RX_OK,"rx=3,sender=0,delay_s=0.000662",bc_events_m0.2.csv
11.7007,DATA_RX_OK,"rx=5,sender=0,delay_s=0.000662",bc_events_m0.2.csv
11.7007,DATA_RX_OK,"rx=8,sender=0,delay_s=0.000662",bc_events_m0.2.csv
11.7007,DATA_RX_OK,"rx=9,sender=0,delay_s=0.000662",bc_events_m0.2.csv
11.7007,DATA_RX_OK,"rx=6,sender=0,delay_s=0.000662",bc_events_m0.2.csv
11.7007,DATA_RX_OK,"rx=7,sender=0,delay_s=0.000662",bc_events_m0.2.csv
11.7007,DATA_RX_OK,"rx=4,sender=0,delay_s=0.000662",bc_events_m0.2.csv
11.8007,DATA_RX_OK,"rx=2,sender=0,delay_s=0.000662",bc_events_m0.2.csv
11.8007,DATA_RX_OK,"rx=11,sender=0,delay_s=0.000662",bc_events_m0.2.csv
11.8007,DATA_RX_OK,"rx=1,sender=0,delay_s=0.000662",bc_events_m0.2.csv
11.8007,DATA_RX_OK,"rx=3,sender=0,delay_s=0.000662",bc_events_m0.2.csv
11.8007,DATA_RX_OK,"rx=10,sender=0,delay_s=0.000662",bc_events_m0.2.csv
11.8007,DATA_RX_OK,"rx=5,sender=0,delay_s=0.000662",bc_events_m0.2.csv
11.8007,DATA_RX_OK,"rx=8,sender=0,delay_s=0.000662",bc_events_m0.2.csv
11.8007,DATA_RX_OK,"rx=6,sender=0,delay_s=0.000662",bc_events_m0.2.csv
11.8007,DATA_RX_OK,"rx=9,sender=0,delay_s=0.000662",bc_events_m0.2.csv
11.8007,DATA_RX_OK,"rx=7,sender=0,delay_s=0.000662",bc_events_m0.2.csv
11.8007,DATA_RX_OK,"rx=4,sender=0,delay_s=0.000662",bc_events_m0.2.csv
11.9,REPLAY_SENT,nonce=11800000000,bc_events_m0.2.csv
11.9007,DATA_DROP_REPLAY,"rx=2,sender=0,nonce=11800000000",bc_events_m0.2.csv
11.9007,DATA_DROP_REPLAY,"rx=11,sender=0,nonce=11800000000",bc_events_m0.2.csv
11.9007,DATA_DROP_REPLAY,"rx=1,sender=0,nonce=11800000000",bc_events_m0.2.csv
11.9007,DATA_DROP_REPLAY,"rx=3,sender=0,nonce=11800000000",bc_events_m0.2.csv
11.9007,DATA_DROP_REPLAY,"rx=10,sender=0,nonce=11800000000",bc_events_m0.2.csv
11.9007,DATA_DROP_REPLAY,"rx=5,sender=0,nonce=11800000000",bc_events_m0.2.csv
11.9007,DATA_DROP_REPLAY,"rx=8,sender=0,nonce=11800000000",bc_events_m0.2.csv
11.9007,DATA_DROP_REPLAY,"rx=6,sender=0,nonce=11800000000",bc_events_m0.2.csv
11.9007,DATA_DROP_REPLAY,"rx=9,sender=0,nonce=11800000000",bc_events_m0.2.csv
11.9007,DATA_DROP_REPLAY,"rx=7,sender=0,nonce=11800000000",bc_events_m0.2.csv
11.9007,DATA_DROP_REPLAY,"rx=4,sender=0,nonce=11800000000",bc_events_m0.2.csv
11.9009,DATA_DROP_SIG,"rx=2,sender=0,nonce=11900000000",bc_events_m0.2.csv
11.9009,DATA_DROP_SIG,"rx=11,sender=0,nonce=11900000000",bc_events_m0.2.csv
11.9009,DATA_DROP_SIG,"rx=1,sender=0,nonce=11900000000",bc_events_m0.2.csv
11.9009,DATA_DROP_SIG,"rx=3,sender=0,nonce=11900000000",bc_events_m0.2.csv
11.9009,DATA_DROP_SIG,"rx=10,sender=0,nonce=11900000000",bc_events_m0.2.csv
11.9009,DATA_DROP_SIG,"rx=5,sender=0,nonce=11900000000",bc_events_m0.2.csv
11.9009,DATA_DROP_SIG,"rx=8,sender=0,nonce=11900000000",bc_events_m0.2.csv
11.9009,DATA_DROP_SIG,"rx=6,sender=0,nonce=11900000000",bc_events_m0.2.csv
11.9009,DATA_DROP_SIG,"rx=9,sender=0,nonce=11900000000",bc_events_m0.2.csv
11.9009,DATA_DROP_SIG,"rx=7,sender=0,nonce=11900000000",bc_events_m0.2.csv
11.9009,DATA_DROP_SIG,"rx=4,sender=0,nonce=11900000000",bc_events_m0.2.csv
12,REPORT_SENT,"by=0,about=9,delta=0.020000",bc_events_m0.2.csv
12,REPORT_SENT,"by=1,about=0,delta=0.020000",bc_events_m0.2.csv
12,REPORT_SENT,"by=2,about=4,delta=0.020000",bc_events_m0.2.csv
12,REPORT_SENT,"by=3,about=3,delta=-0.050000",bc_events_m0.2.csv
12,REPORT_SENT,"by=4,about=7,delta=0.020000",bc_events_m0.2.csv
12,REPORT_SENT,"by=5,about=5,delta=0.020000",bc_events_m0.2.csv
12,REPORT_SENT,"by=6,about=3,delta=-0.050000",bc_events_m0.2.csv
12,REPORT_SENT,"by=7,about=5,delta=0.020000",bc_events_m0.2.csv
12,REPORT_SENT,"by=8,about=0,delta=0.020000",bc_events_m0.2.csv
12,REPORT_SENT,"by=9,about=8,delta=0.020000",bc_events_m0.2.csv
12.0002,REPORT_RX_RSU,"rsu=10,by=5,about=5,delta=0.020000",bc_events_m0.2.csv
12.0005,REPORT_RX_RSU,"rsu=10,by=7,about=5,delta=0.020000",bc_events_m0.2.csv
12.0007,REPORT_RX_RSU,"rsu=10,by=8,about=0,delta=0.020000",bc_events_m0.2.csv
12.0008,REPORT_RX_RSU,"rsu=10,by=4,about=7,delta=0.020000",bc_events_m0.2.csv
12.001,REPORT_RX_RSU,"rsu=10,by=9,about=8,delta=0.020000",bc_events_m0.2.csv
12.0011,REPORT_RX_RSU,"rsu=10,by=0,about=9,delta=0.020000",bc_events_m0.2.csv
12.0018,DATA_RX_OK,"rx=2,sender=0,delay_s=0.001780",bc_events_m0.2.csv
12.0018,DATA_RX_OK,"rx=11,sender=0,delay_s=0.001780",bc_events_m0.2.csv
12.0018,DATA_RX_OK,"rx=1,sender=0,delay_s=0.001780",bc_events_m0.2.csv
12.0018,DATA_RX_OK,"rx=3,sender=0,delay_s=0.001780",bc_events_m0.2.csv
12.0018,DATA_RX_OK,"rx=10,sender=0,delay_s=0.001780",bc_events_m0.2.csv
12.0018,DATA_RX_OK,"rx=5,sender=0,delay_s=0.001780",bc_events_m0.2.csv
12.0018,DATA_RX_OK,"rx=8,sender=0,delay_s=0.001780",bc_events_m0.2.csv
12.0018,DATA_RX_OK,"rx=6,sender=0,delay_s=0.001780",bc_events_m0.2.csv
12.0018,DATA_RX_OK,"rx=9,sender=0,delay_s=0.001780",bc_events_m0.2.csv
12.0018,DATA_RX_OK,"rx=7,sender=0,delay_s=0.001780",bc_events_m0.2.csv
12.0018,DATA_RX_OK,"rx=4,sender=0,delay_s=0.001780",bc_events_m0.2.csv
12.0018,REPORT_RX_RSU,"rsu=10,by=1,about=0,delta=0.020000",bc_events_m0.2.csv
12.1007,DATA_RX_OK,"rx=2,sender=0,delay_s=0.000662",bc_events_m0.2.csv
12.1007,DATA_RX_OK,"rx=11,sender=0,delay_s=0.000662",bc_events_m0.2.csv
12.1007,DATA_RX_OK,"rx=1,sender=0,delay_s=0.000662",bc_events_m0.2.csv
12.1007,DATA_RX_OK,"rx=3,sender=0,delay_s=0.000662",bc_events_m0.2.csv
12.1007,DATA_RX_OK,"rx=5,sender=0,delay_s=0.000662",bc_events_m0.2.csv
12.1007,DATA_RX_OK,"rx=10,sender=0,delay_s=0.000662",bc_events_m0.2.csv
12.1007,DATA_RX_OK,"rx=8,sender=0,delay_s=0.000662",bc_events_m0.2.csv
12.1007,DATA_RX_OK,"rx=6,sender=0,delay_s=0.000662",bc_events_m0.2.csv
12.1007,DATA_RX_OK,"rx=7,sender=0,delay_s=0.000662",bc_events_m0.2.csv
12.1007,DATA_RX_OK,"rx=9,sender=0,delay_s=0.000662",bc_events_m0.2.csv
12.1007,DATA_RX_OK,"rx=4,sender=0,delay_s=0.000662",bc_events_m0.2.csv
12.2,REPLAY_SENT,nonce=12100000000,bc_events_m0.2.csv
12.2007,DATA_DROP_REPLAY,"rx=2,sender=0,nonce=12100000000",bc_events_m0.2.csv
12.2007,DATA_DROP_REPLAY,"rx=11,sender=0,nonce=12100000000",bc_events_m0.2.csv
12.2007,DATA_DROP_REPLAY,"rx=1,sender=0,nonce=12100000000",bc_events_m0.2.csv
12.2007,DATA_DROP_REPLAY,"rx=5,sender=0,nonce=12100000000",bc_events_m0.2.csv
12.2007,DATA_DROP_REPLAY,"rx=3,sender=0,nonce=12100000000",bc_events_m0.2.csv
12.2007,DATA_DROP_REPLAY,"rx=10,sender=0,nonce=12100000000",bc_events_m0.2.csv
12.2007,DATA_DROP_REPLAY,"rx=8,sender=0,nonce=12100000000",bc_events_m0.2.csv
12.2007,DATA_DROP_REPLAY,"rx=6,sender=0,nonce=12100000000",bc_events_m0.2.csv
12.2007,DATA_DROP_REPLAY,"rx=7,sender=0,nonce=12100000000",bc_events_m0.2.csv
12.2007,DATA_DROP_REPLAY,"rx=9,sender=0,nonce=12100000000",bc_events_m0.2.csv
12.2007,DATA_DROP_REPLAY,"rx=4,sender=0,nonce=12100000000",bc_events_m0.2.csv
12.2009,DATA_RX_OK,"rx=2,sender=0,delay_s=0.000933",bc_events_m0.2.csv
12.2009,DATA_RX_OK,"rx=11,sender=0,delay_s=0.000933",bc_events_m0.2.csv
12.2009,DATA_RX_OK,"rx=1,sender=0,delay_s=0.000933",bc_events_m0.2.csv
12.2009,DATA_RX_OK,"rx=5,sender=0,delay_s=0.000933",bc_events_m0.2.csv
12.2009,DATA_RX_OK,"rx=3,sender=0,delay_s=0.000933",bc_events_m0.2.csv
12.2009,DATA_RX_OK,"rx=10,sender=0,delay_s=0.000933",bc_events_m0.2.csv
12.2009,DATA_RX_OK,"rx=8,sender=0,delay_s=0.000933",bc_events_m0.2.csv
12.2009,DATA_RX_OK,"rx=6,sender=0,delay_s=0.000933",bc_events_m0.2.csv
12.2009,DATA_RX_OK,"rx=7,sender=0,delay_s=0.000933",bc_events_m0.2.csv
12.2009,DATA_RX_OK,"rx=9,sender=0,delay_s=0.000933",bc_events_m0.2.csv
12.2009,DATA_RX_OK,"rx=4,sender=0,delay_s=0.000933",bc_events_m0.2.csv
12.3007,DATA_RX_OK,"rx=2,sender=0,delay_s=0.000662",bc_events_m0.2.csv
12.3007,DATA_RX_OK,"rx=11,sender=0,delay_s=0.000662",bc_events_m0.2.csv
12.3007,DATA_RX_OK,"rx=1,sender=0,delay_s=0.000662",bc_events_m0.2.csv
12.3007,DATA_RX_OK,"rx=5,sender=0,delay_s=0.000662",bc_events_m0.2.csv
12.3007,DATA_RX_OK,"rx=3,sender=0,delay_s=0.000662",bc_events_m0.2.csv
12.3007,DATA_RX_OK,"rx=10,sender=0,delay_s=0.000662",bc_events_m0.2.csv
12.3007,DATA_RX_OK,"rx=8,sender=0,delay_s=0.000662",bc_events_m0.2.csv
12.3007,DATA_RX_OK,"rx=6,sender=0,delay_s=0.000662",bc_events_m0.2.csv
12.3007,DATA_RX_OK,"rx=7,sender=0,delay_s=0.000662",bc_events_m0.2.csv
12.3007,DATA_RX_OK,"rx=9,sender=0,delay_s=0.000662",bc_events_m0.2.csv
12.3007,DATA_RX_OK,"rx=4,sender=0,delay_s=0.000662",bc_events_m0.2.csv
12.4007,DATA_RX_OK,"rx=2,sender=0,delay_s=0.000662",bc_events_m0.2.csv
12.4007,DATA_RX_OK,"rx=11,sender=0,delay_s=0.000662",bc_events_m0.2.csv
12.4007,DATA_RX_OK,"rx=1,sender=0,delay_s=0.000662",bc_events_m0.2.csv
12.4007,DATA_RX_OK,"rx=5,sender=0,delay_s=0.000662",bc_events_m0.2.csv
12.4007,DATA_RX_OK,"rx=3,sender=0,delay_s=0.000662",bc_events_m0.2.csv
12.4007,DATA_RX_OK,"rx=10,sender=0,delay_s=0.000662",bc_events_m0.2.csv
12.4007,DATA_RX_OK,"rx=8,sender=0,delay_s=0.000662",bc_events_m0.2.csv
12.4007,DATA_RX_OK,"rx=6,sender=0,delay_s=0.000662",bc_events_m0.2.csv
12.4007,DATA_RX_OK,"rx=7,sender=0,delay_s=0.000662",bc_events_m0.2.csv
12.4007,DATA_RX_OK,"rx=9,sender=0,delay_s=0.000662",bc_events_m0.2.csv
12.4007,DATA_RX_OK,"rx=4,sender=0,delay_s=0.000662",bc_events_m0.2.csv
12.5,REPLAY_SENT,nonce=12400000000,bc_events_m0.2.csv
12.5007,DATA_DROP_REPLAY,"rx=2,sender=0,nonce=12400000000",bc_events_m0.2.csv
12.5007,DATA_DROP_REPLAY,"rx=11,sender=0,nonce=12400000000",bc_events_m0.2.csv
12.5007,DATA_DROP_REPLAY,"rx=1,sender=0,nonce=12400000000",bc_events_m0.2.csv
12.5007,DATA_DROP_REPLAY,"rx=5,sender=0,nonce=12400000000",bc_events_m0.2.csv
12.5007,DATA_DROP_REPLAY,"rx=3,sender=0,nonce=12400000000",bc_events_m0.2.csv
12.5007,DATA_DROP_REPLAY,"rx=10,sender=0,nonce=12400000000",bc_events_m0.2.csv
12.5007,DATA_DROP_REPLAY,"rx=8,sender=0,nonce=12400000000",bc_events_m0.2.csv
12.5007,DATA_DROP_REPLAY,"rx=6,sender=0,nonce=12400000000",bc_events_m0.2.csv
12.5007,DATA_DROP_REPLAY,"rx=7,sender=0,nonce=12400000000",bc_events_m0.2.csv
12.5007,DATA_DROP_REPLAY,"rx=9,sender=0,nonce=12400000000",bc_events_m0.2.csv
12.5007,DATA_DROP_REPLAY,"rx=4,sender=0,nonce=12400000000",bc_events_m0.2.csv
12.501,DATA_RX_OK,"rx=2,sender=0,delay_s=0.001032",bc_events_m0.2.csv
12.501,DATA_RX_OK,"rx=11,sender=0,delay_s=0.001032",bc_events_m0.2.csv
12.501,DATA_RX_OK,"rx=1,sender=0,delay_s=0.001032",bc_events_m0.2.csv
12.501,DATA_RX_OK,"rx=5,sender=0,delay_s=0.001032",bc_events_m0.2.csv
12.501,DATA_RX_OK,"rx=3,sender=0,delay_s=0.001032",bc_events_m0.2.csv
12.501,DATA_RX_OK,"rx=10,sender=0,delay_s=0.001032",bc_events_m0.2.csv
12.501,DATA_RX_OK,"rx=8,sender=0,delay_s=0.001032",bc_events_m0.2.csv
12.501,DATA_RX_OK,"rx=6,sender=0,delay_s=0.001032",bc_events_m0.2.csv
12.501,DATA_RX_OK,"rx=7,sender=0,delay_s=0.001032",bc_events_m0.2.csv
12.501,DATA_RX_OK,"rx=9,sender=0,delay_s=0.001032",bc_events_m0.2.csv
12.501,DATA_RX_OK,"rx=4,sender=0,delay_s=0.001032",bc_events_m0.2.csv
12.6,BLOCK_MINE_START,block_next=13,bc_events_m0.2.csv
12.6007,DATA_DROP_SIG,"rx=2,sender=0,nonce=12600000000",bc_events_m0.2.csv
12.6007,DATA_DROP_SIG,"rx=11,sender=0,nonce=12600000000",bc_events_m0.2.csv
12.6007,DATA_DROP_SIG,"rx=1,sender=0,nonce=12600000000",bc_events_m0.2.csv
12.6007,DATA_DROP_SIG,"rx=5,sender=0,nonce=12600000000",bc_events_m0.2.csv
12.6007,DATA_DROP_SIG,"rx=3,sender=0,nonce=12600000000",bc_events_m0.2.csv
12.6007,DATA_DROP_SIG,"rx=10,sender=0,nonce=12600000000",bc_events_m0.2.csv
12.6007,DATA_DROP_SIG,"rx=8,sender=0,nonce=12600000000",bc_events_m0.2.csv
12.6007,DATA_DROP_SIG,"rx=6,sender=0,nonce=12600000000",bc_events_m0.2.csv
12.6007,DATA_DROP_SIG,"rx=7,sender=0,nonce=12600000000",bc_events_m0.2.csv
12.6007,DATA_DROP_SIG,"rx=9,sender=0,nonce=12600000000",bc_events_m0.2.csv
12.6007,DATA_DROP_SIG,"rx=4,sender=0,nonce=12600000000",bc_events_m0.2.csv
12.65,BLOCK_COMMIT_ITEM,"accused=5,delta=0.020000,trust=0.660000",bc_events_m0.2.csv
12.65,BLOCK_COMMIT_ITEM,"accused=5,delta=0.020000,trust=0.680000",bc_events_m0.2.csv
12.65,BLOCK_COMMIT_ITEM,"accused=0,delta=0.020000,trust=0.780000",bc_events_m0.2.csv
12.65,BLOCK_COMMIT_ITEM,"accused=7,delta=0.020000,trust=0.730000",bc_events_m0.2.csv
12.65,BLOCK_COMMIT_ITEM,"accused=8,delta=0.020000,trust=0.750000",bc_events_m0.2.csv
12.65,BLOCK_COMMIT_ITEM,"accused=9,delta=0.020000,trust=0.770000",bc_events_m0.2.csv
12.65,BLOCK_COMMIT_ITEM,"accused=0,delta=0.020000,trust=0.800000",bc_events_m0.2.csv
12.65,BLOCK_COMMIT_DONE,"block=13,items=7,lat_s=0.050000",bc_events_m0.2.csv
12.7007,DATA_RX_OK,"rx=2,sender=0,delay_s=0.000662",bc_events_m0.2.csv
12.7007,DATA_RX_OK,"rx=11,sender=0,delay_s=0.000662",bc_events_m0.2.csv
12.7007,DATA_RX_OK,"rx=1,sender=0,delay_s=0.000662",bc_events_m0.2.csv
12.7007,DATA_RX_OK,"rx=5,sender=0,delay_s=0.000662",bc_events_m0.2.csv
12.7007,DATA_RX_OK,"rx=3,sender=0,delay_s=0.000662",bc_events_m0.2.csv
12.7007,DATA_RX_OK,"rx=10,sender=0,delay_s=0.000662",bc_events_m0.2.csv
12.7007,DATA_RX_OK,"rx=8,sender=0,delay_s=0.000662",bc_events_m0.2.csv
12.7007,DATA_RX_OK,"rx=6,sender=0,delay_s=0.000662",bc_events_m0.2.csv
12.7007,DATA_RX_OK,"rx=7,sender=0,delay_s=0.000662",bc_events_m0.2.csv
12.7007,DATA_RX_OK,"rx=9,sender=0,delay_s=0.000662",bc_events_m0.2.csv
12.7007,DATA_RX_OK,"rx=4,sender=0,delay_s=0.000662",bc_events_m0.2.csv
12.8,REPLAY_SENT,nonce=12700000000,bc_events_m0.2.csv
12.8007,DATA_DROP_REPLAY,"rx=2,sender=0,nonce=12700000000",bc_events_m0.2.csv
12.8007,DATA_DROP_REPLAY,"rx=11,sender=0,nonce=12700000000",bc_events_m0.2.csv
12.8007,DATA_DROP_REPLAY,"rx=1,sender=0,nonce=12700000000",bc_events_m0.2.csv
12.8007,DATA_DROP_REPLAY,"rx=5,sender=0,nonce=12700000000",bc_events_m0.2.csv
12.8007,DATA_DROP_REPLAY,"rx=3,sender=0,nonce=12700000000",bc_events_m0.2.csv
12.8007,DATA_DROP_REPLAY,"rx=10,sender=0,nonce=12700000000",bc_events_m0.2.csv
12.8007,DATA_DROP_REPLAY,"rx=8,sender=0,nonce=12700000000",bc_events_m0.2.csv
12.8007,DATA_DROP_REPLAY,"rx=6,sender=0,nonce=12700000000",bc_events_m0.2.csv
12.8007,DATA_DROP_REPLAY,"rx=7,sender=0,nonce=12700000000",bc_events_m0.2.csv
12.8007,DATA_DROP_REPLAY,"rx=9,sender=0,nonce=12700000000",bc_events_m0.2.csv
12.8007,DATA_DROP_REPLAY,"rx=4,sender=0,nonce=12700000000",bc_events_m0.2.csv
12.801,DATA_RX_OK,"rx=2,sender=0,delay_s=0.001023",bc_events_m0.2.csv
12.801,DATA_RX_OK,"rx=11,sender=0,delay_s=0.001023",bc_events_m0.2.csv
12.801,DATA_RX_OK,"rx=1,sender=0,delay_s=0.001023",bc_events_m0.2.csv
12.801,DATA_RX_OK,"rx=5,sender=0,delay_s=0.001023",bc_events_m0.2.csv
12.801,DATA_RX_OK,"rx=3,sender=0,delay_s=0.001023",bc_events_m0.2.csv
12.801,DATA_RX_OK,"rx=10,sender=0,delay_s=0.001023",bc_events_m0.2.csv
12.801,DATA_RX_OK,"rx=8,sender=0,delay_s=0.001023",bc_events_m0.2.csv
12.801,DATA_RX_OK,"rx=6,sender=0,delay_s=0.001023",bc_events_m0.2.csv
12.801,DATA_RX_OK,"rx=7,sender=0,delay_s=0.001023",bc_events_m0.2.csv
12.801,DATA_RX_OK,"rx=9,sender=0,delay_s=0.001023",bc_events_m0.2.csv
12.801,DATA_RX_OK,"rx=4,sender=0,delay_s=0.001023",bc_events_m0.2.csv
12.9007,DATA_RX_OK,"rx=11,sender=0,delay_s=0.000662",bc_events_m0.2.csv
12.9007,DATA_RX_OK,"rx=2,sender=0,delay_s=0.000662",bc_events_m0.2.csv
12.9007,DATA_RX_OK,"rx=1,sender=0,delay_s=0.000662",bc_events_m0.2.csv
12.9007,DATA_RX_OK,"rx=5,sender=0,delay_s=0.000662",bc_events_m0.2.csv
12.9007,DATA_RX_OK,"rx=3,sender=0,delay_s=0.000662",bc_events_m0.2.csv
12.9007,DATA_RX_OK,"rx=10,sender=0,delay_s=0.000662",bc_events_m0.2.csv
12.9007,DATA_RX_OK,"rx=8,sender=0,delay_s=0.000662",bc_events_m0.2.csv
12.9007,DATA_RX_OK,"rx=6,sender=0,delay_s=0.000662",bc_events_m0.2.csv
12.9007,DATA_RX_OK,"rx=7,sender=0,delay_s=0.000662",bc_events_m0.2.csv
12.9007,DATA_RX_OK,"rx=9,sender=0,delay_s=0.000662",bc_events_m0.2.csv
12.9007,DATA_RX_OK,"rx=4,sender=0,delay_s=0.000662",bc_events_m0.2.csv
13,REPORT_SENT,"by=0,about=9,delta=0.020000",bc_events_m0.2.csv
13,REPORT_SENT,"by=1,about=8,delta=0.020000",bc_events_m0.2.csv
13,REPORT_SENT,"by=2,about=0,delta=-0.050000",bc_events_m0.2.csv
13,REPORT_SENT,"by=3,about=8,delta=0.020000",bc_events_m0.2.csv
13,REPORT_SENT,"by=4,about=1,delta=0.020000",bc_events_m0.2.csv
13,REPORT_SENT,"by=5,about=4,delta=0.020000",bc_events_m0.2.csv
13,REPORT_SENT,"by=6,about=4,delta=0.020000",bc_events_m0.2.csv
13,REPORT_SENT,"by=7,about=2,delta=0.020000",bc_events_m0.2.csv
13,REPORT_SENT,"by=8,about=8,delta=0.020000",bc_events_m0.2.csv
13,REPORT_SENT,"by=9,about=8,delta=0.020000",bc_events_m0.2.csv
13.0003,REPORT_RX_RSU,"rsu=10,by=0,about=9,delta=0.020000",bc_events_m0.2.csv
13.0004,REPORT_RX_RSU,"rsu=10,by=7,about=2,delta=0.020000",bc_events_m0.2.csv
13.0006,REPORT_RX_RSU,"rsu=10,by=4,about=1,delta=0.020000",bc_events_m0.2.csv
13.0007,REPORT_RX_RSU,"rsu=10,by=9,about=8,delta=0.020000",bc_events_m0.2.csv
13.0008,REPORT_RX_RSU,"rsu=10,by=8,about=8,delta=0.020000",bc_events_m0.2.csv
13.0012,REPORT_RX_RSU,"rsu=10,by=1,about=8,delta=0.020000",bc_events_m0.2.csv
13.0014,DATA_RX_OK,"rx=11,sender=0,delay_s=0.001355",bc_events_m0.2.csv
13.0014,DATA_RX_OK,"rx=2,sender=0,delay_s=0.001355",bc_events_m0.2.csv
13.0014,DATA_RX_OK,"rx=1,sender=0,delay_s=0.001355",bc_events_m0.2.csv
13.0014,DATA_RX_OK,"rx=5,sender=0,delay_s=0.001355",bc_events_m0.2.csv
13.0014,DATA_RX_OK,"rx=3,sender=0,delay_s=0.001355",bc_events_m0.2.csv
13.0014,DATA_RX_OK,"rx=10,sender=0,delay_s=0.001355",bc_events_m0.2.csv
13.0014,DATA_RX_OK,"rx=8,sender=0,delay_s=0.001355",bc_events_m0.2.csv
13.0014,DATA_RX_OK,"rx=6,sender=0,delay_s=0.001355",bc_events_m0.2.csv
13.0014,DATA_RX_OK,"rx=7,sender=0,delay_s=0.001355",bc_events_m0.2.csv
13.0014,DATA_RX_OK,"rx=9,sender=0,delay_s=0.001355",bc_events_m0.2.csv
13.0014,DATA_RX_OK,"rx=4,sender=0,delay_s=0.001355",bc_events_m0.2.csv
13.0014,REPORT_RX_RSU,"rsu=10,by=5,about=4,delta=0.020000",bc_events_m0.2.csv
13.1,REPLAY_SENT,nonce=13000000000,bc_events_m0.2.csv
13.1007,DATA_DROP_REPLAY,"rx=11,sender=0,nonce=13000000000",bc_events_m0.2.csv
13.1007,DATA_DROP_REPLAY,"rx=2,sender=0,nonce=13000000000",bc_events_m0.2.csv
13.1007,DATA_DROP_REPLAY,"rx=1,sender=0,nonce=13000000000",bc_events_m0.2.csv
13.1007,DATA_DROP_REPLAY,"rx=5,sender=0,nonce=13000000000",bc_events_m0.2.csv
13.1007,DATA_DROP_REPLAY,"rx=10,sender=0,nonce=13000000000",bc_events_m0.2.csv
13.1007,DATA_DROP_REPLAY,"rx=3,sender=0,nonce=13000000000",bc_events_m0.2.csv
13.1007,DATA_DROP_REPLAY,"rx=6,sender=0,nonce=13000000000",bc_events_m0.2.csv
13.1007,DATA_DROP_REPLAY,"rx=8,sender=0,nonce=13000000000",bc_events_m0.2.csv
13.1007,DATA_DROP_REPLAY,"rx=7,sender=0,nonce=13000000000",bc_events_m0.2.csv
13.1007,DATA_DROP_REPLAY,"rx=9,sender=0,nonce=13000000000",bc_events_m0.2.csv
13.1007,DATA_DROP_REPLAY,"rx=4,sender=0,nonce=13000000000",bc_events_m0.2.csv
13.101,DATA_RX_OK,"rx=11,sender=0,delay_s=0.000996",bc_events_m0.2.csv
13.101,DATA_RX_OK,"rx=2,sender=0,delay_s=0.000996",bc_events_m0.2.csv
13.101,DATA_RX_OK,"rx=1,sender=0,delay_s=0.000996",bc_events_m0.2.csv
13.101,DATA_RX_OK,"rx=5,sender=0,delay_s=0.000996",bc_events_m0.2.csv
13.101,DATA_RX_OK,"rx=10,sender=0,delay_s=0.000996",bc_events_m0.2.csv
13.101,DATA_RX_OK,"rx=3,sender=0,delay_s=0.000996",bc_events_m0.2.csv
13.101,DATA_RX_OK,"rx=6,sender=0,delay_s=0.000996",bc_events_m0.2.csv
13.101,DATA_RX_OK,"rx=8,sender=0,delay_s=0.000996",bc_events_m0.2.csv
13.101,DATA_RX_OK,"rx=7,sender=0,delay_s=0.000996",bc_events_m0.2.csv
13.101,DATA_RX_OK,"rx=9,sender=0,delay_s=0.000996",bc_events_m0.2.csv
13.101,DATA_RX_OK,"rx=4,sender=0,delay_s=0.000996",bc_events_m0.2.csv
13.2007,DATA_RX_OK,"rx=11,sender=0,delay_s=0.000662",bc_events_m0.2.csv
13.2007,DATA_RX_OK,"rx=2,sender=0,delay_s=0.000662",bc_events_m0.2.csv
13.2007,DATA_RX_OK,"rx=1,sender=0,delay_s=0.000662",bc_events_m0.2.csv
13.2007,DATA_RX_OK,"rx=5,sender=0,delay_s=0.000662",bc_events_m0.2.csv
13.2007,DATA_RX_OK,"rx=10,sender=0,delay_s=0.000662",bc_events_m0.2.csv
13.2007,DATA_RX_OK,"rx=3,sender=0,delay_s=0.000662",bc_events_m0.2.csv
13.2007,DATA_RX_OK,"rx=6,sender=0,delay_s=0.000662",bc_events_m0.2.csv
13.2007,DATA_RX_OK,"rx=7,sender=0,delay_s=0.000662",bc_events_m0.2.csv
13.2007,DATA_RX_OK,"rx=8,sender=0,delay_s=0.000662",bc_events_m0.2.csv
13.2007,DATA_RX_OK,"rx=9,sender=0,delay_s=0.000662",bc_events_m0.2.csv
13.2007,DATA_RX_OK,"rx=4,sender=0,delay_s=0.000662",bc_events_m0.2.csv
13.3007,DATA_RX_OK,"rx=11,sender=0,delay_s=0.000662",bc_events_m0.2.csv
13.3007,DATA_RX_OK,"rx=2,sender=0,delay_s=0.000662",bc_events_m0.2.csv
13.3007,DATA_RX_OK,"rx=1,sender=0,delay_s=0.000662",bc_events_m0.2.csv
13.3007,DATA_RX_OK,"rx=5,sender=0,delay_s=0.000662",bc_events_m0.2.csv
13.3007,DATA_RX_OK,"rx=10,sender=0,delay_s=0.000662",bc_events_m0.2.csv
13.3007,DATA_RX_OK,"rx=3,sender=0,delay_s=0.000662",bc_events_m0.2.csv
13.3007,DATA_RX_OK,"rx=6,sender=0,delay_s=0.000662",bc_events_m0.2.csv
13.3007,DATA_RX_OK,"rx=7,sender=0,delay_s=0.000662",bc_events_m0.2.csv
13.3007,DATA_RX_OK,"rx=8,sender=0,delay_s=0.000662",bc_events_m0.2.csv
13.3007,DATA_RX_OK,"rx=9,sender=0,delay_s=0.000662",bc_events_m0.2.csv
13.3007,DATA_RX_OK,"rx=4,sender=0,delay_s=0.000662",bc_events_m0.2.csv
13.4,REPLAY_SENT,nonce=13300000000,bc_events_m0.2.csv
13.4007,DATA_DROP_REPLAY,"rx=11,sender=0,nonce=13300000000",bc_events_m0.2.csv
13.4007,DATA_DROP_REPLAY,"rx=2,sender=0,nonce=13300000000",bc_events_m0.2.csv
13.4007,DATA_DROP_REPLAY,"rx=1,sender=0,nonce=13300000000",bc_events_m0.2.csv
13.4007,DATA_DROP_REPLAY,"rx=5,sender=0,nonce=13300000000",bc_events_m0.2.csv
13.4007,DATA_DROP_REPLAY,"rx=10,sender=0,nonce=13300000000",bc_events_m0.2.csv
13.4007,DATA_DROP_REPLAY,"rx=3,sender=0,nonce=13300000000",bc_events_m0.2.csv
13.4007,DATA_DROP_REPLAY,"rx=6,sender=0,nonce=13300000000",bc_events_m0.2.csv
13.4007,DATA_DROP_REPLAY,"rx=7,sender=0,nonce=13300000000",bc_events_m0.2.csv
13.4007,DATA_DROP_REPLAY,"rx=8,sender=0,nonce=13300000000",bc_events_m0.2.csv
13.4007,DATA_DROP_REPLAY,"rx=9,sender=0,nonce=13300000000",bc_events_m0.2.csv
13.4007,DATA_DROP_REPLAY,"rx=4,sender=0,nonce=13300000000",bc_events_m0.2.csv
13.4011,DATA_DROP_SIG,"rx=11,sender=0,nonce=13400000000",bc_events_m0.2.csv
13.4011,DATA_DROP_SIG,"rx=2,sender=0,nonce=13400000000",bc_events_m0.2.csv
13.4011,DATA_DROP_SIG,"rx=1,sender=0,nonce=13400000000",bc_events_m0.2.csv
13.4011,DATA_DROP_SIG,"rx=5,sender=0,nonce=13400000000",bc_events_m0.2.csv
13.4011,DATA_DROP_SIG,"rx=10,sender=0,nonce=13400000000",bc_events_m0.2.csv
13.4011,DATA_DROP_SIG,"rx=3,sender=0,nonce=13400000000",bc_events_m0.2.csv
13.4011,DATA_DROP_SIG,"rx=6,sender=0,nonce=13400000000",bc_events_m0.2.csv
13.4011,DATA_DROP_SIG,"rx=7,sender=0,nonce=13400000000",bc_events_m0.2.csv
13.4011,DATA_DROP_SIG,"rx=8,sender=0,nonce=13400000000",bc_events_m0.2.csv
13.4011,DATA_DROP_SIG,"rx=9,sender=0,nonce=13400000000",bc_events_m0.2.csv
13.4011,DATA_DROP_SIG,"rx=4,sender=0,nonce=13400000000",bc_events_m0.2.csv
13.5007,DATA_RX_OK,"rx=11,sender=0,delay_s=0.000662",bc_events_m0.2.csv
13.5007,DATA_RX_OK,"rx=2,sender=0,delay_s=0.000662",bc_events_m0.2.csv
13.5007,DATA_RX_OK,"rx=1,sender=0,delay_s=0.000662",bc_events_m0.2.csv
13.5007,DATA_RX_OK,"rx=5,sender=0,delay_s=0.000662",bc_events_m0.2.csv
13.5007,DATA_RX_OK,"rx=3,sender=0,delay_s=0.000662",bc_events_m0.2.csv
13.5007,DATA_RX_OK,"rx=10,sender=0,delay_s=0.000662",bc_events_m0.2.csv
13.5007,DATA_RX_OK,"rx=6,sender=0,delay_s=0.000662",bc_events_m0.2.csv
13.5007,DATA_RX_OK,"rx=7,sender=0,delay_s=0.000662",bc_events_m0.2.csv
13.5007,DATA_RX_OK,"rx=8,sender=0,delay_s=0.000662",bc_events_m0.2.csv
13.5007,DATA_RX_OK,"rx=9,sender=0,delay_s=0.000662",bc_events_m0.2.csv
13.5007,DATA_RX_OK,"rx=4,sender=0,delay_s=0.000662",bc_events_m0.2.csv
13.6007,DATA_RX_OK,"rx=11,sender=0,delay_s=0.000662",bc_events_m0.2.csv
13.6007,DATA_RX_OK,"rx=2,sender=0,delay_s=0.000662",bc_events_m0.2.csv
13.6007,DATA_RX_OK,"rx=1,sender=0,delay_s=0.000662",bc_events_m0.2.csv
13.6007,DATA_RX_OK,"rx=5,sender=0,delay_s=0.000662",bc_events_m0.2.csv
13.6007,DATA_RX_OK,"rx=3,sender=0,delay_s=0.000662",bc_events_m0.2.csv
13.6007,DATA_RX_OK,"rx=10,sender=0,delay_s=0.000662",bc_events_m0.2.csv
13.6007,DATA_RX_OK,"rx=6,sender=0,delay_s=0.000662",bc_events_m0.2.csv
13.6007,DATA_RX_OK,"rx=7,sender=0,delay_s=0.000662",bc_events_m0.2.csv
13.6007,DATA_RX_OK,"rx=8,sender=0,delay_s=0.000662",bc_events_m0.2.csv
13.6007,DATA_RX_OK,"rx=9,sender=0,delay_s=0.000662",bc_events_m0.2.csv
13.6007,DATA_RX_OK,"rx=4,sender=0,delay_s=0.000662",bc_events_m0.2.csv
13.65,BLOCK_MINE_START,block_next=14,bc_events_m0.2.csv
13.7,REPLAY_SENT,nonce=13600000000,bc_events_m0.2.csv
13.7,BLOCK_COMMIT_ITEM,"accused=9,delta=0.020000,trust=0.790000",bc_events_m0.2.csv
13.7,BLOCK_COMMIT_ITEM,"accused=2,delta=0.020000,trust=0.890000",bc_events_m0.2.csv
13.7,BLOCK_COMMIT_ITEM,"accused=1,delta=0.020000,trust=0.700000",bc_events_m0.2.csv
13.7,BLOCK_COMMIT_ITEM,"accused=8,delta=0.020000,trust=0.770000",bc_events_m0.2.csv
13.7,BLOCK_COMMIT_ITEM,"accused=8,delta=0.020000,trust=0.790000",bc_events_m0.2.csv
13.7,BLOCK_COMMIT_ITEM,"accused=8,delta=0.020000,trust=0.810000",bc_events_m0.2.csv
13.7,BLOCK_COMMIT_ITEM,"accused=4,delta=0.020000,trust=0.840000",bc_events_m0.2.csv
13.7,BLOCK_COMMIT_DONE,"block=14,items=7,lat_s=0.050000",bc_events_m0.2.csv
13.7007,DATA_DROP_REPLAY,"rx=11,sender=0,nonce=13600000000",bc_events_m0.2.csv
13.7007,DATA_DROP_REPLAY,"rx=2,sender=0,nonce=13600000000",bc_events_m0.2.csv
13.7007,DATA_DROP_REPLAY,"rx=1,sender=0,nonce=13600000000",bc_events_m0.2.csv
13.7007,DATA_DROP_REPLAY,"rx=5,sender=0,nonce=13600000000",bc_events_m0.2.csv
13.7007,DATA_DROP_REPLAY,"rx=3,sender=0,nonce=13600000000",bc_events_m0.2.csv
13.7007,DATA_DROP_REPLAY,"rx=10,sender=0,nonce=13600000000",bc_events_m0.2.csv
13.7007,DATA_DROP_REPLAY,"rx=6,sender=0,nonce=13600000000",bc_events_m0.2.csv
13.7007,DATA_DROP_REPLAY,"rx=7,sender=0,nonce=13600000000",bc_events_m0.2.csv
13.7007,DATA_DROP_REPLAY,"rx=8,sender=0,nonce=13600000000",bc_events_m0.2.csv
13.7007,DATA_DROP_REPLAY,"rx=9,sender=0,nonce=13600000000",bc_events_m0.2.csv
13.7007,DATA_DROP_REPLAY,"rx=4,sender=0,nonce=13600000000",bc_events_m0.2.csv
13.701,DATA_RX_OK,"rx=11,sender=0,delay_s=0.000978",bc_events_m0.2.csv
13.701,DATA_RX_OK,"rx=2,sender=0,delay_s=0.000978",bc_events_m0.2.csv
13.701,DATA_RX_OK,"rx=1,sender=0,delay_s=0.000978",bc_events_m0.2.csv
13.701,DATA_RX_OK,"rx=5,sender=0,delay_s=0.000978",bc_events_m0.2.csv
13.701,DATA_RX_OK,"rx=3,sender=0,delay_s=0.000978",bc_events_m0.2.csv
13.701,DATA_RX_OK,"rx=10,sender=0,delay_s=0.000978",bc_events_m0.2.csv
13.701,DATA_RX_OK,"rx=6,sender=0,delay_s=0.000978",bc_events_m0.2.csv
13.701,DATA_RX_OK,"rx=7,sender=0,delay_s=0.000978",bc_events_m0.2.csv
13.701,DATA_RX_OK,"rx=8,sender=0,delay_s=0.000978",bc_events_m0.2.csv
13.701,DATA_RX_OK,"rx=9,sender=0,delay_s=0.000978",bc_events_m0.2.csv
13.701,DATA_RX_OK,"rx=4,sender=0,delay_s=0.000978",bc_events_m0.2.csv
13.8007,DATA_RX_OK,"rx=11,sender=0,delay_s=0.000662",bc_events_m0.2.csv
13.8007,DATA_RX_OK,"rx=2,sender=0,delay_s=0.000662",bc_events_m0.2.csv
13.8007,DATA_RX_OK,"rx=1,sender=0,delay_s=0.000662",bc_events_m0.2.csv
13.8007,DATA_RX_OK,"rx=5,sender=0,delay_s=0.000662",bc_events_m0.2.csv
13.8007,DATA_RX_OK,"rx=3,sender=0,delay_s=0.000662",bc_events_m0.2.csv
13.8007,DATA_RX_OK,"rx=10,sender=0,delay_s=0.000662",bc_events_m0.2.csv
13.8007,DATA_RX_OK,"rx=6,sender=0,delay_s=0.000662",bc_events_m0.2.csv
13.8007,DATA_RX_OK,"rx=7,sender=0,delay_s=0.000662",bc_events_m0.2.csv
13.8007,DATA_RX_OK,"rx=8,sender=0,delay_s=0.000662",bc_events_m0.2.csv
13.8007,DATA_RX_OK,"rx=9,sender=0,delay_s=0.000662",bc_events_m0.2.csv
13.8007,DATA_RX_OK,"rx=4,sender=0,delay_s=0.000662",bc_events_m0.2.csv
13.9007,DATA_DROP_SIG,"rx=11,sender=0,nonce=13900000000",bc_events_m0.2.csv
13.9007,DATA_DROP_SIG,"rx=2,sender=0,nonce=13900000000",bc_events_m0.2.csv
13.9007,DATA_DROP_SIG,"rx=1,sender=0,nonce=13900000000",bc_events_m0.2.csv
13.9007,DATA_DROP_SIG,"rx=5,sender=0,nonce=13900000000",bc_events_m0.2.csv
13.9007,DATA_DROP_SIG,"rx=3,sender=0,nonce=13900000000",bc_events_m0.2.csv
13.9007,DATA_DROP_SIG,"rx=10,sender=0,nonce=13900000000",bc_events_m0.2.csv
13.9007,DATA_DROP_SIG,"rx=6,sender=0,nonce=13900000000",bc_events_m0.2.csv
13.9007,DATA_DROP_SIG,"rx=7,sender=0,nonce=13900000000",bc_events_m0.2.csv
13.9007,DATA_DROP_SIG,"rx=8,sender=0,nonce=13900000000",bc_events_m0.2.csv
13.9007,DATA_DROP_SIG,"rx=9,sender=0,nonce=13900000000",bc_events_m0.2.csv
13.9007,DATA_DROP_SIG,"rx=4,sender=0,nonce=13900000000",bc_events_m0.2.csv
14,REPORT_SENT,"by=0,about=2,delta=0.020000",bc_events_m0.2.csv
14,REPORT_SENT,"by=1,about=6,delta=0.020000",bc_events_m0.2.csv
14,REPORT_SENT,"by=2,about=6,delta=0.020000",bc_events_m0.2.csv
14,REPORT_SENT,"by=3,about=4,delta=0.020000",bc_events_m0.2.csv
14,REPORT_SENT,"by=4,about=4,delta=0.020000",bc_events_m0.2.csv
14,REPORT_SENT,"by=5,about=6,delta=0.020000",bc_events_m0.2.csv
14,REPORT_SENT,"by=6,about=9,delta=0.020000",bc_events_m0.2.csv
14,REPORT_SENT,"by=7,about=9,delta=0.020000",bc_events_m0.2.csv
14,REPORT_SENT,"by=8,about=2,delta=0.020000",bc_events_m0.2.csv
14,REPORT_SENT,"by=9,about=6,delta=0.020000",bc_events_m0.2.csv
14,REPLAY_SENT,nonce=13900000000,bc_events_m0.2.csv
14.0002,REPORT_RX_RSU,"rsu=10,by=1,about=6,delta=0.020000",bc_events_m0.2.csv
14.0003,REPORT_RX_RSU,"rsu=10,by=0,about=2,delta=0.020000",bc_events_m0.2.csv
14.0004,REPORT_RX_RSU,"rsu=10,by=9,about=6,delta=0.020000",bc_events_m0.2.csv
14.0006,REPORT_RX_RSU,"rsu=10,by=7,about=9,delta=0.020000",bc_events_m0.2.csv
14.0011,REPORT_RX_RSU,"rsu=10,by=5,about=6,delta=0.020000",bc_events_m0.2.csv
14.0012,DATA_DROP_SIG,"rx=11,sender=0,nonce=13900000000",bc_events_m0.2.csv
14.0012,DATA_DROP_SIG,"rx=2,sender=0,nonce=13900000000",bc_events_m0.2.csv
14.0012,DATA_DROP_SIG,"rx=5,sender=0,nonce=13900000000",bc_events_m0.2.csv
14.0012,DATA_DROP_SIG,"rx=1,sender=0,nonce=13900000000",bc_events_m0.2.csv
14.0012,DATA_DROP_SIG,"rx=3,sender=0,nonce=13900000000",bc_events_m0.2.csv
14.0012,DATA_DROP_SIG,"rx=10,sender=0,nonce=13900000000",bc_events_m0.2.csv
14.0012,DATA_DROP_SIG,"rx=6,sender=0,nonce=13900000000",bc_events_m0.2.csv
14.0012,DATA_DROP_SIG,"rx=7,sender=0,nonce=13900000000",bc_events_m0.2.csv
14.0012,DATA_DROP_SIG,"rx=9,sender=0,nonce=13900000000",bc_events_m0.2.csv
14.0012,DATA_DROP_SIG,"rx=8,sender=0,nonce=13900000000",bc_events_m0.2.csv
14.0012,DATA_DROP_SIG,"rx=4,sender=0,nonce=13900000000",bc_events_m0.2.csv
14.0015,REPORT_RX_RSU,"rsu=10,by=8,about=2,delta=0.020000",bc_events_m0.2.csv
14.0017,DATA_RX_OK,"rx=11,sender=0,delay_s=0.001657",bc_events_m0.2.csv
14.0017,DATA_RX_OK,"rx=2,sender=0,delay_s=0.001657",bc_events_m0.2.csv
14.0017,DATA_RX_OK,"rx=5,sender=0,delay_s=0.001657",bc_events_m0.2.csv
14.0017,DATA_RX_OK,"rx=1,sender=0,delay_s=0.001657",bc_events_m0.2.csv
14.0017,DATA_RX_OK,"rx=3,sender=0,delay_s=0.001657",bc_events_m0.2.csv
14.0019,REPORT_RX_RSU,"rsu=10,by=4,about=4,delta=0.020000",bc_events_m0.2.csv
14.1007,DATA_RX_OK,"rx=11,sender=0,delay_s=0.000662",bc_events_m0.2.csv
14.1007,DATA_RX_OK,"rx=2,sender=0,delay_s=0.000662",bc_events_m0.2.csv
14.1007,DATA_RX_OK,"rx=3,sender=0,delay_s=0.000662",bc_events_m0.2.csv
14.1007,DATA_RX_OK,"rx=5,sender=0,delay_s=0.000662",bc_events_m0.2.csv
14.1007,DATA_RX_OK,"rx=1,sender=0,delay_s=0.000662",bc_events_m0.2.csv
14.1007,DATA_RX_OK,"rx=10,sender=0,delay_s=0.000662",bc_events_m0.2.csv
14.1007,DATA_RX_OK,"rx=6,sender=0,delay_s=0.000662",bc_events_m0.2.csv
14.1007,DATA_RX_OK,"rx=7,sender=0,delay_s=0.000662",bc_events_m0.2.csv
14.1007,DATA_RX_OK,"rx=9,sender=0,delay_s=0.000662",bc_events_m0.2.csv
14.1007,DATA_RX_OK,"rx=8,sender=0,delay_s=0.000662",bc_events_m0.2.csv
14.1007,DATA_RX_OK,"rx=4,sender=0,delay_s=0.000662",bc_events_m0.2.csv
14.2007,DATA_DROP_SIG,"rx=11,sender=0,nonce=14200000000",bc_events_m0.2.csv
14.2007,DATA_DROP_SIG,"rx=2,sender=0,nonce=14200000000",bc_events_m0.2.csv
14.2007,DATA_DROP_SIG,"rx=3,sender=0,nonce=14200000000",bc_events_m0.2.csv
14.2007,DATA_DROP_SIG,"rx=5,sender=0,nonce=14200000000",bc_events_m0.2.csv
14.2007,DATA_DROP_SIG,"rx=1,sender=0,nonce=14200000000",bc_events_m0.2.csv
14.2007,DATA_DROP_SIG,"rx=10,sender=0,nonce=14200000000",bc_events_m0.2.csv
14.2007,DATA_DROP_SIG,"rx=6,sender=0,nonce=14200000000",bc_events_m0.2.csv
14.2007,DATA_DROP_SIG,"rx=7,sender=0,nonce=14200000000",bc_events_m0.2.csv
14.2007,DATA_DROP_SIG,"rx=9,sender=0,nonce=14200000000",bc_events_m0.2.csv
14.2007,DATA_DROP_SIG,"rx=8,sender=0,nonce=14200000000",bc_events_m0.2.csv
14.2007,DATA_DROP_SIG,"rx=4,sender=0,nonce=14200000000",bc_events_m0.2.csv
14.3,REPLAY_SENT,nonce=14200000000,bc_events_m0.2.csv
14.3007,DATA_DROP_SIG,"rx=11,sender=0,nonce=14200000000",bc_events_m0.2.csv
14.3007,DATA_DROP_SIG,"rx=2,sender=0,nonce=14200000000",bc_events_m0.2.csv
14.3007,DATA_DROP_SIG,"rx=5,sender=0,nonce=14200000000",bc_events_m0.2.csv
14.3007,DATA_DROP_SIG,"rx=3,sender=0,nonce=14200000000",bc_events_m0.2.csv
14.3007,DATA_DROP_SIG,"rx=1,sender=0,nonce=14200000000",bc_events_m0.2.csv
14.3007,DATA_DROP_SIG,"rx=10,sender=0,nonce=14200000000",bc_events_m0.2.csv
14.3007,DATA_DROP_SIG,"rx=6,sender=0,nonce=14200000000",bc_events_m0.2.csv
14.3007,DATA_DROP_SIG,"rx=7,sender=0,nonce=14200000000",bc_events_m0.2.csv
14.3007,DATA_DROP_SIG,"rx=9,sender=0,nonce=14200000000",bc_events_m0.2.csv
14.3007,DATA_DROP_SIG,"rx=8,sender=0,nonce=14200000000",bc_events_m0.2.csv
14.3007,DATA_DROP_SIG,"rx=4,sender=0,nonce=14200000000",bc_events_m0.2.csv
14.301,DATA_RX_OK,"rx=11,sender=0,delay_s=0.000969",bc_events_m0.2.csv
14.301,DATA_RX_OK,"rx=2,sender=0,delay_s=0.000969",bc_events_m0.2.csv
14.301,DATA_RX_OK,"rx=5,sender=0,delay_s=0.000969",bc_events_m0.2.csv
14.301,DATA_RX_OK,"rx=3,sender=0,delay_s=0.000969",bc_events_m0.2.csv
14.301,DATA_RX_OK,"rx=1,sender=0,delay_s=0.000969",bc_events_m0.2.csv
14.301,DATA_RX_OK,"rx=10,sender=0,delay_s=0.000969",bc_events_m0.2.csv
14.301,DATA_RX_OK,"rx=6,sender=0,delay_s=0.000969",bc_events_m0.2.csv
14.301,DATA_RX_OK,"rx=7,sender=0,delay_s=0.000969",bc_events_m0.2.csv
14.301,DATA_RX_OK,"rx=9,sender=0,delay_s=0.000969",bc_events_m0.2.csv
14.301,DATA_RX_OK,"rx=8,sender=0,delay_s=0.000969",bc_events_m0.2.csv
14.301,DATA_RX_OK,"rx=4,sender=0,delay_s=0.000969",bc_events_m0.2.csv
14.4007,DATA_RX_OK,"rx=11,sender=0,delay_s=0.000662",bc_events_m0.2.csv
14.4007,DATA_RX_OK,"rx=2,sender=0,delay_s=0.000662",bc_events_m0.2.csv
14.4007,DATA_RX_OK,"rx=5,sender=0,delay_s=0.000662",bc_events_m0.2.csv
14.4007,DATA_RX_OK,"rx=3,sender=0,delay_s=0.000662",bc_events_m0.2.csv
14.4007,DATA_RX_OK,"rx=1,sender=0,delay_s=0.000662",bc_events_m0.2.csv
14.4007,DATA_RX_OK,"rx=10,sender=0,delay_s=0.000662",bc_events_m0.2.csv
14.4007,DATA_RX_OK,"rx=6,sender=0,delay_s=0.000662",bc_events_m0.2.csv
14.4007,DATA_RX_OK,"rx=7,sender=0,delay_s=0.000662",bc_events_m0.2.csv
14.4007,DATA_RX_OK,"rx=9,sender=0,delay_s=0.000662",bc_events_m0.2.csv
14.4007,DATA_RX_OK,"rx=8,sender=0,delay_s=0.000662",bc_events_m0.2.csv
14.4007,DATA_RX_OK,"rx=4,sender=0,delay_s=0.000662",bc_events_m0.2.csv
14.5007,DATA_RX_OK,"rx=11,sender=0,delay_s=0.000662",bc_events_m0.2.csv
14.5007,DATA_RX_OK,"rx=2,sender=0,delay_s=0.000662",bc_events_m0.2.csv
14.5007,DATA_RX_OK,"rx=5,sender=0,delay_s=0.000662",bc_events_m0.2.csv
14.5007,DATA_RX_OK,"rx=3,sender=0,delay_s=0.000662",bc_events_m0.2.csv
14.5007,DATA_RX_OK,"rx=1,sender=0,delay_s=0.000662",bc_events_m0.2.csv
14.5007,DATA_RX_OK,"rx=10,sender=0,delay_s=0.000662",bc_events_m0.2.csv
14.5007,DATA_RX_OK,"rx=6,sender=0,delay_s=0.000662",bc_events_m0.2.csv
14.5007,DATA_RX_OK,"rx=7,sender=0,delay_s=0.000662",bc_events_m0.2.csv
14.5007,DATA_RX_OK,"rx=9,sender=0,delay_s=0.000662",bc_events_m0.2.csv
14.5007,DATA_RX_OK,"rx=8,sender=0,delay_s=0.000662",bc_events_m0.2.csv
14.5007,DATA_RX_OK,"rx=4,sender=0,delay_s=0.000662",bc_events_m0.2.csv
14.6,REPLAY_SENT,nonce=14500000000,bc_events_m0.2.csv
14.6007,DATA_DROP_REPLAY,"rx=11,sender=0,nonce=14500000000",bc_events_m0.2.csv
14.6007,DATA_DROP_REPLAY,"rx=2,sender=0,nonce=14500000000",bc_events_m0.2.csv
14.6007,DATA_DROP_REPLAY,"rx=5,sender=0,nonce=14500000000",bc_events_m0.2.csv
14.6007,DATA_DROP_REPLAY,"rx=3,sender=0,nonce=14500000000",bc_events_m0.2.csv
14.6007,DATA_DROP_REPLAY,"rx=1,sender=0,nonce=14500000000",bc_events_m0.2.csv
14.6007,DATA_DROP_REPLAY,"rx=10,sender=0,nonce=14500000000",bc_events_m0.2.csv
14.6007,DATA_DROP_REPLAY,"rx=6,sender=0,nonce=14500000000",bc_events_m0.2.csv
14.6007,DATA_DROP_REPLAY,"rx=7,sender=0,nonce=14500000000",bc_events_m0.2.csv
14.6007,DATA_DROP_REPLAY,"rx=9,sender=0,nonce=14500000000",bc_events_m0.2.csv
14.6007,DATA_DROP_REPLAY,"rx=8,sender=0,nonce=14500000000",bc_events_m0.2.csv
14.6007,DATA_DROP_REPLAY,"rx=4,sender=0,nonce=14500000000",bc_events_m0.2.csv
14.6011,DATA_RX_OK,"rx=11,sender=0,delay_s=0.001050",bc_events_m0.2.csv
14.6011,DATA_RX_OK,"rx=2,sender=0,delay_s=0.001050",bc_events_m0.2.csv
14.6011,DATA_RX_OK,"rx=5,sender=0,delay_s=0.001050",bc_events_m0.2.csv
14.6011,DATA_RX_OK,"rx=3,sender=0,delay_s=0.001050",bc_events_m0.2.csv
14.6011,DATA_RX_OK,"rx=1,sender=0,delay_s=0.001050",bc_events_m0.2.csv
14.6011,DATA_RX_OK,"rx=10,sender=0,delay_s=0.001050",bc_events_m0.2.csv
14.6011,DATA_RX_OK,"rx=6,sender=0,delay_s=0.001050",bc_events_m0.2.csv
14.6011,DATA_RX_OK,"rx=7,sender=0,delay_s=0.001050",bc_events_m0.2.csv
14.6011,DATA_RX_OK,"rx=9,sender=0,delay_s=0.001050",bc_events_m0.2.csv
14.6011,DATA_RX_OK,"rx=8,sender=0,delay_s=0.001050",bc_events_m0.2.csv
14.6011,DATA_RX_OK,"rx=4,sender=0,delay_s=0.001050",bc_events_m0.2.csv
14.7,BLOCK_MINE_START,block_next=15,bc_events_m0.2.csv
14.7007,DATA_RX_OK,"rx=2,sender=0,delay_s=0.000662",bc_events_m0.2.csv
14.7007,DATA_RX_OK,"rx=11,sender=0,delay_s=0.000662",bc_events_m0.2.csv
14.7007,DATA_RX_OK,"rx=5,sender=0,delay_s=0.000662",bc_events_m0.2.csv
14.7007,DATA_RX_OK,"rx=3,sender=0,delay_s=0.000662",bc_events_m0.2.csv
14.7007,DATA_RX_OK,"rx=1,sender=0,delay_s=0.000662",bc_events_m0.2.csv
14.7007,DATA_RX_OK,"rx=6,sender=0,delay_s=0.000662",bc_events_m0.2.csv
14.7007,DATA_RX_OK,"rx=10,sender=0,delay_s=0.000662",bc_events_m0.2.csv
14.7007,DATA_RX_OK,"rx=7,sender=0,delay_s=0.000662",bc_events_m0.2.csv
14.7007,DATA_RX_OK,"rx=9,sender=0,delay_s=0.000662",bc_events_m0.2.csv
14.7007,DATA_RX_OK,"rx=8,sender=0,delay_s=0.000662",bc_events_m0.2.csv
14.7007,DATA_RX_OK,"rx=4,sender=0,delay_s=0.000662",bc_events_m0.2.csv
14.75,BLOCK_COMMIT_ITEM,"accused=6,delta=0.020000,trust=0.740000",bc_events_m0.2.csv
14.75,BLOCK_COMMIT_ITEM,"accused=2,delta=0.020000,trust=0.910000",bc_events_m0.2.csv
14.75,BLOCK_COMMIT_ITEM,"accused=6,delta=0.020000,trust=0.760000",bc_events_m0.2.csv
14.75,BLOCK_COMMIT_ITEM,"accused=9,delta=0.020000,trust=0.810000",bc_events_m0.2.csv
14.75,BLOCK_COMMIT_ITEM,"accused=6,delta=0.020000,trust=0.780000",bc_events_m0.2.csv
14.75,BLOCK_COMMIT_ITEM,"accused=2,delta=0.020000,trust=0.930000",bc_events_m0.2.csv
14.75,BLOCK_COMMIT_ITEM,"accused=4,delta=0.020000,trust=0.860000",bc_events_m0.2.csv
14.75,BLOCK_COMMIT_DONE,"block=15,items=7,lat_s=0.050000",bc_events_m0.2.csv
14.8007,DATA_RX_OK,"rx=2,sender=0,delay_s=0.000662",bc_events_m0.2.csv
14.8007,DATA_RX_OK,"rx=11,sender=0,delay_s=0.000662",bc_events_m0.2.csv
14.8007,DATA_RX_OK,"rx=5,sender=0,delay_s=0.000662",bc_events_m0.2.csv
14.8007,DATA_RX_OK,"rx=3,sender=0,delay_s=0.000662",bc_events_m0.2.csv
14.8007,DATA_RX_OK,"rx=1,sender=0,delay_s=0.000662",bc_events_m0.2.csv
14.8007,DATA_RX_OK,"rx=6,sender=0,delay_s=0.000662",bc_events_m0.2.csv
14.8007,DATA_RX_OK,"rx=10,sender=0,delay_s=0.000662",bc_events_m0.2.csv
14.8007,DATA_RX_OK,"rx=7,sender=0,delay_s=0.000662",bc_events_m0.2.csv
14.8007,DATA_RX_OK,"rx=9,sender=0,delay_s=0.000662",bc_events_m0.2.csv
14.8007,DATA_RX_OK,"rx=8,sender=0,delay_s=0.000662",bc_events_m0.2.csv
14.8007,DATA_RX_OK,"rx=4,sender=0,delay_s=0.000662",bc_events_m0.2.csv
14.9,REPLAY_SENT,nonce=14800000000,bc_events_m0.2.csv
14.9007,DATA_DROP_REPLAY,"rx=2,sender=0,nonce=14800000000",bc_events_m0.2.csv
14.9007,DATA_DROP_REPLAY,"rx=11,sender=0,nonce=14800000000",bc_events_m0.2.csv
14.9007,DATA_DROP_REPLAY,"rx=5,sender=0,nonce=14800000000",bc_events_m0.2.csv
14.9007,DATA_DROP_REPLAY,"rx=3,sender=0,nonce=14800000000",bc_events_m0.2.csv
14.9007,DATA_DROP_REPLAY,"rx=1,sender=0,nonce=14800000000",bc_events_m0.2.csv
14.9007,DATA_DROP_REPLAY,"rx=6,sender=0,nonce=14800000000",bc_events_m0.2.csv
14.9007,DATA_DROP_REPLAY,"rx=10,sender=0,nonce=14800000000",bc_events_m0.2.csv
14.9007,DATA_DROP_REPLAY,"rx=7,sender=0,nonce=14800000000",bc_events_m0.2.csv
14.9007,DATA_DROP_REPLAY,"rx=9,sender=0,nonce=14800000000",bc_events_m0.2.csv
14.9007,DATA_DROP_REPLAY,"rx=8,sender=0,nonce=14800000000",bc_events_m0.2.csv
14.9007,DATA_DROP_REPLAY,"rx=4,sender=0,nonce=14800000000",bc_events_m0.2.csv
14.901,DATA_RX_OK,"rx=2,sender=0,delay_s=0.000951",bc_events_m0.2.csv
14.901,DATA_RX_OK,"rx=11,sender=0,delay_s=0.000951",bc_events_m0.2.csv
14.901,DATA_RX_OK,"rx=5,sender=0,delay_s=0.000951",bc_events_m0.2.csv
14.901,DATA_RX_OK,"rx=3,sender=0,delay_s=0.000951",bc_events_m0.2.csv
14.901,DATA_RX_OK,"rx=1,sender=0,delay_s=0.000951",bc_events_m0.2.csv
14.901,DATA_RX_OK,"rx=6,sender=0,delay_s=0.000951",bc_events_m0.2.csv
14.901,DATA_RX_OK,"rx=10,sender=0,delay_s=0.000951",bc_events_m0.2.csv
14.901,DATA_RX_OK,"rx=7,sender=0,delay_s=0.000951",bc_events_m0.2.csv
14.901,DATA_RX_OK,"rx=9,sender=0,delay_s=0.000951",bc_events_m0.2.csv
14.901,DATA_RX_OK,"rx=8,sender=0,delay_s=0.000951",bc_events_m0.2.csv
14.901,DATA_RX_OK,"rx=4,sender=0,delay_s=0.000951",bc_events_m0.2.csv
15,REPORT_SENT,"by=0,about=7,delta=0.020000",bc_events_m0.2.csv
15,REPORT_SENT,"by=1,about=9,delta=0.020000",bc_events_m0.2.csv
15,REPORT_SENT,"by=2,about=1,delta=0.020000",bc_events_m0.2.csv
15,REPORT_SENT,"by=3,about=7,delta=0.020000",bc_events_m0.2.csv
15,REPORT_SENT,"by=4,about=6,delta=0.020000",bc_events_m0.2.csv
15,REPORT_SENT,"by=5,about=4,delta=0.020000",bc_events_m0.2.csv
15,REPORT_SENT,"by=6,about=9,delta=0.020000",bc_events_m0.2.csv
15,REPORT_SENT,"by=7,about=4,delta=0.020000",bc_events_m0.2.csv
15,REPORT_SENT,"by=8,about=9,delta=0.020000",bc_events_m0.2.csv
15,REPORT_SENT,"by=9,about=2,delta=0.020000",bc_events_m0.2.csv
15.0002,REPORT_RX_RSU,"rsu=10,by=8,about=9,delta=0.020000",bc_events_m0.2.csv
15.0004,REPORT_RX_RSU,"rsu=10,by=9,about=2,delta=0.020000",bc_events_m0.2.csv
15.0007,REPORT_RX_RSU,"rsu=10,by=1,about=9,delta=0.020000",bc_events_m0.2.csv
15.0008,REPORT_RX_RSU,"rsu=10,by=7,about=4,delta=0.020000",bc_events_m0.2.csv
15.001,REPORT_RX_RSU,"rsu=10,by=0,about=7,delta=0.020000",bc_events_m0.2.csv
15.0011,REPORT_RX_RSU,"rsu=10,by=5,about=4,delta=0.020000",bc_events_m0.2.csv
15.0017,DATA_DROP_SIG,"rx=2,sender=0,nonce=15000000000",bc_events_m0.2.csv
15.0017,DATA_DROP_SIG,"rx=11,sender=0,nonce=15000000000",bc_events_m0.2.csv
15.0017,DATA_DROP_SIG,"rx=5,sender=0,nonce=15000000000",bc_events_m0.2.csv
15.0017,DATA_DROP_SIG,"rx=3,sender=0,nonce=15000000000",bc_events_m0.2.csv
15.0017,DATA_DROP_SIG,"rx=1,sender=0,nonce=15000000000",bc_events_m0.2.csv
15.0017,DATA_DROP_SIG,"rx=6,sender=0,nonce=15000000000",bc_events_m0.2.csv
15.0017,DATA_DROP_SIG,"rx=10,sender=0,nonce=15000000000",bc_events_m0.2.csv
15.0017,DATA_DROP_SIG,"rx=7,sender=0,nonce=15000000000",bc_events_m0.2.csv
15.0017,DATA_DROP_SIG,"rx=9,sender=0,nonce=15000000000",bc_events_m0.2.csv
15.0017,DATA_DROP_SIG,"rx=8,sender=0,nonce=15000000000",bc_events_m0.2.csv
15.0017,DATA_DROP_SIG,"rx=4,sender=0,nonce=15000000000",bc_events_m0.2.csv
15.0017,REPORT_RX_RSU,"rsu=10,by=4,about=6,delta=0.020000",bc_events_m0.2.csv
15.1007,DATA_RX_OK,"rx=2,sender=0,delay_s=0.000662",bc_events_m0.2.csv
15.1007,DATA_RX_OK,"rx=11,sender=0,delay_s=0.000662",bc_events_m0.2.csv
15.1007,DATA_RX_OK,"rx=5,sender=0,delay_s=0.000662",bc_events_m0.2.csv
15.1007,DATA_RX_OK,"rx=3,sender=0,delay_s=0.000662",bc_events_m0.2.csv
15.1007,DATA_RX_OK,"rx=1,sender=0,delay_s=0.000662",bc_events_m0.2.csv
15.1007,DATA_RX_OK,"rx=6,sender=0,delay_s=0.000662",bc_events_m0.2.csv
15.1007,DATA_RX_OK,"rx=10,sender=0,delay_s=0.000662",bc_events_m0.2.csv
15.1007,DATA_RX_OK,"rx=7,sender=0,delay_s=0.000662",bc_events_m0.2.csv
15.1007,DATA_RX_OK,"rx=9,sender=0,delay_s=0.000662",bc_events_m0.2.csv
15.1007,DATA_RX_OK,"rx=8,sender=0,delay_s=0.000662",bc_events_m0.2.csv
15.1007,DATA_RX_OK,"rx=4,sender=0,delay_s=0.000662",bc_events_m0.2.csv
15.2,REPLAY_SENT,nonce=15100000000,bc_events_m0.2.csv
15.2007,DATA_DROP_REPLAY,"rx=2,sender=0,nonce=15100000000",bc_events_m0.2.csv
15.2007,DATA_DROP_REPLAY,"rx=11,sender=0,nonce=15100000000",bc_events_m0.2.csv
15.2007,DATA_DROP_REPLAY,"rx=5,sender=0,nonce=15100000000",bc_events_m0.2.csv
15.2007,DATA_DROP_REPLAY,"rx=3,sender=0,nonce=15100000000",bc_events_m0.2.csv
15.2007,DATA_DROP_REPLAY,"rx=1,sender=0,nonce=15100000000",bc_events_m0.2.csv
15.2007,DATA_DROP_REPLAY,"rx=6,sender=0,nonce=15100000000",bc_events_m0.2.csv
15.2007,DATA_DROP_REPLAY,"rx=10,sender=0,nonce=15100000000",bc_events_m0.2.csv
15.2007,DATA_DROP_REPLAY,"rx=7,sender=0,nonce=15100000000",bc_events_m0.2.csv
15.2007,DATA_DROP_REPLAY,"rx=9,sender=0,nonce=15100000000",bc_events_m0.2.csv
15.2007,DATA_DROP_REPLAY,"rx=4,sender=0,nonce=15100000000",bc_events_m0.2.csv
15.2007,DATA_DROP_REPLAY,"rx=8,sender=0,nonce=15100000000",bc_events_m0.2.csv
15.201,DATA_DROP_SIG,"rx=2,sender=0,nonce=15200000000",bc_events_m0.2.csv
15.201,DATA_DROP_SIG,"rx=11,sender=0,nonce=15200000000",bc_events_m0.2.csv
15.201,DATA_DROP_SIG,"rx=5,sender=0,nonce=15200000000",bc_events_m0.2.csv
15.201,DATA_DROP_SIG,"rx=3,sender=0,nonce=15200000000",bc_events_m0.2.csv
15.201,DATA_DROP_SIG,"rx=1,sender=0,nonce=15200000000",bc_events_m0.2.csv
15.201,DATA_DROP_SIG,"rx=6,sender=0,nonce=15200000000",bc_events_m0.2.csv
15.201,DATA_DROP_SIG,"rx=10,sender=0,nonce=15200000000",bc_events_m0.2.csv
15.201,DATA_DROP_SIG,"rx=7,sender=0,nonce=15200000000",bc_events_m0.2.csv
15.201,DATA_DROP_SIG,"rx=9,sender=0,nonce=15200000000",bc_events_m0.2.csv
15.201,DATA_DROP_SIG,"rx=4,sender=0,nonce=15200000000",bc_events_m0.2.csv
15.201,DATA_DROP_SIG,"rx=8,sender=0,nonce=15200000000",bc_events_m0.2.csv
15.3007,DATA_RX_OK,"rx=2,sender=0,delay_s=0.000662",bc_events_m0.2.csv
15.3007,DATA_RX_OK,"rx=11,sender=0,delay_s=0.000662",bc_events_m0.2.csv
15.3007,DATA_RX_OK,"rx=5,sender=0,delay_s=0.000662",bc_events_m0.2.csv
15.3007,DATA_RX_OK,"rx=3,sender=0,delay_s=0.000662",bc_events_m0.2.csv
15.3007,DATA_RX_OK,"rx=1,sender=0,delay_s=0.000662",bc_events_m0.2.csv
15.3007,DATA_RX_OK,"rx=10,sender=0,delay_s=0.000662",bc_events_m0.2.csv
15.3007,DATA_RX_OK,"rx=6,sender=0,delay_s=0.000662",bc_events_m0.2.csv
15.3007,DATA_RX_OK,"rx=7,sender=0,delay_s=0.000662",bc_events_m0.2.csv
15.3007,DATA_RX_OK,"rx=9,sender=0,delay_s=0.000662",bc_events_m0.2.csv
15.3007,DATA_RX_OK,"rx=4,sender=0,delay_s=0.000662",bc_events_m0.2.csv
15.3007,DATA_RX_OK,"rx=8,sender=0,delay_s=0.000662",bc_events_m0.2.csv
15.4007,DATA_RX_OK,"rx=2,sender=0,delay_s=0.000662",bc_events_m0.2.csv
15.4007,DATA_RX_OK,"rx=11,sender=0,delay_s=0.000662",bc_events_m0.2.csv
15.4007,DATA_RX_OK,"rx=5,sender=0,delay_s=0.000662",bc_events_m0.2.csv
15.4007,DATA_RX_OK,"rx=3,sender=0,delay_s=0.000662",bc_events_m0.2.csv
15.4007,DATA_RX_OK,"rx=1,sender=0,delay_s=0.000662",bc_events_m0.2.csv
15.4007,DATA_RX_OK,"rx=10,sender=0,delay_s=0.000662",bc_events_m0.2.csv
15.4007,DATA_RX_OK,"rx=6,sender=0,delay_s=0.000662",bc_events_m0.2.csv
15.4007,DATA_RX_OK,"rx=7,sender=0,delay_s=0.000662",bc_events_m0.2.csv
15.4007,DATA_RX_OK,"rx=9,sender=0,delay_s=0.000662",bc_events_m0.2.csv
15.4007,DATA_RX_OK,"rx=4,sender=0,delay_s=0.000662",bc_events_m0.2.csv
15.4007,DATA_RX_OK,"rx=8,sender=0,delay_s=0.000662",bc_events_m0.2.csv
15.5,REPLAY_SENT,nonce=15400000000,bc_events_m0.2.csv
15.5007,DATA_DROP_REPLAY,"rx=2,sender=0,nonce=15400000000",bc_events_m0.2.csv
15.5007,DATA_DROP_REPLAY,"rx=11,sender=0,nonce=15400000000",bc_events_m0.2.csv
15.5007,DATA_DROP_REPLAY,"rx=5,sender=0,nonce=15400000000",bc_events_m0.2.csv
15.5007,DATA_DROP_REPLAY,"rx=3,sender=0,nonce=15400000000",bc_events_m0.2.csv
15.5007,DATA_DROP_REPLAY,"rx=1,sender=0,nonce=15400000000",bc_events_m0.2.csv
15.5007,DATA_DROP_REPLAY,"rx=10,sender=0,nonce=15400000000",bc_events_m0.2.csv
15.5007,DATA_DROP_REPLAY,"rx=7,sender=0,nonce=15400000000",bc_events_m0.2.csv
15.5007,DATA_DROP_REPLAY,"rx=6,sender=0,nonce=15400000000",bc_events_m0.2.csv
15.5007,DATA_DROP_REPLAY,"rx=9,sender=0,nonce=15400000000",bc_events_m0.2.csv
15.5007,DATA_DROP_REPLAY,"rx=4,sender=0,nonce=15400000000",bc_events_m0.2.csv
15.5007,DATA_DROP_REPLAY,"rx=8,sender=0,nonce=15400000000",bc_events_m0.2.csv
15.501,DATA_RX_OK,"rx=2,sender=0,delay_s=0.001014",bc_events_m0.2.csv
15.501,DATA_RX_OK,"rx=11,sender=0,delay_s=0.001014",bc_events_m0.2.csv
15.501,DATA_RX_OK,"rx=5,sender=0,delay_s=0.001014",bc_events_m0.2.csv
15.501,DATA_RX_OK,"rx=3,sender=0,delay_s=0.001014",bc_events_m0.2.csv
15.501,DATA_RX_OK,"rx=1,sender=0,delay_s=0.001014",bc_events_m0.2.csv
15.501,DATA_RX_OK,"rx=10,sender=0,delay_s=0.001014",bc_events_m0.2.csv
15.501,DATA_RX_OK,"rx=7,sender=0,delay_s=0.001014",bc_events_m0.2.csv
15.501,DATA_RX_OK,"rx=6,sender=0,delay_s=0.001014",bc_events_m0.2.csv
15.501,DATA_RX_OK,"rx=9,sender=0,delay_s=0.001014",bc_events_m0.2.csv
15.501,DATA_RX_OK,"rx=4,sender=0,delay_s=0.001014",bc_events_m0.2.csv
15.501,DATA_RX_OK,"rx=8,sender=0,delay_s=0.001014",bc_events_m0.2.csv
15.6007,DATA_RX_OK,"rx=2,sender=0,delay_s=0.000662",bc_events_m0.2.csv
15.6007,DATA_RX_OK,"rx=11,sender=0,delay_s=0.000662",bc_events_m0.2.csv
15.6007,DATA_RX_OK,"rx=5,sender=0,delay_s=0.000662",bc_events_m0.2.csv
15.6007,DATA_RX_OK,"rx=3,sender=0,delay_s=0.000662",bc_events_m0.2.csv
15.6007,DATA_RX_OK,"rx=1,sender=0,delay_s=0.000662",bc_events_m0.2.csv
15.6007,DATA_RX_OK,"rx=10,sender=0,delay_s=0.000662",bc_events_m0.2.csv
15.6007,DATA_RX_OK,"rx=7,sender=0,delay_s=0.000662",bc_events_m0.2.csv
15.6007,DATA_RX_OK,"rx=6,sender=0,delay_s=0.000662",bc_events_m0.2.csv
15.6007,DATA_RX_OK,"rx=9,sender=0,delay_s=0.000662",bc_events_m0.2.csv
15.6007,DATA_RX_OK,"rx=4,sender=0,delay_s=0.000662",bc_events_m0.2.csv
15.6007,DATA_RX_OK,"rx=8,sender=0,delay_s=0.000662",bc_events_m0.2.csv
15.7007,DATA_RX_OK,"rx=2,sender=0,delay_s=0.000662",bc_events_m0.2.csv
15.7007,DATA_RX_OK,"rx=11,sender=0,delay_s=0.000662",bc_events_m0.2.csv
15.7007,DATA_RX_OK,"rx=5,sender=0,delay_s=0.000662",bc_events_m0.2.csv
15.7007,DATA_RX_OK,"rx=3,sender=0,delay_s=0.000662",bc_events_m0.2.csv
15.7007,DATA_RX_OK,"rx=1,sender=0,delay_s=0.000662",bc_events_m0.2.csv
15.7007,DATA_RX_OK,"rx=10,sender=0,delay_s=0.000662",bc_events_m0.2.csv
15.7007,DATA_RX_OK,"rx=7,sender=0,delay_s=0.000662",bc_events_m0.2.csv
15.7007,DATA_RX_OK,"rx=6,sender=0,delay_s=0.000662",bc_events_m0.2.csv
15.7007,DATA_RX_OK,"rx=9,sender=0,delay_s=0.000662",bc_events_m0.2.csv
15.7007,DATA_RX_OK,"rx=4,sender=0,delay_s=0.000662",bc_events_m0.2.csv
15.7007,DATA_RX_OK,"rx=8,sender=0,delay_s=0.000662",bc_events_m0.2.csv
15.75,BLOCK_MINE_START,block_next=16,bc_events_m0.2.csv
15.8,REPLAY_SENT,nonce=15700000000,bc_events_m0.2.csv
15.8,BLOCK_COMMIT_ITEM,"accused=9,delta=0.020000,trust=0.830000",bc_events_m0.2.csv
15.8,BLOCK_COMMIT_ITEM,"accused=2,delta=0.020000,trust=0.950000",bc_events_m0.2.csv
15.8,BLOCK_COMMIT_ITEM,"accused=9,delta=0.020000,trust=0.850000",bc_events_m0.2.csv
15.8,BLOCK_COMMIT_ITEM,"accused=4,delta=0.020000,trust=0.880000",bc_events_m0.2.csv
15.8,BLOCK_COMMIT_ITEM,"accused=7,delta=0.020000,trust=0.750000",bc_events_m0.2.csv
15.8,BLOCK_COMMIT_ITEM,"accused=4,delta=0.020000,trust=0.900000",bc_events_m0.2.csv
15.8,BLOCK_COMMIT_ITEM,"accused=6,delta=0.020000,trust=0.800000",bc_events_m0.2.csv
15.8,BLOCK_COMMIT_DONE,"block=16,items=7,lat_s=0.050000",bc_events_m0.2.csv
15.8007,DATA_DROP_REPLAY,"rx=2,sender=0,nonce=15700000000",bc_events_m0.2.csv
15.8007,DATA_DROP_REPLAY,"rx=11,sender=0,nonce=15700000000",bc_events_m0.2.csv
15.8007,DATA_DROP_REPLAY,"rx=5,sender=0,nonce=15700000000",bc_events_m0.2.csv
15.8007,DATA_DROP_REPLAY,"rx=3,sender=0,nonce=15700000000",bc_events_m0.2.csv
15.8007,DATA_DROP_REPLAY,"rx=1,sender=0,nonce=15700000000",bc_events_m0.2.csv
15.8007,DATA_DROP_REPLAY,"rx=10,sender=0,nonce=15700000000",bc_events_m0.2.csv
15.8007,DATA_DROP_REPLAY,"rx=7,sender=0,nonce=15700000000",bc_events_m0.2.csv
15.8007,DATA_DROP_REPLAY,"rx=6,sender=0,nonce=15700000000",bc_events_m0.2.csv
15.8007,DATA_DROP_REPLAY,"rx=9,sender=0,nonce=15700000000",bc_events_m0.2.csv
15.8007,DATA_DROP_REPLAY,"rx=4,sender=0,nonce=15700000000",bc_events_m0.2.csv
15.8007,DATA_DROP_REPLAY,"rx=8,sender=0,nonce=15700000000",bc_events_m0.2.csv
15.8009,DATA_RX_OK,"rx=2,sender=0,delay_s=0.000942",bc_events_m0.2.csv
15.8009,DATA_RX_OK,"rx=11,sender=0,delay_s=0.000942",bc_events_m0.2.csv
15.8009,DATA_RX_OK,"rx=5,sender=0,delay_s=0.000942",bc_events_m0.2.csv
15.8009,DATA_RX_OK,"rx=3,sender=0,delay_s=0.000942",bc_events_m0.2.csv
15.8009,DATA_RX_OK,"rx=1,sender=0,delay_s=0.000942",bc_events_m0.2.csv
15.8009,DATA_RX_OK,"rx=10,sender=0,delay_s=0.000942",bc_events_m0.2.csv
15.8009,DATA_RX_OK,"rx=7,sender=0,delay_s=0.000942",bc_events_m0.2.csv
15.8009,DATA_RX_OK,"rx=6,sender=0,delay_s=0.000942",bc_events_m0.2.csv
15.8009,DATA_RX_OK,"rx=9,sender=0,delay_s=0.000942",bc_events_m0.2.csv
15.8009,DATA_RX_OK,"rx=4,sender=0,delay_s=0.000942",bc_events_m0.2.csv
15.8009,DATA_RX_OK,"rx=8,sender=0,delay_s=0.000942",bc_events_m0.2.csv
15.9007,DATA_RX_OK,"rx=2,sender=0,delay_s=0.000662",bc_events_m0.2.csv
15.9007,DATA_RX_OK,"rx=11,sender=0,delay_s=0.000662",bc_events_m0.2.csv
15.9007,DATA_RX_OK,"rx=5,sender=0,delay_s=0.000662",bc_events_m0.2.csv
15.9007,DATA_RX_OK,"rx=3,sender=0,delay_s=0.000662",bc_events_m0.2.csv
15.9007,DATA_RX_OK,"rx=1,sender=0,delay_s=0.000662",bc_events_m0.2.csv
15.9007,DATA_RX_OK,"rx=10,sender=0,delay_s=0.000662",bc_events_m0.2.csv
15.9007,DATA_RX_OK,"rx=7,sender=0,delay_s=0.000662",bc_events_m0.2.csv
15.9007,DATA_RX_OK,"rx=6,sender=0,delay_s=0.000662",bc_events_m0.2.csv
15.9007,DATA_RX_OK,"rx=9,sender=0,delay_s=0.000662",bc_events_m0.2.csv
15.9007,DATA_RX_OK,"rx=4,sender=0,delay_s=0.000662",bc_events_m0.2.csv
15.9007,DATA_RX_OK,"rx=8,sender=0,delay_s=0.000662",bc_events_m0.2.csv
16,REPORT_SENT,"by=0,about=1,delta=0.020000",bc_events_m0.2.csv
16,REPORT_SENT,"by=1,about=9,delta=-0.050000",bc_events_m0.2.csv
16,REPORT_SENT,"by=2,about=6,delta=0.020000",bc_events_m0.2.csv
16,REPORT_SENT,"by=3,about=7,delta=0.020000",bc_events_m0.2.csv
16,REPORT_SENT,"by=4,about=8,delta=-0.050000",bc_events_m0.2.csv
16,REPORT_SENT,"by=5,about=4,delta=0.020000",bc_events_m0.2.csv
16,REPORT_SENT,"by=6,about=6,delta=0.020000",bc_events_m0.2.csv
16,REPORT_SENT,"by=7,about=7,delta=0.020000",bc_events_m0.2.csv
16,REPORT_SENT,"by=8,about=6,delta=0.020000",bc_events_m0.2.csv
16,REPORT_SENT,"by=9,about=2,delta=-0.050000",bc_events_m0.2.csv
16.0002,REPORT_RX_RSU,"rsu=10,by=7,about=7,delta=0.020000",bc_events_m0.2.csv
16.0004,REPORT_RX_RSU,"rsu=10,by=0,about=1,delta=0.020000",bc_events_m0.2.csv
16.0005,REPORT_RX_RSU,"rsu=10,by=4,about=8,delta=-0.050000",bc_events_m0.2.csv
16.001,REPORT_RX_RSU,"rsu=10,by=9,about=2,delta=-0.050000",bc_events_m0.2.csv
16.0011,DATA_RX_OK,"rx=2,sender=0,delay_s=0.001055",bc_events_m0.2.csv
16.0011,DATA_RX_OK,"rx=11,sender=0,delay_s=0.001055",bc_events_m0.2.csv
16.0011,DATA_RX_OK,"rx=5,sender=0,delay_s=0.001055",bc_events_m0.2.csv
16.0011,DATA_RX_OK,"rx=3,sender=0,delay_s=0.001055",bc_events_m0.2.csv
16.0011,DATA_RX_OK,"rx=1,sender=0,delay_s=0.001055",bc_events_m0.2.csv
16.0011,DATA_RX_OK,"rx=10,sender=0,delay_s=0.001055",bc_events_m0.2.csv
16.0011,DATA_RX_OK,"rx=7,sender=0,delay_s=0.001055",bc_events_m0.2.csv
16.0011,DATA_RX_OK,"rx=6,sender=0,delay_s=0.001055",bc_events_m0.2.csv
16.0011,DATA_RX_OK,"rx=9,sender=0,delay_s=0.001055",bc_events_m0.2.csv
16.0011,DATA_RX_OK,"rx=4,sender=0,delay_s=0.001055",bc_events_m0.2.csv
16.0011,DATA_RX_OK,"rx=8,sender=0,delay_s=0.001055",bc_events_m0.2.csv
16.0012,REPORT_RX_RSU,"rsu=10,by=8,about=6,delta=0.020000",bc_events_m0.2.csv
16.0013,REPORT_RX_RSU,"rsu=10,by=1,about=9,delta=-0.050000",bc_events_m0.2.csv
16.0016,REPORT_RX_RSU,"rsu=10,by=5,about=4,delta=0.020000",bc_events_m0.2.csv
16.1,REPLAY_SENT,nonce=16000000000,bc_events_m0.2.csv
16.1007,DATA_DROP_REPLAY,"rx=2,sender=0,nonce=16000000000",bc_events_m0.2.csv
16.1007,DATA_DROP_REPLAY,"rx=11,sender=0,nonce=16000000000",bc_events_m0.2.csv
16.1007,DATA_DROP_REPLAY,"rx=5,sender=0,nonce=16000000000",bc_events_m0.2.csv
16.1007,DATA_DROP_REPLAY,"rx=3,sender=0,nonce=16000000000",bc_events_m0.2.csv
16.1007,DATA_DROP_REPLAY,"rx=1,sender=0,nonce=16000000000",bc_events_m0.2.csv
16.1007,DATA_DROP_REPLAY,"rx=10,sender=0,nonce=16000000000",bc_events_m0.2.csv
16.1007,DATA_DROP_REPLAY,"rx=7,sender=0,nonce=16000000000",bc_events_m0.2.csv
16.1007,DATA_DROP_REPLAY,"rx=6,sender=0,nonce=16000000000",bc_events_m0.2.csv
16.1007,DATA_DROP_REPLAY,"rx=9,sender=0,nonce=16000000000",bc_events_m0.2.csv
16.1007,DATA_DROP_REPLAY,"rx=4,sender=0,nonce=16000000000",bc_events_m0.2.csv
16.101,DATA_RX_OK,"rx=2,sender=0,delay_s=0.000969",bc_events_m0.2.csv
16.101,DATA_RX_OK,"rx=11,sender=0,delay_s=0.000969",bc_events_m0.2.csv
16.101,DATA_RX_OK,"rx=5,sender=0,delay_s=0.000969",bc_events_m0.2.csv
16.101,DATA_RX_OK,"rx=3,sender=0,delay_s=0.000969",bc_events_m0.2.csv
16.101,DATA_RX_OK,"rx=1,sender=0,delay_s=0.000969",bc_events_m0.2.csv
16.101,DATA_RX_OK,"rx=10,sender=0,delay_s=0.000969",bc_events_m0.2.csv
16.101,DATA_RX_OK,"rx=7,sender=0,delay_s=0.000969",bc_events_m0.2.csv
16.101,DATA_RX_OK,"rx=6,sender=0,delay_s=0.000969",bc_events_m0.2.csv
16.101,DATA_RX_OK,"rx=9,sender=0,delay_s=0.000969",bc_events_m0.2.csv
16.101,DATA_RX_OK,"rx=4,sender=0,delay_s=0.000969",bc_events_m0.2.csv
16.2007,DATA_RX_OK,"rx=2,sender=0,delay_s=0.000662",bc_events_m0.2.csv
16.2007,DATA_RX_OK,"rx=11,sender=0,delay_s=0.000662",bc_events_m0.2.csv
16.2007,DATA_RX_OK,"rx=3,sender=0,delay_s=0.000662",bc_events_m0.2.csv
16.2007,DATA_RX_OK,"rx=5,sender=0,delay_s=0.000662",bc_events_m0.2.csv
16.2007,DATA_RX_OK,"rx=1,sender=0,delay_s=0.000662",bc_events_m0.2.csv
16.2007,DATA_RX_OK,"rx=10,sender=0,delay_s=0.000662",bc_events_m0.2.csv
16.2007,DATA_RX_OK,"rx=7,sender=0,delay_s=0.000662",bc_events_m0.2.csv
16.2007,DATA_RX_OK,"rx=6,sender=0,delay_s=0.000662",bc_events_m0.2.csv
16.2007,DATA_RX_OK,"rx=9,sender=0,delay_s=0.000662",bc_events_m0.2.csv
16.2007,DATA_RX_OK,"rx=4,sender=0,delay_s=0.000662",bc_events_m0.2.csv
16.3007,DATA_RX_OK,"rx=2,sender=0,delay_s=0.000662",bc_events_m0.2.csv
16.3007,DATA_RX_OK,"rx=11,sender=0,delay_s=0.000662",bc_events_m0.2.csv
16.3007,DATA_RX_OK,"rx=3,sender=0,delay_s=0.000662",bc_events_m0.2.csv
16.3007,DATA_RX_OK,"rx=5,sender=0,delay_s=0.000662",bc_events_m0.2.csv
16.3007,DATA_RX_OK,"rx=1,sender=0,delay_s=0.000662",bc_events_m0.2.csv
16.3007,DATA_RX_OK,"rx=10,sender=0,delay_s=0.000662",bc_events_m0.2.csv
16.3007,DATA_RX_OK,"rx=7,sender=0,delay_s=0.000662",bc_events_m0.2.csv
16.3007,DATA_RX_OK,"rx=6,sender=0,delay_s=0.000662",bc_events_m0.2.csv
16.3007,DATA_RX_OK,"rx=9,sender=0,delay_s=0.000662",bc_events_m0.2.csv
16.3007,DATA_RX_OK,"rx=4,sender=0,delay_s=0.000662",bc_events_m0.2.csv
16.4,REPLAY_SENT,nonce=16300000000,bc_events_m0.2.csv
16.4007,DATA_DROP_REPLAY,"rx=2,sender=0,nonce=16300000000",bc_events_m0.2.csv
16.4007,DATA_DROP_REPLAY,"rx=11,sender=0,nonce=16300000000",bc_events_m0.2.csv
16.4007,DATA_DROP_REPLAY,"rx=3,sender=0,nonce=16300000000",bc_events_m0.2.csv
16.4007,DATA_DROP_REPLAY,"rx=5,sender=0,nonce=16300000000",bc_events_m0.2.csv
16.4007,DATA_DROP_REPLAY,"rx=1,sender=0,nonce=16300000000",bc_events_m0.2.csv
16.4007,DATA_DROP_REPLAY,"rx=10,sender=0,nonce=16300000000",bc_events_m0.2.csv
16.4007,DATA_DROP_REPLAY,"rx=7,sender=0,nonce=16300000000",bc_events_m0.2.csv
16.4007,DATA_DROP_REPLAY,"rx=6,sender=0,nonce=16300000000",bc_events_m0.2.csv
16.4007,DATA_DROP_REPLAY,"rx=9,sender=0,nonce=16300000000",bc_events_m0.2.csv
16.4007,DATA_DROP_REPLAY,"rx=4,sender=0,nonce=16300000000",bc_events_m0.2.csv
16.4009,DATA_RX_OK,"rx=2,sender=0,delay_s=0.000942",bc_events_m0.2.csv
16.4009,DATA_RX_OK,"rx=11,sender=0,delay_s=0.000942",bc_events_m0.2.csv
16.4009,DATA_RX_OK,"rx=3,sender=0,delay_s=0.000942",bc_events_m0.2.csv
16.4009,DATA_RX_OK,"rx=5,sender=0,delay_s=0.000942",bc_events_m0.2.csv
16.4009,DATA_RX_OK,"rx=1,sender=0,delay_s=0.000942",bc_events_m0.2.csv
16.4009,DATA_RX_OK,"rx=10,sender=0,delay_s=0.000942",bc_events_m0.2.csv
16.4009,DATA_RX_OK,"rx=7,sender=0,delay_s=0.000942",bc_events_m0.2.csv
16.4009,DATA_RX_OK,"rx=6,sender=0,delay_s=0.000942",bc_events_m0.2.csv
16.4009,DATA_RX_OK,"rx=9,sender=0,delay_s=0.000942",bc_events_m0.2.csv
16.4009,DATA_RX_OK,"rx=4,sender=0,delay_s=0.000942",bc_events_m0.2.csv
16.5007,DATA_DROP_SIG,"rx=2,sender=0,nonce=16500000000",bc_events_m0.2.csv
16.5007,DATA_DROP_SIG,"rx=11,sender=0,nonce=16500000000",bc_events_m0.2.csv
16.5007,DATA_DROP_SIG,"rx=3,sender=0,nonce=16500000000",bc_events_m0.2.csv
16.5007,DATA_DROP_SIG,"rx=5,sender=0,nonce=16500000000",bc_events_m0.2.csv
16.5007,DATA_DROP_SIG,"rx=1,sender=0,nonce=16500000000",bc_events_m0.2.csv
16.5007,DATA_DROP_SIG,"rx=10,sender=0,nonce=16500000000",bc_events_m0.2.csv
16.5007,DATA_DROP_SIG,"rx=7,sender=0,nonce=16500000000",bc_events_m0.2.csv
16.5007,DATA_DROP_SIG,"rx=6,sender=0,nonce=16500000000",bc_events_m0.2.csv
16.5007,DATA_DROP_SIG,"rx=9,sender=0,nonce=16500000000",bc_events_m0.2.csv
16.5007,DATA_DROP_SIG,"rx=4,sender=0,nonce=16500000000",bc_events_m0.2.csv
16.6007,DATA_RX_OK,"rx=2,sender=0,delay_s=0.000662",bc_events_m0.2.csv
16.6007,DATA_RX_OK,"rx=11,sender=0,delay_s=0.000662",bc_events_m0.2.csv
16.6007,DATA_RX_OK,"rx=3,sender=0,delay_s=0.000662",bc_events_m0.2.csv
16.6007,DATA_RX_OK,"rx=5,sender=0,delay_s=0.000662",bc_events_m0.2.csv
16.6007,DATA_RX_OK,"rx=1,sender=0,delay_s=0.000662",bc_events_m0.2.csv
16.6007,DATA_RX_OK,"rx=10,sender=0,delay_s=0.000662",bc_events_m0.2.csv
16.6007,DATA_RX_OK,"rx=7,sender=0,delay_s=0.000662",bc_events_m0.2.csv
16.6007,DATA_RX_OK,"rx=6,sender=0,delay_s=0.000662",bc_events_m0.2.csv
16.6007,DATA_RX_OK,"rx=4,sender=0,delay_s=0.000662",bc_events_m0.2.csv
16.6007,DATA_RX_OK,"rx=9,sender=0,delay_s=0.000662",bc_events_m0.2.csv
16.7,REPLAY_SENT,nonce=16600000000,bc_events_m0.2.csv
16.7007,DATA_DROP_REPLAY,"rx=2,sender=0,nonce=16600000000",bc_events_m0.2.csv
16.7007,DATA_DROP_REPLAY,"rx=3,sender=0,nonce=16600000000",bc_events_m0.2.csv
16.7007,DATA_DROP_REPLAY,"rx=11,sender=0,nonce=16600000000",bc_events_m0.2.csv
16.7007,DATA_DROP_REPLAY,"rx=5,sender=0,nonce=16600000000",bc_events_m0.2.csv
16.7007,DATA_DROP_REPLAY,"rx=1,sender=0,nonce=16600000000",bc_events_m0.2.csv
16.7007,DATA_DROP_REPLAY,"rx=10,sender=0,nonce=16600000000",bc_events_m0.2.csv
16.7007,DATA_DROP_REPLAY,"rx=7,sender=0,nonce=16600000000",bc_events_m0.2.csv
16.7007,DATA_DROP_REPLAY,"rx=6,sender=0,nonce=16600000000",bc_events_m0.2.csv
16.7007,DATA_DROP_REPLAY,"rx=4,sender=0,nonce=16600000000",bc_events_m0.2.csv
16.7007,DATA_DROP_REPLAY,"rx=9,sender=0,nonce=16600000000",bc_events_m0.2.csv
16.701,DATA_RX_OK,"rx=2,sender=0,delay_s=0.000960",bc_events_m0.2.csv
16.701,DATA_RX_OK,"rx=3,sender=0,delay_s=0.000960",bc_events_m0.2.csv
16.701,DATA_RX_OK,"rx=11,sender=0,delay_s=0.000960",bc_events_m0.2.csv
16.701,DATA_RX_OK,"rx=5,sender=0,delay_s=0.000960",bc_events_m0.2.csv
16.701,DATA_RX_OK,"rx=1,sender=0,delay_s=0.000960",bc_events_m0.2.csv
16.701,DATA_RX_OK,"rx=10,sender=0,delay_s=0.000960",bc_events_m0.2.csv
16.701,DATA_RX_OK,"rx=7,sender=0,delay_s=0.000960",bc_events_m0.2.csv
16.701,DATA_RX_OK,"rx=6,sender=0,delay_s=0.000960",bc_events_m0.2.csv
16.701,DATA_RX_OK,"rx=4,sender=0,delay_s=0.000960",bc_events_m0.2.csv
16.701,DATA_RX_OK,"rx=9,sender=0,delay_s=0.000960",bc_events_m0.2.csv
16.8,BLOCK_MINE_START,block_next=17,bc_events_m0.2.csv
16.8007,DATA_RX_OK,"rx=2,sender=0,delay_s=0.000662",bc_events_m0.2.csv
16.8007,DATA_RX_OK,"rx=3,sender=0,delay_s=0.000662",bc_events_m0.2.csv
16.8007,DATA_RX_OK,"rx=11,sender=0,delay_s=0.000662",bc_events_m0.2.csv
16.8007,DATA_RX_OK,"rx=5,sender=0,delay_s=0.000662",bc_events_m0.2.csv
16.8007,DATA_RX_OK,"rx=1,sender=0,delay_s=0.000662",bc_events_m0.2.csv
16.8007,DATA_RX_OK,"rx=10,sender=0,delay_s=0.000662",bc_events_m0.2.csv
16.8007,DATA_RX_OK,"rx=7,sender=0,delay_s=0.000662",bc_events_m0.2.csv
16.8007,DATA_RX_OK,"rx=6,sender=0,delay_s=0.000662",bc_events_m0.2.csv
16.8007,DATA_RX_OK,"rx=4,sender=0,delay_s=0.000662",bc_events_m0.2.csv
16.8007,DATA_RX_OK,"rx=9,sender=0,delay_s=0.000662",bc_events_m0.2.csv
16.85,BLOCK_COMMIT_ITEM,"accused=7,delta=0.020000,trust=0.770000",bc_events_m0.2.csv
16.85,BLOCK_COMMIT_ITEM,"accused=1,delta=0.020000,trust=0.720000",bc_events_m0.2.csv
16.85,BLOCK_COMMIT_ITEM,"accused=8,delta=-0.050000,trust=0.760000",bc_events_m0.2.csv
16.85,BLOCK_COMMIT_ITEM,"accused=2,delta=-0.050000,trust=0.900000",bc_events_m0.2.csv
16.85,BLOCK_COMMIT_ITEM,"accused=6,delta=0.020000,trust=0.820000",bc_events_m0.2.csv
16.85,BLOCK_COMMIT_ITEM,"accused=9,delta=-0.050000,trust=0.800000",bc_events_m0.2.csv
16.85,BLOCK_COMMIT_ITEM,"accused=4,delta=0.020000,trust=0.920000",bc_events_m0.2.csv
16.85,BLOCK_COMMIT_DONE,"block=17,items=7,lat_s=0.050000",bc_events_m0.2.csv
16.9007,DATA_RX_OK,"rx=2,sender=0,delay_s=0.000662",bc_events_m0.2.csv
16.9007,DATA_RX_OK,"rx=3,sender=0,delay_s=0.000662",bc_events_m0.2.csv
16.9007,DATA_RX_OK,"rx=11,sender=0,delay_s=0.000662",bc_events_m0.2.csv
16.9007,DATA_RX_OK,"rx=5,sender=0,delay_s=0.000662",bc_events_m0.2.csv
16.9007,DATA_RX_OK,"rx=1,sender=0,delay_s=0.000662",bc_events_m0.2.csv
16.9007,DATA_RX_OK,"rx=10,sender=0,delay_s=0.000662",bc_events_m0.2.csv
16.9007,DATA_RX_OK,"rx=6,sender=0,delay_s=0.000662",bc_events_m0.2.csv
16.9007,DATA_RX_OK,"rx=7,sender=0,delay_s=0.000662",bc_events_m0.2.csv
16.9007,DATA_RX_OK,"rx=4,sender=0,delay_s=0.000662",bc_events_m0.2.csv
16.9007,DATA_RX_OK,"rx=9,sender=0,delay_s=0.000662",bc_events_m0.2.csv
17,REPORT_SENT,"by=0,about=5,delta=0.020000",bc_events_m0.2.csv
17,REPORT_SENT,"by=1,about=6,delta=0.020000",bc_events_m0.2.csv
17,REPORT_SENT,"by=2,about=8,delta=-0.050000",bc_events_m0.2.csv
17,REPORT_SENT,"by=3,about=4,delta=0.020000",bc_events_m0.2.csv
17,REPORT_SENT,"by=4,about=1,delta=0.020000",bc_events_m0.2.csv
17,REPORT_SENT,"by=5,about=4,delta=0.020000",bc_events_m0.2.csv
17,REPORT_SENT,"by=6,about=3,delta=0.020000",bc_events_m0.2.csv
17,REPORT_SENT,"by=7,about=9,delta=0.020000",bc_events_m0.2.csv
17,REPORT_SENT,"by=8,about=1,delta=0.020000",bc_events_m0.2.csv
17,REPORT_SENT,"by=9,about=3,delta=-0.050000",bc_events_m0.2.csv
17,REPLAY_SENT,nonce=16900000000,bc_events_m0.2.csv
17.0004,REPORT_RX_RSU,"rsu=10,by=0,about=5,delta=0.020000",bc_events_m0.2.csv
17.0005,REPORT_RX_RSU,"rsu=10,by=5,about=4,delta=0.020000",bc_events_m0.2.csv
17.001,REPORT_RX_RSU,"rsu=10,by=7,about=9,delta=0.020000",bc_events_m0.2.csv
17.001,DATA_DROP_REPLAY,"rx=2,sender=0,nonce=16900000000",bc_events_m0.2.csv
17.001,DATA_DROP_REPLAY,"rx=3,sender=0,nonce=16900000000",bc_events_m0.2.csv
17.001,DATA_DROP_REPLAY,"rx=11,sender=0,nonce=16900000000",bc_events_m0.2.csv
17.001,DATA_DROP_REPLAY,"rx=5,sender=0,nonce=16900000000",bc_events_m0.2.csv
17.0014,REPORT_RX_RSU,"rsu=10,by=4,about=1,delta=0.020000",bc_events_m0.2.csv
17.0015,DATA_RX_OK,"rx=2,sender=0,delay_s=0.001496",bc_events_m0.2.csv
17.0015,DATA_RX_OK,"rx=3,sender=0,delay_s=0.001496",bc_events_m0.2.csv
17.0015,DATA_RX_OK,"rx=11,sender=0,delay_s=0.001496",bc_events_m0.2.csv
17.0015,DATA_RX_OK,"rx=5,sender=0,delay_s=0.001496",bc_events_m0.2.csv
17.0015,DATA_RX_OK,"rx=1,sender=0,delay_s=0.001496",bc_events_m0.2.csv
17.0015,DATA_RX_OK,"rx=10,sender=0,delay_s=0.001496",bc_events_m0.2.csv
17.0015,DATA_RX_OK,"rx=6,sender=0,delay_s=0.001496",bc_events_m0.2.csv
17.0018,REPORT_RX_RSU,"rsu=10,by=1,about=6,delta=0.020000",bc_events_m0.2.csv
17.0019,REPORT_RX_RSU,"rsu=10,by=9,about=3,delta=-0.050000",bc_events_m0.2.csv
17.0023,REPORT_RX_RSU,"rsu=10,by=8,about=1,delta=0.020000",bc_events_m0.2.csv
17.1007,DATA_DROP_SIG,"rx=2,sender=0,nonce=17100000000",bc_events_m0.2.csv
17.1007,DATA_DROP_SIG,"rx=3,sender=0,nonce=17100000000",bc_events_m0.2.csv
17.1007,DATA_DROP_SIG,"rx=11,sender=0,nonce=17100000000",bc_events_m0.2.csv
17.1007,DATA_DROP_SIG,"rx=5,sender=0,nonce=17100000000",bc_events_m0.2.csv
17.1007,DATA_DROP_SIG,"rx=1,sender=0,nonce=17100000000",bc_events_m0.2.csv
17.1007,DATA_DROP_SIG,"rx=10,sender=0,nonce=17100000000",bc_events_m0.2.csv
17.1007,DATA_DROP_SIG,"rx=6,sender=0,nonce=17100000000",bc_events_m0.2.csv
17.1007,DATA_DROP_SIG,"rx=7,sender=0,nonce=17100000000",bc_events_m0.2.csv
17.1007,DATA_DROP_SIG,"rx=9,sender=0,nonce=17100000000",bc_events_m0.2.csv
17.1007,DATA_DROP_SIG,"rx=4,sender=0,nonce=17100000000",bc_events_m0.2.csv
17.2007,DATA_RX_OK,"rx=2,sender=0,delay_s=0.000662",bc_events_m0.2.csv
17.2007,DATA_RX_OK,"rx=3,sender=0,delay_s=0.000662",bc_events_m0.2.csv
17.2007,DATA_RX_OK,"rx=11,sender=0,delay_s=0.000662",bc_events_m0.2.csv
17.2007,DATA_RX_OK,"rx=5,sender=0,delay_s=0.000662",bc_events_m0.2.csv
17.2007,DATA_RX_OK,"rx=1,sender=0,delay_s=0.000662",bc_events_m0.2.csv
17.2007,DATA_RX_OK,"rx=10,sender=0,delay_s=0.000662",bc_events_m0.2.csv
17.2007,DATA_RX_OK,"rx=6,sender=0,delay_s=0.000662",bc_events_m0.2.csv
17.2007,DATA_RX_OK,"rx=7,sender=0,delay_s=0.000662",bc_events_m0.2.csv
17.2007,DATA_RX_OK,"rx=4,sender=0,delay_s=0.000662",bc_events_m0.2.csv
17.2007,DATA_RX_OK,"rx=9,sender=0,delay_s=0.000662",bc_events_m0.2.csv
17.3,REPLAY_SENT,nonce=17200000000,bc_events_m0.2.csv
17.3007,DATA_DROP_REPLAY,"rx=2,sender=0,nonce=17200000000",bc_events_m0.2.csv
17.3007,DATA_DROP_REPLAY,"rx=3,sender=0,nonce=17200000000",bc_events_m0.2.csv
17.3007,DATA_DROP_REPLAY,"rx=11,sender=0,nonce=17200000000",bc_events_m0.2.csv
17.3007,DATA_DROP_REPLAY,"rx=5,sender=0,nonce=17200000000",bc_events_m0.2.csv
17.3007,DATA_DROP_REPLAY,"rx=1,sender=0,nonce=17200000000",bc_events_m0.2.csv
17.3007,DATA_DROP_REPLAY,"rx=10,sender=0,nonce=17200000000",bc_events_m0.2.csv
17.3007,DATA_DROP_REPLAY,"rx=6,sender=0,nonce=17200000000",bc_events_m0.2.csv
17.3007,DATA_DROP_REPLAY,"rx=7,sender=0,nonce=17200000000",bc_events_m0.2.csv
17.3007,DATA_DROP_REPLAY,"rx=9,sender=0,nonce=17200000000",bc_events_m0.2.csv
17.3007,DATA_DROP_REPLAY,"rx=4,sender=0,nonce=17200000000",bc_events_m0.2.csv
17.3011,DATA_RX_OK,"rx=2,sender=0,delay_s=0.001059",bc_events_m0.2.csv
17.3011,DATA_RX_OK,"rx=3,sender=0,delay_s=0.001059",bc_events_m0.2.csv
17.3011,DATA_RX_OK,"rx=11,sender=0,delay_s=0.001059",bc_events_m0.2.csv
17.3011,DATA_RX_OK,"rx=5,sender=0,delay_s=0.001059",bc_events_m0.2.csv
17.3011,DATA_RX_OK,"rx=1,sender=0,delay_s=0.001059",bc_events_m0.2.csv
17.3011,DATA_RX_OK,"rx=10,sender=0,delay_s=0.001059",bc_events_m0.2.csv
17.3011,DATA_RX_OK,"rx=6,sender=0,delay_s=0.001059",bc_events_m0.2.csv
17.3011,DATA_RX_OK,"rx=7,sender=0,delay_s=0.001059",bc_events_m0.2.csv
17.3011,DATA_RX_OK,"rx=9,sender=0,delay_s=0.001059",bc_events_m0.2.csv
17.3011,DATA_RX_OK,"rx=4,sender=0,delay_s=0.001059",bc_events_m0.2.csv
17.4007,DATA_DROP_SIG,"rx=3,sender=0,nonce=17400000000",bc_events_m0.2.csv
17.4007,DATA_DROP_SIG,"rx=2,sender=0,nonce=17400000000",bc_events_m0.2.csv
17.4007,DATA_DROP_SIG,"rx=11,sender=0,nonce=17400000000",bc_events_m0.2.csv
17.4007,DATA_DROP_SIG,"rx=5,sender=0,nonce=17400000000",bc_events_m0.2.csv
17.4007,DATA_DROP_SIG,"rx=1,sender=0,nonce=17400000000",bc_events_m0.2.csv
17.4007,DATA_DROP_SIG,"rx=10,sender=0,nonce=17400000000",bc_events_m0.2.csv
17.4007,DATA_DROP_SIG,"rx=6,sender=0,nonce=17400000000",bc_events_m0.2.csv
17.4007,DATA_DROP_SIG,"rx=7,sender=0,nonce=17400000000",bc_events_m0.2.csv
17.4007,DATA_DROP_SIG,"rx=9,sender=0,nonce=17400000000",bc_events_m0.2.csv
17.4007,DATA_DROP_SIG,"rx=4,sender=0,nonce=17400000000",bc_events_m0.2.csv
17.5007,DATA_RX_OK,"rx=3,sender=0,delay_s=0.000662",bc_events_m0.2.csv
17.5007,DATA_RX_OK,"rx=2,sender=0,delay_s=0.000662",bc_events_m0.2.csv
17.5007,DATA_RX_OK,"rx=11,sender=0,delay_s=0.000662",bc_events_m0.2.csv
17.5007,DATA_RX_OK,"rx=5,sender=0,delay_s=0.000662",bc_events_m0.2.csv
17.5007,DATA_RX_OK,"rx=1,sender=0,delay_s=0.000662",bc_events_m0.2.csv
17.5007,DATA_RX_OK,"rx=10,sender=0,delay_s=0.000662",bc_events_m0.2.csv
17.5007,DATA_RX_OK,"rx=6,sender=0,delay_s=0.000662",bc_events_m0.2.csv
17.5007,DATA_RX_OK,"rx=7,sender=0,delay_s=0.000662",bc_events_m0.2.csv
17.5007,DATA_RX_OK,"rx=9,sender=0,delay_s=0.000662",bc_events_m0.2.csv
17.5007,DATA_RX_OK,"rx=4,sender=0,delay_s=0.000662",bc_events_m0.2.csv
17.6,REPLAY_SENT,nonce=17500000000,bc_events_m0.2.csv
17.6007,DATA_DROP_REPLAY,"rx=3,sender=0,nonce=17500000000",bc_events_m0.2.csv
17.6007,DATA_DROP_REPLAY,"rx=2,sender=0,nonce=17500000000",bc_events_m0.2.csv
17.6007,DATA_DROP_REPLAY,"rx=11,sender=0,nonce=17500000000",bc_events_m0.2.csv
17.6007,DATA_DROP_REPLAY,"rx=5,sender=0,nonce=17500000000",bc_events_m0.2.csv
17.6007,DATA_DROP_REPLAY,"rx=1,sender=0,nonce=17500000000",bc_events_m0.2.csv
17.6007,DATA_DROP_REPLAY,"rx=10,sender=0,nonce=17500000000",bc_events_m0.2.csv
17.6007,DATA_DROP_REPLAY,"rx=6,sender=0,nonce=17500000000",bc_events_m0.2.csv
17.6007,DATA_DROP_REPLAY,"rx=7,sender=0,nonce=17500000000",bc_events_m0.2.csv
17.6007,DATA_DROP_REPLAY,"rx=4,sender=0,nonce=17500000000",bc_events_m0.2.csv
17.6007,DATA_DROP_REPLAY,"rx=9,sender=0,nonce=17500000000",bc_events_m0.2.csv
17.6009,DATA_RX_OK,"rx=3,sender=0,delay_s=0.000924",bc_events_m0.2.csv
17.6009,DATA_RX_OK,"rx=2,sender=0,delay_s=0.000924",bc_events_m0.2.csv
17.6009,DATA_RX_OK,"rx=11,sender=0,delay_s=0.000924",bc_events_m0.2.csv
17.6009,DATA_RX_OK,"rx=5,sender=0,delay_s=0.000924",bc_events_m0.2.csv
17.6009,DATA_RX_OK,"rx=1,sender=0,delay_s=0.000924",bc_events_m0.2.csv
17.6009,DATA_RX_OK,"rx=10,sender=0,delay_s=0.000924",bc_events_m0.2.csv
17.6009,DATA_RX_OK,"rx=6,sender=0,delay_s=0.000924",bc_events_m0.2.csv
17.6009,DATA_RX_OK,"rx=7,sender=0,delay_s=0.000924",bc_events_m0.2.csv
17.6009,DATA_RX_OK,"rx=4,sender=0,delay_s=0.000924",bc_events_m0.2.csv
17.6009,DATA_RX_OK,"rx=9,sender=0,delay_s=0.000924",bc_events_m0.2.csv
17.7007,DATA_RX_OK,"rx=2,sender=0,delay_s=0.000662",bc_events_m0.2.csv
17.7007,DATA_RX_OK,"rx=3,sender=0,delay_s=0.000662",bc_events_m0.2.csv
17.7007,DATA_RX_OK,"rx=11,sender=0,delay_s=0.000662",bc_events_m0.2.csv
17.7007,DATA_RX_OK,"rx=5,sender=0,delay_s=0.000662",bc_events_m0.2.csv
17.7007,DATA_RX_OK,"rx=1,sender=0,delay_s=0.000662",bc_events_m0.2.csv
17.7007,DATA_RX_OK,"rx=6,sender=0,delay_s=0.000662",bc_events_m0.2.csv
17.7007,DATA_RX_OK,"rx=10,sender=0,delay_s=0.000662",bc_events_m0.2.csv
17.7007,DATA_RX_OK,"rx=7,sender=0,delay_s=0.000662",bc_events_m0.2.csv
17.7007,DATA_RX_OK,"rx=4,sender=0,delay_s=0.000662",bc_events_m0.2.csv
17.7007,DATA_RX_OK,"rx=9,sender=0,delay_s=0.000662",bc_events_m0.2.csv
17.8007,DATA_RX_OK,"rx=2,sender=0,delay_s=0.000662",bc_events_m0.2.csv
17.8007,DATA_RX_OK,"rx=3,sender=0,delay_s=0.000662",bc_events_m0.2.csv
17.8007,DATA_RX_OK,"rx=11,sender=0,delay_s=0.000662",bc_events_m0.2.csv
17.8007,DATA_RX_OK,"rx=5,sender=0,delay_s=0.000662",bc_events_m0.2.csv
17.8007,DATA_RX_OK,"rx=1,sender=0,delay_s=0.000662",bc_events_m0.2.csv
17.8007,DATA_RX_OK,"rx=6,sender=0,delay_s=0.000662",bc_events_m0.2.csv
17.8007,DATA_RX_OK,"rx=10,sender=0,delay_s=0.000662",bc_events_m0.2.csv
17.8007,DATA_RX_OK,"rx=7,sender=0,delay_s=0.000662",bc_events_m0.2.csv
17.8007,DATA_RX_OK,"rx=4,sender=0,delay_s=0.000662",bc_events_m0.2.csv
17.8007,DATA_RX_OK,"rx=9,sender=0,delay_s=0.000662",bc_events_m0.2.csv
17.85,BLOCK_MINE_START,block_next=18,bc_events_m0.2.csv
17.9,REPLAY_SENT,nonce=17800000000,bc_events_m0.2.csv
17.9,BLOCK_COMMIT_ITEM,"accused=5,delta=0.020000,trust=0.700000",bc_events_m0.2.csv
17.9,BLOCK_COMMIT_ITEM,"accused=4,delta=0.020000,trust=0.940000",bc_events_m0.2.csv
17.9,BLOCK_COMMIT_ITEM,"accused=9,delta=0.020000,trust=0.820000",bc_events_m0.2.csv
17.9,BLOCK_COMMIT_ITEM,"accused=1,delta=0.020000,trust=0.740000",bc_events_m0.2.csv
17.9,BLOCK_COMMIT_ITEM,"accused=6,delta=0.020000,trust=0.840000",bc_events_m0.2.csv
17.9,BLOCK_COMMIT_ITEM,"accused=3,delta=-0.050000,trust=0.620000",bc_events_m0.2.csv
17.9,BLOCK_COMMIT_ITEM,"accused=1,delta=0.020000,trust=0.760000",bc_events_m0.2.csv
17.9,BLOCK_COMMIT_DONE,"block=18,items=7,lat_s=0.050000",bc_events_m0.2.csv
17.9007,DATA_DROP_REPLAY,"rx=2,sender=0,nonce=17800000000",bc_events_m0.2.csv
17.9007,DATA_DROP_REPLAY,"rx=3,sender=0,nonce=17800000000",bc_events_m0.2.csv
17.9007,DATA_DROP_REPLAY,"rx=11,sender=0,nonce=17800000000",bc_events_m0.2.csv
17.9007,DATA_DROP_REPLAY,"rx=5,sender=0,nonce=17800000000",bc_events_m0.2.csv
17.9007,DATA_DROP_REPLAY,"rx=1,sender=0,nonce=17800000000",bc_events_m0.2.csv
17.9007,DATA_DROP_REPLAY,"rx=6,sender=0,nonce=17800000000",bc_events_m0.2.csv
17.9007,DATA_DROP_REPLAY,"rx=7,sender=0,nonce=17800000000",bc_events_m0.2.csv
17.9007,DATA_DROP_REPLAY,"rx=10,sender=0,nonce=17800000000",bc_events_m0.2.csv
17.9007,DATA_DROP_REPLAY,"rx=4,sender=0,nonce=17800000000",bc_events_m0.2.csv
17.9007,DATA_DROP_REPLAY,"rx=9,sender=0,nonce=17800000000",bc_events_m0.2.csv
17.901,DATA_RX_OK,"rx=2,sender=0,delay_s=0.001041",bc_events_m0.2.csv
17.901,DATA_RX_OK,"rx=3,sender=0,delay_s=0.001041",bc_events_m0.2.csv
17.901,DATA_RX_OK,"rx=11,sender=0,delay_s=0.001041",bc_events_m0.2.csv
17.901,DATA_RX_OK,"rx=5,sender=0,delay_s=0.001041",bc_events_m0.2.csv
17.901,DATA_RX_OK,"rx=1,sender=0,delay_s=0.001041",bc_events_m0.2.csv
17.901,DATA_RX_OK,"rx=6,sender=0,delay_s=0.001041",bc_events_m0.2.csv
17.901,DATA_RX_OK,"rx=7,sender=0,delay_s=0.001041",bc_events_m0.2.csv
17.901,DATA_RX_OK,"rx=10,sender=0,delay_s=0.001041",bc_events_m0.2.csv
17.901,DATA_RX_OK,"rx=4,sender=0,delay_s=0.001041",bc_events_m0.2.csv
17.901,DATA_RX_OK,"rx=9,sender=0,delay_s=0.001041",bc_events_m0.2.csv
18,REPORT_SENT,"by=0,about=1,delta=0.020000",bc_events_m0.2.csv
18,REPORT_SENT,"by=1,about=5,delta=0.020000",bc_events_m0.2.csv
18,REPORT_SENT,"by=2,about=7,delta=-0.050000",bc_events_m0.2.csv
18,REPORT_SENT,"by=3,about=5,delta=0.020000",bc_events_m0.2.csv
18,REPORT_SENT,"by=4,about=8,delta=0.020000",bc_events_m0.2.csv
18,REPORT_SENT,"by=5,about=2,delta=0.020000",bc_events_m0.2.csv
18,REPORT_SENT,"by=6,about=5,delta=0.020000",bc_events_m0.2.csv
18,REPORT_SENT,"by=7,about=5,delta=0.020000",bc_events_m0.2.csv
18,REPORT_SENT,"by=8,about=5,delta=0.020000",bc_events_m0.2.csv
18,REPORT_SENT,"by=9,about=8,delta=0.020000",bc_events_m0.2.csv
18.0002,REPORT_RX_RSU,"rsu=10,by=4,about=8,delta=0.020000",bc_events_m0.2.csv
18.0004,REPORT_RX_RSU,"rsu=10,by=5,about=2,delta=0.020000",bc_events_m0.2.csv
18.0005,REPORT_RX_RSU,"rsu=10,by=1,about=5,delta=0.020000",bc_events_m0.2.csv
18.0006,REPORT_RX_RSU,"rsu=10,by=9,about=8,delta=0.020000",bc_events_m0.2.csv
18.0008,REPORT_RX_RSU,"rsu=10,by=7,about=5,delta=0.020000",bc_events_m0.2.csv
18.001,REPORT_RX_RSU,"rsu=10,by=8,about=5,delta=0.020000",bc_events_m0.2.csv
18.0011,REPORT_RX_RSU,"rsu=10,by=0,about=1,delta=0.020000",bc_events_m0.2.csv
18.0017,DATA_RX_OK,"rx=2,sender=0,delay_s=0.001735",bc_events_m0.2.csv
18.0017,DATA_RX_OK,"rx=3,sender=0,delay_s=0.001735",bc_events_m0.2.csv
18.0017,DATA_RX_OK,"rx=11,sender=0,delay_s=0.001735",bc_events_m0.2.csv
18.0017,DATA_RX_OK,"rx=5,sender=0,delay_s=0.001735",bc_events_m0.2.csv
18.0017,DATA_RX_OK,"rx=1,sender=0,delay_s=0.001735",bc_events_m0.2.csv
18.0017,DATA_RX_OK,"rx=6,sender=0,delay_s=0.001735",bc_events_m0.2.csv
18.0017,DATA_RX_OK,"rx=7,sender=0,delay_s=0.001735",bc_events_m0.2.csv
18.0017,DATA_RX_OK,"rx=10,sender=0,delay_s=0.001735",bc_events_m0.2.csv
18.0017,DATA_RX_OK,"rx=4,sender=0,delay_s=0.001735",bc_events_m0.2.csv
18.0017,DATA_RX_OK,"rx=9,sender=0,delay_s=0.001735",bc_events_m0.2.csv
18.0017,DATA_RX_OK,"rx=8,sender=0,delay_s=0.001735",bc_events_m0.2.csv
18.1007,DATA_RX_OK,"rx=2,sender=0,delay_s=0.000662",bc_events_m0.2.csv
18.1007,DATA_RX_OK,"rx=3,sender=0,delay_s=0.000662",bc_events_m0.2.csv
18.1007,DATA_RX_OK,"rx=11,sender=0,delay_s=0.000662",bc_events_m0.2.csv
18.1007,DATA_RX_OK,"rx=5,sender=0,delay_s=0.000662",bc_events_m0.2.csv
18.1007,DATA_RX_OK,"rx=1,sender=0,delay_s=0.000662",bc_events_m0.2.csv
18.1007,DATA_RX_OK,"rx=6,sender=0,delay_s=0.000662",bc_events_m0.2.csv
18.1007,DATA_RX_OK,"rx=7,sender=0,delay_s=0.000662",bc_events_m0.2.csv
18.1007,DATA_RX_OK,"rx=10,sender=0,delay_s=0.000662",bc_events_m0.2.csv
18.1007,DATA_RX_OK,"rx=4,sender=0,delay_s=0.000662",bc_events_m0.2.csv
18.1007,DATA_RX_OK,"rx=9,sender=0,delay_s=0.000662",bc_events_m0.2.csv
18.1007,DATA_RX_OK,"rx=8,sender=0,delay_s=0.000662",bc_events_m0.2.csv
18.2,REPLAY_SENT,nonce=18100000000,bc_events_m0.2.csv
18.2007,DATA_DROP_REPLAY,"rx=3,sender=0,nonce=18100000000",bc_events_m0.2.csv
18.2007,DATA_DROP_REPLAY,"rx=2,sender=0,nonce=18100000000",bc_events_m0.2.csv
18.2007,DATA_DROP_REPLAY,"rx=11,sender=0,nonce=18100000000",bc_events_m0.2.csv
18.2007,DATA_DROP_REPLAY,"rx=5,sender=0,nonce=18100000000",bc_events_m0.2.csv
18.2007,DATA_DROP_REPLAY,"rx=1,sender=0,nonce=18100000000",bc_events_m0.2.csv
18.2007,DATA_DROP_REPLAY,"rx=6,sender=0,nonce=18100000000",bc_events_m0.2.csv
18.2007,DATA_DROP_REPLAY,"rx=7,sender=0,nonce=18100000000",bc_events_m0.2.csv
18.2007,DATA_DROP_REPLAY,"rx=10,sender=0,nonce=18100000000",bc_events_m0.2.csv
18.2007,DATA_DROP_REPLAY,"rx=4,sender=0,nonce=18100000000",bc_events_m0.2.csv
18.2007,DATA_DROP_REPLAY,"rx=9,sender=0,nonce=18100000000",bc_events_m0.2.csv
18.2007,DATA_DROP_REPLAY,"rx=8,sender=0,nonce=18100000000",bc_events_m0.2.csv
18.2009,DATA_RX_OK,"rx=3,sender=0,delay_s=0.000933",bc_events_m0.2.csv
18.2009,DATA_RX_OK,"rx=2,sender=0,delay_s=0.000933",bc_events_m0.2.csv
18.2009,DATA_RX_OK,"rx=11,sender=0,delay_s=0.000933",bc_events_m0.2.csv
18.2009,DATA_RX_OK,"rx=5,sender=0,delay_s=0.000933",bc_events_m0.2.csv
18.2009,DATA_RX_OK,"rx=1,sender=0,delay_s=0.000933",bc_events_m0.2.csv
18.2009,DATA_RX_OK,"rx=6,sender=0,delay_s=0.000933",bc_events_m0.2.csv
18.2009,DATA_RX_OK,"rx=7,sender=0,delay_s=0.000933",bc_events_m0.2.csv
18.2009,DATA_RX_OK,"rx=10,sender=0,delay_s=0.000933",bc_events_m0.2.csv
18.2009,DATA_RX_OK,"rx=4,sender=0,delay_s=0.000933",bc_events_m0.2.csv
18.2009,DATA_RX_OK,"rx=9,sender=0,delay_s=0.000933",bc_events_m0.2.csv
18.2009,DATA_RX_OK,"rx=8,sender=0,delay_s=0.000933",bc_events_m0.2.csv
18.3007,DATA_RX_OK,"rx=3,sender=0,delay_s=0.000662",bc_events_m0.2.csv
18.3007,DATA_RX_OK,"rx=2,sender=0,delay_s=0.000662",bc_events_m0.2.csv
18.3007,DATA_RX_OK,"rx=11,sender=0,delay_s=0.000662",bc_events_m0.2.csv
18.3007,DATA_RX_OK,"rx=5,sender=0,delay_s=0.000662",bc_events_m0.2.csv
18.3007,DATA_RX_OK,"rx=1,sender=0,delay_s=0.000662",bc_events_m0.2.csv
18.3007,DATA_RX_OK,"rx=6,sender=0,delay_s=0.000662",bc_events_m0.2.csv
18.3007,DATA_RX_OK,"rx=7,sender=0,delay_s=0.000662",bc_events_m0.2.csv
18.3007,DATA_RX_OK,"rx=10,sender=0,delay_s=0.000662",bc_events_m0.2.csv
18.3007,DATA_RX_OK,"rx=4,sender=0,delay_s=0.000662",bc_events_m0.2.csv
18.3007,DATA_RX_OK,"rx=9,sender=0,delay_s=0.000662",bc_events_m0.2.csv
18.3007,DATA_RX_OK,"rx=8,sender=0,delay_s=0.000662",bc_events_m0.2.csv
18.4007,DATA_RX_OK,"rx=3,sender=0,delay_s=0.000662",bc_events_m0.2.csv
18.4007,DATA_RX_OK,"rx=11,sender=0,delay_s=0.000662",bc_events_m0.2.csv
18.4007,DATA_RX_OK,"rx=2,sender=0,delay_s=0.000662",bc_events_m0.2.csv
18.4007,DATA_RX_OK,"rx=5,sender=0,delay_s=0.000662",bc_events_m0.2.csv
18.4007,DATA_RX_OK,"rx=1,sender=0,delay_s=0.000662",bc_events_m0.2.csv
18.4007,DATA_RX_OK,"rx=6,sender=0,delay_s=0.000662",bc_events_m0.2.csv
18.4007,DATA_RX_OK,"rx=7,sender=0,delay_s=0.000662",bc_events_m0.2.csv
18.4007,DATA_RX_OK,"rx=10,sender=0,delay_s=0.000662",bc_events_m0.2.csv
18.4007,DATA_RX_OK,"rx=4,sender=0,delay_s=0.000662",bc_events_m0.2.csv
18.4007,DATA_RX_OK,"rx=9,sender=0,delay_s=0.000662",bc_events_m0.2.csv
18.4007,DATA_RX_OK,"rx=8,sender=0,delay_s=0.000662",bc_events_m0.2.csv
18.5,REPLAY_SENT,nonce=18400000000,bc_events_m0.2.csv
18.5007,DATA_DROP_REPLAY,"rx=3,sender=0,nonce=18400000000",bc_events_m0.2.csv
18.5007,DATA_DROP_REPLAY,"rx=2,sender=0,nonce=18400000000",bc_events_m0.2.csv
18.5007,DATA_DROP_REPLAY,"rx=11,sender=0,nonce=18400000000",bc_events_m0.2.csv
18.5007,DATA_DROP_REPLAY,"rx=5,sender=0,nonce=18400000000",bc_events_m0.2.csv
18.5007,DATA_DROP_REPLAY,"rx=1,sender=0,nonce=18400000000",bc_events_m0.2.csv
18.5007,DATA_DROP_REPLAY,"rx=6,sender=0,nonce=18400000000",bc_events_m0.2.csv
18.5007,DATA_DROP_REPLAY,"rx=7,sender=0,nonce=18400000000",bc_events_m0.2.csv
18.5007,DATA_DROP_REPLAY,"rx=10,sender=0,nonce=18400000000",bc_events_m0.2.csv
18.5007,DATA_DROP_REPLAY,"rx=4,sender=0,nonce=18400000000",bc_events_m0.2.csv
18.5007,DATA_DROP_REPLAY,"rx=9,sender=0,nonce=18400000000",bc_events_m0.2.csv
18.5007,DATA_DROP_REPLAY,"rx=8,sender=0,nonce=18400000000",bc_events_m0.2.csv
18.501,DATA_RX_OK,"rx=3,sender=0,delay_s=0.000996",bc_events_m0.2.csv
18.501,DATA_RX_OK,"rx=2,sender=0,delay_s=0.000996",bc_events_m0.2.csv
18.501,DATA_RX_OK,"rx=11,sender=0,delay_s=0.000996",bc_events_m0.2.csv
18.501,DATA_RX_OK,"rx=5,sender=0,delay_s=0.000996",bc_events_m0.2.csv
18.501,DATA_RX_OK,"rx=1,sender=0,delay_s=0.000996",bc_events_m0.2.csv
18.501,DATA_RX_OK,"rx=6,sender=0,delay_s=0.000996",bc_events_m0.2.csv
18.501,DATA_RX_OK,"rx=7,sender=0,delay_s=0.000996",bc_events_m0.2.csv
18.501,DATA_RX_OK,"rx=10,sender=0,delay_s=0.000996",bc_events_m0.2.csv
18.501,DATA_RX_OK,"rx=4,sender=0,delay_s=0.000996",bc_events_m0.2.csv
18.501,DATA_RX_OK,"rx=9,sender=0,delay_s=0.000996",bc_events_m0.2.csv
18.501,DATA_RX_OK,"rx=8,sender=0,delay_s=0.000996",bc_events_m0.2.csv
18.6007,DATA_RX_OK,"rx=2,sender=0,delay_s=0.000662",bc_events_m0.2.csv
18.6007,DATA_RX_OK,"rx=3,sender=0,delay_s=0.000662",bc_events_m0.2.csv
18.6007,DATA_RX_OK,"rx=11,sender=0,delay_s=0.000662",bc_events_m0.2.csv
18.6007,DATA_RX_OK,"rx=5,sender=0,delay_s=0.000662",bc_events_m0.2.csv
18.6007,DATA_RX_OK,"rx=1,sender=0,delay_s=0.000662",bc_events_m0.2.csv
18.6007,DATA_RX_OK,"rx=6,sender=0,delay_s=0.000662",bc_events_m0.2.csv
18.6007,DATA_RX_OK,"rx=7,sender=0,delay_s=0.000662",bc_events_m0.2.csv
18.6007,DATA_RX_OK,"rx=10,sender=0,delay_s=0.000662",bc_events_m0.2.csv
18.6007,DATA_RX_OK,"rx=4,sender=0,delay_s=0.000662",bc_events_m0.2.csv
18.6007,DATA_RX_OK,"rx=9,sender=0,delay_s=0.000662",bc_events_m0.2.csv
18.6007,DATA_RX_OK,"rx=8,sender=0,delay_s=0.000662",bc_events_m0.2.csv
18.7007,DATA_RX_OK,"rx=2,sender=0,delay_s=0.000662",bc_events_m0.2.csv
18.7007,DATA_RX_OK,"rx=3,sender=0,delay_s=0.000662",bc_events_m0.2.csv
18.7007,DATA_RX_OK,"rx=11,sender=0,delay_s=0.000662",bc_events_m0.2.csv
18.7007,DATA_RX_OK,"rx=5,sender=0,delay_s=0.000662",bc_events_m0.2.csv
18.7007,DATA_RX_OK,"rx=1,sender=0,delay_s=0.000662",bc_events_m0.2.csv
18.7007,DATA_RX_OK,"rx=6,sender=0,delay_s=0.000662",bc_events_m0.2.csv
18.7007,DATA_RX_OK,"rx=7,sender=0,delay_s=0.000662",bc_events_m0.2.csv
18.7007,DATA_RX_OK,"rx=10,sender=0,delay_s=0.000662",bc_events_m0.2.csv
18.7007,DATA_RX_OK,"rx=4,sender=0,delay_s=0.000662",bc_events_m0.2.csv
18.7007,DATA_RX_OK,"rx=9,sender=0,delay_s=0.000662",bc_events_m0.2.csv
18.7007,DATA_RX_OK,"rx=8,sender=0,delay_s=0.000662",bc_events_m0.2.csv
18.8,REPLAY_SENT,nonce=18700000000,bc_events_m0.2.csv
18.8007,DATA_DROP_REPLAY,"rx=2,sender=0,nonce=18700000000",bc_events_m0.2.csv
18.8007,DATA_DROP_REPLAY,"rx=3,sender=0,nonce=18700000000",bc_events_m0.2.csv
18.8007,DATA_DROP_REPLAY,"rx=11,sender=0,nonce=18700000000",bc_events_m0.2.csv
18.8007,DATA_DROP_REPLAY,"rx=5,sender=0,nonce=18700000000",bc_events_m0.2.csv
18.8007,DATA_DROP_REPLAY,"rx=1,sender=0,nonce=18700000000",bc_events_m0.2.csv
18.8007,DATA_DROP_REPLAY,"rx=6,sender=0,nonce=18700000000",bc_events_m0.2.csv
18.8007,DATA_DROP_REPLAY,"rx=7,sender=0,nonce=18700000000",bc_events_m0.2.csv
18.8007,DATA_DROP_REPLAY,"rx=10,sender=0,nonce=18700000000",bc_events_m0.2.csv
18.8007,DATA_DROP_REPLAY,"rx=4,sender=0,nonce=18700000000",bc_events_m0.2.csv
18.8007,DATA_DROP_REPLAY,"rx=9,sender=0,nonce=18700000000",bc_events_m0.2.csv
18.8007,DATA_DROP_REPLAY,"rx=8,sender=0,nonce=18700000000",bc_events_m0.2.csv
18.801,DATA_RX_OK,"rx=2,sender=0,delay_s=0.000960",bc_events_m0.2.csv
18.801,DATA_RX_OK,"rx=3,sender=0,delay_s=0.000960",bc_events_m0.2.csv
18.801,DATA_RX_OK,"rx=11,sender=0,delay_s=0.000960",bc_events_m0.2.csv
18.801,DATA_RX_OK,"rx=5,sender=0,delay_s=0.000960",bc_events_m0.2.csv
18.801,DATA_RX_OK,"rx=1,sender=0,delay_s=0.000960",bc_events_m0.2.csv
18.801,DATA_RX_OK,"rx=6,sender=0,delay_s=0.000960",bc_events_m0.2.csv
18.801,DATA_RX_OK,"rx=7,sender=0,delay_s=0.000960",bc_events_m0.2.csv
18.801,DATA_RX_OK,"rx=10,sender=0,delay_s=0.000960",bc_events_m0.2.csv
18.801,DATA_RX_OK,"rx=4,sender=0,delay_s=0.000960",bc_events_m0.2.csv
18.801,DATA_RX_OK,"rx=9,sender=0,delay_s=0.000960",bc_events_m0.2.csv
18.801,DATA_RX_OK,"rx=8,sender=0,delay_s=0.000960",bc_events_m0.2.csv
18.9,BLOCK_MINE_START,block_next=19,bc_events_m0.2.csv
18.9007,DATA_RX_OK,"rx=2,sender=0,delay_s=0.000662",bc_events_m0.2.csv
18.9007,DATA_RX_OK,"rx=3,sender=0,delay_s=0.000662",bc_events_m0.2.csv
18.9007,DATA_RX_OK,"rx=11,sender=0,delay_s=0.000662",bc_events_m0.2.csv
18.9007,DATA_RX_OK,"rx=5,sender=0,delay_s=0.000662",bc_events_m0.2.csv
18.9007,DATA_RX_OK,"rx=1,sender=0,delay_s=0.000662",bc_events_m0.2.csv
18.9007,DATA_RX_OK,"rx=6,sender=0,delay_s=0.000662",bc_events_m0.2.csv
18.9007,DATA_RX_OK,"rx=7,sender=0,delay_s=0.000662",bc_events_m0.2.csv
18.9007,DATA_RX_OK,"rx=10,sender=0,delay_s=0.000662",bc_events_m0.2.csv
18.9007,DATA_RX_OK,"rx=4,sender=0,delay_s=0.000662",bc_events_m0.2.csv
18.9007,DATA_RX_OK,"rx=9,sender=0,delay_s=0.000662",bc_events_m0.2.csv
18.9007,DATA_RX_OK,"rx=8,sender=0,delay_s=0.000662",bc_events_m0.2.csv
18.95,BLOCK_COMMIT_ITEM,"accused=8,delta=0.020000,trust=0.780000",bc_events_m0.2.csv
18.95,BLOCK_COMMIT_ITEM,"accused=2,delta=0.020000,trust=0.920000",bc_events_m0.2.csv
18.95,BLOCK_COMMIT_ITEM,"accused=5,delta=0.020000,trust=0.720000",bc_events_m0.2.csv
18.95,BLOCK_COMMIT_ITEM,"accused=8,delta=0.020000,trust=0.800000",bc_events_m0.2.csv
18.95,BLOCK_COMMIT_ITEM,"accused=5,delta=0.020000,trust=0.740000",bc_events_m0.2.csv
18.95,BLOCK_COMMIT_ITEM,"accused=5,delta=0.020000,trust=0.760000",bc_events_m0.2.csv
18.95,BLOCK_COMMIT_ITEM,"accused=1,delta=0.020000,trust=0.780000",bc_events_m0.2.csv
18.95,BLOCK_COMMIT_DONE,"block=19,items=7,lat_s=0.050000",bc_events_m0.2.csv
19,REPORT_SENT,"by=0,about=0,delta=0.020000",bc_events_m0.2.csv
19,REPORT_SENT,"by=1,about=4,delta=-0.050000",bc_events_m0.2.csv
19,REPORT_SENT,"by=2,about=5,delta=0.020000",bc_events_m0.2.csv
19,REPORT_SENT,"by=3,about=6,delta=0.020000",bc_events_m0.2.csv
19,REPORT_SENT,"by=4,about=0,delta=0.020000",bc_events_m0.2.csv
19,REPORT_SENT,"by=5,about=5,delta=-0.050000",bc_events_m0.2.csv
19,REPORT_SENT,"by=6,about=0,delta=0.020000",bc_events_m0.2.csv
19,REPORT_SENT,"by=7,about=5,delta=0.020000",bc_events_m0.2.csv
19,REPORT_SENT,"by=8,about=7,delta=-0.050000",bc_events_m0.2.csv
19,REPORT_SENT,"by=9,about=5,delta=0.020000",bc_events_m0.2.csv
19.0003,REPORT_RX_RSU,"rsu=10,by=0,about=0,delta=0.020000",bc_events_m0.2.csv
19.0007,REPORT_RX_RSU,"rsu=10,by=8,about=7,delta=-0.050000",bc_events_m0.2.csv
19.0008,DATA_RX_OK,"rx=2,sender=0,delay_s=0.000799",bc_events_m0.2.csv
19.0008,DATA_RX_OK,"rx=11,sender=0,delay_s=0.000799",bc_events_m0.2.csv
19.0008,DATA_RX_OK,"rx=3,sender=0,delay_s=0.000799",bc_events_m0.2.csv
19.0008,DATA_RX_OK,"rx=1,sender=0,delay_s=0.000799",bc_events_m0.2.csv
19.0008,DATA_RX_OK,"rx=5,sender=0,delay_s=0.000799",bc_events_m0.2.csv
19.0008,DATA_RX_OK,"rx=6,sender=0,delay_s=0.000799",bc_events_m0.2.csv
19.0008,DATA_RX_OK,"rx=10,sender=0,delay_s=0.000799",bc_events_m0.2.csv
19.0008,DATA_RX_OK,"rx=7,sender=0,delay_s=0.000799",bc_events_m0.2.csv
19.0008,DATA_RX_OK,"rx=4,sender=0,delay_s=0.000799",bc_events_m0.2.csv
19.0008,DATA_RX_OK,"rx=9,sender=0,delay_s=0.000799",bc_events_m0.2.csv
19.0008,DATA_RX_OK,"rx=8,sender=0,delay_s=0.000799",bc_events_m0.2.csv
19.0008,REPORT_RX_RSU,"rsu=10,by=1,about=4,delta=-0.050000",bc_events_m0.2.csv
19.001,REPORT_RX_RSU,"rsu=10,by=4,about=0,delta=0.020000",bc_events_m0.2.csv
19.0011,REPORT_RX_RSU,"rsu=10,by=7,about=5,delta=0.020000",bc_events_m0.2.csv
19.0012,REPORT_RX_RSU,"rsu=10,by=9,about=5,delta=0.020000",bc_events_m0.2.csv
19.0017,REPORT_RX_RSU,"rsu=10,by=5,about=5,delta=-0.050000",bc_events_m0.2.csv
19.1,REPLAY_SENT,nonce=19000000000,bc_events_m0.2.csv
19.1007,DATA_DROP_REPLAY,"rx=2,sender=0,nonce=19000000000",bc_events_m0.2.csv
19.1007,DATA_DROP_REPLAY,"rx=11,sender=0,nonce=19000000000",bc_events_m0.2.csv
19.1007,DATA_DROP_REPLAY,"rx=3,sender=0,nonce=19000000000",bc_events_m0.2.csv
19.1007,DATA_DROP_REPLAY,"rx=1,sender=0,nonce=19000000000",bc_events_m0.2.csv
19.1007,DATA_DROP_REPLAY,"rx=5,sender=0,nonce=19000000000",bc_events_m0.2.csv
19.1007,DATA_DROP_REPLAY,"rx=6,sender=0,nonce=19000000000",bc_events_m0.2.csv
19.1007,DATA_DROP_REPLAY,"rx=10,sender=0,nonce=19000000000",bc_events_m0.2.csv
19.1007,DATA_DROP_REPLAY,"rx=7,sender=0,nonce=19000000000",bc_events_m0.2.csv
19.1007,DATA_DROP_REPLAY,"rx=4,sender=0,nonce=19000000000",bc_events_m0.2.csv
19.1007,DATA_DROP_REPLAY,"rx=9,sender=0,nonce=19000000000",bc_events_m0.2.csv
19.1007,DATA_DROP_REPLAY,"rx=8,sender=0,nonce=19000000000",bc_events_m0.2.csv
19.1009,DATA_RX_OK,"rx=2,sender=0,delay_s=0.000924",bc_events_m0.2.csv
19.1009,DATA_RX_OK,"rx=11,sender=0,delay_s=0.000924",bc_events_m0.2.csv
19.1009,DATA_RX_OK,"rx=3,sender=0,delay_s=0.000924",bc_events_m0.2.csv
19.1009,DATA_RX_OK,"rx=1,sender=0,delay_s=0.000924",bc_events_m0.2.csv
19.1009,DATA_RX_OK,"rx=5,sender=0,delay_s=0.000924",bc_events_m0.2.csv
19.1009,DATA_RX_OK,"rx=6,sender=0,delay_s=0.000924",bc_events_m0.2.csv
19.1009,DATA_RX_OK,"rx=10,sender=0,delay_s=0.000924",bc_events_m0.2.csv
19.1009,DATA_RX_OK,"rx=7,sender=0,delay_s=0.000924",bc_events_m0.2.csv
19.1009,DATA_RX_OK,"rx=4,sender=0,delay_s=0.000924",bc_events_m0.2.csv
19.1009,DATA_RX_OK,"rx=9,sender=0,delay_s=0.000924",bc_events_m0.2.csv
19.1009,DATA_RX_OK,"rx=8,sender=0,delay_s=0.000924",bc_events_m0.2.csv
19.2007,DATA_DROP_SIG,"rx=2,sender=0,nonce=19200000000",bc_events_m0.2.csv
19.2007,DATA_DROP_SIG,"rx=11,sender=0,nonce=19200000000",bc_events_m0.2.csv
19.2007,DATA_DROP_SIG,"rx=3,sender=0,nonce=19200000000",bc_events_m0.2.csv
19.2007,DATA_DROP_SIG,"rx=1,sender=0,nonce=19200000000",bc_events_m0.2.csv
19.2007,DATA_DROP_SIG,"rx=5,sender=0,nonce=19200000000",bc_events_m0.2.csv
19.2007,DATA_DROP_SIG,"rx=6,sender=0,nonce=19200000000",bc_events_m0.2.csv
19.2007,DATA_DROP_SIG,"rx=10,sender=0,nonce=19200000000",bc_events_m0.2.csv
19.2007,DATA_DROP_SIG,"rx=7,sender=0,nonce=19200000000",bc_events_m0.2.csv
19.2007,DATA_DROP_SIG,"rx=4,sender=0,nonce=19200000000",bc_events_m0.2.csv
19.2007,DATA_DROP_SIG,"rx=9,sender=0,nonce=19200000000",bc_events_m0.2.csv
19.2007,DATA_DROP_SIG,"rx=8,sender=0,nonce=19200000000",bc_events_m0.2.csv
19.3007,DATA_RX_OK,"rx=2,sender=0,delay_s=0.000662",bc_events_m0.2.csv
19.3007,DATA_RX_OK,"rx=3,sender=0,delay_s=0.000662",bc_events_m0.2.csv
19.3007,DATA_RX_OK,"rx=11,sender=0,delay_s=0.000662",bc_events_m0.2.csv
19.3007,DATA_RX_OK,"rx=1,sender=0,delay_s=0.000662",bc_events_m0.2.csv
19.3007,DATA_RX_OK,"rx=5,sender=0,delay_s=0.000662",bc_events_m0.2.csv
19.3007,DATA_RX_OK,"rx=6,sender=0,delay_s=0.000662",bc_events_m0.2.csv
19.3007,DATA_RX_OK,"rx=10,sender=0,delay_s=0.000662",bc_events_m0.2.csv
19.3007,DATA_RX_OK,"rx=7,sender=0,delay_s=0.000662",bc_events_m0.2.csv
19.3007,DATA_RX_OK,"rx=4,sender=0,delay_s=0.000662",bc_events_m0.2.csv
19.3007,DATA_RX_OK,"rx=9,sender=0,delay_s=0.000662",bc_events_m0.2.csv
19.3007,DATA_RX_OK,"rx=8,sender=0,delay_s=0.000662",bc_events_m0.2.csv
19.4,REPLAY_SENT,nonce=19300000000,bc_events_m0.2.csv
19.4007,DATA_DROP_REPLAY,"rx=2,sender=0,nonce=19300000000",bc_events_m0.2.csv
19.4007,DATA_DROP_REPLAY,"rx=3,sender=0,nonce=19300000000",bc_events_m0.2.csv
19.4007,DATA_DROP_REPLAY,"rx=11,sender=0,nonce=19300000000",bc_events_m0.2.csv
19.4007,DATA_DROP_REPLAY,"rx=1,sender=0,nonce=19300000000",bc_events_m0.2.csv
19.4007,DATA_DROP_REPLAY,"rx=5,sender=0,nonce=19300000000",bc_events_m0.2.csv
19.4007,DATA_DROP_REPLAY,"rx=6,sender=0,nonce=19300000000",bc_events_m0.2.csv
19.4007,DATA_DROP_REPLAY,"rx=10,sender=0,nonce=19300000000",bc_events_m0.2.csv
19.4007,DATA_DROP_REPLAY,"rx=7,sender=0,nonce=19300000000",bc_events_m0.2.csv
19.4007,DATA_DROP_REPLAY,"rx=4,sender=0,nonce=19300000000",bc_events_m0.2.csv
19.4007,DATA_DROP_REPLAY,"rx=9,sender=0,nonce=19300000000",bc_events_m0.2.csv
19.4007,DATA_DROP_REPLAY,"rx=8,sender=0,nonce=19300000000",bc_events_m0.2.csv
19.401,DATA_DROP_SIG,"rx=2,sender=0,nonce=19400000000",bc_events_m0.2.csv
19.401,DATA_DROP_SIG,"rx=3,sender=0,nonce=19400000000",bc_events_m0.2.csv
19.401,DATA_DROP_SIG,"rx=11,sender=0,nonce=19400000000",bc_events_m0.2.csv
19.401,DATA_DROP_SIG,"rx=1,sender=0,nonce=19400000000",bc_events_m0.2.csv
19.401,DATA_DROP_SIG,"rx=5,sender=0,nonce=19400000000",bc_events_m0.2.csv
19.401,DATA_DROP_SIG,"rx=6,sender=0,nonce=19400000000",bc_events_m0.2.csv
19.401,DATA_DROP_SIG,"rx=10,sender=0,nonce=19400000000",bc_events_m0.2.csv
19.401,DATA_DROP_SIG,"rx=7,sender=0,nonce=19400000000",bc_events_m0.2.csv
19.401,DATA_DROP_SIG,"rx=4,sender=0,nonce=19400000000",bc_events_m0.2.csv
19.401,DATA_DROP_SIG,"rx=9,sender=0,nonce=19400000000",bc_events_m0.2.csv
19.401,DATA_DROP_SIG,"rx=8,sender=0,nonce=19400000000",bc_events_m0.2.csv
19.5007,DATA_RX_OK,"rx=2,sender=0,delay_s=0.000662",bc_events_m0.2.csv
19.5007,DATA_RX_OK,"rx=3,sender=0,delay_s=0.000662",bc_events_m0.2.csv
19.5007,DATA_RX_OK,"rx=11,sender=0,delay_s=0.000662",bc_events_m0.2.csv
19.5007,DATA_RX_OK,"rx=1,sender=0,delay_s=0.000662",bc_events_m0.2.csv
19.5007,DATA_RX_OK,"rx=5,sender=0,delay_s=0.000662",bc_events_m0.2.csv
19.5007,DATA_RX_OK,"rx=6,sender=0,delay_s=0.000662",bc_events_m0.2.csv
19.5007,DATA_RX_OK,"rx=10,sender=0,delay_s=0.000662",bc_events_m0.2.csv
19.5007,DATA_RX_OK,"rx=7,sender=0,delay_s=0.000662",bc_events_m0.2.csv
19.5007,DATA_RX_OK,"rx=4,sender=0,delay_s=0.000662",bc_events_m0.2.csv
19.5007,DATA_RX_OK,"rx=9,sender=0,delay_s=0.000662",bc_events_m0.2.csv
19.5007,DATA_RX_OK,"rx=8,sender=0,delay_s=0.000662",bc_events_m0.2.csv
19.6007,DATA_RX_OK,"rx=2,sender=0,delay_s=0.000662",bc_events_m0.2.csv
19.6007,DATA_RX_OK,"rx=3,sender=0,delay_s=0.000662",bc_events_m0.2.csv
19.6007,DATA_RX_OK,"rx=11,sender=0,delay_s=0.000662",bc_events_m0.2.csv
19.6007,DATA_RX_OK,"rx=1,sender=0,delay_s=0.000662",bc_events_m0.2.csv
19.6007,DATA_RX_OK,"rx=5,sender=0,delay_s=0.000662",bc_events_m0.2.csv
19.6007,DATA_RX_OK,"rx=6,sender=0,delay_s=0.000662",bc_events_m0.2.csv
19.6007,DATA_RX_OK,"rx=10,sender=0,delay_s=0.000662",bc_events_m0.2.csv
19.6007,DATA_RX_OK,"rx=7,sender=0,delay_s=0.000662",bc_events_m0.2.csv
19.6007,DATA_RX_OK,"rx=4,sender=0,delay_s=0.000662",bc_events_m0.2.csv
19.6007,DATA_RX_OK,"rx=9,sender=0,delay_s=0.000662",bc_events_m0.2.csv
19.6007,DATA_RX_OK,"rx=8,sender=0,delay_s=0.000662",bc_events_m0.2.csv
19.7,REPLAY_SENT,nonce=19600000000,bc_events_m0.2.csv
19.7007,DATA_DROP_REPLAY,"rx=2,sender=0,nonce=19600000000",bc_events_m0.2.csv
19.7007,DATA_DROP_REPLAY,"rx=3,sender=0,nonce=19600000000",bc_events_m0.2.csv
19.7007,DATA_DROP_REPLAY,"rx=11,sender=0,nonce=19600000000",bc_events_m0.2.csv
19.7007,DATA_DROP_REPLAY,"rx=1,sender=0,nonce=19600000000",bc_events_m0.2.csv
19.7007,DATA_DROP_REPLAY,"rx=5,sender=0,nonce=19600000000",bc_events_m0.2.csv
19.7007,DATA_DROP_REPLAY,"rx=6,sender=0,nonce=19600000000",bc_events_m0.2.csv
19.7007,DATA_DROP_REPLAY,"rx=10,sender=0,nonce=19600000000",bc_events_m0.2.csv
19.7007,DATA_DROP_REPLAY,"rx=7,sender=0,nonce=19600000000",bc_events_m0.2.csv
19.7007,DATA_DROP_REPLAY,"rx=4,sender=0,nonce=19600000000",bc_events_m0.2.csv
19.7007,DATA_DROP_REPLAY,"rx=9,sender=0,nonce=19600000000",bc_events_m0.2.csv
19.7007,DATA_DROP_REPLAY,"rx=8,sender=0,nonce=19600000000",bc_events_m0.2.csv
19.7009,DATA_RX_OK,"rx=2,sender=0,delay_s=0.000942",bc_events_m0.2.csv
19.7009,DATA_RX_OK,"rx=3,sender=0,delay_s=0.000942",bc_events_m0.2.csv
19.7009,DATA_RX_OK,"rx=11,sender=0,delay_s=0.000942",bc_events_m0.2.csv
19.7009,DATA_RX_OK,"rx=1,sender=0,delay_s=0.000942",bc_events_m0.2.csv
19.7009,DATA_RX_OK,"rx=5,sender=0,delay_s=0.000942",bc_events_m0.2.csv
19.7009,DATA_RX_OK,"rx=6,sender=0,delay_s=0.000942",bc_events_m0.2.csv
19.7009,DATA_RX_OK,"rx=10,sender=0,delay_s=0.000942",bc_events_m0.2.csv
19.7009,DATA_RX_OK,"rx=7,sender=0,delay_s=0.000942",bc_events_m0.2.csv
19.7009,DATA_RX_OK,"rx=4,sender=0,delay_s=0.000942",bc_events_m0.2.csv
19.7009,DATA_RX_OK,"rx=9,sender=0,delay_s=0.000942",bc_events_m0.2.csv
19.7009,DATA_RX_OK,"rx=8,sender=0,delay_s=0.000942",bc_events_m0.2.csv
19.8007,DATA_RX_OK,"rx=2,sender=0,delay_s=0.000662",bc_events_m0.2.csv
19.8007,DATA_RX_OK,"rx=3,sender=0,delay_s=0.000662",bc_events_m0.2.csv
19.8007,DATA_RX_OK,"rx=11,sender=0,delay_s=0.000662",bc_events_m0.2.csv
19.8007,DATA_RX_OK,"rx=1,sender=0,delay_s=0.000662",bc_events_m0.2.csv
19.8007,DATA_RX_OK,"rx=5,sender=0,delay_s=0.000662",bc_events_m0.2.csv
19.8007,DATA_RX_OK,"rx=6,sender=0,delay_s=0.000662",bc_events_m0.2.csv
19.8007,DATA_RX_OK,"rx=10,sender=0,delay_s=0.000662",bc_events_m0.2.csv
19.8007,DATA_RX_OK,"rx=7,sender=0,delay_s=0.000662",bc_events_m0.2.csv
19.8007,DATA_RX_OK,"rx=4,sender=0,delay_s=0.000662",bc_events_m0.2.csv
19.8007,DATA_RX_OK,"rx=9,sender=0,delay_s=0.000662",bc_events_m0.2.csv
19.8007,DATA_RX_OK,"rx=8,sender=0,delay_s=0.000662",bc_events_m0.2.csv
19.9007,DATA_RX_OK,"rx=2,sender=0,delay_s=0.000662",bc_events_m0.2.csv
19.9007,DATA_RX_OK,"rx=3,sender=0,delay_s=0.000662",bc_events_m0.2.csv
19.9007,DATA_RX_OK,"rx=11,sender=0,delay_s=0.000662",bc_events_m0.2.csv
19.9007,DATA_RX_OK,"rx=5,sender=0,delay_s=0.000662",bc_events_m0.2.csv
19.9007,DATA_RX_OK,"rx=1,sender=0,delay_s=0.000662",bc_events_m0.2.csv
19.9007,DATA_RX_OK,"rx=10,sender=0,delay_s=0.000662",bc_events_m0.2.csv
19.9007,DATA_RX_OK,"rx=6,sender=0,delay_s=0.000662",bc_events_m0.2.csv
19.9007,DATA_RX_OK,"rx=7,sender=0,delay_s=0.000662",bc_events_m0.2.csv
19.9007,DATA_RX_OK,"rx=4,sender=0,delay_s=0.000662",bc_events_m0.2.csv
19.9007,DATA_RX_OK,"rx=9,sender=0,delay_s=0.000662",bc_events_m0.2.csv
19.9007,DATA_RX_OK,"rx=8,sender=0,delay_s=0.000662",bc_events_m0.2.csv
19.95,BLOCK_MINE_START,block_next=20,bc_events_m0.2.csv
0,BLOCK_MINE_START,block_next=1,bc_events_m0.4.csv
0.05,BLOCK_COMMIT_DONE,"block=1,items=0,lat_s=0.050000",bc_events_m0.4.csv
1,REPORT_SENT,"by=0,about=4,delta=-0.050000",bc_events_m0.4.csv
1,REPORT_SENT,"by=1,about=2,delta=0.020000",bc_events_m0.4.csv
1,REPORT_SENT,"by=2,about=2,delta=-0.050000",bc_events_m0.4.csv
1,REPORT_SENT,"by=3,about=1,delta=-0.050000",bc_events_m0.4.csv
1,REPORT_SENT,"by=4,about=2,delta=0.020000",bc_events_m0.4.csv
1,REPORT_SENT,"by=5,about=8,delta=-0.050000",bc_events_m0.4.csv
1,REPORT_SENT,"by=6,about=6,delta=-0.050000",bc_events_m0.4.csv
1,REPORT_SENT,"by=7,about=0,delta=0.020000",bc_events_m0.4.csv
1,REPORT_SENT,"by=8,about=8,delta=-0.050000",bc_events_m0.4.csv
1,REPORT_SENT,"by=9,about=3,delta=0.020000",bc_events_m0.4.csv
1.00084,DATA_RX_OK,"rx=1,sender=0,delay_s=0.000841",bc_events_m0.4.csv
1.00084,DATA_RX_OK,"rx=11,sender=0,delay_s=0.000841",bc_events_m0.4.csv
1.00084,DATA_RX_OK,"rx=2,sender=0,delay_s=0.000841",bc_events_m0.4.csv
1.00084,DATA_RX_OK,"rx=3,sender=0,delay_s=0.000841",bc_events_m0.4.csv
1.00084,DATA_RX_OK,"rx=5,sender=0,delay_s=0.000841",bc_events_m0.4.csv
1.00084,DATA_RX_OK,"rx=8,sender=0,delay_s=0.000841",bc_events_m0.4.csv
1.00084,DATA_RX_OK,"rx=10,sender=0,delay_s=0.000841",bc_events_m0.4.csv
1.00084,DATA_RX_OK,"rx=4,sender=0,delay_s=0.000841",bc_events_m0.4.csv
1.00084,DATA_RX_OK,"rx=9,sender=0,delay_s=0.000841",bc_events_m0.4.csv
1.00084,DATA_RX_OK,"rx=7,sender=0,delay_s=0.000841",bc_events_m0.4.csv
1.00084,DATA_RX_OK,"rx=6,sender=0,delay_s=0.000841",bc_events_m0.4.csv
1.00085,REPORT_RX_RSU,"rsu=10,by=0,about=4,delta=-0.050000",bc_events_m0.4.csv
1.00153,REPORT_RX_RSU,"rsu=10,by=5,about=8,delta=-0.050000",bc_events_m0.4.csv
1.00258,REPORT_RX_RSU,"rsu=10,by=8,about=8,delta=-0.050000",bc_events_m0.4.csv
1.00366,REPORT_RX_RSU,"rsu=10,by=1,about=2,delta=0.020000",bc_events_m0.4.csv
1.00466,REPORT_RX_RSU,"rsu=10,by=4,about=2,delta=0.020000",bc_events_m0.4.csv
1.00665,REPORT_RX_RSU,"rsu=10,by=7,about=0,delta=0.020000",bc_events_m0.4.csv
1.00862,REPORT_RX_RSU,"rsu=10,by=9,about=3,delta=0.020000",bc_events_m0.4.csv
1.05,BLOCK_MINE_START,block_next=2,bc_events_m0.4.csv
1.1,BLOCK_COMMIT_ITEM,"accused=4,delta=-0.050000,trust=0.650000",bc_events_m0.4.csv
1.1,BLOCK_COMMIT_ITEM,"accused=8,delta=-0.050000,trust=0.650000",bc_events_m0.4.csv
1.1,BLOCK_COMMIT_ITEM,"accused=8,delta=-0.050000,trust=0.600000",bc_events_m0.4.csv
1.1,BLOCK_COMMIT_ITEM,"accused=2,delta=0.020000,trust=0.720000",bc_events_m0.4.csv
1.1,BLOCK_COMMIT_ITEM,"accused=2,delta=0.020000,trust=0.740000",bc_events_m0.4.csv
1.1,BLOCK_COMMIT_ITEM,"accused=0,delta=0.020000,trust=0.720000",bc_events_m0.4.csv
1.1,BLOCK_COMMIT_ITEM,"accused=3,delta=0.020000,trust=0.720000",bc_events_m0.4.csv
1.1,BLOCK_COMMIT_DONE,"block=2,items=7,lat_s=0.050000",bc_events_m0.4.csv
1.10066,DATA_DROP_SIG,"rx=1,sender=0,nonce=1100000000",bc_events_m0.4.csv
1.10066,DATA_DROP_SIG,"rx=11,sender=0,nonce=1100000000",bc_events_m0.4.csv
1.10066,DATA_DROP_SIG,"rx=2,sender=0,nonce=1100000000",bc_events_m0.4.csv
1.10066,DATA_DROP_SIG,"rx=3,sender=0,nonce=1100000000",bc_events_m0.4.csv
1.10066,DATA_DROP_SIG,"rx=5,sender=0,nonce=1100000000",bc_events_m0.4.csv
1.10066,DATA_DROP_SIG,"rx=8,sender=0,nonce=1100000000",bc_events_m0.4.csv
1.10066,DATA_DROP_SIG,"rx=10,sender=0,nonce=1100000000",bc_events_m0.4.csv
1.10066,DATA_DROP_SIG,"rx=4,sender=0,nonce=1100000000",bc_events_m0.4.csv
1.10066,DATA_DROP_SIG,"rx=9,sender=0,nonce=1100000000",bc_events_m0.4.csv
1.10066,DATA_DROP_SIG,"rx=7,sender=0,nonce=1100000000",bc_events_m0.4.csv
1.10066,DATA_DROP_SIG,"rx=6,sender=0,nonce=1100000000",bc_events_m0.4.csv
1.20066,DATA_DROP_SIG,"rx=11,sender=0,nonce=1200000000",bc_events_m0.4.csv
1.20066,DATA_DROP_SIG,"rx=1,sender=0,nonce=1200000000",bc_events_m0.4.csv
1.20066,DATA_DROP_SIG,"rx=2,sender=0,nonce=1200000000",bc_events_m0.4.csv
1.20066,DATA_DROP_SIG,"rx=3,sender=0,nonce=1200000000",bc_events_m0.4.csv
1.20066,DATA_DROP_SIG,"rx=5,sender=0,nonce=1200000000",bc_events_m0.4.csv
1.20066,DATA_DROP_SIG,"rx=8,sender=0,nonce=1200000000",bc_events_m0.4.csv
1.20066,DATA_DROP_SIG,"rx=10,sender=0,nonce=1200000000",bc_events_m0.4.csv
1.20066,DATA_DROP_SIG,"rx=4,sender=0,nonce=1200000000",bc_events_m0.4.csv
1.20066,DATA_DROP_SIG,"rx=9,sender=0,nonce=1200000000",bc_events_m0.4.csv
1.20066,DATA_DROP_SIG,"rx=7,sender=0,nonce=1200000000",bc_events_m0.4.csv
1.20066,DATA_DROP_SIG,"rx=6,sender=0,nonce=1200000000",bc_events_m0.4.csv
1.30066,DATA_DROP_SIG,"rx=11,sender=0,nonce=1300000000",bc_events_m0.4.csv
1.30066,DATA_DROP_SIG,"rx=1,sender=0,nonce=1300000000",bc_events_m0.4.csv
1.30066,DATA_DROP_SIG,"rx=2,sender=0,nonce=1300000000",bc_events_m0.4.csv
1.30066,DATA_DROP_SIG,"rx=3,sender=0,nonce=1300000000",bc_events_m0.4.csv
1.30066,DATA_DROP_SIG,"rx=5,sender=0,nonce=1300000000",bc_events_m0.4.csv
1.30066,DATA_DROP_SIG,"rx=8,sender=0,nonce=1300000000",bc_events_m0.4.csv
1.30066,DATA_DROP_SIG,"rx=10,sender=0,nonce=1300000000",bc_events_m0.4.csv
1.30066,DATA_DROP_SIG,"rx=4,sender=0,nonce=1300000000",bc_events_m0.4.csv
1.30066,DATA_DROP_SIG,"rx=9,sender=0,nonce=1300000000",bc_events_m0.4.csv
1.30066,DATA_DROP_SIG,"rx=7,sender=0,nonce=1300000000",bc_events_m0.4.csv
1.30066,DATA_DROP_SIG,"rx=6,sender=0,nonce=1300000000",bc_events_m0.4.csv
1.40066,DATA_DROP_SIG,"rx=11,sender=0,nonce=1400000000",bc_events_m0.4.csv
1.40066,DATA_DROP_SIG,"rx=1,sender=0,nonce=1400000000",bc_events_m0.4.csv
1.40066,DATA_DROP_SIG,"rx=2,sender=0,nonce=1400000000",bc_events_m0.4.csv
1.40066,DATA_DROP_SIG,"rx=3,sender=0,nonce=1400000000",bc_events_m0.4.csv
1.40066,DATA_DROP_SIG,"rx=5,sender=0,nonce=1400000000",bc_events_m0.4.csv
1.40066,DATA_DROP_SIG,"rx=8,sender=0,nonce=1400000000",bc_events_m0.4.csv
1.40066,DATA_DROP_SIG,"rx=10,sender=0,nonce=1400000000",bc_events_m0.4.csv
1.40066,DATA_DROP_SIG,"rx=4,sender=0,nonce=1400000000",bc_events_m0.4.csv
1.40066,DATA_DROP_SIG,"rx=9,sender=0,nonce=1400000000",bc_events_m0.4.csv
1.40066,DATA_DROP_SIG,"rx=7,sender=0,nonce=1400000000",bc_events_m0.4.csv
1.40066,DATA_DROP_SIG,"rx=6,sender=0,nonce=1400000000",bc_events_m0.4.csv
1.50066,DATA_RX_OK,"rx=11,sender=0,delay_s=0.000662",bc_events_m0.4.csv
1.50066,DATA_RX_OK,"rx=1,sender=0,delay_s=0.000662",bc_events_m0.4.csv
1.50066,DATA_RX_OK,"rx=2,sender=0,delay_s=0.000662",bc_events_m0.4.csv
1.50066,DATA_RX_OK,"rx=3,sender=0,delay_s=0.000662",bc_events_m0.4.csv
1.50066,DATA_RX_OK,"rx=5,sender=0,delay_s=0.000662",bc_events_m0.4.csv
1.50066,DATA_RX_OK,"rx=8,sender=0,delay_s=0.000662",bc_events_m0.4.csv
1.50066,DATA_RX_OK,"rx=10,sender=0,delay_s=0.000662",bc_events_m0.4.csv
1.50066,DATA_RX_OK,"rx=4,sender=0,delay_s=0.000662",bc_events_m0.4.csv
1.50066,DATA_RX_OK,"rx=9,sender=0,delay_s=0.000662",bc_events_m0.4.csv
1.50066,DATA_RX_OK,"rx=7,sender=0,delay_s=0.000662",bc_events_m0.4.csv
1.50066,DATA_RX_OK,"rx=6,sender=0,delay_s=0.000662",bc_events_m0.4.csv
1.60066,DATA_RX_OK,"rx=11,sender=0,delay_s=0.000662",bc_events_m0.4.csv
1.60066,DATA_RX_OK,"rx=1,sender=0,delay_s=0.000662",bc_events_m0.4.csv
1.60066,DATA_RX_OK,"rx=2,sender=0,delay_s=0.000662",bc_events_m0.4.csv
1.60066,DATA_RX_OK,"rx=3,sender=0,delay_s=0.000662",bc_events_m0.4.csv
1.60066,DATA_RX_OK,"rx=5,sender=0,delay_s=0.000662",bc_events_m0.4.csv
1.60066,DATA_RX_OK,"rx=8,sender=0,delay_s=0.000662",bc_events_m0.4.csv
1.60066,DATA_RX_OK,"rx=10,sender=0,delay_s=0.000662",bc_events_m0.4.csv
1.60066,DATA_RX_OK,"rx=4,sender=0,delay_s=0.000662",bc_events_m0.4.csv
1.60066,DATA_RX_OK,"rx=9,sender=0,delay_s=0.000662",bc_events_m0.4.csv
1.60066,DATA_RX_OK,"rx=7,sender=0,delay_s=0.000662",bc_events_m0.4.csv
1.60066,DATA_RX_OK,"rx=6,sender=0,delay_s=0.000662",bc_events_m0.4.csv
1.70066,DATA_RX_OK,"rx=11,sender=0,delay_s=0.000662",bc_events_m0.4.csv
1.70066,DATA_RX_OK,"rx=1,sender=0,delay_s=0.000662",bc_events_m0.4.csv
1.70066,DATA_RX_OK,"rx=2,sender=0,delay_s=0.000662",bc_events_m0.4.csv
1.70066,DATA_RX_OK,"rx=3,sender=0,delay_s=0.000662",bc_events_m0.4.csv
1.70066,DATA_RX_OK,"rx=5,sender=0,delay_s=0.000662",bc_events_m0.4.csv
1.70066,DATA_RX_OK,"rx=8,sender=0,delay_s=0.000662",bc_events_m0.4.csv
1.70066,DATA_RX_OK,"rx=10,sender=0,delay_s=0.000662",bc_events_m0.4.csv
1.70066,DATA_RX_OK,"rx=4,sender=0,delay_s=0.000662",bc_events_m0.4.csv
1.70066,DATA_RX_OK,"rx=9,sender=0,delay_s=0.000662",bc_events_m0.4.csv
1.70066,DATA_RX_OK,"rx=7,sender=0,delay_s=0.000662",bc_events_m0.4.csv
1.70066,DATA_RX_OK,"rx=6,sender=0,delay_s=0.000662",bc_events_m0.4.csv
1.80066,DATA_RX_OK,"rx=11,sender=0,delay_s=0.000662",bc_events_m0.4.csv
1.80066,DATA_RX_OK,"rx=1,sender=0,delay_s=0.000662",bc_events_m0.4.csv
1.80066,DATA_RX_OK,"rx=2,sender=0,delay_s=0.000662",bc_events_m0.4.csv
1.80066,DATA_RX_OK,"rx=5,sender=0,delay_s=0.000662",bc_events_m0.4.csv
1.80066,DATA_RX_OK,"rx=3,sender=0,delay_s=0.000662",bc_events_m0.4.csv
1.80066,DATA_RX_OK,"rx=8,sender=0,delay_s=0.000662",bc_events_m0.4.csv
1.80066,DATA_RX_OK,"rx=10,sender=0,delay_s=0.000662",bc_events_m0.4.csv
1.80066,DATA_RX_OK,"rx=4,sender=0,delay_s=0.000662",bc_events_m0.4.csv
1.80066,DATA_RX_OK,"rx=7,sender=0,delay_s=0.000662",bc_events_m0.4.csv
1.80066,DATA_RX_OK,"rx=9,sender=0,delay_s=0.000662",bc_events_m0.4.csv
1.80066,DATA_RX_OK,"rx=6,sender=0,delay_s=0.000662",bc_events_m0.4.csv
1.90066,DATA_RX_OK,"rx=11,sender=0,delay_s=0.000662",bc_events_m0.4.csv
1.90066,DATA_RX_OK,"rx=1,sender=0,delay_s=0.000662",bc_events_m0.4.csv
1.90066,DATA_RX_OK,"rx=2,sender=0,delay_s=0.000662",bc_events_m0.4.csv
1.90066,DATA_RX_OK,"rx=5,sender=0,delay_s=0.000662",bc_events_m0.4.csv
1.90066,DATA_RX_OK,"rx=3,sender=0,delay_s=0.000662",bc_events_m0.4.csv
1.90066,DATA_RX_OK,"rx=8,sender=0,delay_s=0.000662",bc_events_m0.4.csv
1.90066,DATA_RX_OK,"rx=10,sender=0,delay_s=0.000662",bc_events_m0.4.csv
1.90066,DATA_RX_OK,"rx=4,sender=0,delay_s=0.000662",bc_events_m0.4.csv
1.90066,DATA_RX_OK,"rx=7,sender=0,delay_s=0.000662",bc_events_m0.4.csv
1.90066,DATA_RX_OK,"rx=9,sender=0,delay_s=0.000662",bc_events_m0.4.csv
1.90066,DATA_RX_OK,"rx=6,sender=0,delay_s=0.000662",bc_events_m0.4.csv
2,REPLAY_SENT,nonce=1900000000,bc_events_m0.4.csv
2,REPORT_SENT,"by=0,about=7,delta=-0.050000",bc_events_m0.4.csv
2,REPORT_SENT,"by=1,about=3,delta=0.020000",bc_events_m0.4.csv
2,REPORT_SENT,"by=2,about=5,delta=0.020000",bc_events_m0.4.csv
2,REPORT_SENT,"by=3,about=8,delta=-0.050000",bc_events_m0.4.csv
2,REPORT_SENT,"by=4,about=0,delta=0.020000",bc_events_m0.4.csv
2,REPORT_SENT,"by=5,about=5,delta=-0.050000",bc_events_m0.4.csv
2,REPORT_SENT,"by=6,about=4,delta=-0.050000",bc_events_m0.4.csv
2,REPORT_SENT,"by=7,about=2,delta=0.020000",bc_events_m0.4.csv
2,REPORT_SENT,"by=8,about=1,delta=-0.050000",bc_events_m0.4.csv
2,REPORT_SENT,"by=9,about=4,delta=0.020000",bc_events_m0.4.csv
2.00019,REPORT_RX_RSU,"rsu=10,by=4,about=0,delta=0.020000",bc_events_m0.4.csv
2.00047,REPORT_RX_RSU,"rsu=10,by=5,about=5,delta=-0.050000",bc_events_m0.4.csv
2.00067,REPORT_RX_RSU,"rsu=10,by=0,about=7,delta=-0.050000",bc_events_m0.4.csv
2.00086,REPORT_RX_RSU,"rsu=10,by=8,about=1,delta=-0.050000",bc_events_m0.4.csv
2.00127,REPORT_RX_RSU,"rsu=10,by=9,about=4,delta=0.020000",bc_events_m0.4.csv
2.00139,DATA_DROP_REPLAY,"rx=11,sender=0,nonce=1900000000",bc_events_m0.4.csv
2.00139,DATA_DROP_REPLAY,"rx=1,sender=0,nonce=1900000000",bc_events_m0.4.csv
2.00139,DATA_DROP_REPLAY,"rx=2,sender=0,nonce=1900000000",bc_events_m0.4.csv
2.00139,DATA_DROP_REPLAY,"rx=5,sender=0,nonce=1900000000",bc_events_m0.4.csv
2.00139,DATA_DROP_REPLAY,"rx=3,sender=0,nonce=1900000000",bc_events_m0.4.csv
2.00139,DATA_DROP_REPLAY,"rx=8,sender=0,nonce=1900000000",bc_events_m0.4.csv
2.00139,DATA_DROP_REPLAY,"rx=10,sender=0,nonce=1900000000",bc_events_m0.4.csv
2.00139,DATA_DROP_REPLAY,"rx=4,sender=0,nonce=1900000000",bc_events_m0.4.csv
2.00139,DATA_DROP_REPLAY,"rx=7,sender=0,nonce=1900000000",bc_events_m0.4.csv
2.00139,DATA_DROP_REPLAY,"rx=9,sender=0,nonce=1900000000",bc_events_m0.4.csv
2.00139,DATA_DROP_REPLAY,"rx=6,sender=0,nonce=1900000000",bc_events_m0.4.csv
2.00172,REPORT_RX_RSU,"rsu=10,by=1,about=3,delta=0.020000",bc_events_m0.4.csv
2.00182,DATA_RX_OK,"rx=11,sender=0,delay_s=0.001825",bc_events_m0.4.csv
2.00182,DATA_RX_OK,"rx=1,sender=0,delay_s=0.001825",bc_events_m0.4.csv
2.00182,DATA_RX_OK,"rx=2,sender=0,delay_s=0.001825",bc_events_m0.4.csv
2.00182,DATA_RX_OK,"rx=5,sender=0,delay_s=0.001825",bc_events_m0.4.csv
2.00182,DATA_RX_OK,"rx=3,sender=0,delay_s=0.001825",bc_events_m0.4.csv
2.00182,DATA_RX_OK,"rx=8,sender=0,delay_s=0.001825",bc_events_m0.4.csv
2.00182,DATA_RX_OK,"rx=10,sender=0,delay_s=0.001825",bc_events_m0.4.csv
2.00182,DATA_RX_OK,"rx=4,sender=0,delay_s=0.001825",bc_events_m0.4.csv
2.00183,DATA_RX_OK,"rx=7,sender=0,delay_s=0.001825",bc_events_m0.4.csv
2.00183,DATA_RX_OK,"rx=9,sender=0,delay_s=0.001825",bc_events_m0.4.csv
2.00183,DATA_RX_OK,"rx=6,sender=0,delay_s=0.001825",bc_events_m0.4.csv
2.00199,REPORT_RX_RSU,"rsu=10,by=7,about=2,delta=0.020000",bc_events_m0.4.csv
2.1,BLOCK_MINE_START,block_next=3,bc_events_m0.4.csv
2.10066,DATA_DROP_SIG,"rx=11,sender=0,nonce=2100000000",bc_events_m0.4.csv
2.10066,DATA_DROP_SIG,"rx=1,sender=0,nonce=2100000000",bc_events_m0.4.csv
2.10066,DATA_DROP_SIG,"rx=5,sender=0,nonce=2100000000",bc_events_m0.4.csv
2.10066,DATA_DROP_SIG,"rx=2,sender=0,nonce=2100000000",bc_events_m0.4.csv
2.10066,DATA_DROP_SIG,"rx=3,sender=0,nonce=2100000000",bc_events_m0.4.csv
2.10066,DATA_DROP_SIG,"rx=8,sender=0,nonce=2100000000",bc_events_m0.4.csv
2.10066,DATA_DROP_SIG,"rx=10,sender=0,nonce=2100000000",bc_events_m0.4.csv
2.10066,DATA_DROP_SIG,"rx=4,sender=0,nonce=2100000000",bc_events_m0.4.csv
2.10066,DATA_DROP_SIG,"rx=7,sender=0,nonce=2100000000",bc_events_m0.4.csv
2.10066,DATA_DROP_SIG,"rx=9,sender=0,nonce=2100000000",bc_events_m0.4.csv
2.10066,DATA_DROP_SIG,"rx=6,sender=0,nonce=2100000000",bc_events_m0.4.csv
2.15,BLOCK_COMMIT_ITEM,"accused=0,delta=0.020000,trust=0.740000",bc_events_m0.4.csv
2.15,BLOCK_COMMIT_ITEM,"accused=5,delta=-0.050000,trust=0.650000",bc_events_m0.4.csv
2.15,BLOCK_COMMIT_ITEM,"accused=7,delta=-0.050000,trust=0.650000",bc_events_m0.4.csv
2.15,BLOCK_COMMIT_ITEM,"accused=1,delta=-0.050000,trust=0.650000",bc_events_m0.4.csv
2.15,BLOCK_COMMIT_ITEM,"accused=4,delta=0.020000,trust=0.670000",bc_events_m0.4.csv
2.15,BLOCK_COMMIT_ITEM,"accused=3,delta=0.020000,trust=0.740000",bc_events_m0.4.csv
2.15,BLOCK_COMMIT_ITEM,"accused=2,delta=0.020000,trust=0.760000",bc_events_m0.4.csv
2.15,BLOCK_COMMIT_DONE,"block=3,items=7,lat_s=0.050000",bc_events_m0.4.csv
2.20066,DATA_DROP_SIG,"rx=11,sender=0,nonce=2200000000",bc_events_m0.4.csv
2.20066,DATA_DROP_SIG,"rx=1,sender=0,nonce=2200000000",bc_events_m0.4.csv
2.20066,DATA_DROP_SIG,"rx=5,sender=0,nonce=2200000000",bc_events_m0.4.csv
2.20066,DATA_DROP_SIG,"rx=2,sender=0,nonce=2200000000",bc_events_m0.4.csv
2.20066,DATA_DROP_SIG,"rx=3,sender=0,nonce=2200000000",bc_events_m0.4.csv
2.20066,DATA_DROP_SIG,"rx=8,sender=0,nonce=2200000000",bc_events_m0.4.csv
2.20066,DATA_DROP_SIG,"rx=10,sender=0,nonce=2200000000",bc_events_m0.4.csv
2.20066,DATA_DROP_SIG,"rx=4,sender=0,nonce=2200000000",bc_events_m0.4.csv
2.20066,DATA_DROP_SIG,"rx=7,sender=0,nonce=2200000000",bc_events_m0.4.csv
2.20066,DATA_DROP_SIG,"rx=9,sender=0,nonce=2200000000",bc_events_m0.4.csv
2.20066,DATA_DROP_SIG,"rx=6,sender=0,nonce=2200000000",bc_events_m0.4.csv
2.3,REPLAY_SENT,nonce=2200000000,bc_events_m0.4.csv
2.30066,DATA_DROP_SIG,"rx=11,sender=0,nonce=2200000000",bc_events_m0.4.csv
2.30066,DATA_DROP_SIG,"rx=1,sender=0,nonce=2200000000",bc_events_m0.4.csv
2.30066,DATA_DROP_SIG,"rx=5,sender=0,nonce=2200000000",bc_events_m0.4.csv
2.30066,DATA_DROP_SIG,"rx=2,sender=0,nonce=2200000000",bc_events_m0.4.csv
2.30066,DATA_DROP_SIG,"rx=3,sender=0,nonce=2200000000",bc_events_m0.4.csv
2.30066,DATA_DROP_SIG,"rx=8,sender=0,nonce=2200000000",bc_events_m0.4.csv
2.30066,DATA_DROP_SIG,"rx=10,sender=0,nonce=2200000000",bc_events_m0.4.csv
2.30066,DATA_DROP_SIG,"rx=4,sender=0,nonce=2200000000",bc_events_m0.4.csv
2.30066,DATA_DROP_SIG,"rx=7,sender=0,nonce=2200000000",bc_events_m0.4.csv
2.30066,DATA_DROP_SIG,"rx=9,sender=0,nonce=2200000000",bc_events_m0.4.csv
2.30066,DATA_DROP_SIG,"rx=6,sender=0,nonce=2200000000",bc_events_m0.4.csv
2.30104,DATA_DROP_SIG,"rx=11,sender=0,nonce=2300000000",bc_events_m0.4.csv
2.30104,DATA_DROP_SIG,"rx=1,sender=0,nonce=2300000000",bc_events_m0.4.csv
2.30104,DATA_DROP_SIG,"rx=5,sender=0,nonce=2300000000",bc_events_m0.4.csv
2.30104,DATA_DROP_SIG,"rx=2,sender=0,nonce=2300000000",bc_events_m0.4.csv
2.30104,DATA_DROP_SIG,"rx=3,sender=0,nonce=2300000000",bc_events_m0.4.csv
2.30104,DATA_DROP_SIG,"rx=8,sender=0,nonce=2300000000",bc_events_m0.4.csv
2.30104,DATA_DROP_SIG,"rx=10,sender=0,nonce=2300000000",bc_events_m0.4.csv
2.30104,DATA_DROP_SIG,"rx=4,sender=0,nonce=2300000000",bc_events_m0.4.csv
2.30104,DATA_DROP_SIG,"rx=7,sender=0,nonce=2300000000",bc_events_m0.4.csv
2.30104,DATA_DROP_SIG,"rx=9,sender=0,nonce=2300000000",bc_events_m0.4.csv
2.30104,DATA_DROP_SIG,"rx=6,sender=0,nonce=2300000000",bc_events_m0.4.csv
2.40066,DATA_RX_OK,"rx=11,sender=0,delay_s=0.000662",bc_events_m0.4.csv
2.40066,DATA_RX_OK,"rx=1,sender=0,delay_s=0.000662",bc_events_m0.4.csv
2.40066,DATA_RX_OK,"rx=5,sender=0,delay_s=0.000662",bc_events_m0.4.csv
2.40066,DATA_RX_OK,"rx=2,sender=0,delay_s=0.000662",bc_events_m0.4.csv
2.40066,DATA_RX_OK,"rx=3,sender=0,delay_s=0.000662",bc_events_m0.4.csv
2.40066,DATA_RX_OK,"rx=8,sender=0,delay_s=0.000662",bc_events_m0.4.csv
2.40066,DATA_RX_OK,"rx=10,sender=0,delay_s=0.000662",bc_events_m0.4.csv
2.40066,DATA_RX_OK,"rx=4,sender=0,delay_s=0.000662",bc_events_m0.4.csv
2.40066,DATA_RX_OK,"rx=7,sender=0,delay_s=0.000662",bc_events_m0.4.csv
2.40066,DATA_RX_OK,"rx=9,sender=0,delay_s=0.000662",bc_events_m0.4.csv
2.40066,DATA_RX_OK,"rx=6,sender=0,delay_s=0.000662",bc_events_m0.4.csv
2.50066,DATA_RX_OK,"rx=11,sender=0,delay_s=0.000662",bc_events_m0.4.csv
2.50066,DATA_RX_OK,"rx=1,sender=0,delay_s=0.000662",bc_events_m0.4.csv
2.50066,DATA_RX_OK,"rx=5,sender=0,delay_s=0.000662",bc_events_m0.4.csv
2.50066,DATA_RX_OK,"rx=2,sender=0,delay_s=0.000662",bc_events_m0.4.csv
2.50066,DATA_RX_OK,"rx=3,sender=0,delay_s=0.000662",bc_events_m0.4.csv
2.50066,DATA_RX_OK,"rx=8,sender=0,delay_s=0.000662",bc_events_m0.4.csv
2.50066,DATA_RX_OK,"rx=10,sender=0,delay_s=0.000662",bc_events_m0.4.csv
2.50066,DATA_RX_OK,"rx=4,sender=0,delay_s=0.000662",bc_events_m0.4.csv
2.50066,DATA_RX_OK,"rx=7,sender=0,delay_s=0.000662",bc_events_m0.4.csv
2.50066,DATA_RX_OK,"rx=9,sender=0,delay_s=0.000662",bc_events_m0.4.csv
2.50066,DATA_RX_OK,"rx=6,sender=0,delay_s=0.000662",bc_events_m0.4.csv
2.6,REPLAY_SENT,nonce=2500000000,bc_events_m0.4.csv
2.60066,DATA_DROP_REPLAY,"rx=11,sender=0,nonce=2500000000",bc_events_m0.4.csv
2.60066,DATA_DROP_REPLAY,"rx=1,sender=0,nonce=2500000000",bc_events_m0.4.csv
2.60066,DATA_DROP_REPLAY,"rx=5,sender=0,nonce=2500000000",bc_events_m0.4.csv
2.60066,DATA_DROP_REPLAY,"rx=2,sender=0,nonce=2500000000",bc_events_m0.4.csv
2.60066,DATA_DROP_REPLAY,"rx=3,sender=0,nonce=2500000000",bc_events_m0.4.csv
2.60066,DATA_DROP_REPLAY,"rx=8,sender=0,nonce=2500000000",bc_events_m0.4.csv
2.60066,DATA_DROP_REPLAY,"rx=10,sender=0,nonce=2500000000",bc_events_m0.4.csv
2.60066,DATA_DROP_REPLAY,"rx=4,sender=0,nonce=2500000000",bc_events_m0.4.csv
2.60066,DATA_DROP_REPLAY,"rx=7,sender=0,nonce=2500000000",bc_events_m0.4.csv
2.60066,DATA_DROP_REPLAY,"rx=9,sender=0,nonce=2500000000",bc_events_m0.4.csv
2.60066,DATA_DROP_REPLAY,"rx=6,sender=0,nonce=2500000000",bc_events_m0.4.csv
2.60101,DATA_RX_OK,"rx=11,sender=0,delay_s=0.001005",bc_events_m0.4.csv
2.60101,DATA_RX_OK,"rx=1,sender=0,delay_s=0.001005",bc_events_m0.4.csv
2.60101,DATA_RX_OK,"rx=5,sender=0,delay_s=0.001005",bc_events_m0.4.csv
2.60101,DATA_RX_OK,"rx=2,sender=0,delay_s=0.001005",bc_events_m0.4.csv
2.60101,DATA_RX_OK,"rx=3,sender=0,delay_s=0.001005",bc_events_m0.4.csv
2.60101,DATA_RX_OK,"rx=8,sender=0,delay_s=0.001005",bc_events_m0.4.csv
2.60101,DATA_RX_OK,"rx=10,sender=0,delay_s=0.001005",bc_events_m0.4.csv
2.60101,DATA_RX_OK,"rx=4,sender=0,delay_s=0.001005",bc_events_m0.4.csv
2.60101,DATA_RX_OK,"rx=7,sender=0,delay_s=0.001005",bc_events_m0.4.csv
2.60101,DATA_RX_OK,"rx=9,sender=0,delay_s=0.001005",bc_events_m0.4.csv
2.60101,DATA_RX_OK,"rx=6,sender=0,delay_s=0.001005",bc_events_m0.4.csv
2.70066,DATA_DROP_SIG,"rx=11,sender=0,nonce=2700000000",bc_events_m0.4.csv
2.70066,DATA_DROP_SIG,"rx=1,sender=0,nonce=2700000000",bc_events_m0.4.csv
2.70066,DATA_DROP_SIG,"rx=5,sender=0,nonce=2700000000",bc_events_m0.4.csv
2.70066,DATA_DROP_SIG,"rx=2,sender=0,nonce=2700000000",bc_events_m0.4.csv
2.70066,DATA_DROP_SIG,"rx=3,sender=0,nonce=2700000000",bc_events_m0.4.csv
2.70066,DATA_DROP_SIG,"rx=8,sender=0,nonce=2700000000",bc_events_m0.4.csv
2.70066,DATA_DROP_SIG,"rx=10,sender=0,nonce=2700000000",bc_events_m0.4.csv
2.70066,DATA_DROP_SIG,"rx=4,sender=0,nonce=2700000000",bc_events_m0.4.csv
2.70066,DATA_DROP_SIG,"rx=7,sender=0,nonce=2700000000",bc_events_m0.4.csv
2.70066,DATA_DROP_SIG,"rx=9,sender=0,nonce=2700000000",bc_events_m0.4.csv
2.70066,DATA_DROP_SIG,"rx=6,sender=0,nonce=2700000000",bc_events_m0.4.csv
2.80066,DATA_RX_OK,"rx=11,sender=0,delay_s=0.000662",bc_events_m0.4.csv
2.80066,DATA_RX_OK,"rx=1,sender=0,delay_s=0.000662",bc_events_m0.4.csv
2.80066,DATA_RX_OK,"rx=5,sender=0,delay_s=0.000662",bc_events_m0.4.csv
2.80066,DATA_RX_OK,"rx=2,sender=0,delay_s=0.000662",bc_events_m0.4.csv
2.80066,DATA_RX_OK,"rx=8,sender=0,delay_s=0.000662",bc_events_m0.4.csv
2.80066,DATA_RX_OK,"rx=3,sender=0,delay_s=0.000662",bc_events_m0.4.csv
2.80066,DATA_RX_OK,"rx=10,sender=0,delay_s=0.000662",bc_events_m0.4.csv
2.80066,DATA_RX_OK,"rx=4,sender=0,delay_s=0.000662",bc_events_m0.4.csv
2.80066,DATA_RX_OK,"rx=7,sender=0,delay_s=0.000662",bc_events_m0.4.csv
2.80066,DATA_RX_OK,"rx=9,sender=0,delay_s=0.000662",bc_events_m0.4.csv
2.80066,DATA_RX_OK,"rx=6,sender=0,delay_s=0.000662",bc_events_m0.4.csv
2.9,REPLAY_SENT,nonce=2800000000,bc_events_m0.4.csv
2.90066,DATA_DROP_REPLAY,"rx=11,sender=0,nonce=2800000000",bc_events_m0.4.csv
2.90066,DATA_DROP_REPLAY,"rx=1,sender=0,nonce=2800000000",bc_events_m0.4.csv
2.90066,DATA_DROP_REPLAY,"rx=5,sender=0,nonce=2800000000",bc_events_m0.4.csv
2.90066,DATA_DROP_REPLAY,"rx=2,sender=0,nonce=2800000000",bc_events_m0.4.csv
2.90066,DATA_DROP_REPLAY,"rx=8,sender=0,nonce=2800000000",bc_events_m0.4.csv
2.90066,DATA_DROP_REPLAY,"rx=3,sender=0,nonce=2800000000",bc_events_m0.4.csv
2.90066,DATA_DROP_REPLAY,"rx=10,sender=0,nonce=2800000000",bc_events_m0.4.csv
2.90066,DATA_DROP_REPLAY,"rx=4,sender=0,nonce=2800000000",bc_events_m0.4.csv
2.90066,DATA_DROP_REPLAY,"rx=7,sender=0,nonce=2800000000",bc_events_m0.4.csv
2.90066,DATA_DROP_REPLAY,"rx=9,sender=0,nonce=2800000000",bc_events_m0.4.csv
2.90066,DATA_DROP_REPLAY,"rx=6,sender=0,nonce=2800000000",bc_events_m0.4.csv
2.90095,DATA_RX_OK,"rx=11,sender=0,delay_s=0.000951",bc_events_m0.4.csv
2.90095,DATA_RX_OK,"rx=1,sender=0,delay_s=0.000951",bc_events_m0.4.csv
2.90095,DATA_RX_OK,"rx=5,sender=0,delay_s=0.000951",bc_events_m0.4.csv
2.90095,DATA_RX_OK,"rx=2,sender=0,delay_s=0.000951",bc_events_m0.4.csv
2.90095,DATA_RX_OK,"rx=8,sender=0,delay_s=0.000951",bc_events_m0.4.csv
2.90095,DATA_RX_OK,"rx=3,sender=0,delay_s=0.000951",bc_events_m0.4.csv
2.90095,DATA_RX_OK,"rx=10,sender=0,delay_s=0.000951",bc_events_m0.4.csv
2.90095,DATA_RX_OK,"rx=4,sender=0,delay_s=0.000951",bc_events_m0.4.csv
2.90095,DATA_RX_OK,"rx=7,sender=0,delay_s=0.000951",bc_events_m0.4.csv
2.90095,DATA_RX_OK,"rx=9,sender=0,delay_s=0.000951",bc_events_m0.4.csv
2.90095,DATA_RX_OK,"rx=6,sender=0,delay_s=0.000951",bc_events_m0.4.csv
3,REPORT_SENT,"by=0,about=3,delta=-0.050000",bc_events_m0.4.csv
3,REPORT_SENT,"by=1,about=6,delta=0.020000",bc_events_m0.4.csv
3,REPORT_SENT,"by=2,about=8,delta=-0.050000",bc_events_m0.4.csv
3,REPORT_SENT,"by=3,about=4,delta=-0.050000",bc_events_m0.4.csv
3,REPORT_SENT,"by=4,about=6,delta=0.020000",bc_events_m0.4.csv
3,REPORT_SENT,"by=5,about=8,delta=-0.050000",bc_events_m0.4.csv
3,REPORT_SENT,"by=6,about=6,delta=-0.050000",bc_events_m0.4.csv
3,REPORT_SENT,"by=7,about=2,delta=0.020000",bc_events_m0.4.csv
3,REPORT_SENT,"by=8,about=8,delta=-0.050000",bc_events_m0.4.csv
3,REPORT_SENT,"by=9,about=8,delta=0.020000",bc_events_m0.4.csv
3.00021,REPORT_RX_RSU,"rsu=10,by=7,about=2,delta=0.020000",bc_events_m0.4.csv
3.00038,REPORT_RX_RSU,"rsu=10,by=5,about=8,delta=-0.050000",bc_events_m0.4.csv
3.0005,REPORT_RX_RSU,"rsu=10,by=8,about=8,delta=-0.050000",bc_events_m0.4.csv
3.00065,REPORT_RX_RSU,"rsu=10,by=4,about=6,delta=0.020000",bc_events_m0.4.csv
3.00078,REPORT_RX_RSU,"rsu=10,by=1,about=6,delta=0.020000",bc_events_m0.4.csv
3.00095,REPORT_RX_RSU,"rsu=10,by=0,about=3,delta=-0.050000",bc_events_m0.4.csv
3.00109,REPORT_RX_RSU,"rsu=10,by=9,about=8,delta=0.020000",bc_events_m0.4.csv
3.0017,DATA_RX_OK,"rx=11,sender=0,delay_s=0.001700",bc_events_m0.4.csv
3.0017,DATA_RX_OK,"rx=1,sender=0,delay_s=0.001700",bc_events_m0.4.csv
3.0017,DATA_RX_OK,"rx=5,sender=0,delay_s=0.001700",bc_events_m0.4.csv
3.0017,DATA_RX_OK,"rx=2,sender=0,delay_s=0.001700",bc_events_m0.4.csv
3.0017,DATA_RX_OK,"rx=8,sender=0,delay_s=0.001700",bc_events_m0.4.csv
3.0017,DATA_RX_OK,"rx=3,sender=0,delay_s=0.001700",bc_events_m0.4.csv
3.0017,DATA_RX_OK,"rx=10,sender=0,delay_s=0.001700",bc_events_m0.4.csv
3.0017,DATA_RX_OK,"rx=4,sender=0,delay_s=0.001700",bc_events_m0.4.csv
3.0017,DATA_RX_OK,"rx=7,sender=0,delay_s=0.001700",bc_events_m0.4.csv
3.0017,DATA_RX_OK,"rx=9,sender=0,delay_s=0.001700",bc_events_m0.4.csv
3.0017,DATA_RX_OK,"rx=6,sender=0,delay_s=0.001700",bc_events_m0.4.csv
3.10066,DATA_RX_OK,"rx=11,sender=0,delay_s=0.000662",bc_events_m0.4.csv
3.10066,DATA_RX_OK,"rx=1,sender=0,delay_s=0.000662",bc_events_m0.4.csv
3.10066,DATA_RX_OK,"rx=8,sender=0,delay_s=0.000662",bc_events_m0.4.csv
3.10066,DATA_RX_OK,"rx=2,sender=0,delay_s=0.000662",bc_events_m0.4.csv
3.10066,DATA_RX_OK,"rx=5,sender=0,delay_s=0.000662",bc_events_m0.4.csv
3.10066,DATA_RX_OK,"rx=3,sender=0,delay_s=0.000662",bc_events_m0.4.csv
3.10066,DATA_RX_OK,"rx=10,sender=0,delay_s=0.000662",bc_events_m0.4.csv
3.10066,DATA_RX_OK,"rx=4,sender=0,delay_s=0.000662",bc_events_m0.4.csv
3.10066,DATA_RX_OK,"rx=7,sender=0,delay_s=0.000662",bc_events_m0.4.csv
3.10066,DATA_RX_OK,"rx=9,sender=0,delay_s=0.000662",bc_events_m0.4.csv
3.10066,DATA_RX_OK,"rx=6,sender=0,delay_s=0.000662",bc_events_m0.4.csv
3.15,BLOCK_MINE_START,block_next=4,bc_events_m0.4.csv
3.2,REPLAY_SENT,nonce=3100000000,bc_events_m0.4.csv
3.2,BLOCK_COMMIT_ITEM,"accused=2,delta=0.020000,trust=0.780000",bc_events_m0.4.csv
3.2,BLOCK_COMMIT_ITEM,"accused=8,delta=-0.050000,trust=0.550000",bc_events_m0.4.csv
3.2,BLOCK_COMMIT_ITEM,"accused=8,delta=-0.050000,trust=0.500000",bc_events_m0.4.csv
3.2,BLOCK_COMMIT_ITEM,"accused=6,delta=0.020000,trust=0.720000",bc_events_m0.4.csv
3.2,BLOCK_COMMIT_ITEM,"accused=6,delta=0.020000,trust=0.740000",bc_events_m0.4.csv
3.2,BLOCK_COMMIT_ITEM,"accused=3,delta=-0.050000,trust=0.690000",bc_events_m0.4.csv
3.2,BLOCK_COMMIT_ITEM,"accused=8,delta=0.020000,trust=0.520000",bc_events_m0.4.csv
3.2,BLOCK_COMMIT_DONE,"block=4,items=7,lat_s=0.050000",bc_events_m0.4.csv
3.20066,DATA_DROP_REPLAY,"rx=11,sender=0,nonce=3100000000",bc_events_m0.4.csv
3.20066,DATA_DROP_REPLAY,"rx=1,sender=0,nonce=3100000000",bc_events_m0.4.csv
3.20066,DATA_DROP_REPLAY,"rx=8,sender=0,nonce=3100000000",bc_events_m0.4.csv
3.20066,DATA_DROP_REPLAY,"rx=2,sender=0,nonce=3100000000",bc_events_m0.4.csv
3.20066,DATA_DROP_REPLAY,"rx=5,sender=0,nonce=3100000000",bc_events_m0.4.csv
3.20066,DATA_DROP_REPLAY,"rx=3,sender=0,nonce=3100000000",bc_events_m0.4.csv
3.20066,DATA_DROP_REPLAY,"rx=10,sender=0,nonce=3100000000",bc_events_m0.4.csv
3.20066,DATA_DROP_REPLAY,"rx=4,sender=0,nonce=3100000000",bc_events_m0.4.csv
3.20066,DATA_DROP_REPLAY,"rx=7,sender=0,nonce=3100000000",bc_events_m0.4.csv
3.20066,DATA_DROP_REPLAY,"rx=9,sender=0,nonce=3100000000",bc_events_m0.4.csv
3.20066,DATA_DROP_REPLAY,"rx=6,sender=0,nonce=3100000000",bc_events_m0.4.csv
3.20099,DATA_RX_OK,"rx=11,sender=0,delay_s=0.000987",bc_events_m0.4.csv
3.20099,DATA_RX_OK,"rx=1,sender=0,delay_s=0.000987",bc_events_m0.4.csv
3.20099,DATA_RX_OK,"rx=8,sender=0,delay_s=0.000987",bc_events_m0.4.csv
3.20099,DATA_RX_OK,"rx=2,sender=0,delay_s=0.000987",bc_events_m0.4.csv
3.20099,DATA_RX_OK,"rx=5,sender=0,delay_s=0.000987",bc_events_m0.4.csv
3.20099,DATA_RX_OK,"rx=3,sender=0,delay_s=0.000987",bc_events_m0.4.csv
3.20099,DATA_RX_OK,"rx=10,sender=0,delay_s=0.000987",bc_events_m0.4.csv
3.20099,DATA_RX_OK,"rx=4,sender=0,delay_s=0.000987",bc_events_m0.4.csv
3.20099,DATA_RX_OK,"rx=7,sender=0,delay_s=0.000987",bc_events_m0.4.csv
3.20099,DATA_RX_OK,"rx=9,sender=0,delay_s=0.000987",bc_events_m0.4.csv
3.20099,DATA_RX_OK,"rx=6,sender=0,delay_s=0.000987",bc_events_m0.4.csv
3.30066,DATA_RX_OK,"rx=11,sender=0,delay_s=0.000662",bc_events_m0.4.csv
3.30066,DATA_RX_OK,"rx=1,sender=0,delay_s=0.000662",bc_events_m0.4.csv
3.30066,DATA_RX_OK,"rx=8,sender=0,delay_s=0.000662",bc_events_m0.4.csv
3.30066,DATA_RX_OK,"rx=2,sender=0,delay_s=0.000662",bc_events_m0.4.csv
3.30066,DATA_RX_OK,"rx=5,sender=0,delay_s=0.000662",bc_events_m0.4.csv
3.30066,DATA_RX_OK,"rx=10,sender=0,delay_s=0.000662",bc_events_m0.4.csv
3.30066,DATA_RX_OK,"rx=3,sender=0,delay_s=0.000662",bc_events_m0.4.csv
3.30066,DATA_RX_OK,"rx=4,sender=0,delay_s=0.000662",bc_events_m0.4.csv
3.30066,DATA_RX_OK,"rx=7,sender=0,delay_s=0.000662",bc_events_m0.4.csv
3.30066,DATA_RX_OK,"rx=9,sender=0,delay_s=0.000662",bc_events_m0.4.csv
3.30066,DATA_RX_OK,"rx=6,sender=0,delay_s=0.000662",bc_events_m0.4.csv
3.40066,DATA_DROP_SIG,"rx=11,sender=0,nonce=3400000000",bc_events_m0.4.csv
3.40066,DATA_DROP_SIG,"rx=1,sender=0,nonce=3400000000",bc_events_m0.4.csv
3.40066,DATA_DROP_SIG,"rx=8,sender=0,nonce=3400000000",bc_events_m0.4.csv
3.40066,DATA_DROP_SIG,"rx=2,sender=0,nonce=3400000000",bc_events_m0.4.csv
3.40066,DATA_DROP_SIG,"rx=5,sender=0,nonce=3400000000",bc_events_m0.4.csv
3.40066,DATA_DROP_SIG,"rx=10,sender=0,nonce=3400000000",bc_events_m0.4.csv
3.40066,DATA_DROP_SIG,"rx=3,sender=0,nonce=3400000000",bc_events_m0.4.csv
3.40066,DATA_DROP_SIG,"rx=4,sender=0,nonce=3400000000",bc_events_m0.4.csv
3.40066,DATA_DROP_SIG,"rx=7,sender=0,nonce=3400000000",bc_events_m0.4.csv
3.40066,DATA_DROP_SIG,"rx=9,sender=0,nonce=3400000000",bc_events_m0.4.csv
3.40066,DATA_DROP_SIG,"rx=6,sender=0,nonce=3400000000",bc_events_m0.4.csv
3.5,REPLAY_SENT,nonce=3400000000,bc_events_m0.4.csv
3.50066,DATA_DROP_SIG,"rx=11,sender=0,nonce=3400000000",bc_events_m0.4.csv
3.50066,DATA_DROP_SIG,"rx=1,sender=0,nonce=3400000000",bc_events_m0.4.csv
3.50066,DATA_DROP_SIG,"rx=8,sender=0,nonce=3400000000",bc_events_m0.4.csv
3.50066,DATA_DROP_SIG,"rx=2,sender=0,nonce=3400000000",bc_events_m0.4.csv
3.50066,DATA_DROP_SIG,"rx=5,sender=0,nonce=3400000000",bc_events_m0.4.csv
3.50066,DATA_DROP_SIG,"rx=10,sender=0,nonce=3400000000",bc_events_m0.4.csv
3.50066,DATA_DROP_SIG,"rx=3,sender=0,nonce=3400000000",bc_events_m0.4.csv
3.50066,DATA_DROP_SIG,"rx=4,sender=0,nonce=3400000000",bc_events_m0.4.csv
3.50066,DATA_DROP_SIG,"rx=7,sender=0,nonce=3400000000",bc_events_m0.4.csv
3.50066,DATA_DROP_SIG,"rx=9,sender=0,nonce=3400000000",bc_events_m0.4.csv
3.50066,DATA_DROP_SIG,"rx=6,sender=0,nonce=3400000000",bc_events_m0.4.csv
3.50094,DATA_DROP_SIG,"rx=11,sender=0,nonce=3500000000",bc_events_m0.4.csv
3.50094,DATA_DROP_SIG,"rx=1,sender=0,nonce=3500000000",bc_events_m0.4.csv
3.50094,DATA_DROP_SIG,"rx=8,sender=0,nonce=3500000000",bc_events_m0.4.csv
3.50094,DATA_DROP_SIG,"rx=2,sender=0,nonce=3500000000",bc_events_m0.4.csv
3.50094,DATA_DROP_SIG,"rx=5,sender=0,nonce=3500000000",bc_events_m0.4.csv
3.50094,DATA_DROP_SIG,"rx=10,sender=0,nonce=3500000000",bc_events_m0.4.csv
3.50094,DATA_DROP_SIG,"rx=3,sender=0,nonce=3500000000",bc_events_m0.4.csv
3.50094,DATA_DROP_SIG,"rx=4,sender=0,nonce=3500000000",bc_events_m0.4.csv
3.50094,DATA_DROP_SIG,"rx=7,sender=0,nonce=3500000000",bc_events_m0.4.csv
3.50094,DATA_DROP_SIG,"rx=9,sender=0,nonce=3500000000",bc_events_m0.4.csv
3.50094,DATA_DROP_SIG,"rx=6,sender=0,nonce=3500000000",bc_events_m0.4.csv
3.60066,DATA_RX_OK,"rx=11,sender=0,delay_s=0.000662",bc_events_m0.4.csv
3.60066,DATA_RX_OK,"rx=1,sender=0,delay_s=0.000662",bc_events_m0.4.csv
3.60066,DATA_RX_OK,"rx=2,sender=0,delay_s=0.000662",bc_events_m0.4.csv
3.60066,DATA_RX_OK,"rx=8,sender=0,delay_s=0.000662",bc_events_m0.4.csv
3.60066,DATA_RX_OK,"rx=5,sender=0,delay_s=0.000662",bc_events_m0.4.csv
3.60066,DATA_RX_OK,"rx=10,sender=0,delay_s=0.000662",bc_events_m0.4.csv
3.60066,DATA_RX_OK,"rx=3,sender=0,delay_s=0.000662",bc_events_m0.4.csv
3.60066,DATA_RX_OK,"rx=4,sender=0,delay_s=0.000662",bc_events_m0.4.csv
3.60066,DATA_RX_OK,"rx=7,sender=0,delay_s=0.000662",bc_events_m0.4.csv
3.60066,DATA_RX_OK,"rx=9,sender=0,delay_s=0.000662",bc_events_m0.4.csv
3.60066,DATA_RX_OK,"rx=6,sender=0,delay_s=0.000662",bc_events_m0.4.csv
3.70066,DATA_DROP_SIG,"rx=11,sender=0,nonce=3700000000",bc_events_m0.4.csv
3.70066,DATA_DROP_SIG,"rx=1,sender=0,nonce=3700000000",bc_events_m0.4.csv
3.70066,DATA_DROP_SIG,"rx=2,sender=0,nonce=3700000000",bc_events_m0.4.csv
3.70066,DATA_DROP_SIG,"rx=8,sender=0,nonce=3700000000",bc_events_m0.4.csv
3.70066,DATA_DROP_SIG,"rx=5,sender=0,nonce=3700000000",bc_events_m0.4.csv
3.70066,DATA_DROP_SIG,"rx=10,sender=0,nonce=3700000000",bc_events_m0.4.csv
3.70066,DATA_DROP_SIG,"rx=3,sender=0,nonce=3700000000",bc_events_m0.4.csv
3.70066,DATA_DROP_SIG,"rx=4,sender=0,nonce=3700000000",bc_events_m0.4.csv
3.70066,DATA_DROP_SIG,"rx=7,sender=0,nonce=3700000000",bc_events_m0.4.csv
3.70066,DATA_DROP_SIG,"rx=9,sender=0,nonce=3700000000",bc_events_m0.4.csv
3.70066,DATA_DROP_SIG,"rx=6,sender=0,nonce=3700000000",bc_events_m0.4.csv
3.8,REPLAY_SENT,nonce=3700000000,bc_events_m0.4.csv
3.80066,DATA_DROP_SIG,"rx=11,sender=0,nonce=3700000000",bc_events_m0.4.csv
3.80066,DATA_DROP_SIG,"rx=1,sender=0,nonce=3700000000",bc_events_m0.4.csv
3.80066,DATA_DROP_SIG,"rx=2,sender=0,nonce=3700000000",bc_events_m0.4.csv
3.80066,DATA_DROP_SIG,"rx=8,sender=0,nonce=3700000000",bc_events_m0.4.csv
3.80066,DATA_DROP_SIG,"rx=5,sender=0,nonce=3700000000",bc_events_m0.4.csv
3.80066,DATA_DROP_SIG,"rx=10,sender=0,nonce=3700000000",bc_events_m0.4.csv
3.80066,DATA_DROP_SIG,"rx=4,sender=0,nonce=3700000000",bc_events_m0.4.csv
3.80066,DATA_DROP_SIG,"rx=3,sender=0,nonce=3700000000",bc_events_m0.4.csv
3.80066,DATA_DROP_SIG,"rx=7,sender=0,nonce=3700000000",bc_events_m0.4.csv
3.80066,DATA_DROP_SIG,"rx=9,sender=0,nonce=3700000000",bc_events_m0.4.csv
3.80066,DATA_DROP_SIG,"rx=6,sender=0,nonce=3700000000",bc_events_m0.4.csv
3.80101,DATA_RX_OK,"rx=11,sender=0,delay_s=0.001005",bc_events_m0.4.csv
3.80101,DATA_RX_OK,"rx=1,sender=0,delay_s=0.001005",bc_events_m0.4.csv
3.80101,DATA_RX_OK,"rx=2,sender=0,delay_s=0.001005",bc_events_m0.4.csv
3.80101,DATA_RX_OK,"rx=8,sender=0,delay_s=0.001005",bc_events_m0.4.csv
3.80101,DATA_RX_OK,"rx=5,sender=0,delay_s=0.001005",bc_events_m0.4.csv
3.80101,DATA_RX_OK,"rx=10,sender=0,delay_s=0.001005",bc_events_m0.4.csv
3.80101,DATA_RX_OK,"rx=4,sender=0,delay_s=0.001005",bc_events_m0.4.csv
3.80101,DATA_RX_OK,"rx=3,sender=0,delay_s=0.001005",bc_events_m0.4.csv
3.80101,DATA_RX_OK,"rx=7,sender=0,delay_s=0.001005",bc_events_m0.4.csv
3.80101,DATA_RX_OK,"rx=9,sender=0,delay_s=0.001005",bc_events_m0.4.csv
3.80101,DATA_RX_OK,"rx=6,sender=0,delay_s=0.001005",bc_events_m0.4.csv
3.90066,DATA_RX_OK,"rx=11,sender=0,delay_s=0.000662",bc_events_m0.4.csv
3.90066,DATA_RX_OK,"rx=1,sender=0,delay_s=0.000662",bc_events_m0.4.csv
3.90066,DATA_RX_OK,"rx=2,sender=0,delay_s=0.000662",bc_events_m0.4.csv
3.90066,DATA_RX_OK,"rx=8,sender=0,delay_s=0.000662",bc_events_m0.4.csv
3.90066,DATA_RX_OK,"rx=5,sender=0,delay_s=0.000662",bc_events_m0.4.csv
3.90066,DATA_RX_OK,"rx=10,sender=0,delay_s=0.000662",bc_events_m0.4.csv
3.90066,DATA_RX_OK,"rx=4,sender=0,delay_s=0.000662",bc_events_m0.4.csv
3.90066,DATA_RX_OK,"rx=3,sender=0,delay_s=0.000662",bc_events_m0.4.csv
3.90066,DATA_RX_OK,"rx=7,sender=0,delay_s=0.000662",bc_events_m0.4.csv
3.90066,DATA_RX_OK,"rx=9,sender=0,delay_s=0.000662",bc_events_m0.4.csv
3.90066,DATA_RX_OK,"rx=6,sender=0,delay_s=0.000662",bc_events_m0.4.csv
4,REPORT_SENT,"by=0,about=4,delta=0.020000",bc_events_m0.4.csv
4,REPORT_SENT,"by=1,about=3,delta=0.020000",bc_events_m0.4.csv
4,REPORT_SENT,"by=2,about=4,delta=0.020000",bc_events_m0.4.csv
4,REPORT_SENT,"by=3,about=1,delta=-0.050000",bc_events_m0.4.csv
4,REPORT_SENT,"by=4,about=6,delta=0.020000",bc_events_m0.4.csv
4,REPORT_SENT,"by=5,about=9,delta=0.020000",bc_events_m0.4.csv
4,REPORT_SENT,"by=6,about=9,delta=0.020000",bc_events_m0.4.csv
4,REPORT_SENT,"by=7,about=6,delta=0.020000",bc_events_m0.4.csv
4,REPORT_SENT,"by=8,about=9,delta=0.020000",bc_events_m0.4.csv
4,REPORT_SENT,"by=9,about=5,delta=-0.050000",bc_events_m0.4.csv
4.00007,REPORT_RX_RSU,"rsu=10,by=4,about=6,delta=0.020000",bc_events_m0.4.csv
4.00022,REPORT_RX_RSU,"rsu=10,by=1,about=3,delta=0.020000",bc_events_m0.4.csv
4.00053,REPORT_RX_RSU,"rsu=10,by=5,about=9,delta=0.020000",bc_events_m0.4.csv
4.00077,REPORT_RX_RSU,"rsu=10,by=8,about=9,delta=0.020000",bc_events_m0.4.csv
4.00092,REPORT_RX_RSU,"rsu=10,by=0,about=4,delta=0.020000",bc_events_m0.4.csv
4.00105,REPORT_RX_RSU,"rsu=10,by=9,about=5,delta=-0.050000",bc_events_m0.4.csv
4.00151,REPORT_RX_RSU,"rsu=10,by=7,about=6,delta=0.020000",bc_events_m0.4.csv
4.00163,DATA_RX_OK,"rx=11,sender=0,delay_s=0.001635",bc_events_m0.4.csv
4.00163,DATA_RX_OK,"rx=2,sender=0,delay_s=0.001635",bc_events_m0.4.csv
4.00163,DATA_RX_OK,"rx=1,sender=0,delay_s=0.001635",bc_events_m0.4.csv
4.00163,DATA_RX_OK,"rx=8,sender=0,delay_s=0.001635",bc_events_m0.4.csv
4.00163,DATA_RX_OK,"rx=5,sender=0,delay_s=0.001635",bc_events_m0.4.csv
4.00163,DATA_RX_OK,"rx=10,sender=0,delay_s=0.001635",bc_events_m0.4.csv
4.00163,DATA_RX_OK,"rx=4,sender=0,delay_s=0.001635",bc_events_m0.4.csv
4.00163,DATA_RX_OK,"rx=3,sender=0,delay_s=0.001635",bc_events_m0.4.csv
4.00163,DATA_RX_OK,"rx=7,sender=0,delay_s=0.001635",bc_events_m0.4.csv
4.00163,DATA_RX_OK,"rx=9,sender=0,delay_s=0.001635",bc_events_m0.4.csv
4.00164,DATA_RX_OK,"rx=6,sender=0,delay_s=0.001635",bc_events_m0.4.csv
4.1,REPLAY_SENT,nonce=4000000000,bc_events_m0.4.csv
4.10066,DATA_DROP_REPLAY,"rx=11,sender=0,nonce=4000000000",bc_events_m0.4.csv
4.10066,DATA_DROP_REPLAY,"rx=2,sender=0,nonce=4000000000",bc_events_m0.4.csv
4.10066,DATA_DROP_REPLAY,"rx=1,sender=0,nonce=4000000000",bc_events_m0.4.csv
4.10066,DATA_DROP_REPLAY,"rx=5,sender=0,nonce=4000000000",bc_events_m0.4.csv
4.10066,DATA_DROP_REPLAY,"rx=8,sender=0,nonce=4000000000",bc_events_m0.4.csv
4.10066,DATA_DROP_REPLAY,"rx=10,sender=0,nonce=4000000000",bc_events_m0.4.csv
4.10066,DATA_DROP_REPLAY,"rx=4,sender=0,nonce=4000000000",bc_events_m0.4.csv
4.10066,DATA_DROP_REPLAY,"rx=3,sender=0,nonce=4000000000",bc_events_m0.4.csv
4.10066,DATA_DROP_REPLAY,"rx=7,sender=0,nonce=4000000000",bc_events_m0.4.csv
4.10066,DATA_DROP_REPLAY,"rx=9,sender=0,nonce=4000000000",bc_events_m0.4.csv
4.10066,DATA_DROP_REPLAY,"rx=6,sender=0,nonce=4000000000",bc_events_m0.4.csv
4.10097,DATA_DROP_SIG,"rx=11,sender=0,nonce=4100000000",bc_events_m0.4.csv
4.10097,DATA_DROP_SIG,"rx=2,sender=0,nonce=4100000000",bc_events_m0.4.csv
4.10097,DATA_DROP_SIG,"rx=1,sender=0,nonce=4100000000",bc_events_m0.4.csv
4.10097,DATA_DROP_SIG,"rx=5,sender=0,nonce=4100000000",bc_events_m0.4.csv
4.10097,DATA_DROP_SIG,"rx=8,sender=0,nonce=4100000000",bc_events_m0.4.csv
4.10097,DATA_DROP_SIG,"rx=10,sender=0,nonce=4100000000",bc_events_m0.4.csv
4.10097,DATA_DROP_SIG,"rx=4,sender=0,nonce=4100000000",bc_events_m0.4.csv
4.10097,DATA_DROP_SIG,"rx=3,sender=0,nonce=4100000000",bc_events_m0.4.csv
4.10097,DATA_DROP_SIG,"rx=7,sender=0,nonce=4100000000",bc_events_m0.4.csv
4.10097,DATA_DROP_SIG,"rx=9,sender=0,nonce=4100000000",bc_events_m0.4.csv
4.10097,DATA_DROP_SIG,"rx=6,sender=0,nonce=4100000000",bc_events_m0.4.csv
4.2,BLOCK_MINE_START,block_next=5,bc_events_m0.4.csv
4.20066,DATA_RX_OK,"rx=11,sender=0,delay_s=0.000662",bc_events_m0.4.csv
4.20066,DATA_RX_OK,"rx=2,sender=0,delay_s=0.000662",bc_events_m0.4.csv
4.20066,DATA_RX_OK,"rx=1,sender=0,delay_s=0.000662",bc_events_m0.4.csv
4.20066,DATA_RX_OK,"rx=5,sender=0,delay_s=0.000662",bc_events_m0.4.csv
4.20066,DATA_RX_OK,"rx=8,sender=0,delay_s=0.000662",bc_events_m0.4.csv
4.20066,DATA_RX_OK,"rx=10,sender=0,delay_s=0.000662",bc_events_m0.4.csv
4.20066,DATA_RX_OK,"rx=4,sender=0,delay_s=0.000662",bc_events_m0.4.csv
4.20066,DATA_RX_OK,"rx=3,sender=0,delay_s=0.000662",bc_events_m0.4.csv
4.20066,DATA_RX_OK,"rx=7,sender=0,delay_s=0.000662",bc_events_m0.4.csv
4.20066,DATA_RX_OK,"rx=9,sender=0,delay_s=0.000662",bc_events_m0.4.csv
4.20066,DATA_RX_OK,"rx=6,sender=0,delay_s=0.000662",bc_events_m0.4.csv
4.25,BLOCK_COMMIT_ITEM,"accused=6,delta=0.020000,trust=0.760000",bc_events_m0.4.csv
4.25,BLOCK_COMMIT_ITEM,"accused=3,delta=0.020000,trust=0.710000",bc_events_m0.4.csv
4.25,BLOCK_COMMIT_ITEM,"accused=9,delta=0.020000,trust=0.720000",bc_events_m0.4.csv
4.25,BLOCK_COMMIT_ITEM,"accused=9,delta=0.020000,trust=0.740000",bc_events_m0.4.csv
4.25,BLOCK_COMMIT_ITEM,"accused=4,delta=0.020000,trust=0.690000",bc_events_m0.4.csv
4.25,BLOCK_COMMIT_ITEM,"accused=5,delta=-0.050000,trust=0.600000",bc_events_m0.4.csv
4.25,BLOCK_COMMIT_ITEM,"accused=6,delta=0.020000,trust=0.780000",bc_events_m0.4.csv
4.25,BLOCK_COMMIT_DONE,"block=5,items=7,lat_s=0.050000",bc_events_m0.4.csv
4.30066,DATA_DROP_SIG,"rx=11,sender=0,nonce=4300000000",bc_events_m0.4.csv
4.30066,DATA_DROP_SIG,"rx=2,sender=0,nonce=4300000000",bc_events_m0.4.csv
4.30066,DATA_DROP_SIG,"rx=1,sender=0,nonce=4300000000",bc_events_m0.4.csv
4.30066,DATA_DROP_SIG,"rx=8,sender=0,nonce=4300000000",bc_events_m0.4.csv
4.30066,DATA_DROP_SIG,"rx=5,sender=0,nonce=4300000000",bc_events_m0.4.csv
4.30066,DATA_DROP_SIG,"rx=10,sender=0,nonce=4300000000",bc_events_m0.4.csv
4.30066,DATA_DROP_SIG,"rx=4,sender=0,nonce=4300000000",bc_events_m0.4.csv
4.30066,DATA_DROP_SIG,"rx=3,sender=0,nonce=4300000000",bc_events_m0.4.csv
4.30066,DATA_DROP_SIG,"rx=7,sender=0,nonce=4300000000",bc_events_m0.4.csv
4.30066,DATA_DROP_SIG,"rx=9,sender=0,nonce=4300000000",bc_events_m0.4.csv
4.30066,DATA_DROP_SIG,"rx=6,sender=0,nonce=4300000000",bc_events_m0.4.csv
4.4,REPLAY_SENT,nonce=4300000000,bc_events_m0.4.csv
4.40066,DATA_DROP_SIG,"rx=11,sender=0,nonce=4300000000",bc_events_m0.4.csv
4.40066,DATA_DROP_SIG,"rx=2,sender=0,nonce=4300000000",bc_events_m0.4.csv
4.40066,DATA_DROP_SIG,"rx=1,sender=0,nonce=4300000000",bc_events_m0.4.csv
4.40066,DATA_DROP_SIG,"rx=8,sender=0,nonce=4300000000",bc_events_m0.4.csv
4.40066,DATA_DROP_SIG,"rx=5,sender=0,nonce=4300000000",bc_events_m0.4.csv
4.40066,DATA_DROP_SIG,"rx=10,sender=0,nonce=4300000000",bc_events_m0.4.csv
4.40066,DATA_DROP_SIG,"rx=4,sender=0,nonce=4300000000",bc_events_m0.4.csv
4.40066,DATA_DROP_SIG,"rx=3,sender=0,nonce=4300000000",bc_events_m0.4.csv
4.40066,DATA_DROP_SIG,"rx=7,sender=0,nonce=4300000000",bc_events_m0.4.csv
4.40066,DATA_DROP_SIG,"rx=9,sender=0,nonce=4300000000",bc_events_m0.4.csv
4.40066,DATA_DROP_SIG,"rx=6,sender=0,nonce=4300000000",bc_events_m0.4.csv
4.40101,DATA_RX_OK,"rx=11,sender=0,delay_s=0.001005",bc_events_m0.4.csv
4.40101,DATA_RX_OK,"rx=2,sender=0,delay_s=0.001005",bc_events_m0.4.csv
4.40101,DATA_RX_OK,"rx=1,sender=0,delay_s=0.001005",bc_events_m0.4.csv
4.40101,DATA_RX_OK,"rx=8,sender=0,delay_s=0.001005",bc_events_m0.4.csv
4.40101,DATA_RX_OK,"rx=5,sender=0,delay_s=0.001005",bc_events_m0.4.csv
4.40101,DATA_RX_OK,"rx=10,sender=0,delay_s=0.001005",bc_events_m0.4.csv
4.40101,DATA_RX_OK,"rx=4,sender=0,delay_s=0.001005",bc_events_m0.4.csv
4.40101,DATA_RX_OK,"rx=3,sender=0,delay_s=0.001005",bc_events_m0.4.csv
4.40101,DATA_RX_OK,"rx=7,sender=0,delay_s=0.001005",bc_events_m0.4.csv
4.40101,DATA_RX_OK,"rx=9,sender=0,delay_s=0.001005",bc_events_m0.4.csv
4.40101,DATA_RX_OK,"rx=6,sender=0,delay_s=0.001005",bc_events_m0.4.csv
4.50066,DATA_DROP_SIG,"rx=11,sender=0,nonce=4500000000",bc_events_m0.4.csv
4.50066,DATA_DROP_SIG,"rx=2,sender=0,nonce=4500000000",bc_events_m0.4.csv
4.50066,DATA_DROP_SIG,"rx=1,sender=0,nonce=4500000000",bc_events_m0.4.csv
4.50066,DATA_DROP_SIG,"rx=8,sender=0,nonce=4500000000",bc_events_m0.4.csv
4.50066,DATA_DROP_SIG,"rx=5,sender=0,nonce=4500000000",bc_events_m0.4.csv
4.50066,DATA_DROP_SIG,"rx=10,sender=0,nonce=4500000000",bc_events_m0.4.csv
4.50066,DATA_DROP_SIG,"rx=4,sender=0,nonce=4500000000",bc_events_m0.4.csv
4.50066,DATA_DROP_SIG,"rx=3,sender=0,nonce=4500000000",bc_events_m0.4.csv
4.50066,DATA_DROP_SIG,"rx=7,sender=0,nonce=4500000000",bc_events_m0.4.csv
4.50066,DATA_DROP_SIG,"rx=9,sender=0,nonce=4500000000",bc_events_m0.4.csv
4.50066,DATA_DROP_SIG,"rx=6,sender=0,nonce=4500000000",bc_events_m0.4.csv
4.60066,DATA_DROP_SIG,"rx=11,sender=0,nonce=4600000000",bc_events_m0.4.csv
4.60066,DATA_DROP_SIG,"rx=2,sender=0,nonce=4600000000",bc_events_m0.4.csv
4.60066,DATA_DROP_SIG,"rx=1,sender=0,nonce=4600000000",bc_events_m0.4.csv
4.60066,DATA_DROP_SIG,"rx=8,sender=0,nonce=4600000000",bc_events_m0.4.csv
4.60066,DATA_DROP_SIG,"rx=5,sender=0,nonce=4600000000",bc_events_m0.4.csv
4.60066,DATA_DROP_SIG,"rx=10,sender=0,nonce=4600000000",bc_events_m0.4.csv
4.60066,DATA_DROP_SIG,"rx=3,sender=0,nonce=4600000000",bc_events_m0.4.csv
4.60066,DATA_DROP_SIG,"rx=4,sender=0,nonce=4600000000",bc_events_m0.4.csv
4.60066,DATA_DROP_SIG,"rx=7,sender=0,nonce=4600000000",bc_events_m0.4.csv
4.60066,DATA_DROP_SIG,"rx=9,sender=0,nonce=4600000000",bc_events_m0.4.csv
4.60066,DATA_DROP_SIG,"rx=6,sender=0,nonce=4600000000",bc_events_m0.4.csv
4.7,REPLAY_SENT,nonce=4600000000,bc_events_m0.4.csv
4.70066,DATA_DROP_SIG,"rx=11,sender=0,nonce=4600000000",bc_events_m0.4.csv
4.70066,DATA_DROP_SIG,"rx=2,sender=0,nonce=4600000000",bc_events_m0.4.csv
4.70066,DATA_DROP_SIG,"rx=1,sender=0,nonce=4600000000",bc_events_m0.4.csv
4.70066,DATA_DROP_SIG,"rx=8,sender=0,nonce=4600000000",bc_events_m0.4.csv
4.70066,DATA_DROP_SIG,"rx=5,sender=0,nonce=4600000000",bc_events_m0.4.csv
4.70066,DATA_DROP_SIG,"rx=10,sender=0,nonce=4600000000",bc_events_m0.4.csv
4.70066,DATA_DROP_SIG,"rx=3,sender=0,nonce=4600000000",bc_events_m0.4.csv
4.70066,DATA_DROP_SIG,"rx=4,sender=0,nonce=4600000000",bc_events_m0.4.csv
4.70066,DATA_DROP_SIG,"rx=7,sender=0,nonce=4600000000",bc_events_m0.4.csv
4.70066,DATA_DROP_SIG,"rx=9,sender=0,nonce=4600000000",bc_events_m0.4.csv
4.70066,DATA_DROP_SIG,"rx=6,sender=0,nonce=4600000000",bc_events_m0.4.csv
4.70098,DATA_RX_OK,"rx=11,sender=0,delay_s=0.000978",bc_events_m0.4.csv
4.70098,DATA_RX_OK,"rx=2,sender=0,delay_s=0.000978",bc_events_m0.4.csv
4.70098,DATA_RX_OK,"rx=1,sender=0,delay_s=0.000978",bc_events_m0.4.csv
4.70098,DATA_RX_OK,"rx=8,sender=0,delay_s=0.000978",bc_events_m0.4.csv
4.70098,DATA_RX_OK,"rx=5,sender=0,delay_s=0.000978",bc_events_m0.4.csv
4.70098,DATA_RX_OK,"rx=10,sender=0,delay_s=0.000978",bc_events_m0.4.csv
4.70098,DATA_RX_OK,"rx=3,sender=0,delay_s=0.000978",bc_events_m0.4.csv
4.70098,DATA_RX_OK,"rx=4,sender=0,delay_s=0.000978",bc_events_m0.4.csv
4.70098,DATA_RX_OK,"rx=7,sender=0,delay_s=0.000978",bc_events_m0.4.csv
4.70098,DATA_RX_OK,"rx=9,sender=0,delay_s=0.000978",bc_events_m0.4.csv
4.70098,DATA_RX_OK,"rx=6,sender=0,delay_s=0.000978",bc_events_m0.4.csv
4.80066,DATA_DROP_SIG,"rx=11,sender=0,nonce=4800000000",bc_events_m0.4.csv
4.80066,DATA_DROP_SIG,"rx=2,sender=0,nonce=4800000000",bc_events_m0.4.csv
4.80066,DATA_DROP_SIG,"rx=8,sender=0,nonce=4800000000",bc_events_m0.4.csv
4.80066,DATA_DROP_SIG,"rx=1,sender=0,nonce=4800000000",bc_events_m0.4.csv
4.80066,DATA_DROP_SIG,"rx=5,sender=0,nonce=4800000000",bc_events_m0.4.csv
4.80066,DATA_DROP_SIG,"rx=10,sender=0,nonce=4800000000",bc_events_m0.4.csv
4.80066,DATA_DROP_SIG,"rx=3,sender=0,nonce=4800000000",bc_events_m0.4.csv
4.80066,DATA_DROP_SIG,"rx=4,sender=0,nonce=4800000000",bc_events_m0.4.csv
4.80066,DATA_DROP_SIG,"rx=7,sender=0,nonce=4800000000",bc_events_m0.4.csv
4.80066,DATA_DROP_SIG,"rx=9,sender=0,nonce=4800000000",bc_events_m0.4.csv
4.80066,DATA_DROP_SIG,"rx=6,sender=0,nonce=4800000000",bc_events_m0.4.csv
4.90066,DATA_DROP_SIG,"rx=11,sender=0,nonce=4900000000",bc_events_m0.4.csv
4.90066,DATA_DROP_SIG,"rx=2,sender=0,nonce=4900000000",bc_events_m0.4.csv
4.90066,DATA_DROP_SIG,"rx=8,sender=0,nonce=4900000000",bc_events_m0.4.csv
4.90066,DATA_DROP_SIG,"rx=1,sender=0,nonce=4900000000",bc_events_m0.4.csv
4.90066,DATA_DROP_SIG,"rx=5,sender=0,nonce=4900000000",bc_events_m0.4.csv
4.90066,DATA_DROP_SIG,"rx=10,sender=0,nonce=4900000000",bc_events_m0.4.csv
4.90066,DATA_DROP_SIG,"rx=3,sender=0,nonce=4900000000",bc_events_m0.4.csv
4.90066,DATA_DROP_SIG,"rx=7,sender=0,nonce=4900000000",bc_events_m0.4.csv
4.90066,DATA_DROP_SIG,"rx=4,sender=0,nonce=4900000000",bc_events_m0.4.csv
4.90066,DATA_DROP_SIG,"rx=9,sender=0,nonce=4900000000",bc_events_m0.4.csv
4.90066,DATA_DROP_SIG,"rx=6,sender=0,nonce=4900000000",bc_events_m0.4.csv
5,REPORT_SENT,"by=0,about=1,delta=-0.050000",bc_events_m0.4.csv
5,REPORT_SENT,"by=1,about=6,delta=0.020000",bc_events_m0.4.csv
5,REPORT_SENT,"by=2,about=4,delta=-0.050000",bc_events_m0.4.csv
5,REPORT_SENT,"by=3,about=2,delta=-0.050000",bc_events_m0.4.csv
5,REPORT_SENT,"by=4,about=8,delta=0.020000",bc_events_m0.4.csv
5,REPORT_SENT,"by=5,about=8,delta=0.020000",bc_events_m0.4.csv
5,REPORT_SENT,"by=6,about=0,delta=0.020000",bc_events_m0.4.csv
5,REPORT_SENT,"by=7,about=6,delta=-0.050000",bc_events_m0.4.csv
5,REPORT_SENT,"by=8,about=2,delta=0.020000",bc_events_m0.4.csv
5,REPORT_SENT,"by=9,about=2,delta=0.020000",bc_events_m0.4.csv
5,REPLAY_SENT,nonce=4900000000,bc_events_m0.4.csv
5.00025,REPORT_RX_RSU,"rsu=10,by=8,about=2,delta=0.020000",bc_events_m0.4.csv
5.00044,REPORT_RX_RSU,"rsu=10,by=0,about=1,delta=-0.050000",bc_events_m0.4.csv
5.00077,REPORT_RX_RSU,"rsu=10,by=4,about=8,delta=0.020000",bc_events_m0.4.csv
5.00105,REPORT_RX_RSU,"rsu=10,by=9,about=2,delta=0.020000",bc_events_m0.4.csv
5.00115,DATA_DROP_SIG,"rx=11,sender=0,nonce=4900000000",bc_events_m0.4.csv
5.00115,DATA_DROP_SIG,"rx=2,sender=0,nonce=4900000000",bc_events_m0.4.csv
5.00115,DATA_DROP_SIG,"rx=8,sender=0,nonce=4900000000",bc_events_m0.4.csv
5.00115,DATA_DROP_SIG,"rx=1,sender=0,nonce=4900000000",bc_events_m0.4.csv
5.00115,DATA_DROP_SIG,"rx=5,sender=0,nonce=4900000000",bc_events_m0.4.csv
5.00115,DATA_DROP_SIG,"rx=3,sender=0,nonce=4900000000",bc_events_m0.4.csv
5.0016,DATA_RX_OK,"rx=11,sender=0,delay_s=0.001598",bc_events_m0.4.csv
5.0016,DATA_RX_OK,"rx=2,sender=0,delay_s=0.001598",bc_events_m0.4.csv
5.0016,DATA_RX_OK,"rx=8,sender=0,delay_s=0.001598",bc_events_m0.4.csv
5.0016,DATA_RX_OK,"rx=1,sender=0,delay_s=0.001598",bc_events_m0.4.csv
5.0016,DATA_RX_OK,"rx=5,sender=0,delay_s=0.001598",bc_events_m0.4.csv
5.0016,DATA_RX_OK,"rx=10,sender=0,delay_s=0.001598",bc_events_m0.4.csv
5.0016,DATA_RX_OK,"rx=7,sender=0,delay_s=0.001598",bc_events_m0.4.csv
5.0016,DATA_RX_OK,"rx=3,sender=0,delay_s=0.001598",bc_events_m0.4.csv
5.0016,DATA_RX_OK,"rx=4,sender=0,delay_s=0.001598",bc_events_m0.4.csv
5.0016,DATA_RX_OK,"rx=9,sender=0,delay_s=0.001598",bc_events_m0.4.csv
5.0016,DATA_RX_OK,"rx=6,sender=0,delay_s=0.001598",bc_events_m0.4.csv
5.00161,REPORT_RX_RSU,"rsu=10,by=7,about=6,delta=-0.050000",bc_events_m0.4.csv
5.00191,REPORT_RX_RSU,"rsu=10,by=1,about=6,delta=0.020000",bc_events_m0.4.csv
5.00216,REPORT_RX_RSU,"rsu=10,by=5,about=8,delta=0.020000",bc_events_m0.4.csv
5.10066,DATA_DROP_SIG,"rx=11,sender=0,nonce=5100000000",bc_events_m0.4.csv
5.10066,DATA_DROP_SIG,"rx=2,sender=0,nonce=5100000000",bc_events_m0.4.csv
5.10066,DATA_DROP_SIG,"rx=8,sender=0,nonce=5100000000",bc_events_m0.4.csv
5.10066,DATA_DROP_SIG,"rx=1,sender=0,nonce=5100000000",bc_events_m0.4.csv
5.10066,DATA_DROP_SIG,"rx=5,sender=0,nonce=5100000000",bc_events_m0.4.csv
5.10066,DATA_DROP_SIG,"rx=10,sender=0,nonce=5100000000",bc_events_m0.4.csv
5.10066,DATA_DROP_SIG,"rx=3,sender=0,nonce=5100000000",bc_events_m0.4.csv
5.10066,DATA_DROP_SIG,"rx=7,sender=0,nonce=5100000000",bc_events_m0.4.csv
5.10066,DATA_DROP_SIG,"rx=4,sender=0,nonce=5100000000",bc_events_m0.4.csv
5.10066,DATA_DROP_SIG,"rx=9,sender=0,nonce=5100000000",bc_events_m0.4.csv
5.10066,DATA_DROP_SIG,"rx=6,sender=0,nonce=5100000000",bc_events_m0.4.csv
5.20066,DATA_RX_OK,"rx=11,sender=0,delay_s=0.000662",bc_events_m0.4.csv
5.20066,DATA_RX_OK,"rx=2,sender=0,delay_s=0.000662",bc_events_m0.4.csv
5.20066,DATA_RX_OK,"rx=8,sender=0,delay_s=0.000662",bc_events_m0.4.csv
5.20066,DATA_RX_OK,"rx=1,sender=0,delay_s=0.000662",bc_events_m0.4.csv
5.20066,DATA_RX_OK,"rx=5,sender=0,delay_s=0.000662",bc_events_m0.4.csv
5.20066,DATA_RX_OK,"rx=10,sender=0,delay_s=0.000662",bc_events_m0.4.csv
5.20066,DATA_RX_OK,"rx=3,sender=0,delay_s=0.000662",bc_events_m0.4.csv
5.20066,DATA_RX_OK,"rx=7,sender=0,delay_s=0.000662",bc_events_m0.4.csv
5.20066,DATA_RX_OK,"rx=4,sender=0,delay_s=0.000662",bc_events_m0.4.csv
5.20066,DATA_RX_OK,"rx=9,sender=0,delay_s=0.000662",bc_events_m0.4.csv
5.20066,DATA_RX_OK,"rx=6,sender=0,delay_s=0.000662",bc_events_m0.4.csv
5.25,BLOCK_MINE_START,block_next=6,bc_events_m0.4.csv
5.3,REPLAY_SENT,nonce=5200000000,bc_events_m0.4.csv
5.3,BLOCK_COMMIT_ITEM,"accused=2,delta=0.020000,trust=0.800000",bc_events_m0.4.csv
5.3,BLOCK_COMMIT_ITEM,"accused=1,delta=-0.050000,trust=0.600000",bc_events_m0.4.csv
5.3,BLOCK_COMMIT_ITEM,"accused=8,delta=0.020000,trust=0.540000",bc_events_m0.4.csv
5.3,BLOCK_COMMIT_ITEM,"accused=2,delta=0.020000,trust=0.820000",bc_events_m0.4.csv
5.3,BLOCK_COMMIT_ITEM,"accused=6,delta=-0.050000,trust=0.730000",bc_events_m0.4.csv
5.3,BLOCK_COMMIT_ITEM,"accused=6,delta=0.020000,trust=0.750000",bc_events_m0.4.csv
5.3,BLOCK_COMMIT_ITEM,"accused=8,delta=0.020000,trust=0.560000",bc_events_m0.4.csv
5.3,BLOCK_COMMIT_DONE,"block=6,items=7,lat_s=0.050000",bc_events_m0.4.csv
5.30066,DATA_DROP_REPLAY,"rx=11,sender=0,nonce=5200000000",bc_events_m0.4.csv
5.30066,DATA_DROP_REPLAY,"rx=2,sender=0,nonce=5200000000",bc_events_m0.4.csv
5.30066,DATA_DROP_REPLAY,"rx=8,sender=0,nonce=5200000000",bc_events_m0.4.csv
5.30066,DATA_DROP_REPLAY,"rx=1,sender=0,nonce=5200000000",bc_events_m0.4.csv
5.30066,DATA_DROP_REPLAY,"rx=5,sender=0,nonce=5200000000",bc_events_m0.4.csv
5.30066,DATA_DROP_REPLAY,"rx=10,sender=0,nonce=5200000000",bc_events_m0.4.csv
5.30066,DATA_DROP_REPLAY,"rx=3,sender=0,nonce=5200000000",bc_events_m0.4.csv
5.30066,DATA_DROP_REPLAY,"rx=7,sender=0,nonce=5200000000",bc_events_m0.4.csv
5.30066,DATA_DROP_REPLAY,"rx=4,sender=0,nonce=5200000000",bc_events_m0.4.csv
5.30066,DATA_DROP_REPLAY,"rx=9,sender=0,nonce=5200000000",bc_events_m0.4.csv
5.30066,DATA_DROP_REPLAY,"rx=6,sender=0,nonce=5200000000",bc_events_m0.4.csv
5.30094,DATA_RX_OK,"rx=11,sender=0,delay_s=0.000942",bc_events_m0.4.csv
5.30094,DATA_RX_OK,"rx=2,sender=0,delay_s=0.000942",bc_events_m0.4.csv
5.30094,DATA_RX_OK,"rx=8,sender=0,delay_s=0.000942",bc_events_m0.4.csv
5.30094,DATA_RX_OK,"rx=1,sender=0,delay_s=0.000942",bc_events_m0.4.csv
5.30094,DATA_RX_OK,"rx=5,sender=0,delay_s=0.000942",bc_events_m0.4.csv
5.30094,DATA_RX_OK,"rx=10,sender=0,delay_s=0.000942",bc_events_m0.4.csv
5.30094,DATA_RX_OK,"rx=3,sender=0,delay_s=0.000942",bc_events_m0.4.csv
5.30094,DATA_RX_OK,"rx=7,sender=0,delay_s=0.000942",bc_events_m0.4.csv
5.30094,DATA_RX_OK,"rx=4,sender=0,delay_s=0.000942",bc_events_m0.4.csv
5.30094,DATA_RX_OK,"rx=9,sender=0,delay_s=0.000942",bc_events_m0.4.csv
5.30094,DATA_RX_OK,"rx=6,sender=0,delay_s=0.000942",bc_events_m0.4.csv
5.40066,DATA_DROP_SIG,"rx=11,sender=0,nonce=5400000000",bc_events_m0.4.csv
5.40066,DATA_DROP_SIG,"rx=2,sender=0,nonce=5400000000",bc_events_m0.4.csv
5.40066,DATA_DROP_SIG,"rx=1,sender=0,nonce=5400000000",bc_events_m0.4.csv
5.40066,DATA_DROP_SIG,"rx=8,sender=0,nonce=5400000000",bc_events_m0.4.csv
5.40066,DATA_DROP_SIG,"rx=5,sender=0,nonce=5400000000",bc_events_m0.4.csv
5.40066,DATA_DROP_SIG,"rx=10,sender=0,nonce=5400000000",bc_events_m0.4.csv
5.40066,DATA_DROP_SIG,"rx=3,sender=0,nonce=5400000000",bc_events_m0.4.csv
5.40066,DATA_DROP_SIG,"rx=7,sender=0,nonce=5400000000",bc_events_m0.4.csv
5.40066,DATA_DROP_SIG,"rx=4,sender=0,nonce=5400000000",bc_events_m0.4.csv
5.40066,DATA_DROP_SIG,"rx=9,sender=0,nonce=5400000000",bc_events_m0.4.csv
5.40066,DATA_DROP_SIG,"rx=6,sender=0,nonce=5400000000",bc_events_m0.4.csv
5.50066,DATA_DROP_SIG,"rx=11,sender=0,nonce=5500000000",bc_events_m0.4.csv
5.50066,DATA_DROP_SIG,"rx=2,sender=0,nonce=5500000000",bc_events_m0.4.csv
5.50066,DATA_DROP_SIG,"rx=1,sender=0,nonce=5500000000",bc_events_m0.4.csv
5.50066,DATA_DROP_SIG,"rx=5,sender=0,nonce=5500000000",bc_events_m0.4.csv
5.50066,DATA_DROP_SIG,"rx=8,sender=0,nonce=5500000000",bc_events_m0.4.csv
5.50066,DATA_DROP_SIG,"rx=10,sender=0,nonce=5500000000",bc_events_m0.4.csv
5.50066,DATA_DROP_SIG,"rx=3,sender=0,nonce=5500000000",bc_events_m0.4.csv
5.50066,DATA_DROP_SIG,"rx=7,sender=0,nonce=5500000000",bc_events_m0.4.csv
5.50066,DATA_DROP_SIG,"rx=4,sender=0,nonce=5500000000",bc_events_m0.4.csv
5.50066,DATA_DROP_SIG,"rx=9,sender=0,nonce=5500000000",bc_events_m0.4.csv
5.50066,DATA_DROP_SIG,"rx=6,sender=0,nonce=5500000000",bc_events_m0.4.csv
5.6,REPLAY_SENT,nonce=5500000000,bc_events_m0.4.csv
5.60066,DATA_DROP_SIG,"rx=11,sender=0,nonce=5500000000",bc_events_m0.4.csv
5.60066,DATA_DROP_SIG,"rx=2,sender=0,nonce=5500000000",bc_events_m0.4.csv
5.60066,DATA_DROP_SIG,"rx=5,sender=0,nonce=5500000000",bc_events_m0.4.csv
5.60066,DATA_DROP_SIG,"rx=1,sender=0,nonce=5500000000",bc_events_m0.4.csv
5.60066,DATA_DROP_SIG,"rx=8,sender=0,nonce=5500000000",bc_events_m0.4.csv
5.60066,DATA_DROP_SIG,"rx=10,sender=0,nonce=5500000000",bc_events_m0.4.csv
5.60066,DATA_DROP_SIG,"rx=3,sender=0,nonce=5500000000",bc_events_m0.4.csv
5.60066,DATA_DROP_SIG,"rx=7,sender=0,nonce=5500000000",bc_events_m0.4.csv
5.60066,DATA_DROP_SIG,"rx=4,sender=0,nonce=5500000000",bc_events_m0.4.csv
5.60066,DATA_DROP_SIG,"rx=9,sender=0,nonce=5500000000",bc_events_m0.4.csv
5.60066,DATA_DROP_SIG,"rx=6,sender=0,nonce=5500000000",bc_events_m0.4.csv
5.60097,DATA_RX_OK,"rx=11,sender=0,delay_s=0.000969",bc_events_m0.4.csv
5.60097,DATA_RX_OK,"rx=2,sender=0,delay_s=0.000969",bc_events_m0.4.csv
5.60097,DATA_RX_OK,"rx=5,sender=0,delay_s=0.000969",bc_events_m0.4.csv
5.60097,DATA_RX_OK,"rx=1,sender=0,delay_s=0.000969",bc_events_m0.4.csv
5.60097,DATA_RX_OK,"rx=8,sender=0,delay_s=0.000969",bc_events_m0.4.csv
5.60097,DATA_RX_OK,"rx=10,sender=0,delay_s=0.000969",bc_events_m0.4.csv
5.60097,DATA_RX_OK,"rx=3,sender=0,delay_s=0.000969",bc_events_m0.4.csv
5.60097,DATA_RX_OK,"rx=7,sender=0,delay_s=0.000969",bc_events_m0.4.csv
5.60097,DATA_RX_OK,"rx=4,sender=0,delay_s=0.000969",bc_events_m0.4.csv
5.60097,DATA_RX_OK,"rx=9,sender=0,delay_s=0.000969",bc_events_m0.4.csv
5.60097,DATA_RX_OK,"rx=6,sender=0,delay_s=0.000969",bc_events_m0.4.csv
5.70066,DATA_DROP_SIG,"rx=11,sender=0,nonce=5700000000",bc_events_m0.4.csv
5.70066,DATA_DROP_SIG,"rx=2,sender=0,nonce=5700000000",bc_events_m0.4.csv
5.70066,DATA_DROP_SIG,"rx=5,sender=0,nonce=5700000000",bc_events_m0.4.csv
5.70066,DATA_DROP_SIG,"rx=1,sender=0,nonce=5700000000",bc_events_m0.4.csv
5.70066,DATA_DROP_SIG,"rx=8,sender=0,nonce=5700000000",bc_events_m0.4.csv
5.70066,DATA_DROP_SIG,"rx=10,sender=0,nonce=5700000000",bc_events_m0.4.csv
5.70066,DATA_DROP_SIG,"rx=3,sender=0,nonce=5700000000",bc_events_m0.4.csv
5.70066,DATA_DROP_SIG,"rx=7,sender=0,nonce=5700000000",bc_events_m0.4.csv
5.70066,DATA_DROP_SIG,"rx=4,sender=0,nonce=5700000000",bc_events_m0.4.csv
5.70066,DATA_DROP_SIG,"rx=9,sender=0,nonce=5700000000",bc_events_m0.4.csv
5.70066,DATA_DROP_SIG,"rx=6,sender=0,nonce=5700000000",bc_events_m0.4.csv
5.80066,DATA_RX_OK,"rx=11,sender=0,delay_s=0.000662",bc_events_m0.4.csv
5.80066,DATA_RX_OK,"rx=5,sender=0,delay_s=0.000662",bc_events_m0.4.csv
5.80066,DATA_RX_OK,"rx=2,sender=0,delay_s=0.000662",bc_events_m0.4.csv
5.80066,DATA_RX_OK,"rx=1,sender=0,delay_s=0.000662",bc_events_m0.4.csv
5.80066,DATA_RX_OK,"rx=8,sender=0,delay_s=0.000662",bc_events_m0.4.csv
5.80066,DATA_RX_OK,"rx=10,sender=0,delay_s=0.000662",bc_events_m0.4.csv
5.80066,DATA_RX_OK,"rx=3,sender=0,delay_s=0.000662",bc_events_m0.4.csv
5.80066,DATA_RX_OK,"rx=7,sender=0,delay_s=0.000662",bc_events_m0.4.csv
5.80066,DATA_RX_OK,"rx=4,sender=0,delay_s=0.000662",bc_events_m0.4.csv
5.80066,DATA_RX_OK,"rx=9,sender=0,delay_s=0.000662",bc_events_m0.4.csv
5.80066,DATA_RX_OK,"rx=6,sender=0,delay_s=0.000662",bc_events_m0.4.csv
5.9,REPLAY_SENT,nonce=5800000000,bc_events_m0.4.csv
5.90066,DATA_DROP_REPLAY,"rx=11,sender=0,nonce=5800000000",bc_events_m0.4.csv
5.90066,DATA_DROP_REPLAY,"rx=5,sender=0,nonce=5800000000",bc_events_m0.4.csv
5.90066,DATA_DROP_REPLAY,"rx=2,sender=0,nonce=5800000000",bc_events_m0.4.csv
5.90066,DATA_DROP_REPLAY,"rx=1,sender=0,nonce=5800000000",bc_events_m0.4.csv
5.90066,DATA_DROP_REPLAY,"rx=8,sender=0,nonce=5800000000",bc_events_m0.4.csv
5.90066,DATA_DROP_REPLAY,"rx=10,sender=0,nonce=5800000000",bc_events_m0.4.csv
5.90066,DATA_DROP_REPLAY,"rx=3,sender=0,nonce=5800000000",bc_events_m0.4.csv
5.90066,DATA_DROP_REPLAY,"rx=7,sender=0,nonce=5800000000",bc_events_m0.4.csv
5.90066,DATA_DROP_REPLAY,"rx=4,sender=0,nonce=5800000000",bc_events_m0.4.csv
5.90066,DATA_DROP_REPLAY,"rx=9,sender=0,nonce=5800000000",bc_events_m0.4.csv
5.90066,DATA_DROP_REPLAY,"rx=6,sender=0,nonce=5800000000",bc_events_m0.4.csv
5.90092,DATA_RX_OK,"rx=11,sender=0,delay_s=0.000924",bc_events_m0.4.csv
5.90092,DATA_RX_OK,"rx=5,sender=0,delay_s=0.000924",bc_events_m0.4.csv
5.90092,DATA_RX_OK,"rx=2,sender=0,delay_s=0.000924",bc_events_m0.4.csv
5.90092,DATA_RX_OK,"rx=1,sender=0,delay_s=0.000924",bc_events_m0.4.csv
5.90092,DATA_RX_OK,"rx=8,sender=0,delay_s=0.000924",bc_events_m0.4.csv
5.90092,DATA_RX_OK,"rx=10,sender=0,delay_s=0.000924",bc_events_m0.4.csv
5.90092,DATA_RX_OK,"rx=3,sender=0,delay_s=0.000924",bc_events_m0.4.csv
5.90092,DATA_RX_OK,"rx=7,sender=0,delay_s=0.000924",bc_events_m0.4.csv
5.90092,DATA_RX_OK,"rx=4,sender=0,delay_s=0.000924",bc_events_m0.4.csv
5.90092,DATA_RX_OK,"rx=9,sender=0,delay_s=0.000924",bc_events_m0.4.csv
5.90092,DATA_RX_OK,"rx=6,sender=0,delay_s=0.000924",bc_events_m0.4.csv
6,REPORT_SENT,"by=0,about=9,delta=-0.050000",bc_events_m0.4.csv
6,REPORT_SENT,"by=1,about=7,delta=0.020000",bc_events_m0.4.csv
6,REPORT_SENT,"by=2,about=0,delta=-0.050000",bc_events_m0.4.csv
6,REPORT_SENT,"by=3,about=4,delta=0.020000",bc_events_m0.4.csv
6,REPORT_SENT,"by=4,about=2,delta=-0.050000",bc_events_m0.4.csv
6,REPORT_SENT,"by=5,about=8,delta=0.020000",bc_events_m0.4.csv
6,REPORT_SENT,"by=6,about=8,delta=0.020000",bc_events_m0.4.csv
6,REPORT_SENT,"by=7,about=2,delta=0.020000",bc_events_m0.4.csv
6,REPORT_SENT,"by=8,about=7,delta=-0.050000",bc_events_m0.4.csv
6,REPORT_SENT,"by=9,about=3,delta=0.020000",bc_events_m0.4.csv
6.00019,REPORT_RX_RSU,"rsu=10,by=1,about=7,delta=0.020000",bc_events_m0.4.csv
6.00049,REPORT_RX_RSU,"rsu=10,by=5,about=8,delta=0.020000",bc_events_m0.4.csv
6.00062,REPORT_RX_RSU,"rsu=10,by=9,about=3,delta=0.020000",bc_events_m0.4.csv
6.00079,REPORT_RX_RSU,"rsu=10,by=0,about=9,delta=-0.050000",bc_events_m0.4.csv
6.00097,REPORT_RX_RSU,"rsu=10,by=4,about=2,delta=-0.050000",bc_events_m0.4.csv
6.00115,REPORT_RX_RSU,"rsu=10,by=8,about=7,delta=-0.050000",bc_events_m0.4.csv
6.00165,REPORT_RX_RSU,"rsu=10,by=7,about=2,delta=0.020000",bc_events_m0.4.csv
6.00167,DATA_DROP_SIG,"rx=11,sender=0,nonce=6000000000",bc_events_m0.4.csv
6.00167,DATA_DROP_SIG,"rx=5,sender=0,nonce=6000000000",bc_events_m0.4.csv
6.00167,DATA_DROP_SIG,"rx=2,sender=0,nonce=6000000000",bc_events_m0.4.csv
6.00167,DATA_DROP_SIG,"rx=1,sender=0,nonce=6000000000",bc_events_m0.4.csv
6.00167,DATA_DROP_SIG,"rx=8,sender=0,nonce=6000000000",bc_events_m0.4.csv
6.00167,DATA_DROP_SIG,"rx=10,sender=0,nonce=6000000000",bc_events_m0.4.csv
6.00167,DATA_DROP_SIG,"rx=3,sender=0,nonce=6000000000",bc_events_m0.4.csv
6.00167,DATA_DROP_SIG,"rx=7,sender=0,nonce=6000000000",bc_events_m0.4.csv
6.00167,DATA_DROP_SIG,"rx=4,sender=0,nonce=6000000000",bc_events_m0.4.csv
6.00167,DATA_DROP_SIG,"rx=9,sender=0,nonce=6000000000",bc_events_m0.4.csv
6.00167,DATA_DROP_SIG,"rx=6,sender=0,nonce=6000000000",bc_events_m0.4.csv
6.10066,DATA_RX_OK,"rx=11,sender=0,delay_s=0.000662",bc_events_m0.4.csv
6.10066,DATA_RX_OK,"rx=5,sender=0,delay_s=0.000662",bc_events_m0.4.csv
6.10066,DATA_RX_OK,"rx=1,sender=0,delay_s=0.000662",bc_events_m0.4.csv
6.10066,DATA_RX_OK,"rx=2,sender=0,delay_s=0.000662",bc_events_m0.4.csv
6.10066,DATA_RX_OK,"rx=8,sender=0,delay_s=0.000662",bc_events_m0.4.csv
6.10066,DATA_RX_OK,"rx=3,sender=0,delay_s=0.000662",bc_events_m0.4.csv
6.10066,DATA_RX_OK,"rx=10,sender=0,delay_s=0.000662",bc_events_m0.4.csv
6.10066,DATA_RX_OK,"rx=7,sender=0,delay_s=0.000662",bc_events_m0.4.csv
6.10066,DATA_RX_OK,"rx=9,sender=0,delay_s=0.000662",bc_events_m0.4.csv
6.10066,DATA_RX_OK,"rx=4,sender=0,delay_s=0.000662",bc_events_m0.4.csv
6.10066,DATA_RX_OK,"rx=6,sender=0,delay_s=0.000662",bc_events_m0.4.csv
6.2,REPLAY_SENT,nonce=6100000000,bc_events_m0.4.csv
6.20066,DATA_DROP_REPLAY,"rx=11,sender=0,nonce=6100000000",bc_events_m0.4.csv
6.20066,DATA_DROP_REPLAY,"rx=5,sender=0,nonce=6100000000",bc_events_m0.4.csv
6.20066,DATA_DROP_REPLAY,"rx=1,sender=0,nonce=6100000000",bc_events_m0.4.csv
6.20066,DATA_DROP_REPLAY,"rx=2,sender=0,nonce=6100000000",bc_events_m0.4.csv
6.20066,DATA_DROP_REPLAY,"rx=8,sender=0,nonce=6100000000",bc_events_m0.4.csv
6.20066,DATA_DROP_REPLAY,"rx=3,sender=0,nonce=6100000000",bc_events_m0.4.csv
6.20066,DATA_DROP_REPLAY,"rx=10,sender=0,nonce=6100000000",bc_events_m0.4.csv
6.20066,DATA_DROP_REPLAY,"rx=7,sender=0,nonce=6100000000",bc_events_m0.4.csv
6.20066,DATA_DROP_REPLAY,"rx=9,sender=0,nonce=6100000000",bc_events_m0.4.csv
6.20066,DATA_DROP_REPLAY,"rx=4,sender=0,nonce=6100000000",bc_events_m0.4.csv
6.20066,DATA_DROP_REPLAY,"rx=6,sender=0,nonce=6100000000",bc_events_m0.4.csv
6.20098,DATA_RX_OK,"rx=11,sender=0,delay_s=0.000978",bc_events_m0.4.csv
6.20098,DATA_RX_OK,"rx=5,sender=0,delay_s=0.000978",bc_events_m0.4.csv
6.20098,DATA_RX_OK,"rx=1,sender=0,delay_s=0.000978",bc_events_m0.4.csv
6.20098,DATA_RX_OK,"rx=2,sender=0,delay_s=0.000978",bc_events_m0.4.csv
6.20098,DATA_RX_OK,"rx=8,sender=0,delay_s=0.000978",bc_events_m0.4.csv
6.20098,DATA_RX_OK,"rx=3,sender=0,delay_s=0.000978",bc_events_m0.4.csv
6.20098,DATA_RX_OK,"rx=10,sender=0,delay_s=0.000978",bc_events_m0.4.csv
6.20098,DATA_RX_OK,"rx=7,sender=0,delay_s=0.000978",bc_events_m0.4.csv
6.20098,DATA_RX_OK,"rx=9,sender=0,delay_s=0.000978",bc_events_m0.4.csv
6.20098,DATA_RX_OK,"rx=4,sender=0,delay_s=0.000978",bc_events_m0.4.csv
6.20098,DATA_RX_OK,"rx=6,sender=0,delay_s=0.000978",bc_events_m0.4.csv
6.3,BLOCK_MINE_START,block_next=7,bc_events_m0.4.csv
6.30066,DATA_RX_OK,"rx=11,sender=0,delay_s=0.000662",bc_events_m0.4.csv
6.30066,DATA_RX_OK,"rx=5,sender=0,delay_s=0.000662",bc_events_m0.4.csv
6.30066,DATA_RX_OK,"rx=1,sender=0,delay_s=0.000662",bc_events_m0.4.csv
6.30066,DATA_RX_OK,"rx=2,sender=0,delay_s=0.000662",bc_events_m0.4.csv
6.30066,DATA_RX_OK,"rx=8,sender=0,delay_s=0.000662",bc_events_m0.4.csv
6.30066,DATA_RX_OK,"rx=3,sender=0,delay_s=0.000662",bc_events_m0.4.csv
6.30066,DATA_RX_OK,"rx=10,sender=0,delay_s=0.000662",bc_events_m0.4.csv
6.30066,DATA_RX_OK,"rx=7,sender=0,delay_s=0.000662",bc_events_m0.4.csv
6.30066,DATA_RX_OK,"rx=9,sender=0,delay_s=0.000662",bc_events_m0.4.csv
6.30066,DATA_RX_OK,"rx=4,sender=0,delay_s=0.000662",bc_events_m0.4.csv
6.30066,DATA_RX_OK,"rx=6,sender=0,delay_s=0.000662",bc_events_m0.4.csv
6.35,BLOCK_COMMIT_ITEM,"accused=7,delta=0.020000,trust=0.670000",bc_events_m0.4.csv
6.35,BLOCK_COMMIT_ITEM,"accused=8,delta=0.020000,trust=0.580000",bc_events_m0.4.csv
6.35,BLOCK_COMMIT_ITEM,"accused=3,delta=0.020000,trust=0.730000",bc_events_m0.4.csv
6.35,BLOCK_COMMIT_ITEM,"accused=9,delta=-0.050000,trust=0.690000",bc_events_m0.4.csv
6.35,BLOCK_COMMIT_ITEM,"accused=2,delta=-0.050000,trust=0.770000",bc_events_m0.4.csv
6.35,BLOCK_COMMIT_ITEM,"accused=7,delta=-0.050000,trust=0.620000",bc_events_m0.4.csv
6.35,BLOCK_COMMIT_ITEM,"accused=2,delta=0.020000,trust=0.790000",bc_events_m0.4.csv
6.35,BLOCK_COMMIT_DONE,"block=7,items=7,lat_s=0.050000",bc_events_m0.4.csv
6.40066,DATA_DROP_SIG,"rx=11,sender=0,nonce=6400000000",bc_events_m0.4.csv
6.40066,DATA_DROP_SIG,"rx=5,sender=0,nonce=6400000000",bc_events_m0.4.csv
6.40066,DATA_DROP_SIG,"rx=1,sender=0,nonce=6400000000",bc_events_m0.4.csv
6.40066,DATA_DROP_SIG,"rx=2,sender=0,nonce=6400000000",bc_events_m0.4.csv
6.40066,DATA_DROP_SIG,"rx=8,sender=0,nonce=6400000000",bc_events_m0.4.csv
6.40066,DATA_DROP_SIG,"rx=3,sender=0,nonce=6400000000",bc_events_m0.4.csv
6.40066,DATA_DROP_SIG,"rx=10,sender=0,nonce=6400000000",bc_events_m0.4.csv
6.40066,DATA_DROP_SIG,"rx=7,sender=0,nonce=6400000000",bc_events_m0.4.csv
6.40066,DATA_DROP_SIG,"rx=9,sender=0,nonce=6400000000",bc_events_m0.4.csv
6.40066,DATA_DROP_SIG,"rx=4,sender=0,nonce=6400000000",bc_events_m0.4.csv
6.40066,DATA_DROP_SIG,"rx=6,sender=0,nonce=6400000000",bc_events_m0.4.csv
6.5,REPLAY_SENT,nonce=6400000000,bc_events_m0.4.csv
6.50066,DATA_DROP_SIG,"rx=11,sender=0,nonce=6400000000",bc_events_m0.4.csv
6.50066,DATA_DROP_SIG,"rx=5,sender=0,nonce=6400000000",bc_events_m0.4.csv
6.50066,DATA_DROP_SIG,"rx=1,sender=0,nonce=6400000000",bc_events_m0.4.csv
6.50066,DATA_DROP_SIG,"rx=2,sender=0,nonce=6400000000",bc_events_m0.4.csv
6.50066,DATA_DROP_SIG,"rx=8,sender=0,nonce=6400000000",bc_events_m0.4.csv
6.50066,DATA_DROP_SIG,"rx=3,sender=0,nonce=6400000000",bc_events_m0.4.csv
6.50066,DATA_DROP_SIG,"rx=10,sender=0,nonce=6400000000",bc_events_m0.4.csv
6.50066,DATA_DROP_SIG,"rx=7,sender=0,nonce=6400000000",bc_events_m0.4.csv
6.50066,DATA_DROP_SIG,"rx=9,sender=0,nonce=6400000000",bc_events_m0.4.csv
6.50066,DATA_DROP_SIG,"rx=4,sender=0,nonce=6400000000",bc_events_m0.4.csv
6.50066,DATA_DROP_SIG,"rx=6,sender=0,nonce=6400000000",bc_events_m0.4.csv
6.50097,DATA_RX_OK,"rx=11,sender=0,delay_s=0.000969",bc_events_m0.4.csv
6.50097,DATA_RX_OK,"rx=5,sender=0,delay_s=0.000969",bc_events_m0.4.csv
6.50097,DATA_RX_OK,"rx=1,sender=0,delay_s=0.000969",bc_events_m0.4.csv
6.50097,DATA_RX_OK,"rx=2,sender=0,delay_s=0.000969",bc_events_m0.4.csv
6.50097,DATA_RX_OK,"rx=8,sender=0,delay_s=0.000969",bc_events_m0.4.csv
6.50097,DATA_RX_OK,"rx=3,sender=0,delay_s=0.000969",bc_events_m0.4.csv
6.50097,DATA_RX_OK,"rx=10,sender=0,delay_s=0.000969",bc_events_m0.4.csv
6.50097,DATA_RX_OK,"rx=7,sender=0,delay_s=0.000969",bc_events_m0.4.csv
6.50097,DATA_RX_OK,"rx=9,sender=0,delay_s=0.000969",bc_events_m0.4.csv
6.50097,DATA_RX_OK,"rx=4,sender=0,delay_s=0.000969",bc_events_m0.4.csv
6.50097,DATA_RX_OK,"rx=6,sender=0,delay_s=0.000969",bc_events_m0.4.csv
6.60066,DATA_DROP_SIG,"rx=11,sender=0,nonce=6600000000",bc_events_m0.4.csv
6.60066,DATA_DROP_SIG,"rx=5,sender=0,nonce=6600000000",bc_events_m0.4.csv
6.60066,DATA_DROP_SIG,"rx=1,sender=0,nonce=6600000000",bc_events_m0.4.csv
6.60066,DATA_DROP_SIG,"rx=2,sender=0,nonce=6600000000",bc_events_m0.4.csv
6.60066,DATA_DROP_SIG,"rx=8,sender=0,nonce=6600000000",bc_events_m0.4.csv
6.60066,DATA_DROP_SIG,"rx=3,sender=0,nonce=6600000000",bc_events_m0.4.csv
6.60066,DATA_DROP_SIG,"rx=10,sender=0,nonce=6600000000",bc_events_m0.4.csv
6.60066,DATA_DROP_SIG,"rx=7,sender=0,nonce=6600000000",bc_events_m0.4.csv
6.60066,DATA_DROP_SIG,"rx=9,sender=0,nonce=6600000000",bc_events_m0.4.csv
6.60066,DATA_DROP_SIG,"rx=4,sender=0,nonce=6600000000",bc_events_m0.4.csv
6.60066,DATA_DROP_SIG,"rx=6,sender=0,nonce=6600000000",bc_events_m0.4.csv
6.70066,DATA_DROP_SIG,"rx=11,sender=0,nonce=6700000000",bc_events_m0.4.csv
6.70066,DATA_DROP_SIG,"rx=5,sender=0,nonce=6700000000",bc_events_m0.4.csv
6.70066,DATA_DROP_SIG,"rx=1,sender=0,nonce=6700000000",bc_events_m0.4.csv
6.70066,DATA_DROP_SIG,"rx=2,sender=0,nonce=6700000000",bc_events_m0.4.csv
6.70066,DATA_DROP_SIG,"rx=8,sender=0,nonce=6700000000",bc_events_m0.4.csv
6.70066,DATA_DROP_SIG,"rx=3,sender=0,nonce=6700000000",bc_events_m0.4.csv
6.70066,DATA_DROP_SIG,"rx=10,sender=0,nonce=6700000000",bc_events_m0.4.csv
6.70066,DATA_DROP_SIG,"rx=7,sender=0,nonce=6700000000",bc_events_m0.4.csv
6.70066,DATA_DROP_SIG,"rx=9,sender=0,nonce=6700000000",bc_events_m0.4.csv
6.70066,DATA_DROP_SIG,"rx=4,sender=0,nonce=6700000000",bc_events_m0.4.csv
6.70066,DATA_DROP_SIG,"rx=6,sender=0,nonce=6700000000",bc_events_m0.4.csv
6.8,REPLAY_SENT,nonce=6700000000,bc_events_m0.4.csv
6.80066,DATA_DROP_SIG,"rx=11,sender=0,nonce=6700000000",bc_events_m0.4.csv
6.80066,DATA_DROP_SIG,"rx=5,sender=0,nonce=6700000000",bc_events_m0.4.csv
6.80066,DATA_DROP_SIG,"rx=1,sender=0,nonce=6700000000",bc_events_m0.4.csv
6.80066,DATA_DROP_SIG,"rx=2,sender=0,nonce=6700000000",bc_events_m0.4.csv
6.80066,DATA_DROP_SIG,"rx=8,sender=0,nonce=6700000000",bc_events_m0.4.csv
6.80066,DATA_DROP_SIG,"rx=3,sender=0,nonce=6700000000",bc_events_m0.4.csv
6.80066,DATA_DROP_SIG,"rx=10,sender=0,nonce=6700000000",bc_events_m0.4.csv
6.80066,DATA_DROP_SIG,"rx=9,sender=0,nonce=6700000000",bc_events_m0.4.csv
6.80066,DATA_DROP_SIG,"rx=7,sender=0,nonce=6700000000",bc_events_m0.4.csv
6.80066,DATA_DROP_SIG,"rx=4,sender=0,nonce=6700000000",bc_events_m0.4.csv
6.80066,DATA_DROP_SIG,"rx=6,sender=0,nonce=6700000000",bc_events_m0.4.csv
6.80094,DATA_RX_OK,"rx=11,sender=0,delay_s=0.000942",bc_events_m0.4.csv
6.80094,DATA_RX_OK,"rx=5,sender=0,delay_s=0.000942",bc_events_m0.4.csv
6.80094,DATA_RX_OK,"rx=1,sender=0,delay_s=0.000942",bc_events_m0.4.csv
6.80094,DATA_RX_OK,"rx=2,sender=0,delay_s=0.000942",bc_events_m0.4.csv
6.80094,DATA_RX_OK,"rx=8,sender=0,delay_s=0.000942",bc_events_m0.4.csv
6.80094,DATA_RX_OK,"rx=3,sender=0,delay_s=0.000942",bc_events_m0.4.csv
6.80094,DATA_RX_OK,"rx=10,sender=0,delay_s=0.000942",bc_events_m0.4.csv
6.80094,DATA_RX_OK,"rx=9,sender=0,delay_s=0.000942",bc_events_m0.4.csv
6.80094,DATA_RX_OK,"rx=7,sender=0,delay_s=0.000942",bc_events_m0.4.csv
6.80094,DATA_RX_OK,"rx=4,sender=0,delay_s=0.000942",bc_events_m0.4.csv
6.80094,DATA_RX_OK,"rx=6,sender=0,delay_s=0.000942",bc_events_m0.4.csv
6.90066,DATA_RX_OK,"rx=11,sender=0,delay_s=0.000662",bc_events_m0.4.csv
6.90066,DATA_RX_OK,"rx=1,sender=0,delay_s=0.000662",bc_events_m0.4.csv
6.90066,DATA_RX_OK,"rx=5,sender=0,delay_s=0.000662",bc_events_m0.4.csv
6.90066,DATA_RX_OK,"rx=2,sender=0,delay_s=0.000662",bc_events_m0.4.csv
6.90066,DATA_RX_OK,"rx=8,sender=0,delay_s=0.000662",bc_events_m0.4.csv
6.90066,DATA_RX_OK,"rx=3,sender=0,delay_s=0.000662",bc_events_m0.4.csv
6.90066,DATA_RX_OK,"rx=10,sender=0,delay_s=0.000662",bc_events_m0.4.csv
6.90066,DATA_RX_OK,"rx=9,sender=0,delay_s=0.000662",bc_events_m0.4.csv
6.90066,DATA_RX_OK,"rx=7,sender=0,delay_s=0.000662",bc_events_m0.4.csv
6.90066,DATA_RX_OK,"rx=4,sender=0,delay_s=0.000662",bc_events_m0.4.csv
6.90066,DATA_RX_OK,"rx=6,sender=0,delay_s=0.000662",bc_events_m0.4.csv
7,REPORT_SENT,"by=0,about=1,delta=-0.050000",bc_events_m0.4.csv
7,REPORT_SENT,"by=1,about=3,delta=-0.050000",bc_events_m0.4.csv
7,REPORT_SENT,"by=2,about=5,delta=0.020000",bc_events_m0.4.csv
7,REPORT_SENT,"by=3,about=0,delta=-0.050000",bc_events_m0.4.csv
7,REPORT_SENT,"by=4,about=7,delta=0.020000",bc_events_m0.4.csv
7,REPORT_SENT,"by=5,about=7,delta=-0.050000",bc_events_m0.4.csv
7,REPORT_SENT,"by=6,about=7,delta=-0.050000",bc_events_m0.4.csv
7,REPORT_SENT,"by=7,about=2,delta=-0.050000",bc_events_m0.4.csv
7,REPORT_SENT,"by=8,about=7,delta=0.020000",bc_events_m0.4.csv
7,REPORT_SENT,"by=9,about=6,delta=0.020000",bc_events_m0.4.csv
7.00019,REPORT_RX_RSU,"rsu=10,by=7,about=2,delta=-0.050000",bc_events_m0.4.csv
7.00033,REPORT_RX_RSU,"rsu=10,by=5,about=7,delta=-0.050000",bc_events_m0.4.csv
7.00059,REPORT_RX_RSU,"rsu=10,by=9,about=6,delta=0.020000",bc_events_m0.4.csv
7.00073,REPORT_RX_RSU,"rsu=10,by=4,about=7,delta=0.020000",bc_events_m0.4.csv
7.00085,REPORT_RX_RSU,"rsu=10,by=0,about=1,delta=-0.050000",bc_events_m0.4.csv
7.00125,REPORT_RX_RSU,"rsu=10,by=1,about=3,delta=-0.050000",bc_events_m0.4.csv
7.00136,DATA_RX_OK,"rx=11,sender=0,delay_s=0.001364",bc_events_m0.4.csv
7.00136,DATA_RX_OK,"rx=1,sender=0,delay_s=0.001364",bc_events_m0.4.csv
7.00136,DATA_RX_OK,"rx=5,sender=0,delay_s=0.001364",bc_events_m0.4.csv
7.00136,DATA_RX_OK,"rx=2,sender=0,delay_s=0.001364",bc_events_m0.4.csv
7.00136,DATA_RX_OK,"rx=8,sender=0,delay_s=0.001364",bc_events_m0.4.csv
7.00136,DATA_RX_OK,"rx=3,sender=0,delay_s=0.001364",bc_events_m0.4.csv
7.00136,DATA_RX_OK,"rx=10,sender=0,delay_s=0.001364",bc_events_m0.4.csv
7.00136,DATA_RX_OK,"rx=9,sender=0,delay_s=0.001364",bc_events_m0.4.csv
7.00136,DATA_RX_OK,"rx=7,sender=0,delay_s=0.001364",bc_events_m0.4.csv
7.00136,DATA_RX_OK,"rx=4,sender=0,delay_s=0.001364",bc_events_m0.4.csv
7.00136,DATA_RX_OK,"rx=6,sender=0,delay_s=0.001364",bc_events_m0.4.csv
7.00139,REPORT_RX_RSU,"rsu=10,by=8,about=7,delta=0.020000",bc_events_m0.4.csv
7.1,REPLAY_SENT,nonce=7000000000,bc_events_m0.4.csv
7.10066,DATA_DROP_REPLAY,"rx=1,sender=0,nonce=7000000000",bc_events_m0.4.csv
7.10066,DATA_DROP_REPLAY,"rx=11,sender=0,nonce=7000000000",bc_events_m0.4.csv
7.10066,DATA_DROP_REPLAY,"rx=2,sender=0,nonce=7000000000",bc_events_m0.4.csv
7.10066,DATA_DROP_REPLAY,"rx=5,sender=0,nonce=7000000000",bc_events_m0.4.csv
7.10066,DATA_DROP_REPLAY,"rx=8,sender=0,nonce=7000000000",bc_events_m0.4.csv
7.10066,DATA_DROP_REPLAY,"rx=3,sender=0,nonce=7000000000",bc_events_m0.4.csv
7.10066,DATA_DROP_REPLAY,"rx=10,sender=0,nonce=7000000000",bc_events_m0.4.csv
7.10066,DATA_DROP_REPLAY,"rx=9,sender=0,nonce=7000000000",bc_events_m0.4.csv
7.10066,DATA_DROP_REPLAY,"rx=7,sender=0,nonce=7000000000",bc_events_m0.4.csv
7.10066,DATA_DROP_REPLAY,"rx=4,sender=0,nonce=7000000000",bc_events_m0.4.csv
7.10066,DATA_DROP_REPLAY,"rx=6,sender=0,nonce=7000000000",bc_events_m0.4.csv
7.10105,DATA_DROP_SIG,"rx=1,sender=0,nonce=7100000000",bc_events_m0.4.csv
7.10105,DATA_DROP_SIG,"rx=11,sender=0,nonce=7100000000",bc_events_m0.4.csv
7.10105,DATA_DROP_SIG,"rx=2,sender=0,nonce=7100000000",bc_events_m0.4.csv
7.10105,DATA_DROP_SIG,"rx=5,sender=0,nonce=7100000000",bc_events_m0.4.csv
7.10105,DATA_DROP_SIG,"rx=8,sender=0,nonce=7100000000",bc_events_m0.4.csv
7.10105,DATA_DROP_SIG,"rx=3,sender=0,nonce=7100000000",bc_events_m0.4.csv
7.10105,DATA_DROP_SIG,"rx=10,sender=0,nonce=7100000000",bc_events_m0.4.csv
7.10105,DATA_DROP_SIG,"rx=9,sender=0,nonce=7100000000",bc_events_m0.4.csv
7.10105,DATA_DROP_SIG,"rx=7,sender=0,nonce=7100000000",bc_events_m0.4.csv
7.10105,DATA_DROP_SIG,"rx=4,sender=0,nonce=7100000000",bc_events_m0.4.csv
7.10105,DATA_DROP_SIG,"rx=6,sender=0,nonce=7100000000",bc_events_m0.4.csv
7.20066,DATA_DROP_SIG,"rx=1,sender=0,nonce=7200000000",bc_events_m0.4.csv
7.20066,DATA_DROP_SIG,"rx=11,sender=0,nonce=7200000000",bc_events_m0.4.csv
7.20066,DATA_DROP_SIG,"rx=2,sender=0,nonce=7200000000",bc_events_m0.4.csv
7.20066,DATA_DROP_SIG,"rx=5,sender=0,nonce=7200000000",bc_events_m0.4.csv
7.20066,DATA_DROP_SIG,"rx=8,sender=0,nonce=7200000000",bc_events_m0.4.csv
7.20066,DATA_DROP_SIG,"rx=3,sender=0,nonce=7200000000",bc_events_m0.4.csv
7.20066,DATA_DROP_SIG,"rx=10,sender=0,nonce=7200000000",bc_events_m0.4.csv
7.20066,DATA_DROP_SIG,"rx=9,sender=0,nonce=7200000000",bc_events_m0.4.csv
7.20066,DATA_DROP_SIG,"rx=7,sender=0,nonce=7200000000",bc_events_m0.4.csv
7.20066,DATA_DROP_SIG,"rx=4,sender=0,nonce=7200000000",bc_events_m0.4.csv
7.20066,DATA_DROP_SIG,"rx=6,sender=0,nonce=7200000000",bc_events_m0.4.csv
7.30066,DATA_DROP_SIG,"rx=1,sender=0,nonce=7300000000",bc_events_m0.4.csv
7.30066,DATA_DROP_SIG,"rx=11,sender=0,nonce=7300000000",bc_events_m0.4.csv
7.30066,DATA_DROP_SIG,"rx=2,sender=0,nonce=7300000000",bc_events_m0.4.csv
7.30066,DATA_DROP_SIG,"rx=5,sender=0,nonce=7300000000",bc_events_m0.4.csv
7.30066,DATA_DROP_SIG,"rx=8,sender=0,nonce=7300000000",bc_events_m0.4.csv
7.30066,DATA_DROP_SIG,"rx=3,sender=0,nonce=7300000000",bc_events_m0.4.csv
7.30066,DATA_DROP_SIG,"rx=10,sender=0,nonce=7300000000",bc_events_m0.4.csv
7.30066,DATA_DROP_SIG,"rx=9,sender=0,nonce=7300000000",bc_events_m0.4.csv
7.30066,DATA_DROP_SIG,"rx=7,sender=0,nonce=7300000000",bc_events_m0.4.csv
7.30066,DATA_DROP_SIG,"rx=4,sender=0,nonce=7300000000",bc_events_m0.4.csv
7.30066,DATA_DROP_SIG,"rx=6,sender=0,nonce=7300000000",bc_events_m0.4.csv
7.35,BLOCK_MINE_START,block_next=8,bc_events_m0.4.csv
7.4,REPLAY_SENT,nonce=7300000000,bc_events_m0.4.csv
7.4,BLOCK_COMMIT_ITEM,"accused=2,delta=-0.050000,trust=0.740000",bc_events_m0.4.csv
7.4,BLOCK_COMMIT_ITEM,"accused=7,delta=-0.050000,trust=0.570000",bc_events_m0.4.csv
7.4,BLOCK_COMMIT_ITEM,"accused=6,delta=0.020000,trust=0.770000",bc_events_m0.4.csv
7.4,BLOCK_COMMIT_ITEM,"accused=7,delta=0.020000,trust=0.590000",bc_events_m0.4.csv
7.4,BLOCK_COMMIT_ITEM,"accused=1,delta=-0.050000,trust=0.550000",bc_events_m0.4.csv
7.4,BLOCK_COMMIT_ITEM,"accused=3,delta=-0.050000,trust=0.680000",bc_events_m0.4.csv
7.4,BLOCK_COMMIT_ITEM,"accused=7,delta=0.020000,trust=0.610000",bc_events_m0.4.csv
7.4,BLOCK_COMMIT_DONE,"block=8,items=7,lat_s=0.050000",bc_events_m0.4.csv
7.40066,DATA_DROP_SIG,"rx=1,sender=0,nonce=7300000000",bc_events_m0.4.csv
7.40066,DATA_DROP_SIG,"rx=11,sender=0,nonce=7300000000",bc_events_m0.4.csv
7.40066,DATA_DROP_SIG,"rx=2,sender=0,nonce=7300000000",bc_events_m0.4.csv
7.40066,DATA_DROP_SIG,"rx=5,sender=0,nonce=7300000000",bc_events_m0.4.csv
7.40066,DATA_DROP_SIG,"rx=8,sender=0,nonce=7300000000",bc_events_m0.4.csv
7.40066,DATA_DROP_SIG,"rx=3,sender=0,nonce=7300000000",bc_events_m0.4.csv
7.40066,DATA_DROP_SIG,"rx=10,sender=0,nonce=7300000000",bc_events_m0.4.csv
7.40066,DATA_DROP_SIG,"rx=9,sender=0,nonce=7300000000",bc_events_m0.4.csv
7.40066,DATA_DROP_SIG,"rx=7,sender=0,nonce=7300000000",bc_events_m0.4.csv
7.40066,DATA_DROP_SIG,"rx=4,sender=0,nonce=7300000000",bc_events_m0.4.csv
7.40066,DATA_DROP_SIG,"rx=6,sender=0,nonce=7300000000",bc_events_m0.4.csv
7.40099,DATA_RX_OK,"rx=1,sender=0,delay_s=0.000987",bc_events_m0.4.csv
7.40099,DATA_RX_OK,"rx=11,sender=0,delay_s=0.000987",bc_events_m0.4.csv
7.40099,DATA_RX_OK,"rx=2,sender=0,delay_s=0.000987",bc_events_m0.4.csv
7.40099,DATA_RX_OK,"rx=5,sender=0,delay_s=0.000987",bc_events_m0.4.csv
7.40099,DATA_RX_OK,"rx=8,sender=0,delay_s=0.000987",bc_events_m0.4.csv
7.40099,DATA_RX_OK,"rx=3,sender=0,delay_s=0.000987",bc_events_m0.4.csv
7.40099,DATA_RX_OK,"rx=10,sender=0,delay_s=0.000987",bc_events_m0.4.csv
7.40099,DATA_RX_OK,"rx=9,sender=0,delay_s=0.000987",bc_events_m0.4.csv
7.40099,DATA_RX_OK,"rx=7,sender=0,delay_s=0.000987",bc_events_m0.4.csv
7.40099,DATA_RX_OK,"rx=4,sender=0,delay_s=0.000987",bc_events_m0.4.csv
7.40099,DATA_RX_OK,"rx=6,sender=0,delay_s=0.000987",bc_events_m0.4.csv
7.50066,DATA_RX_OK,"rx=1,sender=0,delay_s=0.000662",bc_events_m0.4.csv
7.50066,DATA_RX_OK,"rx=11,sender=0,delay_s=0.000662",bc_events_m0.4.csv
7.50066,DATA_RX_OK,"rx=2,sender=0,delay_s=0.000662",bc_events_m0.4.csv
7.50066,DATA_RX_OK,"rx=5,sender=0,delay_s=0.000662",bc_events_m0.4.csv
7.50066,DATA_RX_OK,"rx=8,sender=0,delay_s=0.000662",bc_events_m0.4.csv
7.50066,DATA_RX_OK,"rx=3,sender=0,delay_s=0.000662",bc_events_m0.4.csv
7.50066,DATA_RX_OK,"rx=10,sender=0,delay_s=0.000662",bc_events_m0.4.csv
7.50066,DATA_RX_OK,"rx=9,sender=0,delay_s=0.000662",bc_events_m0.4.csv
7.50066,DATA_RX_OK,"rx=7,sender=0,delay_s=0.000662",bc_events_m0.4.csv
7.50066,DATA_RX_OK,"rx=4,sender=0,delay_s=0.000662",bc_events_m0.4.csv
7.50066,DATA_RX_OK,"rx=6,sender=0,delay_s=0.000662",bc_events_m0.4.csv
7.60066,DATA_RX_OK,"rx=1,sender=0,delay_s=0.000662",bc_events_m0.4.csv
7.60066,DATA_RX_OK,"rx=11,sender=0,delay_s=0.000662",bc_events_m0.4.csv
7.60066,DATA_RX_OK,"rx=2,sender=0,delay_s=0.000662",bc_events_m0.4.csv
7.60066,DATA_RX_OK,"rx=5,sender=0,delay_s=0.000662",bc_events_m0.4.csv
7.60066,DATA_RX_OK,"rx=8,sender=0,delay_s=0.000662",bc_events_m0.4.csv
7.60066,DATA_RX_OK,"rx=3,sender=0,delay_s=0.000662",bc_events_m0.4.csv
7.60066,DATA_RX_OK,"rx=10,sender=0,delay_s=0.000662",bc_events_m0.4.csv
7.60066,DATA_RX_OK,"rx=9,sender=0,delay_s=0.000662",bc_events_m0.4.csv
7.60066,DATA_RX_OK,"rx=7,sender=0,delay_s=0.000662",bc_events_m0.4.csv
7.60066,DATA_RX_OK,"rx=4,sender=0,delay_s=0.000662",bc_events_m0.4.csv
7.60066,DATA_RX_OK,"rx=6,sender=0,delay_s=0.000662",bc_events_m0.4.csv
7.7,REPLAY_SENT,nonce=7600000000,bc_events_m0.4.csv
7.70066,DATA_DROP_REPLAY,"rx=1,sender=0,nonce=7600000000",bc_events_m0.4.csv
7.70066,DATA_DROP_REPLAY,"rx=11,sender=0,nonce=7600000000",bc_events_m0.4.csv
7.70066,DATA_DROP_REPLAY,"rx=2,sender=0,nonce=7600000000",bc_events_m0.4.csv
7.70066,DATA_DROP_REPLAY,"rx=5,sender=0,nonce=7600000000",bc_events_m0.4.csv
7.70066,DATA_DROP_REPLAY,"rx=8,sender=0,nonce=7600000000",bc_events_m0.4.csv
7.70066,DATA_DROP_REPLAY,"rx=3,sender=0,nonce=7600000000",bc_events_m0.4.csv
7.70066,DATA_DROP_REPLAY,"rx=10,sender=0,nonce=7600000000",bc_events_m0.4.csv
7.70066,DATA_DROP_REPLAY,"rx=9,sender=0,nonce=7600000000",bc_events_m0.4.csv
7.70066,DATA_DROP_REPLAY,"rx=4,sender=0,nonce=7600000000",bc_events_m0.4.csv
7.70066,DATA_DROP_REPLAY,"rx=7,sender=0,nonce=7600000000",bc_events_m0.4.csv
7.70066,DATA_DROP_REPLAY,"rx=6,sender=0,nonce=7600000000",bc_events_m0.4.csv
7.70101,DATA_RX_OK,"rx=1,sender=0,delay_s=0.001014",bc_events_m0.4.csv
7.70101,DATA_RX_OK,"rx=11,sender=0,delay_s=0.001014",bc_events_m0.4.csv
7.70101,DATA_RX_OK,"rx=2,sender=0,delay_s=0.001014",bc_events_m0.4.csv
7.70101,DATA_RX_OK,"rx=5,sender=0,delay_s=0.001014",bc_events_m0.4.csv
7.70101,DATA_RX_OK,"rx=8,sender=0,delay_s=0.001014",bc_events_m0.4.csv
7.70101,DATA_RX_OK,"rx=3,sender=0,delay_s=0.001014",bc_events_m0.4.csv
7.70101,DATA_RX_OK,"rx=10,sender=0,delay_s=0.001014",bc_events_m0.4.csv
7.70101,DATA_RX_OK,"rx=9,sender=0,delay_s=0.001014",bc_events_m0.4.csv
7.70101,DATA_RX_OK,"rx=4,sender=0,delay_s=0.001014",bc_events_m0.4.csv
7.70101,DATA_RX_OK,"rx=7,sender=0,delay_s=0.001014",bc_events_m0.4.csv
7.70101,DATA_RX_OK,"rx=6,sender=0,delay_s=0.001014",bc_events_m0.4.csv
7.80066,DATA_DROP_SIG,"rx=1,sender=0,nonce=7800000000",bc_events_m0.4.csv
7.80066,DATA_DROP_SIG,"rx=11,sender=0,nonce=7800000000",bc_events_m0.4.csv
7.80066,DATA_DROP_SIG,"rx=2,sender=0,nonce=7800000000",bc_events_m0.4.csv
7.80066,DATA_DROP_SIG,"rx=5,sender=0,nonce=7800000000",bc_events_m0.4.csv
7.80066,DATA_DROP_SIG,"rx=8,sender=0,nonce=7800000000",bc_events_m0.4.csv
7.80066,DATA_DROP_SIG,"rx=3,sender=0,nonce=7800000000",bc_events_m0.4.csv
7.80066,DATA_DROP_SIG,"rx=10,sender=0,nonce=7800000000",bc_events_m0.4.csv
7.80066,DATA_DROP_SIG,"rx=9,sender=0,nonce=7800000000",bc_events_m0.4.csv
7.80066,DATA_DROP_SIG,"rx=4,sender=0,nonce=7800000000",bc_events_m0.4.csv
7.80066,DATA_DROP_SIG,"rx=7,sender=0,nonce=7800000000",bc_events_m0.4.csv
7.80066,DATA_DROP_SIG,"rx=6,sender=0,nonce=7800000000",bc_events_m0.4.csv
7.90066,DATA_RX_OK,"rx=1,sender=0,delay_s=0.000662",bc_events_m0.4.csv
7.90066,DATA_RX_OK,"rx=11,sender=0,delay_s=0.000662",bc_events_m0.4.csv
7.90066,DATA_RX_OK,"rx=2,sender=0,delay_s=0.000662",bc_events_m0.4.csv
7.90066,DATA_RX_OK,"rx=5,sender=0,delay_s=0.000662",bc_events_m0.4.csv
7.90066,DATA_RX_OK,"rx=8,sender=0,delay_s=0.000662",bc_events_m0.4.csv
7.90066,DATA_RX_OK,"rx=3,sender=0,delay_s=0.000662",bc_events_m0.4.csv
7.90066,DATA_RX_OK,"rx=10,sender=0,delay_s=0.000662",bc_events_m0.4.csv
7.90066,DATA_RX_OK,"rx=9,sender=0,delay_s=0.000662",bc_events_m0.4.csv
7.90066,DATA_RX_OK,"rx=4,sender=0,delay_s=0.000662",bc_events_m0.4.csv
7.90066,DATA_RX_OK,"rx=7,sender=0,delay_s=0.000662",bc_events_m0.4.csv
7.90066,DATA_RX_OK,"rx=6,sender=0,delay_s=0.000662",bc_events_m0.4.csv
8,REPORT_SENT,"by=0,about=8,delta=0.020000",bc_events_m0.4.csv
8,REPORT_SENT,"by=1,about=7,delta=0.020000",bc_events_m0.4.csv
8,REPORT_SENT,"by=2,about=9,delta=-0.050000",bc_events_m0.4.csv
8,REPORT_SENT,"by=3,about=8,delta=0.020000",bc_events_m0.4.csv
8,REPORT_SENT,"by=4,about=5,delta=0.020000",bc_events_m0.4.csv
8,REPORT_SENT,"by=5,about=9,delta=0.020000",bc_events_m0.4.csv
8,REPORT_SENT,"by=6,about=0,delta=0.020000",bc_events_m0.4.csv
8,REPORT_SENT,"by=7,about=9,delta=0.020000",bc_events_m0.4.csv
8,REPORT_SENT,"by=8,about=9,delta=0.020000",bc_events_m0.4.csv
8,REPORT_SENT,"by=9,about=3,delta=0.020000",bc_events_m0.4.csv
8,REPLAY_SENT,nonce=7900000000,bc_events_m0.4.csv
8.00021,REPORT_RX_RSU,"rsu=10,by=7,about=9,delta=0.020000",bc_events_m0.4.csv
8.00044,REPORT_RX_RSU,"rsu=10,by=0,about=8,delta=0.020000",bc_events_m0.4.csv
8.00057,REPORT_RX_RSU,"rsu=10,by=9,about=3,delta=0.020000",bc_events_m0.4.csv
8.00096,REPORT_RX_RSU,"rsu=10,by=8,about=9,delta=0.020000",bc_events_m0.4.csv
8.00108,DATA_DROP_REPLAY,"rx=1,sender=0,nonce=7900000000",bc_events_m0.4.csv
8.00108,DATA_DROP_REPLAY,"rx=11,sender=0,nonce=7900000000",bc_events_m0.4.csv
8.00108,DATA_DROP_REPLAY,"rx=2,sender=0,nonce=7900000000",bc_events_m0.4.csv
8.00108,DATA_DROP_REPLAY,"rx=8,sender=0,nonce=7900000000",bc_events_m0.4.csv
8.00108,DATA_DROP_REPLAY,"rx=5,sender=0,nonce=7900000000",bc_events_m0.4.csv
8.00108,DATA_DROP_REPLAY,"rx=3,sender=0,nonce=7900000000",bc_events_m0.4.csv
8.00108,DATA_DROP_REPLAY,"rx=10,sender=0,nonce=7900000000",bc_events_m0.4.csv
8.00108,DATA_DROP_REPLAY,"rx=9,sender=0,nonce=7900000000",bc_events_m0.4.csv
8.00108,DATA_DROP_REPLAY,"rx=4,sender=0,nonce=7900000000",bc_events_m0.4.csv
8.00108,DATA_DROP_REPLAY,"rx=7,sender=0,nonce=7900000000",bc_events_m0.4.csv
8.00108,DATA_DROP_REPLAY,"rx=6,sender=0,nonce=7900000000",bc_events_m0.4.csv
8.0011,REPORT_RX_RSU,"rsu=10,by=4,about=5,delta=0.020000",bc_events_m0.4.csv
8.00167,REPORT_RX_RSU,"rsu=10,by=1,about=7,delta=0.020000",bc_events_m0.4.csv
8.00179,DATA_RX_OK,"rx=1,sender=0,delay_s=0.001794",bc_events_m0.4.csv
8.00179,DATA_RX_OK,"rx=11,sender=0,delay_s=0.001794",bc_events_m0.4.csv
8.00179,DATA_RX_OK,"rx=2,sender=0,delay_s=0.001794",bc_events_m0.4.csv
8.00179,DATA_RX_OK,"rx=8,sender=0,delay_s=0.001794",bc_events_m0.4.csv
8.00179,DATA_RX_OK,"rx=5,sender=0,delay_s=0.001794",bc_events_m0.4.csv
8.00179,DATA_RX_OK,"rx=3,sender=0,delay_s=0.001794",bc_events_m0.4.csv
8.00179,DATA_RX_OK,"rx=10,sender=0,delay_s=0.001794",bc_events_m0.4.csv
8.00179,DATA_RX_OK,"rx=9,sender=0,delay_s=0.001794",bc_events_m0.4.csv
8.00179,DATA_RX_OK,"rx=4,sender=0,delay_s=0.001794",bc_events_m0.4.csv
8.00179,DATA_RX_OK,"rx=7,sender=0,delay_s=0.001794",bc_events_m0.4.csv
8.00179,DATA_RX_OK,"rx=6,sender=0,delay_s=0.001794",bc_events_m0.4.csv
8.00229,REPORT_RX_RSU,"rsu=10,by=5,about=9,delta=0.020000",bc_events_m0.4.csv
8.10066,DATA_RX_OK,"rx=1,sender=0,delay_s=0.000662",bc_events_m0.4.csv
8.10066,DATA_RX_OK,"rx=11,sender=0,delay_s=0.000662",bc_events_m0.4.csv
8.10066,DATA_RX_OK,"rx=2,sender=0,delay_s=0.000662",bc_events_m0.4.csv
8.10066,DATA_RX_OK,"rx=8,sender=0,delay_s=0.000662",bc_events_m0.4.csv
8.10066,DATA_RX_OK,"rx=5,sender=0,delay_s=0.000662",bc_events_m0.4.csv
8.10066,DATA_RX_OK,"rx=3,sender=0,delay_s=0.000662",bc_events_m0.4.csv
8.10066,DATA_RX_OK,"rx=10,sender=0,delay_s=0.000662",bc_events_m0.4.csv
8.10066,DATA_RX_OK,"rx=4,sender=0,delay_s=0.000662",bc_events_m0.4.csv
8.10066,DATA_RX_OK,"rx=9,sender=0,delay_s=0.000662",bc_events_m0.4.csv
8.10066,DATA_RX_OK,"rx=7,sender=0,delay_s=0.000662",bc_events_m0.4.csv
8.10066,DATA_RX_OK,"rx=6,sender=0,delay_s=0.000662",bc_events_m0.4.csv
8.20066,DATA_DROP_SIG,"rx=1,sender=0,nonce=8200000000",bc_events_m0.4.csv
8.20066,DATA_DROP_SIG,"rx=11,sender=0,nonce=8200000000",bc_events_m0.4.csv
8.20066,DATA_DROP_SIG,"rx=2,sender=0,nonce=8200000000",bc_events_m0.4.csv
8.20066,DATA_DROP_SIG,"rx=8,sender=0,nonce=8200000000",bc_events_m0.4.csv
8.20066,DATA_DROP_SIG,"rx=5,sender=0,nonce=8200000000",bc_events_m0.4.csv
8.20066,DATA_DROP_SIG,"rx=3,sender=0,nonce=8200000000",bc_events_m0.4.csv
8.20066,DATA_DROP_SIG,"rx=10,sender=0,nonce=8200000000",bc_events_m0.4.csv
8.20066,DATA_DROP_SIG,"rx=4,sender=0,nonce=8200000000",bc_events_m0.4.csv
8.20066,DATA_DROP_SIG,"rx=9,sender=0,nonce=8200000000",bc_events_m0.4.csv
8.20066,DATA_DROP_SIG,"rx=7,sender=0,nonce=8200000000",bc_events_m0.4.csv
8.20066,DATA_DROP_SIG,"rx=6,sender=0,nonce=8200000000",bc_events_m0.4.csv
8.3,REPLAY_SENT,nonce=8200000000,bc_events_m0.4.csv
8.30066,DATA_DROP_SIG,"rx=1,sender=0,nonce=8200000000",bc_events_m0.4.csv
8.30066,DATA_DROP_SIG,"rx=11,sender=0,nonce=8200000000",bc_events_m0.4.csv
8.30066,DATA_DROP_SIG,"rx=2,sender=0,nonce=8200000000",bc_events_m0.4.csv
8.30066,DATA_DROP_SIG,"rx=8,sender=0,nonce=8200000000",bc_events_m0.4.csv
8.30066,DATA_DROP_SIG,"rx=5,sender=0,nonce=8200000000",bc_events_m0.4.csv
8.30066,DATA_DROP_SIG,"rx=3,sender=0,nonce=8200000000",bc_events_m0.4.csv
8.30066,DATA_DROP_SIG,"rx=10,sender=0,nonce=8200000000",bc_events_m0.4.csv
8.30066,DATA_DROP_SIG,"rx=4,sender=0,nonce=8200000000",bc_events_m0.4.csv
8.30066,DATA_DROP_SIG,"rx=9,sender=0,nonce=8200000000",bc_events_m0.4.csv
8.30066,DATA_DROP_SIG,"rx=7,sender=0,nonce=8200000000",bc_events_m0.4.csv
8.30066,DATA_DROP_SIG,"rx=6,sender=0,nonce=8200000000",bc_events_m0.4.csv
8.30094,DATA_RX_OK,"rx=1,sender=0,delay_s=0.000942",bc_events_m0.4.csv
8.30094,DATA_RX_OK,"rx=11,sender=0,delay_s=0.000942",bc_events_m0.4.csv
8.30094,DATA_RX_OK,"rx=2,sender=0,delay_s=0.000942",bc_events_m0.4.csv
8.30094,DATA_RX_OK,"rx=8,sender=0,delay_s=0.000942",bc_events_m0.4.csv
8.30094,DATA_RX_OK,"rx=5,sender=0,delay_s=0.000942",bc_events_m0.4.csv
8.30094,DATA_RX_OK,"rx=3,sender=0,delay_s=0.000942",bc_events_m0.4.csv
8.30094,DATA_RX_OK,"rx=10,sender=0,delay_s=0.000942",bc_events_m0.4.csv
8.30094,DATA_RX_OK,"rx=4,sender=0,delay_s=0.000942",bc_events_m0.4.csv
8.30094,DATA_RX_OK,"rx=9,sender=0,delay_s=0.000942",bc_events_m0.4.csv
8.30094,DATA_RX_OK,"rx=7,sender=0,delay_s=0.000942",bc_events_m0.4.csv
8.30094,DATA_RX_OK,"rx=6,sender=0,delay_s=0.000942",bc_events_m0.4.csv
8.4,BLOCK_MINE_START,block_next=9,bc_events_m0.4.csv
8.40066,DATA_DROP_SIG,"rx=1,sender=0,nonce=8400000000",bc_events_m0.4.csv
8.40066,DATA_DROP_SIG,"rx=11,sender=0,nonce=8400000000",bc_events_m0.4.csv
8.40066,DATA_DROP_SIG,"rx=2,sender=0,nonce=8400000000",bc_events_m0.4.csv
8.40066,DATA_DROP_SIG,"rx=8,sender=0,nonce=8400000000",bc_events_m0.4.csv
8.40066,DATA_DROP_SIG,"rx=5,sender=0,nonce=8400000000",bc_events_m0.4.csv
8.40066,DATA_DROP_SIG,"rx=3,sender=0,nonce=8400000000",bc_events_m0.4.csv
8.40066,DATA_DROP_SIG,"rx=10,sender=0,nonce=8400000000",bc_events_m0.4.csv
8.40066,DATA_DROP_SIG,"rx=4,sender=0,nonce=8400000000",bc_events_m0.4.csv
8.40066,DATA_DROP_SIG,"rx=9,sender=0,nonce=8400000000",bc_events_m0.4.csv
8.40066,DATA_DROP_SIG,"rx=7,sender=0,nonce=8400000000",bc_events_m0.4.csv
8.40066,DATA_DROP_SIG,"rx=6,sender=0,nonce=8400000000",bc_events_m0.4.csv
8.45,BLOCK_COMMIT_ITEM,"accused=9,delta=0.020000,trust=0.710000",bc_events_m0.4.csv
8.45,BLOCK_COMMIT_ITEM,"accused=8,delta=0.020000,trust=0.600000",bc_events_m0.4.csv
8.45,BLOCK_COMMIT_ITEM,"accused=3,delta=0.020000,trust=0.700000",bc_events_m0.4.csv
8.45,BLOCK_COMMIT_ITEM,"accused=9,delta=0.020000,trust=0.730000",bc_events_m0.4.csv
8.45,BLOCK_COMMIT_ITEM,"accused=5,delta=0.020000,trust=0.620000",bc_events_m0.4.csv
8.45,BLOCK_COMMIT_ITEM,"accused=7,delta=0.020000,trust=0.630000",bc_events_m0.4.csv
8.45,BLOCK_COMMIT_ITEM,"accused=9,delta=0.020000,trust=0.750000",bc_events_m0.4.csv
8.45,BLOCK_COMMIT_DONE,"block=9,items=7,lat_s=0.050000",bc_events_m0.4.csv
8.50066,DATA_DROP_SIG,"rx=1,sender=0,nonce=8500000000",bc_events_m0.4.csv
8.50066,DATA_DROP_SIG,"rx=11,sender=0,nonce=8500000000",bc_events_m0.4.csv
8.50066,DATA_DROP_SIG,"rx=2,sender=0,nonce=8500000000",bc_events_m0.4.csv
8.50066,DATA_DROP_SIG,"rx=8,sender=0,nonce=8500000000",bc_events_m0.4.csv
8.50066,DATA_DROP_SIG,"rx=5,sender=0,nonce=8500000000",bc_events_m0.4.csv
8.50066,DATA_DROP_SIG,"rx=3,sender=0,nonce=8500000000",bc_events_m0.4.csv
8.50066,DATA_DROP_SIG,"rx=10,sender=0,nonce=8500000000",bc_events_m0.4.csv
8.50066,DATA_DROP_SIG,"rx=4,sender=0,nonce=8500000000",bc_events_m0.4.csv
8.50066,DATA_DROP_SIG,"rx=9,sender=0,nonce=8500000000",bc_events_m0.4.csv
8.50066,DATA_DROP_SIG,"rx=7,sender=0,nonce=8500000000",bc_events_m0.4.csv
8.50066,DATA_DROP_SIG,"rx=6,sender=0,nonce=8500000000",bc_events_m0.4.csv
8.6,REPLAY_SENT,nonce=8500000000,bc_events_m0.4.csv
8.60066,DATA_DROP_SIG,"rx=1,sender=0,nonce=8500000000",bc_events_m0.4.csv
8.60066,DATA_DROP_SIG,"rx=11,sender=0,nonce=8500000000",bc_events_m0.4.csv
8.60066,DATA_DROP_SIG,"rx=2,sender=0,nonce=8500000000",bc_events_m0.4.csv
8.60066,DATA_DROP_SIG,"rx=8,sender=0,nonce=8500000000",bc_events_m0.4.csv
8.60066,DATA_DROP_SIG,"rx=3,sender=0,nonce=8500000000",bc_events_m0.4.csv
8.60066,DATA_DROP_SIG,"rx=5,sender=0,nonce=8500000000",bc_events_m0.4.csv
8.60066,DATA_DROP_SIG,"rx=10,sender=0,nonce=8500000000",bc_events_m0.4.csv
8.60066,DATA_DROP_SIG,"rx=4,sender=0,nonce=8500000000",bc_events_m0.4.csv
8.60066,DATA_DROP_SIG,"rx=9,sender=0,nonce=8500000000",bc_events_m0.4.csv
8.60066,DATA_DROP_SIG,"rx=7,sender=0,nonce=8500000000",bc_events_m0.4.csv
8.60066,DATA_DROP_SIG,"rx=6,sender=0,nonce=8500000000",bc_events_m0.4.csv
8.60099,DATA_RX_OK,"rx=1,sender=0,delay_s=0.000987",bc_events_m0.4.csv
8.60099,DATA_RX_OK,"rx=11,sender=0,delay_s=0.000987",bc_events_m0.4.csv
8.60099,DATA_RX_OK,"rx=2,sender=0,delay_s=0.000987",bc_events_m0.4.csv
8.60099,DATA_RX_OK,"rx=8,sender=0,delay_s=0.000987",bc_events_m0.4.csv
8.60099,DATA_RX_OK,"rx=3,sender=0,delay_s=0.000987",bc_events_m0.4.csv
8.60099,DATA_RX_OK,"rx=5,sender=0,delay_s=0.000987",bc_events_m0.4.csv
8.60099,DATA_RX_OK,"rx=10,sender=0,delay_s=0.000987",bc_events_m0.4.csv
8.60099,DATA_RX_OK,"rx=4,sender=0,delay_s=0.000987",bc_events_m0.4.csv
8.60099,DATA_RX_OK,"rx=9,sender=0,delay_s=0.000987",bc_events_m0.4.csv
8.60099,DATA_RX_OK,"rx=7,sender=0,delay_s=0.000987",bc_events_m0.4.csv
8.60099,DATA_RX_OK,"rx=6,sender=0,delay_s=0.000987",bc_events_m0.4.csv
8.70066,DATA_RX_OK,"rx=1,sender=0,delay_s=0.000662",bc_events_m0.4.csv
8.70066,DATA_RX_OK,"rx=11,sender=0,delay_s=0.000662",bc_events_m0.4.csv
8.70066,DATA_RX_OK,"rx=2,sender=0,delay_s=0.000662",bc_events_m0.4.csv
8.70066,DATA_RX_OK,"rx=8,sender=0,delay_s=0.000662",bc_events_m0.4.csv
8.70066,DATA_RX_OK,"rx=3,sender=0,delay_s=0.000662",bc_events_m0.4.csv
8.70066,DATA_RX_OK,"rx=5,sender=0,delay_s=0.000662",bc_events_m0.4.csv
8.70066,DATA_RX_OK,"rx=10,sender=0,delay_s=0.000662",bc_events_m0.4.csv
8.70066,DATA_RX_OK,"rx=4,sender=0,delay_s=0.000662",bc_events_m0.4.csv
8.70066,DATA_RX_OK,"rx=9,sender=0,delay_s=0.000662",bc_events_m0.4.csv
8.70066,DATA_RX_OK,"rx=6,sender=0,delay_s=0.000662",bc_events_m0.4.csv
8.70066,DATA_RX_OK,"rx=7,sender=0,delay_s=0.000662",bc_events_m0.4.csv
8.80066,DATA_RX_OK,"rx=1,sender=0,delay_s=0.000662",bc_events_m0.4.csv
8.80066,DATA_RX_OK,"rx=11,sender=0,delay_s=0.000662",bc_events_m0.4.csv
8.80066,DATA_RX_OK,"rx=2,sender=0,delay_s=0.000662",bc_events_m0.4.csv
8.80066,DATA_RX_OK,"rx=8,sender=0,delay_s=0.000662",bc_events_m0.4.csv
8.80066,DATA_RX_OK,"rx=3,sender=0,delay_s=0.000662",bc_events_m0.4.csv
8.80066,DATA_RX_OK,"rx=5,sender=0,delay_s=0.000662",bc_events_m0.4.csv
8.80066,DATA_RX_OK,"rx=10,sender=0,delay_s=0.000662",bc_events_m0.4.csv
8.80066,DATA_RX_OK,"rx=4,sender=0,delay_s=0.000662",bc_events_m0.4.csv
8.80066,DATA_RX_OK,"rx=9,sender=0,delay_s=0.000662",bc_events_m0.4.csv
8.80066,DATA_RX_OK,"rx=6,sender=0,delay_s=0.000662",bc_events_m0.4.csv
8.80066,DATA_RX_OK,"rx=7,sender=0,delay_s=0.000662",bc_events_m0.4.csv
8.9,REPLAY_SENT,nonce=8800000000,bc_events_m0.4.csv
8.90066,DATA_DROP_REPLAY,"rx=11,sender=0,nonce=8800000000",bc_events_m0.4.csv
8.90066,DATA_DROP_REPLAY,"rx=1,sender=0,nonce=8800000000",bc_events_m0.4.csv
8.90066,DATA_DROP_REPLAY,"rx=2,sender=0,nonce=8800000000",bc_events_m0.4.csv
8.90066,DATA_DROP_REPLAY,"rx=8,sender=0,nonce=8800000000",bc_events_m0.4.csv
8.90066,DATA_DROP_REPLAY,"rx=3,sender=0,nonce=8800000000",bc_events_m0.4.csv
8.90066,DATA_DROP_REPLAY,"rx=5,sender=0,nonce=8800000000",bc_events_m0.4.csv
8.90066,DATA_DROP_REPLAY,"rx=10,sender=0,nonce=8800000000",bc_events_m0.4.csv
8.90066,DATA_DROP_REPLAY,"rx=4,sender=0,nonce=8800000000",bc_events_m0.4.csv
8.90066,DATA_DROP_REPLAY,"rx=9,sender=0,nonce=8800000000",bc_events_m0.4.csv
8.90066,DATA_DROP_REPLAY,"rx=6,sender=0,nonce=8800000000",bc_events_m0.4.csv
8.90066,DATA_DROP_REPLAY,"rx=7,sender=0,nonce=8800000000",bc_events_m0.4.csv
8.90101,DATA_RX_OK,"rx=11,sender=0,delay_s=0.001014",bc_events_m0.4.csv
8.90101,DATA_RX_OK,"rx=1,sender=0,delay_s=0.001014",bc_events_m0.4.csv
8.90101,DATA_RX_OK,"rx=2,sender=0,delay_s=0.001014",bc_events_m0.4.csv
8.90101,DATA_RX_OK,"rx=8,sender=0,delay_s=0.001014",bc_events_m0.4.csv
8.90101,DATA_RX_OK,"rx=3,sender=0,delay_s=0.001014",bc_events_m0.4.csv
8.90101,DATA_RX_OK,"rx=5,sender=0,delay_s=0.001014",bc_events_m0.4.csv
8.90101,DATA_RX_OK,"rx=10,sender=0,delay_s=0.001014",bc_events_m0.4.csv
8.90101,DATA_RX_OK,"rx=4,sender=0,delay_s=0.001014",bc_events_m0.4.csv
8.90101,DATA_RX_OK,"rx=9,sender=0,delay_s=0.001014",bc_events_m0.4.csv
8.90101,DATA_RX_OK,"rx=6,sender=0,delay_s=0.001014",bc_events_m0.4.csv
8.90101,DATA_RX_OK,"rx=7,sender=0,delay_s=0.001014",bc_events_m0.4.csv
9,REPORT_SENT,"by=0,about=7,delta=-0.050000",bc_events_m0.4.csv
9,REPORT_SENT,"by=1,about=6,delta=-0.050000",bc_events_m0.4.csv
9,REPORT_SENT,"by=2,about=4,delta=-0.050000",bc_events_m0.4.csv
9,REPORT_SENT,"by=3,about=7,delta=-0.050000",bc_events_m0.4.csv
9,REPORT_SENT,"by=4,about=1,delta=-0.050000",bc_events_m0.4.csv
9,REPORT_SENT,"by=5,about=2,delta=0.020000",bc_events_m0.4.csv
9,REPORT_SENT,"by=6,about=6,delta=-0.050000",bc_events_m0.4.csv
9,REPORT_SENT,"by=7,about=1,delta=0.020000",bc_events_m0.4.csv
9,REPORT_SENT,"by=8,about=7,delta=0.020000",bc_events_m0.4.csv
9,REPORT_SENT,"by=9,about=5,delta=-0.050000",bc_events_m0.4.csv
9.00043,REPORT_RX_RSU,"rsu=10,by=9,about=5,delta=-0.050000",bc_events_m0.4.csv
9.00057,REPORT_RX_RSU,"rsu=10,by=5,about=2,delta=0.020000",bc_events_m0.4.csv
9.0007,REPORT_RX_RSU,"rsu=10,by=0,about=7,delta=-0.050000",bc_events_m0.4.csv
9.00084,REPORT_RX_RSU,"rsu=10,by=4,about=1,delta=-0.050000",bc_events_m0.4.csv
9.00098,REPORT_RX_RSU,"rsu=10,by=8,about=7,delta=0.020000",bc_events_m0.4.csv
9.00153,DATA_RX_OK,"rx=11,sender=0,delay_s=0.001527",bc_events_m0.4.csv
9.00153,DATA_RX_OK,"rx=1,sender=0,delay_s=0.001527",bc_events_m0.4.csv
9.00153,DATA_RX_OK,"rx=2,sender=0,delay_s=0.001527",bc_events_m0.4.csv
9.00153,DATA_RX_OK,"rx=8,sender=0,delay_s=0.001527",bc_events_m0.4.csv
9.00153,DATA_RX_OK,"rx=3,sender=0,delay_s=0.001527",bc_events_m0.4.csv
9.00153,DATA_RX_OK,"rx=10,sender=0,delay_s=0.001527",bc_events_m0.4.csv
9.00153,DATA_RX_OK,"rx=5,sender=0,delay_s=0.001527",bc_events_m0.4.csv
9.00153,DATA_RX_OK,"rx=4,sender=0,delay_s=0.001527",bc_events_m0.4.csv
9.00153,DATA_RX_OK,"rx=9,sender=0,delay_s=0.001527",bc_events_m0.4.csv
9.00153,DATA_RX_OK,"rx=6,sender=0,delay_s=0.001527",bc_events_m0.4.csv
9.00153,DATA_RX_OK,"rx=7,sender=0,delay_s=0.001527",bc_events_m0.4.csv
9.00156,REPORT_RX_RSU,"rsu=10,by=1,about=6,delta=-0.050000",bc_events_m0.4.csv
9.00182,REPORT_RX_RSU,"rsu=10,by=7,about=1,delta=0.020000",bc_events_m0.4.csv
9.10066,DATA_DROP_SIG,"rx=11,sender=0,nonce=9100000000",bc_events_m0.4.csv
9.10066,DATA_DROP_SIG,"rx=1,sender=0,nonce=9100000000",bc_events_m0.4.csv
9.10066,DATA_DROP_SIG,"rx=2,sender=0,nonce=9100000000",bc_events_m0.4.csv
9.10066,DATA_DROP_SIG,"rx=8,sender=0,nonce=9100000000",bc_events_m0.4.csv
9.10066,DATA_DROP_SIG,"rx=3,sender=0,nonce=9100000000",bc_events_m0.4.csv
9.10066,DATA_DROP_SIG,"rx=10,sender=0,nonce=9100000000",bc_events_m0.4.csv
9.10066,DATA_DROP_SIG,"rx=5,sender=0,nonce=9100000000",bc_events_m0.4.csv
9.10066,DATA_DROP_SIG,"rx=4,sender=0,nonce=9100000000",bc_events_m0.4.csv
9.10066,DATA_DROP_SIG,"rx=9,sender=0,nonce=9100000000",bc_events_m0.4.csv
9.10066,DATA_DROP_SIG,"rx=6,sender=0,nonce=9100000000",bc_events_m0.4.csv
9.10066,DATA_DROP_SIG,"rx=7,sender=0,nonce=9100000000",bc_events_m0.4.csv
9.2,REPLAY_SENT,nonce=9100000000,bc_events_m0.4.csv
9.20066,DATA_DROP_SIG,"rx=11,sender=0,nonce=9100000000",bc_events_m0.4.csv
9.20066,DATA_DROP_SIG,"rx=1,sender=0,nonce=9100000000",bc_events_m0.4.csv
9.20066,DATA_DROP_SIG,"rx=2,sender=0,nonce=9100000000",bc_events_m0.4.csv
9.20066,DATA_DROP_SIG,"rx=8,sender=0,nonce=9100000000",bc_events_m0.4.csv
9.20066,DATA_DROP_SIG,"rx=3,sender=0,nonce=9100000000",bc_events_m0.4.csv
9.20066,DATA_DROP_SIG,"rx=10,sender=0,nonce=9100000000",bc_events_m0.4.csv
9.20066,DATA_DROP_SIG,"rx=5,sender=0,nonce=9100000000",bc_events_m0.4.csv
9.20066,DATA_DROP_SIG,"rx=9,sender=0,nonce=9100000000",bc_events_m0.4.csv
9.20066,DATA_DROP_SIG,"rx=4,sender=0,nonce=9100000000",bc_events_m0.4.csv
9.20066,DATA_DROP_SIG,"rx=6,sender=0,nonce=9100000000",bc_events_m0.4.csv
9.20066,DATA_DROP_SIG,"rx=7,sender=0,nonce=9100000000",bc_events_m0.4.csv
9.20106,DATA_RX_OK,"rx=11,sender=0,delay_s=0.001059",bc_events_m0.4.csv
9.20106,DATA_RX_OK,"rx=1,sender=0,delay_s=0.001059",bc_events_m0.4.csv
9.20106,DATA_RX_OK,"rx=2,sender=0,delay_s=0.001059",bc_events_m0.4.csv
9.20106,DATA_RX_OK,"rx=8,sender=0,delay_s=0.001059",bc_events_m0.4.csv
9.20106,DATA_RX_OK,"rx=3,sender=0,delay_s=0.001059",bc_events_m0.4.csv
9.20106,DATA_RX_OK,"rx=10,sender=0,delay_s=0.001059",bc_events_m0.4.csv
9.20106,DATA_RX_OK,"rx=5,sender=0,delay_s=0.001059",bc_events_m0.4.csv
9.20106,DATA_RX_OK,"rx=9,sender=0,delay_s=0.001059",bc_events_m0.4.csv
9.20106,DATA_RX_OK,"rx=4,sender=0,delay_s=0.001059",bc_events_m0.4.csv
9.20106,DATA_RX_OK,"rx=6,sender=0,delay_s=0.001059",bc_events_m0.4.csv
9.20106,DATA_RX_OK,"rx=7,sender=0,delay_s=0.001059",bc_events_m0.4.csv
9.30066,DATA_RX_OK,"rx=11,sender=0,delay_s=0.000662",bc_events_m0.4.csv
9.30066,DATA_RX_OK,"rx=1,sender=0,delay_s=0.000662",bc_events_m0.4.csv
9.30066,DATA_RX_OK,"rx=2,sender=0,delay_s=0.000662",bc_events_m0.4.csv
9.30066,DATA_RX_OK,"rx=8,sender=0,delay_s=0.000662",bc_events_m0.4.csv
9.30066,DATA_RX_OK,"rx=3,sender=0,delay_s=0.000662",bc_events_m0.4.csv
9.30066,DATA_RX_OK,"rx=10,sender=0,delay_s=0.000662",bc_events_m0.4.csv
9.30066,DATA_RX_OK,"rx=5,sender=0,delay_s=0.000662",bc_events_m0.4.csv
9.30066,DATA_RX_OK,"rx=9,sender=0,delay_s=0.000662",bc_events_m0.4.csv
9.30066,DATA_RX_OK,"rx=4,sender=0,delay_s=0.000662",bc_events_m0.4.csv
9.30066,DATA_RX_OK,"rx=6,sender=0,delay_s=0.000662",bc_events_m0.4.csv
9.30066,DATA_RX_OK,"rx=7,sender=0,delay_s=0.000662",bc_events_m0.4.csv
9.40066,DATA_DROP_SIG,"rx=11,sender=0,nonce=9400000000",bc_events_m0.4.csv
9.40066,DATA_DROP_SIG,"rx=1,sender=0,nonce=9400000000",bc_events_m0.4.csv
9.40066,DATA_DROP_SIG,"rx=2,sender=0,nonce=9400000000",bc_events_m0.4.csv
9.40066,DATA_DROP_SIG,"rx=8,sender=0,nonce=9400000000",bc_events_m0.4.csv
9.40066,DATA_DROP_SIG,"rx=3,sender=0,nonce=9400000000",bc_events_m0.4.csv
9.40066,DATA_DROP_SIG,"rx=10,sender=0,nonce=9400000000",bc_events_m0.4.csv
9.40066,DATA_DROP_SIG,"rx=5,sender=0,nonce=9400000000",bc_events_m0.4.csv
9.40066,DATA_DROP_SIG,"rx=9,sender=0,nonce=9400000000",bc_events_m0.4.csv
9.40066,DATA_DROP_SIG,"rx=4,sender=0,nonce=9400000000",bc_events_m0.4.csv
9.40066,DATA_DROP_SIG,"rx=6,sender=0,nonce=9400000000",bc_events_m0.4.csv
9.40066,DATA_DROP_SIG,"rx=7,sender=0,nonce=9400000000",bc_events_m0.4.csv
9.45,BLOCK_MINE_START,block_next=10,bc_events_m0.4.csv
9.5,REPLAY_SENT,nonce=9400000000,bc_events_m0.4.csv
9.5,BLOCK_COMMIT_ITEM,"accused=5,delta=-0.050000,trust=0.570000",bc_events_m0.4.csv
9.5,BLOCK_COMMIT_ITEM,"accused=2,delta=0.020000,trust=0.760000",bc_events_m0.4.csv
9.5,BLOCK_COMMIT_ITEM,"accused=7,delta=-0.050000,trust=0.580000",bc_events_m0.4.csv
9.5,BLOCK_COMMIT_ITEM,"accused=1,delta=-0.050000,trust=0.500000",bc_events_m0.4.csv
9.5,BLOCK_COMMIT_ITEM,"accused=7,delta=0.020000,trust=0.600000",bc_events_m0.4.csv
9.5,BLOCK_COMMIT_ITEM,"accused=6,delta=-0.050000,trust=0.720000",bc_events_m0.4.csv
9.5,BLOCK_COMMIT_ITEM,"accused=1,delta=0.020000,trust=0.520000",bc_events_m0.4.csv
9.5,BLOCK_COMMIT_DONE,"block=10,items=7,lat_s=0.050000",bc_events_m0.4.csv
9.50066,DATA_DROP_SIG,"rx=11,sender=0,nonce=9400000000",bc_events_m0.4.csv
9.50066,DATA_DROP_SIG,"rx=1,sender=0,nonce=9400000000",bc_events_m0.4.csv
9.50066,DATA_DROP_SIG,"rx=2,sender=0,nonce=9400000000",bc_events_m0.4.csv
9.50066,DATA_DROP_SIG,"rx=8,sender=0,nonce=9400000000",bc_events_m0.4.csv
9.50066,DATA_DROP_SIG,"rx=3,sender=0,nonce=9400000000",bc_events_m0.4.csv
9.50066,DATA_DROP_SIG,"rx=10,sender=0,nonce=9400000000",bc_events_m0.4.csv
9.50066,DATA_DROP_SIG,"rx=5,sender=0,nonce=9400000000",bc_events_m0.4.csv
9.50066,DATA_DROP_SIG,"rx=9,sender=0,nonce=9400000000",bc_events_m0.4.csv
9.50066,DATA_DROP_SIG,"rx=4,sender=0,nonce=9400000000",bc_events_m0.4.csv
9.50066,DATA_DROP_SIG,"rx=6,sender=0,nonce=9400000000",bc_events_m0.4.csv
9.50066,DATA_DROP_SIG,"rx=7,sender=0,nonce=9400000000",bc_events_m0.4.csv
9.50102,DATA_RX_OK,"rx=11,sender=0,delay_s=0.001023",bc_events_m0.4.csv
9.50102,DATA_RX_OK,"rx=1,sender=0,delay_s=0.001023",bc_events_m0.4.csv
9.50102,DATA_RX_OK,"rx=2,sender=0,delay_s=0.001023",bc_events_m0.4.csv
9.50102,DATA_RX_OK,"rx=8,sender=0,delay_s=0.001023",bc_events_m0.4.csv
9.50102,DATA_RX_OK,"rx=3,sender=0,delay_s=0.001023",bc_events_m0.4.csv
9.50102,DATA_RX_OK,"rx=10,sender=0,delay_s=0.001023",bc_events_m0.4.csv
9.50102,DATA_RX_OK,"rx=5,sender=0,delay_s=0.001023",bc_events_m0.4.csv
9.50102,DATA_RX_OK,"rx=9,sender=0,delay_s=0.001023",bc_events_m0.4.csv
9.50102,DATA_RX_OK,"rx=4,sender=0,delay_s=0.001023",bc_events_m0.4.csv
9.50102,DATA_RX_OK,"rx=6,sender=0,delay_s=0.001023",bc_events_m0.4.csv
9.50102,DATA_RX_OK,"rx=7,sender=0,delay_s=0.001023",bc_events_m0.4.csv
9.60066,DATA_DROP_SIG,"rx=1,sender=0,nonce=9600000000",bc_events_m0.4.csv
9.60066,DATA_DROP_SIG,"rx=11,sender=0,nonce=9600000000",bc_events_m0.4.csv
9.60066,DATA_DROP_SIG,"rx=2,sender=0,nonce=9600000000",bc_events_m0.4.csv
9.60066,DATA_DROP_SIG,"rx=8,sender=0,nonce=9600000000",bc_events_m0.4.csv
9.60066,DATA_DROP_SIG,"rx=3,sender=0,nonce=9600000000",bc_events_m0.4.csv
9.60066,DATA_DROP_SIG,"rx=10,sender=0,nonce=9600000000",bc_events_m0.4.csv
9.60066,DATA_DROP_SIG,"rx=5,sender=0,nonce=9600000000",bc_events_m0.4.csv
9.60066,DATA_DROP_SIG,"rx=9,sender=0,nonce=9600000000",bc_events_m0.4.csv
9.60066,DATA_DROP_SIG,"rx=4,sender=0,nonce=9600000000",bc_events_m0.4.csv
9.60066,DATA_DROP_SIG,"rx=6,sender=0,nonce=9600000000",bc_events_m0.4.csv
9.60066,DATA_DROP_SIG,"rx=7,sender=0,nonce=9600000000",bc_events_m0.4.csv
9.70066,DATA_RX_OK,"rx=1,sender=0,delay_s=0.000662",bc_events_m0.4.csv
9.70066,DATA_RX_OK,"rx=11,sender=0,delay_s=0.000662",bc_events_m0.4.csv
9.70066,DATA_RX_OK,"rx=2,sender=0,delay_s=0.000662",bc_events_m0.4.csv
9.70066,DATA_RX_OK,"rx=8,sender=0,delay_s=0.000662",bc_events_m0.4.csv
9.70066,DATA_RX_OK,"rx=3,sender=0,delay_s=0.000662",bc_events_m0.4.csv
9.70066,DATA_RX_OK,"rx=10,sender=0,delay_s=0.000662",bc_events_m0.4.csv
9.70066,DATA_RX_OK,"rx=5,sender=0,delay_s=0.000662",bc_events_m0.4.csv
9.70066,DATA_RX_OK,"rx=9,sender=0,delay_s=0.000662",bc_events_m0.4.csv
9.70066,DATA_RX_OK,"rx=4,sender=0,delay_s=0.000662",bc_events_m0.4.csv
9.70066,DATA_RX_OK,"rx=6,sender=0,delay_s=0.000662",bc_events_m0.4.csv
9.70066,DATA_RX_OK,"rx=7,sender=0,delay_s=0.000662",bc_events_m0.4.csv
9.8,REPLAY_SENT,nonce=9700000000,bc_events_m0.4.csv
9.80066,DATA_DROP_REPLAY,"rx=1,sender=0,nonce=9700000000",bc_events_m0.4.csv
9.80066,DATA_DROP_REPLAY,"rx=11,sender=0,nonce=9700000000",bc_events_m0.4.csv
9.80066,DATA_DROP_REPLAY,"rx=2,sender=0,nonce=9700000000",bc_events_m0.4.csv
9.80066,DATA_DROP_REPLAY,"rx=8,sender=0,nonce=9700000000",bc_events_m0.4.csv
9.80066,DATA_DROP_REPLAY,"rx=10,sender=0,nonce=9700000000",bc_events_m0.4.csv
9.80066,DATA_DROP_REPLAY,"rx=3,sender=0,nonce=9700000000",bc_events_m0.4.csv
9.80066,DATA_DROP_REPLAY,"rx=5,sender=0,nonce=9700000000",bc_events_m0.4.csv
9.80066,DATA_DROP_REPLAY,"rx=9,sender=0,nonce=9700000000",bc_events_m0.4.csv
9.80066,DATA_DROP_REPLAY,"rx=4,sender=0,nonce=9700000000",bc_events_m0.4.csv
9.80066,DATA_DROP_REPLAY,"rx=6,sender=0,nonce=9700000000",bc_events_m0.4.csv
9.80066,DATA_DROP_REPLAY,"rx=7,sender=0,nonce=9700000000",bc_events_m0.4.csv
9.80105,DATA_RX_OK,"rx=1,sender=0,delay_s=0.001050",bc_events_m0.4.csv
9.80105,DATA_RX_OK,"rx=11,sender=0,delay_s=0.001050",bc_events_m0.4.csv
9.80105,DATA_RX_OK,"rx=2,sender=0,delay_s=0.001050",bc_events_m0.4.csv
9.80105,DATA_RX_OK,"rx=8,sender=0,delay_s=0.001050",bc_events_m0.4.csv
9.80105,DATA_RX_OK,"rx=10,sender=0,delay_s=0.001050",bc_events_m0.4.csv
9.80105,DATA_RX_OK,"rx=3,sender=0,delay_s=0.001050",bc_events_m0.4.csv
9.80105,DATA_RX_OK,"rx=5,sender=0,delay_s=0.001050",bc_events_m0.4.csv
9.80105,DATA_RX_OK,"rx=9,sender=0,delay_s=0.001050",bc_events_m0.4.csv
9.80105,DATA_RX_OK,"rx=4,sender=0,delay_s=0.001050",bc_events_m0.4.csv
9.80105,DATA_RX_OK,"rx=6,sender=0,delay_s=0.001050",bc_events_m0.4.csv
9.80105,DATA_RX_OK,"rx=7,sender=0,delay_s=0.001050",bc_events_m0.4.csv
9.90066,DATA_DROP_SIG,"rx=1,sender=0,nonce=9900000000",bc_events_m0.4.csv
9.90066,DATA_DROP_SIG,"rx=11,sender=0,nonce=9900000000",bc_events_m0.4.csv
9.90066,DATA_DROP_SIG,"rx=2,sender=0,nonce=9900000000",bc_events_m0.4.csv
9.90066,DATA_DROP_SIG,"rx=10,sender=0,nonce=9900000000",bc_events_m0.4.csv
9.90066,DATA_DROP_SIG,"rx=3,sender=0,nonce=9900000000",bc_events_m0.4.csv
9.90066,DATA_DROP_SIG,"rx=8,sender=0,nonce=9900000000",bc_events_m0.4.csv
9.90066,DATA_DROP_SIG,"rx=5,sender=0,nonce=9900000000",bc_events_m0.4.csv
9.90066,DATA_DROP_SIG,"rx=9,sender=0,nonce=9900000000",bc_events_m0.4.csv
9.90066,DATA_DROP_SIG,"rx=4,sender=0,nonce=9900000000",bc_events_m0.4.csv
9.90066,DATA_DROP_SIG,"rx=6,sender=0,nonce=9900000000",bc_events_m0.4.csv
9.90066,DATA_DROP_SIG,"rx=7,sender=0,nonce=9900000000",bc_events_m0.4.csv
10,REPORT_SENT,"by=0,about=2,delta=0.020000",bc_events_m0.4.csv
10,REPORT_SENT,"by=1,about=4,delta=0.020000",bc_events_m0.4.csv
10,REPORT_SENT,"by=2,about=2,delta=0.020000",bc_events_m0.4.csv
10,REPORT_SENT,"by=3,about=3,delta=0.020000",bc_events_m0.4.csv
10,REPORT_SENT,"by=4,about=1,delta=0.020000",bc_events_m0.4.csv
10,REPORT_SENT,"by=5,about=3,delta=-0.050000",bc_events_m0.4.csv
10,REPORT_SENT,"by=6,about=3,delta=-0.050000",bc_events_m0.4.csv
10,REPORT_SENT,"by=7,about=4,delta=-0.050000",bc_events_m0.4.csv
10,REPORT_SENT,"by=8,about=4,delta=0.020000",bc_events_m0.4.csv
10,REPORT_SENT,"by=9,about=8,delta=-0.050000",bc_events_m0.4.csv
10.0002,REPORT_RX_RSU,"rsu=10,by=5,about=3,delta=-0.050000",bc_events_m0.4.csv
10.0003,REPORT_RX_RSU,"rsu=10,by=1,about=4,delta=0.020000",bc_events_m0.4.csv
10.0005,REPORT_RX_RSU,"rsu=10,by=0,about=2,delta=0.020000",bc_events_m0.4.csv
10.0006,REPORT_RX_RSU,"rsu=10,by=9,about=8,delta=-0.050000",bc_events_m0.4.csv
10.0008,REPORT_RX_RSU,"rsu=10,by=7,about=4,delta=-0.050000",bc_events_m0.4.csv
10.0013,REPORT_RX_RSU,"rsu=10,by=4,about=1,delta=0.020000",bc_events_m0.4.csv
10.0013,DATA_RX_OK,"rx=1,sender=0,delay_s=0.001336",bc_events_m0.4.csv
10.0013,DATA_RX_OK,"rx=11,sender=0,delay_s=0.001336",bc_events_m0.4.csv
10.0013,DATA_RX_OK,"rx=2,sender=0,delay_s=0.001336",bc_events_m0.4.csv
10.0013,DATA_RX_OK,"rx=10,sender=0,delay_s=0.001336",bc_events_m0.4.csv
10.0013,DATA_RX_OK,"rx=3,sender=0,delay_s=0.001336",bc_events_m0.4.csv
10.0013,DATA_RX_OK,"rx=8,sender=0,delay_s=0.001336",bc_events_m0.4.csv
10.0013,DATA_RX_OK,"rx=5,sender=0,delay_s=0.001336",bc_events_m0.4.csv
10.0013,DATA_RX_OK,"rx=9,sender=0,delay_s=0.001336",bc_events_m0.4.csv
10.0013,DATA_RX_OK,"rx=4,sender=0,delay_s=0.001336",bc_events_m0.4.csv
10.0013,DATA_RX_OK,"rx=6,sender=0,delay_s=0.001336",bc_events_m0.4.csv
10.0013,DATA_RX_OK,"rx=7,sender=0,delay_s=0.001336",bc_events_m0.4.csv
10.0014,REPORT_RX_RSU,"rsu=10,by=8,about=4,delta=0.020000",bc_events_m0.4.csv
10.1,REPLAY_SENT,nonce=10000000000,bc_events_m0.4.csv
10.1007,DATA_DROP_REPLAY,"rx=1,sender=0,nonce=10000000000",bc_events_m0.4.csv
10.1007,DATA_DROP_REPLAY,"rx=11,sender=0,nonce=10000000000",bc_events_m0.4.csv
10.1007,DATA_DROP_REPLAY,"rx=2,sender=0,nonce=10000000000",bc_events_m0.4.csv
10.1007,DATA_DROP_REPLAY,"rx=3,sender=0,nonce=10000000000",bc_events_m0.4.csv
10.1007,DATA_DROP_REPLAY,"rx=10,sender=0,nonce=10000000000",bc_events_m0.4.csv
10.1007,DATA_DROP_REPLAY,"rx=8,sender=0,nonce=10000000000",bc_events_m0.4.csv
10.1007,DATA_DROP_REPLAY,"rx=5,sender=0,nonce=10000000000",bc_events_m0.4.csv
10.1007,DATA_DROP_REPLAY,"rx=9,sender=0,nonce=10000000000",bc_events_m0.4.csv
10.1007,DATA_DROP_REPLAY,"rx=4,sender=0,nonce=10000000000",bc_events_m0.4.csv
10.1007,DATA_DROP_REPLAY,"rx=6,sender=0,nonce=10000000000",bc_events_m0.4.csv
10.1007,DATA_DROP_REPLAY,"rx=7,sender=0,nonce=10000000000",bc_events_m0.4.csv
10.1009,DATA_RX_OK,"rx=1,sender=0,delay_s=0.000942",bc_events_m0.4.csv
10.1009,DATA_RX_OK,"rx=11,sender=0,delay_s=0.000942",bc_events_m0.4.csv
10.1009,DATA_RX_OK,"rx=2,sender=0,delay_s=0.000942",bc_events_m0.4.csv
10.1009,DATA_RX_OK,"rx=3,sender=0,delay_s=0.000942",bc_events_m0.4.csv
10.1009,DATA_RX_OK,"rx=10,sender=0,delay_s=0.000942",bc_events_m0.4.csv
10.1009,DATA_RX_OK,"rx=8,sender=0,delay_s=0.000942",bc_events_m0.4.csv
10.1009,DATA_RX_OK,"rx=5,sender=0,delay_s=0.000942",bc_events_m0.4.csv
10.1009,DATA_RX_OK,"rx=9,sender=0,delay_s=0.000942",bc_events_m0.4.csv
10.1009,DATA_RX_OK,"rx=4,sender=0,delay_s=0.000942",bc_events_m0.4.csv
10.1009,DATA_RX_OK,"rx=6,sender=0,delay_s=0.000942",bc_events_m0.4.csv
10.1009,DATA_RX_OK,"rx=7,sender=0,delay_s=0.000942",bc_events_m0.4.csv
10.2007,DATA_DROP_SIG,"rx=1,sender=0,nonce=10200000000",bc_events_m0.4.csv
10.2007,DATA_DROP_SIG,"rx=11,sender=0,nonce=10200000000",bc_events_m0.4.csv
10.2007,DATA_DROP_SIG,"rx=2,sender=0,nonce=10200000000",bc_events_m0.4.csv
10.2007,DATA_DROP_SIG,"rx=3,sender=0,nonce=10200000000",bc_events_m0.4.csv
10.2007,DATA_DROP_SIG,"rx=10,sender=0,nonce=10200000000",bc_events_m0.4.csv
10.2007,DATA_DROP_SIG,"rx=8,sender=0,nonce=10200000000",bc_events_m0.4.csv
10.2007,DATA_DROP_SIG,"rx=5,sender=0,nonce=10200000000",bc_events_m0.4.csv
10.2007,DATA_DROP_SIG,"rx=9,sender=0,nonce=10200000000",bc_events_m0.4.csv
10.2007,DATA_DROP_SIG,"rx=4,sender=0,nonce=10200000000",bc_events_m0.4.csv
10.2007,DATA_DROP_SIG,"rx=6,sender=0,nonce=10200000000",bc_events_m0.4.csv
10.2007,DATA_DROP_SIG,"rx=7,sender=0,nonce=10200000000",bc_events_m0.4.csv
10.3007,DATA_RX_OK,"rx=1,sender=0,delay_s=0.000662",bc_events_m0.4.csv
10.3007,DATA_RX_OK,"rx=11,sender=0,delay_s=0.000662",bc_events_m0.4.csv
10.3007,DATA_RX_OK,"rx=2,sender=0,delay_s=0.000662",bc_events_m0.4.csv
10.3007,DATA_RX_OK,"rx=3,sender=0,delay_s=0.000662",bc_events_m0.4.csv
10.3007,DATA_RX_OK,"rx=10,sender=0,delay_s=0.000662",bc_events_m0.4.csv
10.3007,DATA_RX_OK,"rx=8,sender=0,delay_s=0.000662",bc_events_m0.4.csv
10.3007,DATA_RX_OK,"rx=5,sender=0,delay_s=0.000662",bc_events_m0.4.csv
10.3007,DATA_RX_OK,"rx=9,sender=0,delay_s=0.000662",bc_events_m0.4.csv
10.3007,DATA_RX_OK,"rx=4,sender=0,delay_s=0.000662",bc_events_m0.4.csv
10.3007,DATA_RX_OK,"rx=6,sender=0,delay_s=0.000662",bc_events_m0.4.csv
10.3007,DATA_RX_OK,"rx=7,sender=0,delay_s=0.000662",bc_events_m0.4.csv
10.4,REPLAY_SENT,nonce=10300000000,bc_events_m0.4.csv
10.4007,DATA_DROP_REPLAY,"rx=11,sender=0,nonce=10300000000",bc_events_m0.4.csv
10.4007,DATA_DROP_REPLAY,"rx=1,sender=0,nonce=10300000000",bc_events_m0.4.csv
10.4007,DATA_DROP_REPLAY,"rx=2,sender=0,nonce=10300000000",bc_events_m0.4.csv
10.4007,DATA_DROP_REPLAY,"rx=3,sender=0,nonce=10300000000",bc_events_m0.4.csv
10.4007,DATA_DROP_REPLAY,"rx=10,sender=0,nonce=10300000000",bc_events_m0.4.csv
10.4007,DATA_DROP_REPLAY,"rx=8,sender=0,nonce=10300000000",bc_events_m0.4.csv
10.4007,DATA_DROP_REPLAY,"rx=5,sender=0,nonce=10300000000",bc_events_m0.4.csv
10.4007,DATA_DROP_REPLAY,"rx=9,sender=0,nonce=10300000000",bc_events_m0.4.csv
10.4007,DATA_DROP_REPLAY,"rx=7,sender=0,nonce=10300000000",bc_events_m0.4.csv
10.4007,DATA_DROP_REPLAY,"rx=4,sender=0,nonce=10300000000",bc_events_m0.4.csv
10.4007,DATA_DROP_REPLAY,"rx=6,sender=0,nonce=10300000000",bc_events_m0.4.csv
10.401,DATA_DROP_SIG,"rx=11,sender=0,nonce=10400000000",bc_events_m0.4.csv
10.401,DATA_DROP_SIG,"rx=1,sender=0,nonce=10400000000",bc_events_m0.4.csv
10.401,DATA_DROP_SIG,"rx=2,sender=0,nonce=10400000000",bc_events_m0.4.csv
10.401,DATA_DROP_SIG,"rx=3,sender=0,nonce=10400000000",bc_events_m0.4.csv
10.401,DATA_DROP_SIG,"rx=10,sender=0,nonce=10400000000",bc_events_m0.4.csv
10.401,DATA_DROP_SIG,"rx=8,sender=0,nonce=10400000000",bc_events_m0.4.csv
10.401,DATA_DROP_SIG,"rx=5,sender=0,nonce=10400000000",bc_events_m0.4.csv
10.401,DATA_DROP_SIG,"rx=9,sender=0,nonce=10400000000",bc_events_m0.4.csv
10.401,DATA_DROP_SIG,"rx=7,sender=0,nonce=10400000000",bc_events_m0.4.csv
10.401,DATA_DROP_SIG,"rx=4,sender=0,nonce=10400000000",bc_events_m0.4.csv
10.401,DATA_DROP_SIG,"rx=6,sender=0,nonce=10400000000",bc_events_m0.4.csv
10.5,BLOCK_MINE_START,block_next=11,bc_events_m0.4.csv
10.5007,DATA_RX_OK,"rx=11,sender=0,delay_s=0.000662",bc_events_m0.4.csv
10.5007,DATA_RX_OK,"rx=1,sender=0,delay_s=0.000662",bc_events_m0.4.csv
10.5007,DATA_RX_OK,"rx=2,sender=0,delay_s=0.000662",bc_events_m0.4.csv
10.5007,DATA_RX_OK,"rx=3,sender=0,delay_s=0.000662",bc_events_m0.4.csv
10.5007,DATA_RX_OK,"rx=10,sender=0,delay_s=0.000662",bc_events_m0.4.csv
10.5007,DATA_RX_OK,"rx=8,sender=0,delay_s=0.000662",bc_events_m0.4.csv
10.5007,DATA_RX_OK,"rx=5,sender=0,delay_s=0.000662",bc_events_m0.4.csv
10.5007,DATA_RX_OK,"rx=7,sender=0,delay_s=0.000662",bc_events_m0.4.csv
10.5007,DATA_RX_OK,"rx=9,sender=0,delay_s=0.000662",bc_events_m0.4.csv
10.5007,DATA_RX_OK,"rx=6,sender=0,delay_s=0.000662",bc_events_m0.4.csv
10.5007,DATA_RX_OK,"rx=4,sender=0,delay_s=0.000662",bc_events_m0.4.csv
10.55,BLOCK_COMMIT_ITEM,"accused=3,delta=-0.050000,trust=0.650000",bc_events_m0.4.csv
10.55,BLOCK_COMMIT_ITEM,"accused=4,delta=0.020000,trust=0.710000",bc_events_m0.4.csv
10.55,BLOCK_COMMIT_ITEM,"accused=2,delta=0.020000,trust=0.780000",bc_events_m0.4.csv
10.55,BLOCK_COMMIT_ITEM,"accused=8,delta=-0.050000,trust=0.550000",bc_events_m0.4.csv
10.55,BLOCK_COMMIT_ITEM,"accused=4,delta=-0.050000,trust=0.660000",bc_events_m0.4.csv
10.55,BLOCK_COMMIT_ITEM,"accused=1,delta=0.020000,trust=0.540000",bc_events_m0.4.csv
10.55,BLOCK_COMMIT_ITEM,"accused=4,delta=0.020000,trust=0.680000",bc_events_m0.4.csv
10.55,BLOCK_COMMIT_DONE,"block=11,items=7,lat_s=0.050000",bc_events_m0.4.csv
10.6007,DATA_RX_OK,"rx=11,sender=0,delay_s=0.000662",bc_events_m0.4.csv
10.6007,DATA_RX_OK,"rx=2,sender=0,delay_s=0.000662",bc_events_m0.4.csv
10.6007,DATA_RX_OK,"rx=1,sender=0,delay_s=0.000662",bc_events_m0.4.csv
10.6007,DATA_RX_OK,"rx=3,sender=0,delay_s=0.000662",bc_events_m0.4.csv
10.6007,DATA_RX_OK,"rx=10,sender=0,delay_s=0.000662",bc_events_m0.4.csv
10.6007,DATA_RX_OK,"rx=5,sender=0,delay_s=0.000662",bc_events_m0.4.csv
10.6007,DATA_RX_OK,"rx=8,sender=0,delay_s=0.000662",bc_events_m0.4.csv
10.6007,DATA_RX_OK,"rx=7,sender=0,delay_s=0.000662",bc_events_m0.4.csv
10.6007,DATA_RX_OK,"rx=6,sender=0,delay_s=0.000662",bc_events_m0.4.csv
10.6007,DATA_RX_OK,"rx=9,sender=0,delay_s=0.000662",bc_events_m0.4.csv
10.6007,DATA_RX_OK,"rx=4,sender=0,delay_s=0.000662",bc_events_m0.4.csv
10.7,REPLAY_SENT,nonce=10600000000,bc_events_m0.4.csv
10.7007,DATA_DROP_REPLAY,"rx=11,sender=0,nonce=10600000000",bc_events_m0.4.csv
10.7007,DATA_DROP_REPLAY,"rx=2,sender=0,nonce=10600000000",bc_events_m0.4.csv
10.7007,DATA_DROP_REPLAY,"rx=1,sender=0,nonce=10600000000",bc_events_m0.4.csv
10.7007,DATA_DROP_REPLAY,"rx=3,sender=0,nonce=10600000000",bc_events_m0.4.csv
10.7007,DATA_DROP_REPLAY,"rx=5,sender=0,nonce=10600000000",bc_events_m0.4.csv
10.7007,DATA_DROP_REPLAY,"rx=10,sender=0,nonce=10600000000",bc_events_m0.4.csv
10.7007,DATA_DROP_REPLAY,"rx=8,sender=0,nonce=10600000000",bc_events_m0.4.csv
10.7007,DATA_DROP_REPLAY,"rx=7,sender=0,nonce=10600000000",bc_events_m0.4.csv
10.7007,DATA_DROP_REPLAY,"rx=6,sender=0,nonce=10600000000",bc_events_m0.4.csv
10.7007,DATA_DROP_REPLAY,"rx=9,sender=0,nonce=10600000000",bc_events_m0.4.csv
10.7007,DATA_DROP_REPLAY,"rx=4,sender=0,nonce=10600000000",bc_events_m0.4.csv
10.701,DATA_RX_OK,"rx=11,sender=0,delay_s=0.001032",bc_events_m0.4.csv
10.701,DATA_RX_OK,"rx=2,sender=0,delay_s=0.001032",bc_events_m0.4.csv
10.701,DATA_RX_OK,"rx=1,sender=0,delay_s=0.001032",bc_events_m0.4.csv
10.701,DATA_RX_OK,"rx=3,sender=0,delay_s=0.001032",bc_events_m0.4.csv
10.701,DATA_RX_OK,"rx=5,sender=0,delay_s=0.001032",bc_events_m0.4.csv
10.701,DATA_RX_OK,"rx=10,sender=0,delay_s=0.001032",bc_events_m0.4.csv
10.701,DATA_RX_OK,"rx=8,sender=0,delay_s=0.001032",bc_events_m0.4.csv
10.701,DATA_RX_OK,"rx=7,sender=0,delay_s=0.001032",bc_events_m0.4.csv
10.701,DATA_RX_OK,"rx=6,sender=0,delay_s=0.001032",bc_events_m0.4.csv
10.701,DATA_RX_OK,"rx=9,sender=0,delay_s=0.001032",bc_events_m0.4.csv
10.701,DATA_RX_OK,"rx=4,sender=0,delay_s=0.001032",bc_events_m0.4.csv
10.8007,DATA_DROP_SIG,"rx=11,sender=0,nonce=10800000000",bc_events_m0.4.csv
10.8007,DATA_DROP_SIG,"rx=2,sender=0,nonce=10800000000",bc_events_m0.4.csv
10.8007,DATA_DROP_SIG,"rx=1,sender=0,nonce=10800000000",bc_events_m0.4.csv
10.8007,DATA_DROP_SIG,"rx=3,sender=0,nonce=10800000000",bc_events_m0.4.csv
10.8007,DATA_DROP_SIG,"rx=5,sender=0,nonce=10800000000",bc_events_m0.4.csv
10.8007,DATA_DROP_SIG,"rx=10,sender=0,nonce=10800000000",bc_events_m0.4.csv
10.8007,DATA_DROP_SIG,"rx=8,sender=0,nonce=10800000000",bc_events_m0.4.csv
10.8007,DATA_DROP_SIG,"rx=7,sender=0,nonce=10800000000",bc_events_m0.4.csv
10.8007,DATA_DROP_SIG,"rx=6,sender=0,nonce=10800000000",bc_events_m0.4.csv
10.8007,DATA_DROP_SIG,"rx=9,sender=0,nonce=10800000000",bc_events_m0.4.csv
10.8007,DATA_DROP_SIG,"rx=4,sender=0,nonce=10800000000",bc_events_m0.4.csv
10.9007,DATA_DROP_SIG,"rx=11,sender=0,nonce=10900000000",bc_events_m0.4.csv
10.9007,DATA_DROP_SIG,"rx=2,sender=0,nonce=10900000000",bc_events_m0.4.csv
10.9007,DATA_DROP_SIG,"rx=1,sender=0,nonce=10900000000",bc_events_m0.4.csv
10.9007,DATA_DROP_SIG,"rx=3,sender=0,nonce=10900000000",bc_events_m0.4.csv
10.9007,DATA_DROP_SIG,"rx=5,sender=0,nonce=10900000000",bc_events_m0.4.csv
10.9007,DATA_DROP_SIG,"rx=10,sender=0,nonce=10900000000",bc_events_m0.4.csv
10.9007,DATA_DROP_SIG,"rx=8,sender=0,nonce=10900000000",bc_events_m0.4.csv
10.9007,DATA_DROP_SIG,"rx=7,sender=0,nonce=10900000000",bc_events_m0.4.csv
10.9007,DATA_DROP_SIG,"rx=6,sender=0,nonce=10900000000",bc_events_m0.4.csv
10.9007,DATA_DROP_SIG,"rx=9,sender=0,nonce=10900000000",bc_events_m0.4.csv
10.9007,DATA_DROP_SIG,"rx=4,sender=0,nonce=10900000000",bc_events_m0.4.csv
11,REPORT_SENT,"by=0,about=0,delta=-0.050000",bc_events_m0.4.csv
11,REPORT_SENT,"by=1,about=7,delta=0.020000",bc_events_m0.4.csv
11,REPORT_SENT,"by=2,about=2,delta=0.020000",bc_events_m0.4.csv
11,REPORT_SENT,"by=3,about=5,delta=-0.050000",bc_events_m0.4.csv
11,REPORT_SENT,"by=4,about=8,delta=-0.050000",bc_events_m0.4.csv
11,REPORT_SENT,"by=5,about=3,delta=0.020000",bc_events_m0.4.csv
11,REPORT_SENT,"by=6,about=4,delta=0.020000",bc_events_m0.4.csv
11,REPORT_SENT,"by=7,about=7,delta=-0.050000",bc_events_m0.4.csv
11,REPORT_SENT,"by=8,about=8,delta=-0.050000",bc_events_m0.4.csv
11,REPORT_SENT,"by=9,about=2,delta=0.020000",bc_events_m0.4.csv
11,REPLAY_SENT,nonce=10900000000,bc_events_m0.4.csv
11.0002,REPORT_RX_RSU,"rsu=10,by=1,about=7,delta=0.020000",bc_events_m0.4.csv
11.0004,REPORT_RX_RSU,"rsu=10,by=9,about=2,delta=0.020000",bc_events_m0.4.csv
11.0006,REPORT_RX_RSU,"rsu=10,by=4,about=8,delta=-0.050000",bc_events_m0.4.csv
11.0008,REPORT_RX_RSU,"rsu=10,by=0,about=0,delta=-0.050000",bc_events_m0.4.csv
11.001,REPORT_RX_RSU,"rsu=10,by=5,about=3,delta=0.020000",bc_events_m0.4.csv
11.0015,DATA_DROP_SIG,"rx=11,sender=0,nonce=10900000000",bc_events_m0.4.csv
11.0015,DATA_DROP_SIG,"rx=2,sender=0,nonce=10900000000",bc_events_m0.4.csv
11.0015,DATA_DROP_SIG,"rx=1,sender=0,nonce=10900000000",bc_events_m0.4.csv
11.0015,DATA_DROP_SIG,"rx=3,sender=0,nonce=10900000000",bc_events_m0.4.csv
11.0015,DATA_DROP_SIG,"rx=5,sender=0,nonce=10900000000",bc_events_m0.4.csv
11.0015,DATA_DROP_SIG,"rx=10,sender=0,nonce=10900000000",bc_events_m0.4.csv
11.0015,DATA_DROP_SIG,"rx=8,sender=0,nonce=10900000000",bc_events_m0.4.csv
11.0015,DATA_DROP_SIG,"rx=7,sender=0,nonce=10900000000",bc_events_m0.4.csv
11.0015,DATA_DROP_SIG,"rx=6,sender=0,nonce=10900000000",bc_events_m0.4.csv
11.0015,DATA_DROP_SIG,"rx=9,sender=0,nonce=10900000000",bc_events_m0.4.csv
11.0015,DATA_DROP_SIG,"rx=4,sender=0,nonce=10900000000",bc_events_m0.4.csv
11.0019,REPORT_RX_RSU,"rsu=10,by=8,about=8,delta=-0.050000",bc_events_m0.4.csv
11.0019,DATA_RX_OK,"rx=11,sender=0,delay_s=0.001907",bc_events_m0.4.csv
11.0019,DATA_RX_OK,"rx=2,sender=0,delay_s=0.001907",bc_events_m0.4.csv
11.0019,DATA_RX_OK,"rx=1,sender=0,delay_s=0.001907",bc_events_m0.4.csv
11.0019,DATA_RX_OK,"rx=3,sender=0,delay_s=0.001907",bc_events_m0.4.csv
11.0019,DATA_RX_OK,"rx=5,sender=0,delay_s=0.001907",bc_events_m0.4.csv
11.0019,DATA_RX_OK,"rx=10,sender=0,delay_s=0.001907",bc_events_m0.4.csv
11.0019,DATA_RX_OK,"rx=8,sender=0,delay_s=0.001907",bc_events_m0.4.csv
11.0019,DATA_RX_OK,"rx=7,sender=0,delay_s=0.001907",bc_events_m0.4.csv
11.0019,DATA_RX_OK,"rx=6,sender=0,delay_s=0.001907",bc_events_m0.4.csv
11.0019,DATA_RX_OK,"rx=9,sender=0,delay_s=0.001907",bc_events_m0.4.csv
11.0019,DATA_RX_OK,"rx=4,sender=0,delay_s=0.001907",bc_events_m0.4.csv
11.0021,REPORT_RX_RSU,"rsu=10,by=7,about=7,delta=-0.050000",bc_events_m0.4.csv
11.1007,DATA_RX_OK,"rx=2,sender=0,delay_s=0.000662",bc_events_m0.4.csv
11.1007,DATA_RX_OK,"rx=11,sender=0,delay_s=0.000662",bc_events_m0.4.csv
11.1007,DATA_RX_OK,"rx=1,sender=0,delay_s=0.000662",bc_events_m0.4.csv
11.1007,DATA_RX_OK,"rx=3,sender=0,delay_s=0.000662",bc_events_m0.4.csv
11.1007,DATA_RX_OK,"rx=5,sender=0,delay_s=0.000662",bc_events_m0.4.csv
11.1007,DATA_RX_OK,"rx=10,sender=0,delay_s=0.000662",bc_events_m0.4.csv
11.1007,DATA_RX_OK,"rx=8,sender=0,delay_s=0.000662",bc_events_m0.4.csv
11.1007,DATA_RX_OK,"rx=7,sender=0,delay_s=0.000662",bc_events_m0.4.csv
11.1007,DATA_RX_OK,"rx=6,sender=0,delay_s=0.000662",bc_events_m0.4.csv
11.1007,DATA_RX_OK,"rx=9,sender=0,delay_s=0.000662",bc_events_m0.4.csv
11.1007,DATA_RX_OK,"rx=4,sender=0,delay_s=0.000662",bc_events_m0.4.csv
11.2007,DATA_RX_OK,"rx=2,sender=0,delay_s=0.000662",bc_events_m0.4.csv
11.2007,DATA_RX_OK,"rx=11,sender=0,delay_s=0.000662",bc_events_m0.4.csv
11.2007,DATA_RX_OK,"rx=1,sender=0,delay_s=0.000662",bc_events_m0.4.csv
11.2007,DATA_RX_OK,"rx=3,sender=0,delay_s=0.000662",bc_events_m0.4.csv
11.2007,DATA_RX_OK,"rx=5,sender=0,delay_s=0.000662",bc_events_m0.4.csv
11.2007,DATA_RX_OK,"rx=10,sender=0,delay_s=0.000662",bc_events_m0.4.csv
11.2007,DATA_RX_OK,"rx=8,sender=0,delay_s=0.000662",bc_events_m0.4.csv
11.2007,DATA_RX_OK,"rx=6,sender=0,delay_s=0.000662",bc_events_m0.4.csv
11.2007,DATA_RX_OK,"rx=7,sender=0,delay_s=0.000662",bc_events_m0.4.csv
11.2007,DATA_RX_OK,"rx=9,sender=0,delay_s=0.000662",bc_events_m0.4.csv
11.2007,DATA_RX_OK,"rx=4,sender=0,delay_s=0.000662",bc_events_m0.4.csv
11.3,REPLAY_SENT,nonce=11200000000,bc_events_m0.4.csv
11.3007,DATA_DROP_REPLAY,"rx=2,sender=0,nonce=11200000000",bc_events_m0.4.csv
11.3007,DATA_DROP_REPLAY,"rx=11,sender=0,nonce=11200000000",bc_events_m0.4.csv
11.3007,DATA_DROP_REPLAY,"rx=1,sender=0,nonce=11200000000",bc_events_m0.4.csv
11.3007,DATA_DROP_REPLAY,"rx=3,sender=0,nonce=11200000000",bc_events_m0.4.csv
11.3007,DATA_DROP_REPLAY,"rx=10,sender=0,nonce=11200000000",bc_events_m0.4.csv
11.3007,DATA_DROP_REPLAY,"rx=5,sender=0,nonce=11200000000",bc_events_m0.4.csv
11.3007,DATA_DROP_REPLAY,"rx=8,sender=0,nonce=11200000000",bc_events_m0.4.csv
11.3007,DATA_DROP_REPLAY,"rx=6,sender=0,nonce=11200000000",bc_events_m0.4.csv
11.3007,DATA_DROP_REPLAY,"rx=9,sender=0,nonce=11200000000",bc_events_m0.4.csv
11.3007,DATA_DROP_REPLAY,"rx=7,sender=0,nonce=11200000000",bc_events_m0.4.csv
11.3007,DATA_DROP_REPLAY,"rx=4,sender=0,nonce=11200000000",bc_events_m0.4.csv
11.3009,DATA_DROP_SIG,"rx=2,sender=0,nonce=11300000000",bc_events_m0.4.csv
11.3009,DATA_DROP_SIG,"rx=11,sender=0,nonce=11300000000",bc_events_m0.4.csv
11.3009,DATA_DROP_SIG,"rx=1,sender=0,nonce=11300000000",bc_events_m0.4.csv
11.3009,DATA_DROP_SIG,"rx=3,sender=0,nonce=11300000000",bc_events_m0.4.csv
11.3009,DATA_DROP_SIG,"rx=10,sender=0,nonce=11300000000",bc_events_m0.4.csv
11.3009,DATA_DROP_SIG,"rx=5,sender=0,nonce=11300000000",bc_events_m0.4.csv
11.3009,DATA_DROP_SIG,"rx=8,sender=0,nonce=11300000000",bc_events_m0.4.csv
11.3009,DATA_DROP_SIG,"rx=6,sender=0,nonce=11300000000",bc_events_m0.4.csv
11.3009,DATA_DROP_SIG,"rx=9,sender=0,nonce=11300000000",bc_events_m0.4.csv
11.3009,DATA_DROP_SIG,"rx=7,sender=0,nonce=11300000000",bc_events_m0.4.csv
11.3009,DATA_DROP_SIG,"rx=4,sender=0,nonce=11300000000",bc_events_m0.4.csv
11.4007,DATA_DROP_SIG,"rx=2,sender=0,nonce=11400000000",bc_events_m0.4.csv
11.4007,DATA_DROP_SIG,"rx=11,sender=0,nonce=11400000000",bc_events_m0.4.csv
11.4007,DATA_DROP_SIG,"rx=1,sender=0,nonce=11400000000",bc_events_m0.4.csv
11.4007,DATA_DROP_SIG,"rx=3,sender=0,nonce=11400000000",bc_events_m0.4.csv
11.4007,DATA_DROP_SIG,"rx=10,sender=0,nonce=11400000000",bc_events_m0.4.csv
11.4007,DATA_DROP_SIG,"rx=5,sender=0,nonce=11400000000",bc_events_m0.4.csv
11.4007,DATA_DROP_SIG,"rx=8,sender=0,nonce=11400000000",bc_events_m0.4.csv
11.4007,DATA_DROP_SIG,"rx=6,sender=0,nonce=11400000000",bc_events_m0.4.csv
11.4007,DATA_DROP_SIG,"rx=9,sender=0,nonce=11400000000",bc_events_m0.4.csv
11.4007,DATA_DROP_SIG,"rx=7,sender=0,nonce=11400000000",bc_events_m0.4.csv
11.4007,DATA_DROP_SIG,"rx=4,sender=0,nonce=11400000000",bc_events_m0.4.csv
11.5007,DATA_RX_OK,"rx=2,sender=0,delay_s=0.000662",bc_events_m0.4.csv
11.5007,DATA_RX_OK,"rx=11,sender=0,delay_s=0.000662",bc_events_m0.4.csv
11.5007,DATA_RX_OK,"rx=1,sender=0,delay_s=0.000662",bc_events_m0.4.csv
11.5007,DATA_RX_OK,"rx=3,sender=0,delay_s=0.000662",bc_events_m0.4.csv
11.5007,DATA_RX_OK,"rx=10,sender=0,delay_s=0.000662",bc_events_m0.4.csv
11.5007,DATA_RX_OK,"rx=5,sender=0,delay_s=0.000662",bc_events_m0.4.csv
11.5007,DATA_RX_OK,"rx=8,sender=0,delay_s=0.000662",bc_events_m0.4.csv
11.5007,DATA_RX_OK,"rx=9,sender=0,delay_s=0.000662",bc_events_m0.4.csv
11.5007,DATA_RX_OK,"rx=6,sender=0,delay_s=0.000662",bc_events_m0.4.csv
11.5007,DATA_RX_OK,"rx=7,sender=0,delay_s=0.000662",bc_events_m0.4.csv
11.5007,DATA_RX_OK,"rx=4,sender=0,delay_s=0.000662",bc_events_m0.4.csv
11.55,BLOCK_MINE_START,block_next=12,bc_events_m0.4.csv
11.6,REPLAY_SENT,nonce=11500000000,bc_events_m0.4.csv
11.6,BLOCK_COMMIT_ITEM,"accused=7,delta=0.020000,trust=0.620000",bc_events_m0.4.csv
11.6,BLOCK_COMMIT_ITEM,"accused=2,delta=0.020000,trust=0.800000",bc_events_m0.4.csv
11.6,BLOCK_COMMIT_ITEM,"accused=8,delta=-0.050000,trust=0.500000",bc_events_m0.4.csv
11.6,BLOCK_COMMIT_ITEM,"accused=0,delta=-0.050000,trust=0.690000",bc_events_m0.4.csv
11.6,BLOCK_COMMIT_ITEM,"accused=3,delta=0.020000,trust=0.670000",bc_events_m0.4.csv
11.6,BLOCK_COMMIT_ITEM,"accused=8,delta=-0.050000,trust=0.450000",bc_events_m0.4.csv
11.6,BLOCK_COMMIT_ITEM,"accused=7,delta=-0.050000,trust=0.570000",bc_events_m0.4.csv
11.6,BLOCK_COMMIT_DONE,"block=12,items=7,lat_s=0.050000",bc_events_m0.4.csv
11.6007,DATA_DROP_REPLAY,"rx=2,sender=0,nonce=11500000000",bc_events_m0.4.csv
11.6007,DATA_DROP_REPLAY,"rx=11,sender=0,nonce=11500000000",bc_events_m0.4.csv
11.6007,DATA_DROP_REPLAY,"rx=1,sender=0,nonce=11500000000",bc_events_m0.4.csv
11.6007,DATA_DROP_REPLAY,"rx=3,sender=0,nonce=11500000000",bc_events_m0.4.csv
11.6007,DATA_DROP_REPLAY,"rx=10,sender=0,nonce=11500000000",bc_events_m0.4.csv
11.6007,DATA_DROP_REPLAY,"rx=5,sender=0,nonce=11500000000",bc_events_m0.4.csv
11.6007,DATA_DROP_REPLAY,"rx=8,sender=0,nonce=11500000000",bc_events_m0.4.csv
11.6007,DATA_DROP_REPLAY,"rx=9,sender=0,nonce=11500000000",bc_events_m0.4.csv
11.6007,DATA_DROP_REPLAY,"rx=6,sender=0,nonce=11500000000",bc_events_m0.4.csv
11.6007,DATA_DROP_REPLAY,"rx=7,sender=0,nonce=11500000000",bc_events_m0.4.csv
11.6007,DATA_DROP_REPLAY,"rx=4,sender=0,nonce=11500000000",bc_events_m0.4.csv
11.601,DATA_DROP_SIG,"rx=2,sender=0,nonce=11600000000",bc_events_m0.4.csv
11.601,DATA_DROP_SIG,"rx=11,sender=0,nonce=11600000000",bc_events_m0.4.csv
11.601,DATA_DROP_SIG,"rx=1,sender=0,nonce=11600000000",bc_events_m0.4.csv
11.601,DATA_DROP_SIG,"rx=3,sender=0,nonce=11600000000",bc_events_m0.4.csv
11.601,DATA_DROP_SIG,"rx=10,sender=0,nonce=11600000000",bc_events_m0.4.csv
11.601,DATA_DROP_SIG,"rx=5,sender=0,nonce=11600000000",bc_events_m0.4.csv
11.601,DATA_DROP_SIG,"rx=8,sender=0,nonce=11600000000",bc_events_m0.4.csv
11.601,DATA_DROP_SIG,"rx=9,sender=0,nonce=11600000000",bc_events_m0.4.csv
11.601,DATA_DROP_SIG,"rx=6,sender=0,nonce=11600000000",bc_events_m0.4.csv
11.601,DATA_DROP_SIG,"rx=7,sender=0,nonce=11600000000",bc_events_m0.4.csv
11.601,DATA_DROP_SIG,"rx=4,sender=0,nonce=11600000000",bc_events_m0.4.csv
11.7007,DATA_RX_OK,"rx=2,sender=0,delay_s=0.000662",bc_events_m0.4.csv
11.7007,DATA_RX_OK,"rx=1,sender=0,delay_s=0.000662",bc_events_m0.4.csv
11.7007,DATA_RX_OK,"rx=11,sender=0,delay_s=0.000662",bc_events_m0.4.csv
11.7007,DATA_RX_OK,"rx=10,sender=0,delay_s=0.000662",bc_events_m0.4.csv
11.7007,DATA_RX_OK,"rx=3,sender=0,delay_s=0.000662",bc_events_m0.4.csv
11.7007,DATA_RX_OK,"rx=5,sender=0,delay_s=0.000662",bc_events_m0.4.csv
11.7007,DATA_RX_OK,"rx=8,sender=0,delay_s=0.000662",bc_events_m0.4.csv
11.7007,DATA_RX_OK,"rx=9,sender=0,delay_s=0.000662",bc_events_m0.4.csv
11.7007,DATA_RX_OK,"rx=6,sender=0,delay_s=0.000662",bc_events_m0.4.csv
11.7007,DATA_RX_OK,"rx=7,sender=0,delay_s=0.000662",bc_events_m0.4.csv
11.7007,DATA_RX_OK,"rx=4,sender=0,delay_s=0.000662",bc_events_m0.4.csv
11.8007,DATA_DROP_SIG,"rx=2,sender=0,nonce=11800000000",bc_events_m0.4.csv
11.8007,DATA_DROP_SIG,"rx=11,sender=0,nonce=11800000000",bc_events_m0.4.csv
11.8007,DATA_DROP_SIG,"rx=1,sender=0,nonce=11800000000",bc_events_m0.4.csv
11.8007,DATA_DROP_SIG,"rx=3,sender=0,nonce=11800000000",bc_events_m0.4.csv
11.8007,DATA_DROP_SIG,"rx=10,sender=0,nonce=11800000000",bc_events_m0.4.csv
11.8007,DATA_DROP_SIG,"rx=5,sender=0,nonce=11800000000",bc_events_m0.4.csv
11.8007,DATA_DROP_SIG,"rx=8,sender=0,nonce=11800000000",bc_events_m0.4.csv
11.8007,DATA_DROP_SIG,"rx=6,sender=0,nonce=11800000000",bc_events_m0.4.csv
11.8007,DATA_DROP_SIG,"rx=9,sender=0,nonce=11800000000",bc_events_m0.4.csv
11.8007,DATA_DROP_SIG,"rx=7,sender=0,nonce=11800000000",bc_events_m0.4.csv
11.8007,DATA_DROP_SIG,"rx=4,sender=0,nonce=11800000000",bc_events_m0.4.csv
11.9,REPLAY_SENT,nonce=11800000000,bc_events_m0.4.csv
11.9007,DATA_DROP_SIG,"rx=2,sender=0,nonce=11800000000",bc_events_m0.4.csv
11.9007,DATA_DROP_SIG,"rx=11,sender=0,nonce=11800000000",bc_events_m0.4.csv
11.9007,DATA_DROP_SIG,"rx=1,sender=0,nonce=11800000000",bc_events_m0.4.csv
11.9007,DATA_DROP_SIG,"rx=3,sender=0,nonce=11800000000",bc_events_m0.4.csv
11.9007,DATA_DROP_SIG,"rx=10,sender=0,nonce=11800000000",bc_events_m0.4.csv
11.9007,DATA_DROP_SIG,"rx=5,sender=0,nonce=11800000000",bc_events_m0.4.csv
11.9007,DATA_DROP_SIG,"rx=8,sender=0,nonce=11800000000",bc_events_m0.4.csv
11.9007,DATA_DROP_SIG,"rx=6,sender=0,nonce=11800000000",bc_events_m0.4.csv
11.9007,DATA_DROP_SIG,"rx=9,sender=0,nonce=11800000000",bc_events_m0.4.csv
11.9007,DATA_DROP_SIG,"rx=7,sender=0,nonce=11800000000",bc_events_m0.4.csv
11.9007,DATA_DROP_SIG,"rx=4,sender=0,nonce=11800000000",bc_events_m0.4.csv
11.9009,DATA_DROP_SIG,"rx=2,sender=0,nonce=11900000000",bc_events_m0.4.csv
11.9009,DATA_DROP_SIG,"rx=11,sender=0,nonce=11900000000",bc_events_m0.4.csv
11.9009,DATA_DROP_SIG,"rx=1,sender=0,nonce=11900000000",bc_events_m0.4.csv
11.9009,DATA_DROP_SIG,"rx=3,sender=0,nonce=11900000000",bc_events_m0.4.csv
11.9009,DATA_DROP_SIG,"rx=10,sender=0,nonce=11900000000",bc_events_m0.4.csv
11.9009,DATA_DROP_SIG,"rx=5,sender=0,nonce=11900000000",bc_events_m0.4.csv
11.9009,DATA_DROP_SIG,"rx=8,sender=0,nonce=11900000000",bc_events_m0.4.csv
11.9009,DATA_DROP_SIG,"rx=6,sender=0,nonce=11900000000",bc_events_m0.4.csv
11.9009,DATA_DROP_SIG,"rx=9,sender=0,nonce=11900000000",bc_events_m0.4.csv
11.9009,DATA_DROP_SIG,"rx=7,sender=0,nonce=11900000000",bc_events_m0.4.csv
11.9009,DATA_DROP_SIG,"rx=4,sender=0,nonce=11900000000",bc_events_m0.4.csv
12,REPORT_SENT,"by=0,about=9,delta=-0.050000",bc_events_m0.4.csv
12,REPORT_SENT,"by=1,about=0,delta=-0.050000",bc_events_m0.4.csv
12,REPORT_SENT,"by=2,about=4,delta=0.020000",bc_events_m0.4.csv
12,REPORT_SENT,"by=3,about=3,delta=-0.050000",bc_events_m0.4.csv
12,REPORT_SENT,"by=4,about=7,delta=0.020000",bc_events_m0.4.csv
12,REPORT_SENT,"by=5,about=5,delta=0.020000",bc_events_m0.4.csv
12,REPORT_SENT,"by=6,about=3,delta=-0.050000",bc_events_m0.4.csv
12,REPORT_SENT,"by=7,about=5,delta=0.020000",bc_events_m0.4.csv
12,REPORT_SENT,"by=8,about=0,delta=0.020000",bc_events_m0.4.csv
12,REPORT_SENT,"by=9,about=8,delta=0.020000",bc_events_m0.4.csv
12.0002,REPORT_RX_RSU,"rsu=10,by=5,about=5,delta=0.020000",bc_events_m0.4.csv
12.0005,REPORT_RX_RSU,"rsu=10,by=7,about=5,delta=0.020000",bc_events_m0.4.csv
12.0007,REPORT_RX_RSU,"rsu=10,by=8,about=0,delta=0.020000",bc_events_m0.4.csv
12.0008,REPORT_RX_RSU,"rsu=10,by=4,about=7,delta=0.020000",bc_events_m0.4.csv
12.001,REPORT_RX_RSU,"rsu=10,by=9,about=8,delta=0.020000",bc_events_m0.4.csv
12.0011,REPORT_RX_RSU,"rsu=10,by=0,about=9,delta=-0.050000",bc_events_m0.4.csv
12.0018,DATA_DROP_SIG,"rx=2,sender=0,nonce=12000000000",bc_events_m0.4.csv
12.0018,DATA_DROP_SIG,"rx=11,sender=0,nonce=12000000000",bc_events_m0.4.csv
12.0018,DATA_DROP_SIG,"rx=1,sender=0,nonce=12000000000",bc_events_m0.4.csv
12.0018,DATA_DROP_SIG,"rx=3,sender=0,nonce=12000000000",bc_events_m0.4.csv
12.0018,DATA_DROP_SIG,"rx=10,sender=0,nonce=12000000000",bc_events_m0.4.csv
12.0018,DATA_DROP_SIG,"rx=5,sender=0,nonce=12000000000",bc_events_m0.4.csv
12.0018,DATA_DROP_SIG,"rx=8,sender=0,nonce=12000000000",bc_events_m0.4.csv
12.0018,DATA_DROP_SIG,"rx=6,sender=0,nonce=12000000000",bc_events_m0.4.csv
12.0018,DATA_DROP_SIG,"rx=9,sender=0,nonce=12000000000",bc_events_m0.4.csv
12.0018,DATA_DROP_SIG,"rx=7,sender=0,nonce=12000000000",bc_events_m0.4.csv
12.0018,DATA_DROP_SIG,"rx=4,sender=0,nonce=12000000000",bc_events_m0.4.csv
12.0018,REPORT_RX_RSU,"rsu=10,by=1,about=0,delta=-0.050000",bc_events_m0.4.csv
12.1007,DATA_DROP_SIG,"rx=2,sender=0,nonce=12100000000",bc_events_m0.4.csv
12.1007,DATA_DROP_SIG,"rx=11,sender=0,nonce=12100000000",bc_events_m0.4.csv
12.1007,DATA_DROP_SIG,"rx=1,sender=0,nonce=12100000000",bc_events_m0.4.csv
12.1007,DATA_DROP_SIG,"rx=3,sender=0,nonce=12100000000",bc_events_m0.4.csv
12.1007,DATA_DROP_SIG,"rx=5,sender=0,nonce=12100000000",bc_events_m0.4.csv
12.1007,DATA_DROP_SIG,"rx=10,sender=0,nonce=12100000000",bc_events_m0.4.csv
12.1007,DATA_DROP_SIG,"rx=8,sender=0,nonce=12100000000",bc_events_m0.4.csv
12.1007,DATA_DROP_SIG,"rx=6,sender=0,nonce=12100000000",bc_events_m0.4.csv
12.1007,DATA_DROP_SIG,"rx=7,sender=0,nonce=12100000000",bc_events_m0.4.csv
12.1007,DATA_DROP_SIG,"rx=9,sender=0,nonce=12100000000",bc_events_m0.4.csv
12.1007,DATA_DROP_SIG,"rx=4,sender=0,nonce=12100000000",bc_events_m0.4.csv
12.2,REPLAY_SENT,nonce=12100000000,bc_events_m0.4.csv
12.2007,DATA_DROP_SIG,"rx=2,sender=0,nonce=12100000000",bc_events_m0.4.csv
12.2007,DATA_DROP_SIG,"rx=11,sender=0,nonce=12100000000",bc_events_m0.4.csv
12.2007,DATA_DROP_SIG,"rx=1,sender=0,nonce=12100000000",bc_events_m0.4.csv
12.2007,DATA_DROP_SIG,"rx=5,sender=0,nonce=12100000000",bc_events_m0.4.csv
12.2007,DATA_DROP_SIG,"rx=3,sender=0,nonce=12100000000",bc_events_m0.4.csv
12.2007,DATA_DROP_SIG,"rx=10,sender=0,nonce=12100000000",bc_events_m0.4.csv
12.2007,DATA_DROP_SIG,"rx=8,sender=0,nonce=12100000000",bc_events_m0.4.csv
12.2007,DATA_DROP_SIG,"rx=6,sender=0,nonce=12100000000",bc_events_m0.4.csv
12.2007,DATA_DROP_SIG,"rx=7,sender=0,nonce=12100000000",bc_events_m0.4.csv
12.2007,DATA_DROP_SIG,"rx=9,sender=0,nonce=12100000000",bc_events_m0.4.csv
12.2007,DATA_DROP_SIG,"rx=4,sender=0,nonce=12100000000",bc_events_m0.4.csv
12.2009,DATA_DROP_SIG,"rx=2,sender=0,nonce=12200000000",bc_events_m0.4.csv
12.2009,DATA_DROP_SIG,"rx=11,sender=0,nonce=12200000000",bc_events_m0.4.csv
12.2009,DATA_DROP_SIG,"rx=1,sender=0,nonce=12200000000",bc_events_m0.4.csv
12.2009,DATA_DROP_SIG,"rx=5,sender=0,nonce=12200000000",bc_events_m0.4.csv
12.2009,DATA_DROP_SIG,"rx=3,sender=0,nonce=12200000000",bc_events_m0.4.csv
12.2009,DATA_DROP_SIG,"rx=10,sender=0,nonce=12200000000",bc_events_m0.4.csv
12.2009,DATA_DROP_SIG,"rx=8,sender=0,nonce=12200000000",bc_events_m0.4.csv
12.2009,DATA_DROP_SIG,"rx=6,sender=0,nonce=12200000000",bc_events_m0.4.csv
12.2009,DATA_DROP_SIG,"rx=7,sender=0,nonce=12200000000",bc_events_m0.4.csv
12.2009,DATA_DROP_SIG,"rx=9,sender=0,nonce=12200000000",bc_events_m0.4.csv
12.2009,DATA_DROP_SIG,"rx=4,sender=0,nonce=12200000000",bc_events_m0.4.csv
12.3007,DATA_RX_OK,"rx=2,sender=0,delay_s=0.000662",bc_events_m0.4.csv
12.3007,DATA_RX_OK,"rx=11,sender=0,delay_s=0.000662",bc_events_m0.4.csv
12.3007,DATA_RX_OK,"rx=1,sender=0,delay_s=0.000662",bc_events_m0.4.csv
12.3007,DATA_RX_OK,"rx=5,sender=0,delay_s=0.000662",bc_events_m0.4.csv
12.3007,DATA_RX_OK,"rx=3,sender=0,delay_s=0.000662",bc_events_m0.4.csv
12.3007,DATA_RX_OK,"rx=10,sender=0,delay_s=0.000662",bc_events_m0.4.csv
12.3007,DATA_RX_OK,"rx=8,sender=0,delay_s=0.000662",bc_events_m0.4.csv
12.3007,DATA_RX_OK,"rx=6,sender=0,delay_s=0.000662",bc_events_m0.4.csv
12.3007,DATA_RX_OK,"rx=7,sender=0,delay_s=0.000662",bc_events_m0.4.csv
12.3007,DATA_RX_OK,"rx=9,sender=0,delay_s=0.000662",bc_events_m0.4.csv
12.3007,DATA_RX_OK,"rx=4,sender=0,delay_s=0.000662",bc_events_m0.4.csv
12.4007,DATA_RX_OK,"rx=2,sender=0,delay_s=0.000662",bc_events_m0.4.csv
12.4007,DATA_RX_OK,"rx=11,sender=0,delay_s=0.000662",bc_events_m0.4.csv
12.4007,DATA_RX_OK,"rx=1,sender=0,delay_s=0.000662",bc_events_m0.4.csv
12.4007,DATA_RX_OK,"rx=5,sender=0,delay_s=0.000662",bc_events_m0.4.csv
12.4007,DATA_RX_OK,"rx=3,sender=0,delay_s=0.000662",bc_events_m0.4.csv
12.4007,DATA_RX_OK,"rx=10,sender=0,delay_s=0.000662",bc_events_m0.4.csv
12.4007,DATA_RX_OK,"rx=8,sender=0,delay_s=0.000662",bc_events_m0.4.csv
12.4007,DATA_RX_OK,"rx=6,sender=0,delay_s=0.000662",bc_events_m0.4.csv
12.4007,DATA_RX_OK,"rx=7,sender=0,delay_s=0.000662",bc_events_m0.4.csv
12.4007,DATA_RX_OK,"rx=9,sender=0,delay_s=0.000662",bc_events_m0.4.csv
12.4007,DATA_RX_OK,"rx=4,sender=0,delay_s=0.000662",bc_events_m0.4.csv
12.5,REPLAY_SENT,nonce=12400000000,bc_events_m0.4.csv
12.5007,DATA_DROP_REPLAY,"rx=2,sender=0,nonce=12400000000",bc_events_m0.4.csv
12.5007,DATA_DROP_REPLAY,"rx=11,sender=0,nonce=12400000000",bc_events_m0.4.csv
12.5007,DATA_DROP_REPLAY,"rx=1,sender=0,nonce=12400000000",bc_events_m0.4.csv
12.5007,DATA_DROP_REPLAY,"rx=5,sender=0,nonce=12400000000",bc_events_m0.4.csv
12.5007,DATA_DROP_REPLAY,"rx=3,sender=0,nonce=12400000000",bc_events_m0.4.csv
12.5007,DATA_DROP_REPLAY,"rx=10,sender=0,nonce=12400000000",bc_events_m0.4.csv
12.5007,DATA_DROP_REPLAY,"rx=8,sender=0,nonce=12400000000",bc_events_m0.4.csv
12.5007,DATA_DROP_REPLAY,"rx=6,sender=0,nonce=12400000000",bc_events_m0.4.csv
12.5007,DATA_DROP_REPLAY,"rx=7,sender=0,nonce=12400000000",bc_events_m0.4.csv
12.5007,DATA_DROP_REPLAY,"rx=9,sender=0,nonce=12400000000",bc_events_m0.4.csv
12.5007,DATA_DROP_REPLAY,"rx=4,sender=0,nonce=12400000000",bc_events_m0.4.csv
12.501,DATA_DROP_SIG,"rx=2,sender=0,nonce=12500000000",bc_events_m0.4.csv
12.501,DATA_DROP_SIG,"rx=11,sender=0,nonce=12500000000",bc_events_m0.4.csv
12.501,DATA_DROP_SIG,"rx=1,sender=0,nonce=12500000000",bc_events_m0.4.csv
12.501,DATA_DROP_SIG,"rx=5,sender=0,nonce=12500000000",bc_events_m0.4.csv
12.501,DATA_DROP_SIG,"rx=3,sender=0,nonce=12500000000",bc_events_m0.4.csv
12.501,DATA_DROP_SIG,"rx=10,sender=0,nonce=12500000000",bc_events_m0.4.csv
12.501,DATA_DROP_SIG,"rx=8,sender=0,nonce=12500000000",bc_events_m0.4.csv
12.501,DATA_DROP_SIG,"rx=6,sender=0,nonce=12500000000",bc_events_m0.4.csv
12.501,DATA_DROP_SIG,"rx=7,sender=0,nonce=12500000000",bc_events_m0.4.csv
12.501,DATA_DROP_SIG,"rx=9,sender=0,nonce=12500000000",bc_events_m0.4.csv
12.501,DATA_DROP_SIG,"rx=4,sender=0,nonce=12500000000",bc_events_m0.4.csv
12.6,BLOCK_MINE_START,block_next=13,bc_events_m0.4.csv
12.6007,DATA_DROP_SIG,"rx=2,sender=0,nonce=12600000000",bc_events_m0.4.csv
12.6007,DATA_DROP_SIG,"rx=11,sender=0,nonce=12600000000",bc_events_m0.4.csv
12.6007,DATA_DROP_SIG,"rx=1,sender=0,nonce=12600000000",bc_events_m0.4.csv
12.6007,DATA_DROP_SIG,"rx=5,sender=0,nonce=12600000000",bc_events_m0.4.csv
12.6007,DATA_DROP_SIG,"rx=3,sender=0,nonce=12600000000",bc_events_m0.4.csv
12.6007,DATA_DROP_SIG,"rx=10,sender=0,nonce=12600000000",bc_events_m0.4.csv
12.6007,DATA_DROP_SIG,"rx=8,sender=0,nonce=12600000000",bc_events_m0.4.csv
12.6007,DATA_DROP_SIG,"rx=6,sender=0,nonce=12600000000",bc_events_m0.4.csv
12.6007,DATA_DROP_SIG,"rx=7,sender=0,nonce=12600000000",bc_events_m0.4.csv
12.6007,DATA_DROP_SIG,"rx=9,sender=0,nonce=12600000000",bc_events_m0.4.csv
12.6007,DATA_DROP_SIG,"rx=4,sender=0,nonce=12600000000",bc_events_m0.4.csv
12.65,BLOCK_COMMIT_ITEM,"accused=5,delta=0.020000,trust=0.590000",bc_events_m0.4.csv
12.65,BLOCK_COMMIT_ITEM,"accused=5,delta=0.020000,trust=0.610000",bc_events_m0.4.csv
12.65,BLOCK_COMMIT_ITEM,"accused=0,delta=0.020000,trust=0.710000",bc_events_m0.4.csv
12.65,BLOCK_COMMIT_ITEM,"accused=7,delta=0.020000,trust=0.590000",bc_events_m0.4.csv
12.65,BLOCK_COMMIT_ITEM,"accused=8,delta=0.020000,trust=0.470000",bc_events_m0.4.csv
12.65,BLOCK_COMMIT_ITEM,"accused=9,delta=-0.050000,trust=0.700000",bc_events_m0.4.csv
12.65,BLOCK_COMMIT_ITEM,"accused=0,delta=-0.050000,trust=0.660000",bc_events_m0.4.csv
12.65,BLOCK_COMMIT_DONE,"block=13,items=7,lat_s=0.050000",bc_events_m0.4.csv
12.7007,DATA_RX_OK,"rx=2,sender=0,delay_s=0.000662",bc_events_m0.4.csv
12.7007,DATA_RX_OK,"rx=11,sender=0,delay_s=0.000662",bc_events_m0.4.csv
12.7007,DATA_RX_OK,"rx=1,sender=0,delay_s=0.000662",bc_events_m0.4.csv
12.7007,DATA_RX_OK,"rx=5,sender=0,delay_s=0.000662",bc_events_m0.4.csv
12.7007,DATA_RX_OK,"rx=3,sender=0,delay_s=0.000662",bc_events_m0.4.csv
12.7007,DATA_RX_OK,"rx=10,sender=0,delay_s=0.000662",bc_events_m0.4.csv
12.7007,DATA_RX_OK,"rx=8,sender=0,delay_s=0.000662",bc_events_m0.4.csv
12.7007,DATA_RX_OK,"rx=6,sender=0,delay_s=0.000662",bc_events_m0.4.csv
12.7007,DATA_RX_OK,"rx=7,sender=0,delay_s=0.000662",bc_events_m0.4.csv
12.7007,DATA_RX_OK,"rx=9,sender=0,delay_s=0.000662",bc_events_m0.4.csv
12.7007,DATA_RX_OK,"rx=4,sender=0,delay_s=0.000662",bc_events_m0.4.csv
12.8,REPLAY_SENT,nonce=12700000000,bc_events_m0.4.csv
12.8007,DATA_DROP_REPLAY,"rx=2,sender=0,nonce=12700000000",bc_events_m0.4.csv
12.8007,DATA_DROP_REPLAY,"rx=11,sender=0,nonce=12700000000",bc_events_m0.4.csv
12.8007,DATA_DROP_REPLAY,"rx=1,sender=0,nonce=12700000000",bc_events_m0.4.csv
12.8007,DATA_DROP_REPLAY,"rx=5,sender=0,nonce=12700000000",bc_events_m0.4.csv
12.8007,DATA_DROP_REPLAY,"rx=3,sender=0,nonce=12700000000",bc_events_m0.4.csv
12.8007,DATA_DROP_REPLAY,"rx=10,sender=0,nonce=12700000000",bc_events_m0.4.csv
12.8007,DATA_DROP_REPLAY,"rx=8,sender=0,nonce=12700000000",bc_events_m0.4.csv
12.8007,DATA_DROP_REPLAY,"rx=6,sender=0,nonce=12700000000",bc_events_m0.4.csv
12.8007,DATA_DROP_REPLAY,"rx=7,sender=0,nonce=12700000000",bc_events_m0.4.csv
12.8007,DATA_DROP_REPLAY,"rx=9,sender=0,nonce=12700000000",bc_events_m0.4.csv
12.8007,DATA_DROP_REPLAY,"rx=4,sender=0,nonce=12700000000",bc_events_m0.4.csv
12.801,DATA_RX_OK,"rx=2,sender=0,delay_s=0.001023",bc_events_m0.4.csv
12.801,DATA_RX_OK,"rx=11,sender=0,delay_s=0.001023",bc_events_m0.4.csv
12.801,DATA_RX_OK,"rx=1,sender=0,delay_s=0.001023",bc_events_m0.4.csv
12.801,DATA_RX_OK,"rx=5,sender=0,delay_s=0.001023",bc_events_m0.4.csv
12.801,DATA_RX_OK,"rx=3,sender=0,delay_s=0.001023",bc_events_m0.4.csv
12.801,DATA_RX_OK,"rx=10,sender=0,delay_s=0.001023",bc_events_m0.4.csv
12.801,DATA_RX_OK,"rx=8,sender=0,delay_s=0.001023",bc_events_m0.4.csv
12.801,DATA_RX_OK,"rx=6,sender=0,delay_s=0.001023",bc_events_m0.4.csv
12.801,DATA_RX_OK,"rx=7,sender=0,delay_s=0.001023",bc_events_m0.4.csv
12.801,DATA_RX_OK,"rx=9,sender=0,delay_s=0.001023",bc_events_m0.4.csv
12.801,DATA_RX_OK,"rx=4,sender=0,delay_s=0.001023",bc_events_m0.4.csv
12.9007,DATA_RX_OK,"rx=11,sender=0,delay_s=0.000662",bc_events_m0.4.csv
12.9007,DATA_RX_OK,"rx=2,sender=0,delay_s=0.000662",bc_events_m0.4.csv
12.9007,DATA_RX_OK,"rx=1,sender=0,delay_s=0.000662",bc_events_m0.4.csv
12.9007,DATA_RX_OK,"rx=5,sender=0,delay_s=0.000662",bc_events_m0.4.csv
12.9007,DATA_RX_OK,"rx=3,sender=0,delay_s=0.000662",bc_events_m0.4.csv
12.9007,DATA_RX_OK,"rx=10,sender=0,delay_s=0.000662",bc_events_m0.4.csv
12.9007,DATA_RX_OK,"rx=8,sender=0,delay_s=0.000662",bc_events_m0.4.csv
12.9007,DATA_RX_OK,"rx=6,sender=0,delay_s=0.000662",bc_events_m0.4.csv
12.9007,DATA_RX_OK,"rx=7,sender=0,delay_s=0.000662",bc_events_m0.4.csv
12.9007,DATA_RX_OK,"rx=9,sender=0,delay_s=0.000662",bc_events_m0.4.csv
12.9007,DATA_RX_OK,"rx=4,sender=0,delay_s=0.000662",bc_events_m0.4.csv
13,REPORT_SENT,"by=0,about=9,delta=0.020000",bc_events_m0.4.csv
13,REPORT_SENT,"by=1,about=8,delta=0.020000",bc_events_m0.4.csv
13,REPORT_SENT,"by=2,about=0,delta=-0.050000",bc_events_m0.4.csv
13,REPORT_SENT,"by=3,about=8,delta=-0.050000",bc_events_m0.4.csv
13,REPORT_SENT,"by=4,about=1,delta=0.020000",bc_events_m0.4.csv
13,REPORT_SENT,"by=5,about=4,delta=0.020000",bc_events_m0.4.csv
13,REPORT_SENT,"by=6,about=4,delta=0.020000",bc_events_m0.4.csv
13,REPORT_SENT,"by=7,about=2,delta=0.020000",bc_events_m0.4.csv
13,REPORT_SENT,"by=8,about=8,delta=-0.050000",bc_events_m0.4.csv
13,REPORT_SENT,"by=9,about=8,delta=0.020000",bc_events_m0.4.csv
13.0003,REPORT_RX_RSU,"rsu=10,by=0,about=9,delta=0.020000",bc_events_m0.4.csv
13.0004,REPORT_RX_RSU,"rsu=10,by=7,about=2,delta=0.020000",bc_events_m0.4.csv
13.0006,REPORT_RX_RSU,"rsu=10,by=4,about=1,delta=0.020000",bc_events_m0.4.csv
13.0007,REPORT_RX_RSU,"rsu=10,by=9,about=8,delta=0.020000",bc_events_m0.4.csv
13.0008,REPORT_RX_RSU,"rsu=10,by=8,about=8,delta=-0.050000",bc_events_m0.4.csv
13.0012,REPORT_RX_RSU,"rsu=10,by=1,about=8,delta=0.020000",bc_events_m0.4.csv
13.0014,DATA_RX_OK,"rx=11,sender=0,delay_s=0.001355",bc_events_m0.4.csv
13.0014,DATA_RX_OK,"rx=2,sender=0,delay_s=0.001355",bc_events_m0.4.csv
13.0014,DATA_RX_OK,"rx=1,sender=0,delay_s=0.001355",bc_events_m0.4.csv
13.0014,DATA_RX_OK,"rx=5,sender=0,delay_s=0.001355",bc_events_m0.4.csv
13.0014,DATA_RX_OK,"rx=3,sender=0,delay_s=0.001355",bc_events_m0.4.csv
13.0014,DATA_RX_OK,"rx=10,sender=0,delay_s=0.001355",bc_events_m0.4.csv
13.0014,DATA_RX_OK,"rx=8,sender=0,delay_s=0.001355",bc_events_m0.4.csv
13.0014,DATA_RX_OK,"rx=6,sender=0,delay_s=0.001355",bc_events_m0.4.csv
13.0014,DATA_RX_OK,"rx=7,sender=0,delay_s=0.001355",bc_events_m0.4.csv
13.0014,DATA_RX_OK,"rx=9,sender=0,delay_s=0.001355",bc_events_m0.4.csv
13.0014,DATA_RX_OK,"rx=4,sender=0,delay_s=0.001355",bc_events_m0.4.csv
13.0014,REPORT_RX_RSU,"rsu=10,by=5,about=4,delta=0.020000",bc_events_m0.4.csv
13.1,REPLAY_SENT,nonce=13000000000,bc_events_m0.4.csv
13.1007,DATA_DROP_REPLAY,"rx=11,sender=0,nonce=13000000000",bc_events_m0.4.csv
13.1007,DATA_DROP_REPLAY,"rx=2,sender=0,nonce=13000000000",bc_events_m0.4.csv
13.1007,DATA_DROP_REPLAY,"rx=1,sender=0,nonce=13000000000",bc_events_m0.4.csv
13.1007,DATA_DROP_REPLAY,"rx=5,sender=0,nonce=13000000000",bc_events_m0.4.csv
13.1007,DATA_DROP_REPLAY,"rx=10,sender=0,nonce=13000000000",bc_events_m0.4.csv
13.1007,DATA_DROP_REPLAY,"rx=3,sender=0,nonce=13000000000",bc_events_m0.4.csv
13.1007,DATA_DROP_REPLAY,"rx=6,sender=0,nonce=13000000000",bc_events_m0.4.csv
13.1007,DATA_DROP_REPLAY,"rx=8,sender=0,nonce=13000000000",bc_events_m0.4.csv
13.1007,DATA_DROP_REPLAY,"rx=7,sender=0,nonce=13000000000",bc_events_m0.4.csv
13.1007,DATA_DROP_REPLAY,"rx=9,sender=0,nonce=13000000000",bc_events_m0.4.csv
13.1007,DATA_DROP_REPLAY,"rx=4,sender=0,nonce=13000000000",bc_events_m0.4.csv
13.101,DATA_RX_OK,"rx=11,sender=0,delay_s=0.000996",bc_events_m0.4.csv
13.101,DATA_RX_OK,"rx=2,sender=0,delay_s=0.000996",bc_events_m0.4.csv
13.101,DATA_RX_OK,"rx=1,sender=0,delay_s=0.000996",bc_events_m0.4.csv
13.101,DATA_RX_OK,"rx=5,sender=0,delay_s=0.000996",bc_events_m0.4.csv
13.101,DATA_RX_OK,"rx=10,sender=0,delay_s=0.000996",bc_events_m0.4.csv
13.101,DATA_RX_OK,"rx=3,sender=0,delay_s=0.000996",bc_events_m0.4.csv
13.101,DATA_RX_OK,"rx=6,sender=0,delay_s=0.000996",bc_events_m0.4.csv
13.101,DATA_RX_OK,"rx=8,sender=0,delay_s=0.000996",bc_events_m0.4.csv
13.101,DATA_RX_OK,"rx=7,sender=0,delay_s=0.000996",bc_events_m0.4.csv
13.101,DATA_RX_OK,"rx=9,sender=0,delay_s=0.000996",bc_events_m0.4.csv
13.101,DATA_RX_OK,"rx=4,sender=0,delay_s=0.000996",bc_events_m0.4.csv
13.2007,DATA_RX_OK,"rx=11,sender=0,delay_s=0.000662",bc_events_m0.4.csv
13.2007,DATA_RX_OK,"rx=2,sender=0,delay_s=0.000662",bc_events_m0.4.csv
13.2007,DATA_RX_OK,"rx=1,sender=0,delay_s=0.000662",bc_events_m0.4.csv
13.2007,DATA_RX_OK,"rx=5,sender=0,delay_s=0.000662",bc_events_m0.4.csv
13.2007,DATA_RX_OK,"rx=10,sender=0,delay_s=0.000662",bc_events_m0.4.csv
13.2007,DATA_RX_OK,"rx=3,sender=0,delay_s=0.000662",bc_events_m0.4.csv
13.2007,DATA_RX_OK,"rx=6,sender=0,delay_s=0.000662",bc_events_m0.4.csv
13.2007,DATA_RX_OK,"rx=7,sender=0,delay_s=0.000662",bc_events_m0.4.csv
13.2007,DATA_RX_OK,"rx=8,sender=0,delay_s=0.000662",bc_events_m0.4.csv
13.2007,DATA_RX_OK,"rx=9,sender=0,delay_s=0.000662",bc_events_m0.4.csv
13.2007,DATA_RX_OK,"rx=4,sender=0,delay_s=0.000662",bc_events_m0.4.csv
13.3007,DATA_RX_OK,"rx=11,sender=0,delay_s=0.000662",bc_events_m0.4.csv
13.3007,DATA_RX_OK,"rx=2,sender=0,delay_s=0.000662",bc_events_m0.4.csv
13.3007,DATA_RX_OK,"rx=1,sender=0,delay_s=0.000662",bc_events_m0.4.csv
13.3007,DATA_RX_OK,"rx=5,sender=0,delay_s=0.000662",bc_events_m0.4.csv
13.3007,DATA_RX_OK,"rx=10,sender=0,delay_s=0.000662",bc_events_m0.4.csv
13.3007,DATA_RX_OK,"rx=3,sender=0,delay_s=0.000662",bc_events_m0.4.csv
13.3007,DATA_RX_OK,"rx=6,sender=0,delay_s=0.000662",bc_events_m0.4.csv
13.3007,DATA_RX_OK,"rx=7,sender=0,delay_s=0.000662",bc_events_m0.4.csv
13.3007,DATA_RX_OK,"rx=8,sender=0,delay_s=0.000662",bc_events_m0.4.csv
13.3007,DATA_RX_OK,"rx=9,sender=0,delay_s=0.000662",bc_events_m0.4.csv
13.3007,DATA_RX_OK,"rx=4,sender=0,delay_s=0.000662",bc_events_m0.4.csv
13.4,REPLAY_SENT,nonce=13300000000,bc_events_m0.4.csv
13.4007,DATA_DROP_REPLAY,"rx=11,sender=0,nonce=13300000000",bc_events_m0.4.csv
13.4007,DATA_DROP_REPLAY,"rx=2,sender=0,nonce=13300000000",bc_events_m0.4.csv
13.4007,DATA_DROP_REPLAY,"rx=1,sender=0,nonce=13300000000",bc_events_m0.4.csv
13.4007,DATA_DROP_REPLAY,"rx=5,sender=0,nonce=13300000000",bc_events_m0.4.csv
13.4007,DATA_DROP_REPLAY,"rx=10,sender=0,nonce=13300000000",bc_events_m0.4.csv
13.4007,DATA_DROP_REPLAY,"rx=3,sender=0,nonce=13300000000",bc_events_m0.4.csv
13.4007,DATA_DROP_REPLAY,"rx=6,sender=0,nonce=13300000000",bc_events_m0.4.csv
13.4007,DATA_DROP_REPLAY,"rx=7,sender=0,nonce=13300000000",bc_events_m0.4.csv
13.4007,DATA_DROP_REPLAY,"rx=8,sender=0,nonce=13300000000",bc_events_m0.4.csv
13.4007,DATA_DROP_REPLAY,"rx=9,sender=0,nonce=13300000000",bc_events_m0.4.csv
13.4007,DATA_DROP_REPLAY,"rx=4,sender=0,nonce=13300000000",bc_events_m0.4.csv
13.4011,DATA_DROP_SIG,"rx=11,sender=0,nonce=13400000000",bc_events_m0.4.csv
13.4011,DATA_DROP_SIG,"rx=2,sender=0,nonce=13400000000",bc_events_m0.4.csv
13.4011,DATA_DROP_SIG,"rx=1,sender=0,nonce=13400000000",bc_events_m0.4.csv
13.4011,DATA_DROP_SIG,"rx=5,sender=0,nonce=13400000000",bc_events_m0.4.csv
13.4011,DATA_DROP_SIG,"rx=10,sender=0,nonce=13400000000",bc_events_m0.4.csv
13.4011,DATA_DROP_SIG,"rx=3,sender=0,nonce=13400000000",bc_events_m0.4.csv
13.4011,DATA_DROP_SIG,"rx=6,sender=0,nonce=13400000000",bc_events_m0.4.csv
13.4011,DATA_DROP_SIG,"rx=7,sender=0,nonce=13400000000",bc_events_m0.4.csv
13.4011,DATA_DROP_SIG,"rx=8,sender=0,nonce=13400000000",bc_events_m0.4.csv
13.4011,DATA_DROP_SIG,"rx=9,sender=0,nonce=13400000000",bc_events_m0.4.csv
13.4011,DATA_DROP_SIG,"rx=4,sender=0,nonce=13400000000",bc_events_m0.4.csv
13.5007,DATA_DROP_SIG,"rx=11,sender=0,nonce=13500000000",bc_events_m0.4.csv
13.5007,DATA_DROP_SIG,"rx=2,sender=0,nonce=13500000000",bc_events_m0.4.csv
13.5007,DATA_DROP_SIG,"rx=1,sender=0,nonce=13500000000",bc_events_m0.4.csv
13.5007,DATA_DROP_SIG,"rx=5,sender=0,nonce=13500000000",bc_events_m0.4.csv
13.5007,DATA_DROP_SIG,"rx=3,sender=0,nonce=13500000000",bc_events_m0.4.csv
13.5007,DATA_DROP_SIG,"rx=10,sender=0,nonce=13500000000",bc_events_m0.4.csv
13.5007,DATA_DROP_SIG,"rx=6,sender=0,nonce=13500000000",bc_events_m0.4.csv
13.5007,DATA_DROP_SIG,"rx=7,sender=0,nonce=13500000000",bc_events_m0.4.csv
13.5007,DATA_DROP_SIG,"rx=8,sender=0,nonce=13500000000",bc_events_m0.4.csv
13.5007,DATA_DROP_SIG,"rx=9,sender=0,nonce=13500000000",bc_events_m0.4.csv
13.5007,DATA_DROP_SIG,"rx=4,sender=0,nonce=13500000000",bc_events_m0.4.csv
13.6007,DATA_RX_OK,"rx=11,sender=0,delay_s=0.000662",bc_events_m0.4.csv
13.6007,DATA_RX_OK,"rx=2,sender=0,delay_s=0.000662",bc_events_m0.4.csv
13.6007,DATA_RX_OK,"rx=1,sender=0,delay_s=0.000662",bc_events_m0.4.csv
13.6007,DATA_RX_OK,"rx=5,sender=0,delay_s=0.000662",bc_events_m0.4.csv
13.6007,DATA_RX_OK,"rx=3,sender=0,delay_s=0.000662",bc_events_m0.4.csv
13.6007,DATA_RX_OK,"rx=10,sender=0,delay_s=0.000662",bc_events_m0.4.csv
13.6007,DATA_RX_OK,"rx=6,sender=0,delay_s=0.000662",bc_events_m0.4.csv
13.6007,DATA_RX_OK,"rx=7,sender=0,delay_s=0.000662",bc_events_m0.4.csv
13.6007,DATA_RX_OK,"rx=8,sender=0,delay_s=0.000662",bc_events_m0.4.csv
13.6007,DATA_RX_OK,"rx=9,sender=0,delay_s=0.000662",bc_events_m0.4.csv
13.6007,DATA_RX_OK,"rx=4,sender=0,delay_s=0.000662",bc_events_m0.4.csv
13.65,BLOCK_MINE_START,block_next=14,bc_events_m0.4.csv
13.7,REPLAY_SENT,nonce=13600000000,bc_events_m0.4.csv
13.7,BLOCK_COMMIT_ITEM,"accused=9,delta=0.020000,trust=0.720000",bc_events_m0.4.csv
13.7,BLOCK_COMMIT_ITEM,"accused=2,delta=0.020000,trust=0.820000",bc_events_m0.4.csv
13.7,BLOCK_COMMIT_ITEM,"accused=1,delta=0.020000,trust=0.560000",bc_events_m0.4.csv
13.7,BLOCK_COMMIT_ITEM,"accused=8,delta=0.020000,trust=0.490000",bc_events_m0.4.csv
13.7,BLOCK_COMMIT_ITEM,"accused=8,delta=-0.050000,trust=0.440000",bc_events_m0.4.csv
13.7,BLOCK_COMMIT_ITEM,"accused=8,delta=0.020000,trust=0.460000",bc_events_m0.4.csv
13.7,BLOCK_COMMIT_ITEM,"accused=4,delta=0.020000,trust=0.700000",bc_events_m0.4.csv
13.7,BLOCK_COMMIT_DONE,"block=14,items=7,lat_s=0.050000",bc_events_m0.4.csv
13.7007,DATA_DROP_REPLAY,"rx=11,sender=0,nonce=13600000000",bc_events_m0.4.csv
13.7007,DATA_DROP_REPLAY,"rx=2,sender=0,nonce=13600000000",bc_events_m0.4.csv
13.7007,DATA_DROP_REPLAY,"rx=1,sender=0,nonce=13600000000",bc_events_m0.4.csv
13.7007,DATA_DROP_REPLAY,"rx=5,sender=0,nonce=13600000000",bc_events_m0.4.csv
13.7007,DATA_DROP_REPLAY,"rx=3,sender=0,nonce=13600000000",bc_events_m0.4.csv
13.7007,DATA_DROP_REPLAY,"rx=10,sender=0,nonce=13600000000",bc_events_m0.4.csv
13.7007,DATA_DROP_REPLAY,"rx=6,sender=0,nonce=13600000000",bc_events_m0.4.csv
13.7007,DATA_DROP_REPLAY,"rx=7,sender=0,nonce=13600000000",bc_events_m0.4.csv
13.7007,DATA_DROP_REPLAY,"rx=8,sender=0,nonce=13600000000",bc_events_m0.4.csv
13.7007,DATA_DROP_REPLAY,"rx=9,sender=0,nonce=13600000000",bc_events_m0.4.csv
13.7007,DATA_DROP_REPLAY,"rx=4,sender=0,nonce=13600000000",bc_events_m0.4.csv
13.701,DATA_RX_OK,"rx=11,sender=0,delay_s=0.000978",bc_events_m0.4.csv
13.701,DATA_RX_OK,"rx=2,sender=0,delay_s=0.000978",bc_events_m0.4.csv
13.701,DATA_RX_OK,"rx=1,sender=0,delay_s=0.000978",bc_events_m0.4.csv
13.701,DATA_RX_OK,"rx=5,sender=0,delay_s=0.000978",bc_events_m0.4.csv
13.701,DATA_RX_OK,"rx=3,sender=0,delay_s=0.000978",bc_events_m0.4.csv
13.701,DATA_RX_OK,"rx=10,sender=0,delay_s=0.000978",bc_events_m0.4.csv
13.701,DATA_RX_OK,"rx=6,sender=0,delay_s=0.000978",bc_events_m0.4.csv
13.701,DATA_RX_OK,"rx=7,sender=0,delay_s=0.000978",bc_events_m0.4.csv
13.701,DATA_RX_OK,"rx=8,sender=0,delay_s=0.000978",bc_events_m0.4.csv
13.701,DATA_RX_OK,"rx=9,sender=0,delay_s=0.000978",bc_events_m0.4.csv
13.701,DATA_RX_OK,"rx=4,sender=0,delay_s=0.000978",bc_events_m0.4.csv
13.8007,DATA_RX_OK,"rx=11,sender=0,delay_s=0.000662",bc_events_m0.4.csv
13.8007,DATA_RX_OK,"rx=2,sender=0,delay_s=0.000662",bc_events_m0.4.csv
13.8007,DATA_RX_OK,"rx=1,sender=0,delay_s=0.000662",bc_events_m0.4.csv
13.8007,DATA_RX_OK,"rx=5,sender=0,delay_s=0.000662",bc_events_m0.4.csv
13.8007,DATA_RX_OK,"rx=3,sender=0,delay_s=0.000662",bc_events_m0.4.csv
13.8007,DATA_RX_OK,"rx=10,sender=0,delay_s=0.000662",bc_events_m0.4.csv
13.8007,DATA_RX_OK,"rx=6,sender=0,delay_s=0.000662",bc_events_m0.4.csv
13.8007,DATA_RX_OK,"rx=7,sender=0,delay_s=0.000662",bc_events_m0.4.csv
13.8007,DATA_RX_OK,"rx=8,sender=0,delay_s=0.000662",bc_events_m0.4.csv
13.8007,DATA_RX_OK,"rx=9,sender=0,delay_s=0.000662",bc_events_m0.4.csv
13.8007,DATA_RX_OK,"rx=4,sender=0,delay_s=0.000662",bc_events_m0.4.csv
13.9007,DATA_DROP_SIG,"rx=11,sender=0,nonce=13900000000",bc_events_m0.4.csv
13.9007,DATA_DROP_SIG,"rx=2,sender=0,nonce=13900000000",bc_events_m0.4.csv
13.9007,DATA_DROP_SIG,"rx=1,sender=0,nonce=13900000000",bc_events_m0.4.csv
13.9007,DATA_DROP_SIG,"rx=5,sender=0,nonce=13900000000",bc_events_m0.4.csv
13.9007,DATA_DROP_SIG,"rx=3,sender=0,nonce=13900000000",bc_events_m0.4.csv
13.9007,DATA_DROP_SIG,"rx=10,sender=0,nonce=13900000000",bc_events_m0.4.csv
13.9007,DATA_DROP_SIG,"rx=6,sender=0,nonce=13900000000",bc_events_m0.4.csv
13.9007,DATA_DROP_SIG,"rx=7,sender=0,nonce=13900000000",bc_events_m0.4.csv
13.9007,DATA_DROP_SIG,"rx=8,sender=0,nonce=13900000000",bc_events_m0.4.csv
13.9007,DATA_DROP_SIG,"rx=9,sender=0,nonce=13900000000",bc_events_m0.4.csv
13.9007,DATA_DROP_SIG,"rx=4,sender=0,nonce=13900000000",bc_events_m0.4.csv
14,REPORT_SENT,"by=0,about=2,delta=0.020000",bc_events_m0.4.csv
14,REPORT_SENT,"by=1,about=6,delta=-0.050000",bc_events_m0.4.csv
14,REPORT_SENT,"by=2,about=6,delta=-0.050000",bc_events_m0.4.csv
14,REPORT_SENT,"by=3,about=4,delta=0.020000",bc_events_m0.4.csv
14,REPORT_SENT,"by=4,about=4,delta=0.020000",bc_events_m0.4.csv
14,REPORT_SENT,"by=5,about=6,delta=-0.050000",bc_events_m0.4.csv
14,REPORT_SENT,"by=6,about=9,delta=0.020000",bc_events_m0.4.csv
14,REPORT_SENT,"by=7,about=9,delta=0.020000",bc_events_m0.4.csv
14,REPORT_SENT,"by=8,about=2,delta=-0.050000",bc_events_m0.4.csv
14,REPORT_SENT,"by=9,about=6,delta=0.020000",bc_events_m0.4.csv
14,REPLAY_SENT,nonce=13900000000,bc_events_m0.4.csv
14.0002,REPORT_RX_RSU,"rsu=10,by=1,about=6,delta=-0.050000",bc_events_m0.4.csv
14.0003,REPORT_RX_RSU,"rsu=10,by=0,about=2,delta=0.020000",bc_events_m0.4.csv
14.0004,REPORT_RX_RSU,"rsu=10,by=9,about=6,delta=0.020000",bc_events_m0.4.csv
14.0006,REPORT_RX_RSU,"rsu=10,by=7,about=9,delta=0.020000",bc_events_m0.4.csv
14.0011,REPORT_RX_RSU,"rsu=10,by=5,about=6,delta=-0.050000",bc_events_m0.4.csv
14.0012,DATA_DROP_SIG,"rx=11,sender=0,nonce=13900000000",bc_events_m0.4.csv
14.0012,DATA_DROP_SIG,"rx=2,sender=0,nonce=13900000000",bc_events_m0.4.csv
14.0012,DATA_DROP_SIG,"rx=5,sender=0,nonce=13900000000",bc_events_m0.4.csv
14.0012,DATA_DROP_SIG,"rx=1,sender=0,nonce=13900000000",bc_events_m0.4.csv
14.0012,DATA_DROP_SIG,"rx=3,sender=0,nonce=13900000000",bc_events_m0.4.csv
14.0012,DATA_DROP_SIG,"rx=10,sender=0,nonce=13900000000",bc_events_m0.4.csv
14.0012,DATA_DROP_SIG,"rx=6,sender=0,nonce=13900000000",bc_events_m0.4.csv
14.0012,DATA_DROP_SIG,"rx=7,sender=0,nonce=13900000000",bc_events_m0.4.csv
14.0012,DATA_DROP_SIG,"rx=9,sender=0,nonce=13900000000",bc_events_m0.4.csv
14.0012,DATA_DROP_SIG,"rx=8,sender=0,nonce=13900000000",bc_events_m0.4.csv
14.0012,DATA_DROP_SIG,"rx=4,sender=0,nonce=13900000000",bc_events_m0.4.csv
14.0015,REPORT_RX_RSU,"rsu=10,by=8,about=2,delta=-0.050000",bc_events_m0.4.csv
14.0017,DATA_DROP_SIG,"rx=11,sender=0,nonce=14000000000",bc_events_m0.4.csv
14.0017,DATA_DROP_SIG,"rx=2,sender=0,nonce=14000000000",bc_events_m0.4.csv
14.0017,DATA_DROP_SIG,"rx=5,sender=0,nonce=14000000000",bc_events_m0.4.csv
14.0017,DATA_DROP_SIG,"rx=1,sender=0,nonce=14000000000",bc_events_m0.4.csv
14.0017,DATA_DROP_SIG,"rx=3,sender=0,nonce=14000000000",bc_events_m0.4.csv
14.0019,REPORT_RX_RSU,"rsu=10,by=4,about=4,delta=0.020000",bc_events_m0.4.csv
14.1007,DATA_RX_OK,"rx=11,sender=0,delay_s=0.000662",bc_events_m0.4.csv
14.1007,DATA_RX_OK,"rx=2,sender=0,delay_s=0.000662",bc_events_m0.4.csv
14.1007,DATA_RX_OK,"rx=3,sender=0,delay_s=0.000662",bc_events_m0.4.csv
14.1007,DATA_RX_OK,"rx=5,sender=0,delay_s=0.000662",bc_events_m0.4.csv
14.1007,DATA_RX_OK,"rx=1,sender=0,delay_s=0.000662",bc_events_m0.4.csv
14.1007,DATA_RX_OK,"rx=10,sender=0,delay_s=0.000662",bc_events_m0.4.csv
14.1007,DATA_RX_OK,"rx=6,sender=0,delay_s=0.000662",bc_events_m0.4.csv
14.1007,DATA_RX_OK,"rx=7,sender=0,delay_s=0.000662",bc_events_m0.4.csv
14.1007,DATA_RX_OK,"rx=9,sender=0,delay_s=0.000662",bc_events_m0.4.csv
14.1007,DATA_RX_OK,"rx=8,sender=0,delay_s=0.000662",bc_events_m0.4.csv
14.1007,DATA_RX_OK,"rx=4,sender=0,delay_s=0.000662",bc_events_m0.4.csv
14.2007,DATA_DROP_SIG,"rx=11,sender=0,nonce=14200000000",bc_events_m0.4.csv
14.2007,DATA_DROP_SIG,"rx=2,sender=0,nonce=14200000000",bc_events_m0.4.csv
14.2007,DATA_DROP_SIG,"rx=3,sender=0,nonce=14200000000",bc_events_m0.4.csv
14.2007,DATA_DROP_SIG,"rx=5,sender=0,nonce=14200000000",bc_events_m0.4.csv
14.2007,DATA_DROP_SIG,"rx=1,sender=0,nonce=14200000000",bc_events_m0.4.csv
14.2007,DATA_DROP_SIG,"rx=10,sender=0,nonce=14200000000",bc_events_m0.4.csv
14.2007,DATA_DROP_SIG,"rx=6,sender=0,nonce=14200000000",bc_events_m0.4.csv
14.2007,DATA_DROP_SIG,"rx=7,sender=0,nonce=14200000000",bc_events_m0.4.csv
14.2007,DATA_DROP_SIG,"rx=9,sender=0,nonce=14200000000",bc_events_m0.4.csv
14.2007,DATA_DROP_SIG,"rx=8,sender=0,nonce=14200000000",bc_events_m0.4.csv
14.2007,DATA_DROP_SIG,"rx=4,sender=0,nonce=14200000000",bc_events_m0.4.csv
14.3,REPLAY_SENT,nonce=14200000000,bc_events_m0.4.csv
14.3007,DATA_DROP_SIG,"rx=11,sender=0,nonce=14200000000",bc_events_m0.4.csv
14.3007,DATA_DROP_SIG,"rx=2,sender=0,nonce=14200000000",bc_events_m0.4.csv
14.3007,DATA_DROP_SIG,"rx=5,sender=0,nonce=14200000000",bc_events_m0.4.csv
14.3007,DATA_DROP_SIG,"rx=3,sender=0,nonce=14200000000",bc_events_m0.4.csv
14.3007,DATA_DROP_SIG,"rx=1,sender=0,nonce=14200000000",bc_events_m0.4.csv
14.3007,DATA_DROP_SIG,"rx=10,sender=0,nonce=14200000000",bc_events_m0.4.csv
14.3007,DATA_DROP_SIG,"rx=6,sender=0,nonce=14200000000",bc_events_m0.4.csv
14.3007,DATA_DROP_SIG,"rx=7,sender=0,nonce=14200000000",bc_events_m0.4.csv
14.3007,DATA_DROP_SIG,"rx=9,sender=0,nonce=14200000000",bc_events_m0.4.csv
14.3007,DATA_DROP_SIG,"rx=8,sender=0,nonce=14200000000",bc_events_m0.4.csv
14.3007,DATA_DROP_SIG,"rx=4,sender=0,nonce=14200000000",bc_events_m0.4.csv
14.301,DATA_RX_OK,"rx=11,sender=0,delay_s=0.000969",bc_events_m0.4.csv
14.301,DATA_RX_OK,"rx=2,sender=0,delay_s=0.000969",bc_events_m0.4.csv
14.301,DATA_RX_OK,"rx=5,sender=0,delay_s=0.000969",bc_events_m0.4.csv
14.301,DATA_RX_OK,"rx=3,sender=0,delay_s=0.000969",bc_events_m0.4.csv
14.301,DATA_RX_OK,"rx=1,sender=0,delay_s=0.000969",bc_events_m0.4.csv
14.301,DATA_RX_OK,"rx=10,sender=0,delay_s=0.000969",bc_events_m0.4.csv
14.301,DATA_RX_OK,"rx=6,sender=0,delay_s=0.000969",bc_events_m0.4.csv
14.301,DATA_RX_OK,"rx=7,sender=0,delay_s=0.000969",bc_events_m0.4.csv
14.301,DATA_RX_OK,"rx=9,sender=0,delay_s=0.000969",bc_events_m0.4.csv
14.301,DATA_RX_OK,"rx=8,sender=0,delay_s=0.000969",bc_events_m0.4.csv
14.301,DATA_RX_OK,"rx=4,sender=0,delay_s=0.000969",bc_events_m0.4.csv
14.4007,DATA_RX_OK,"rx=11,sender=0,delay_s=0.000662",bc_events_m0.4.csv
14.4007,DATA_RX_OK,"rx=2,sender=0,delay_s=0.000662",bc_events_m0.4.csv
14.4007,DATA_RX_OK,"rx=5,sender=0,delay_s=0.000662",bc_events_m0.4.csv
14.4007,DATA_RX_OK,"rx=3,sender=0,delay_s=0.000662",bc_events_m0.4.csv
14.4007,DATA_RX_OK,"rx=1,sender=0,delay_s=0.000662",bc_events_m0.4.csv
14.4007,DATA_RX_OK,"rx=10,sender=0,delay_s=0.000662",bc_events_m0.4.csv
14.4007,DATA_RX_OK,"rx=6,sender=0,delay_s=0.000662",bc_events_m0.4.csv
14.4007,DATA_RX_OK,"rx=7,sender=0,delay_s=0.000662",bc_events_m0.4.csv
14.4007,DATA_RX_OK,"rx=9,sender=0,delay_s=0.000662",bc_events_m0.4.csv
14.4007,DATA_RX_OK,"rx=8,sender=0,delay_s=0.000662",bc_events_m0.4.csv
14.4007,DATA_RX_OK,"rx=4,sender=0,delay_s=0.000662",bc_events_m0.4.csv
14.5007,DATA_RX_OK,"rx=11,sender=0,delay_s=0.000662",bc_events_m0.4.csv
14.5007,DATA_RX_OK,"rx=2,sender=0,delay_s=0.000662",bc_events_m0.4.csv
14.5007,DATA_RX_OK,"rx=5,sender=0,delay_s=0.000662",bc_events_m0.4.csv
14.5007,DATA_RX_OK,"rx=3,sender=0,delay_s=0.000662",bc_events_m0.4.csv
14.5007,DATA_RX_OK,"rx=1,sender=0,delay_s=0.000662",bc_events_m0.4.csv
14.5007,DATA_RX_OK,"rx=10,sender=0,delay_s=0.000662",bc_events_m0.4.csv
14.5007,DATA_RX_OK,"rx=6,sender=0,delay_s=0.000662",bc_events_m0.4.csv
14.5007,DATA_RX_OK,"rx=7,sender=0,delay_s=0.000662",bc_events_m0.4.csv
14.5007,DATA_RX_OK,"rx=9,sender=0,delay_s=0.000662",bc_events_m0.4.csv
14.5007,DATA_RX_OK,"rx=8,sender=0,delay_s=0.000662",bc_events_m0.4.csv
14.5007,DATA_RX_OK,"rx=4,sender=0,delay_s=0.000662",bc_events_m0.4.csv
14.6,REPLAY_SENT,nonce=14500000000,bc_events_m0.4.csv
14.6007,DATA_DROP_REPLAY,"rx=11,sender=0,nonce=14500000000",bc_events_m0.4.csv
14.6007,DATA_DROP_REPLAY,"rx=2,sender=0,nonce=14500000000",bc_events_m0.4.csv
14.6007,DATA_DROP_REPLAY,"rx=5,sender=0,nonce=14500000000",bc_events_m0.4.csv
14.6007,DATA_DROP_REPLAY,"rx=3,sender=0,nonce=14500000000",bc_events_m0.4.csv
14.6007,DATA_DROP_REPLAY,"rx=1,sender=0,nonce=14500000000",bc_events_m0.4.csv
14.6007,DATA_DROP_REPLAY,"rx=10,sender=0,nonce=14500000000",bc_events_m0.4.csv
14.6007,DATA_DROP_REPLAY,"rx=6,sender=0,nonce=14500000000",bc_events_m0.4.csv
14.6007,DATA_DROP_REPLAY,"rx=7,sender=0,nonce=14500000000",bc_events_m0.4.csv
14.6007,DATA_DROP_REPLAY,"rx=9,sender=0,nonce=14500000000",bc_events_m0.4.csv
14.6007,DATA_DROP_REPLAY,"rx=8,sender=0,nonce=14500000000",bc_events_m0.4.csv
14.6007,DATA_DROP_REPLAY,"rx=4,sender=0,nonce=14500000000",bc_events_m0.4.csv
14.6011,DATA_RX_OK,"rx=11,sender=0,delay_s=0.001050",bc_events_m0.4.csv
14.6011,DATA_RX_OK,"rx=2,sender=0,delay_s=0.001050",bc_events_m0.4.csv
14.6011,DATA_RX_OK,"rx=5,sender=0,delay_s=0.001050",bc_events_m0.4.csv
14.6011,DATA_RX_OK,"rx=3,sender=0,delay_s=0.001050",bc_events_m0.4.csv
14.6011,DATA_RX_OK,"rx=1,sender=0,delay_s=0.001050",bc_events_m0.4.csv
14.6011,DATA_RX_OK,"rx=10,sender=0,delay_s=0.001050",bc_events_m0.4.csv
14.6011,DATA_RX_OK,"rx=6,sender=0,delay_s=0.001050",bc_events_m0.4.csv
14.6011,DATA_RX_OK,"rx=7,sender=0,delay_s=0.001050",bc_events_m0.4.csv
14.6011,DATA_RX_OK,"rx=9,sender=0,delay_s=0.001050",bc_events_m0.4.csv
14.6011,DATA_RX_OK,"rx=8,sender=0,delay_s=0.001050",bc_events_m0.4.csv
14.6011,DATA_RX_OK,"rx=4,sender=0,delay_s=0.001050",bc_events_m0.4.csv
14.7,BLOCK_MINE_START,block_next=15,bc_events_m0.4.csv
14.7007,DATA_RX_OK,"rx=2,sender=0,delay_s=0.000662",bc_events_m0.4.csv
14.7007,DATA_RX_OK,"rx=11,sender=0,delay_s=0.000662",bc_events_m0.4.csv
14.7007,DATA_RX_OK,"rx=5,sender=0,delay_s=0.000662",bc_events_m0.4.csv
14.7007,DATA_RX_OK,"rx=3,sender=0,delay_s=0.000662",bc_events_m0.4.csv
14.7007,DATA_RX_OK,"rx=1,sender=0,delay_s=0.000662",bc_events_m0.4.csv
14.7007,DATA_RX_OK,"rx=6,sender=0,delay_s=0.000662",bc_events_m0.4.csv
14.7007,DATA_RX_OK,"rx=10,sender=0,delay_s=0.000662",bc_events_m0.4.csv
14.7007,DATA_RX_OK,"rx=7,sender=0,delay_s=0.000662",bc_events_m0.4.csv
14.7007,DATA_RX_OK,"rx=9,sender=0,delay_s=0.000662",bc_events_m0.4.csv
14.7007,DATA_RX_OK,"rx=8,sender=0,delay_s=0.000662",bc_events_m0.4.csv
14.7007,DATA_RX_OK,"rx=4,sender=0,delay_s=0.000662",bc_events_m0.4.csv
14.75,BLOCK_COMMIT_ITEM,"accused=6,delta=-0.050000,trust=0.670000",bc_events_m0.4.csv
14.75,BLOCK_COMMIT_ITEM,"accused=2,delta=0.020000,trust=0.840000",bc_events_m0.4.csv
14.75,BLOCK_COMMIT_ITEM,"accused=6,delta=0.020000,trust=0.690000",bc_events_m0.4.csv
14.75,BLOCK_COMMIT_ITEM,"accused=9,delta=0.020000,trust=0.740000",bc_events_m0.4.csv
14.75,BLOCK_COMMIT_ITEM,"accused=6,delta=-0.050000,trust=0.640000",bc_events_m0.4.csv
14.75,BLOCK_COMMIT_ITEM,"accused=2,delta=-0.050000,trust=0.790000",bc_events_m0.4.csv
14.75,BLOCK_COMMIT_ITEM,"accused=4,delta=0.020000,trust=0.720000",bc_events_m0.4.csv
14.75,BLOCK_COMMIT_DONE,"block=15,items=7,lat_s=0.050000",bc_events_m0.4.csv
14.8007,DATA_RX_OK,"rx=2,sender=0,delay_s=0.000662",bc_events_m0.4.csv
14.8007,DATA_RX_OK,"rx=11,sender=0,delay_s=0.000662",bc_events_m0.4.csv
14.8007,DATA_RX_OK,"rx=5,sender=0,delay_s=0.000662",bc_events_m0.4.csv
14.8007,DATA_RX_OK,"rx=3,sender=0,delay_s=0.000662",bc_events_m0.4.csv
14.8007,DATA_RX_OK,"rx=1,sender=0,delay_s=0.000662",bc_events_m0.4.csv
14.8007,DATA_RX_OK,"rx=6,sender=0,delay_s=0.000662",bc_events_m0.4.csv
14.8007,DATA_RX_OK,"rx=10,sender=0,delay_s=0.000662",bc_events_m0.4.csv
14.8007,DATA_RX_OK,"rx=7,sender=0,delay_s=0.000662",bc_events_m0.4.csv
14.8007,DATA_RX_OK,"rx=9,sender=0,delay_s=0.000662",bc_events_m0.4.csv
14.8007,DATA_RX_OK,"rx=8,sender=0,delay_s=0.000662",bc_events_m0.4.csv
14.8007,DATA_RX_OK,"rx=4,sender=0,delay_s=0.000662",bc_events_m0.4.csv
14.9,REPLAY_SENT,nonce=14800000000,bc_events_m0.4.csv
14.9007,DATA_DROP_REPLAY,"rx=2,sender=0,nonce=14800000000",bc_events_m0.4.csv
14.9007,DATA_DROP_REPLAY,"rx=11,sender=0,nonce=14800000000",bc_events_m0.4.csv
14.9007,DATA_DROP_REPLAY,"rx=5,sender=0,nonce=14800000000",bc_events_m0.4.csv
14.9007,DATA_DROP_REPLAY,"rx=3,sender=0,nonce=14800000000",bc_events_m0.4.csv
14.9007,DATA_DROP_REPLAY,"rx=1,sender=0,nonce=14800000000",bc_events_m0.4.csv
14.9007,DATA_DROP_REPLAY,"rx=6,sender=0,nonce=14800000000",bc_events_m0.4.csv
14.9007,DATA_DROP_REPLAY,"rx=10,sender=0,nonce=14800000000",bc_events_m0.4.csv
14.9007,DATA_DROP_REPLAY,"rx=7,sender=0,nonce=14800000000",bc_events_m0.4.csv
14.9007,DATA_DROP_REPLAY,"rx=9,sender=0,nonce=14800000000",bc_events_m0.4.csv
14.9007,DATA_DROP_REPLAY,"rx=8,sender=0,nonce=14800000000",bc_events_m0.4.csv
14.9007,DATA_DROP_REPLAY,"rx=4,sender=0,nonce=14800000000",bc_events_m0.4.csv
14.901,DATA_RX_OK,"rx=2,sender=0,delay_s=0.000951",bc_events_m0.4.csv
14.901,DATA_RX_OK,"rx=11,sender=0,delay_s=0.000951",bc_events_m0.4.csv
14.901,DATA_RX_OK,"rx=5,sender=0,delay_s=0.000951",bc_events_m0.4.csv
14.901,DATA_RX_OK,"rx=3,sender=0,delay_s=0.000951",bc_events_m0.4.csv
14.901,DATA_RX_OK,"rx=1,sender=0,delay_s=0.000951",bc_events_m0.4.csv
14.901,DATA_RX_OK,"rx=6,sender=0,delay_s=0.000951",bc_events_m0.4.csv
14.901,DATA_RX_OK,"rx=10,sender=0,delay_s=0.000951",bc_events_m0.4.csv
14.901,DATA_RX_OK,"rx=7,sender=0,delay_s=0.000951",bc_events_m0.4.csv
14.901,DATA_RX_OK,"rx=9,sender=0,delay_s=0.000951",bc_events_m0.4.csv
14.901,DATA_RX_OK,"rx=8,sender=0,delay_s=0.000951",bc_events_m0.4.csv
14.901,DATA_RX_OK,"rx=4,sender=0,delay_s=0.000951",bc_events_m0.4.csv
15,REPORT_SENT,"by=0,about=7,delta=0.020000",bc_events_m0.4.csv
15,REPORT_SENT,"by=1,about=9,delta=0.020000",bc_events_m0.4.csv
15,REPORT_SENT,"by=2,about=1,delta=0.020000",bc_events_m0.4.csv
15,REPORT_SENT,"by=3,about=7,delta=-0.050000",bc_events_m0.4.csv
15,REPORT_SENT,"by=4,about=6,delta=-0.050000",bc_events_m0.4.csv
15,REPORT_SENT,"by=5,about=4,delta=0.020000",bc_events_m0.4.csv
15,REPORT_SENT,"by=6,about=9,delta=-0.050000",bc_events_m0.4.csv
15,REPORT_SENT,"by=7,about=4,delta=0.020000",bc_events_m0.4.csv
15,REPORT_SENT,"by=8,about=9,delta=-0.050000",bc_events_m0.4.csv
15,REPORT_SENT,"by=9,about=2,delta=0.020000",bc_events_m0.4.csv
15.0002,REPORT_RX_RSU,"rsu=10,by=8,about=9,delta=-0.050000",bc_events_m0.4.csv
15.0004,REPORT_RX_RSU,"rsu=10,by=9,about=2,delta=0.020000",bc_events_m0.4.csv
15.0007,REPORT_RX_RSU,"rsu=10,by=1,about=9,delta=0.020000",bc_events_m0.4.csv
15.0008,REPORT_RX_RSU,"rsu=10,by=7,about=4,delta=0.020000",bc_events_m0.4.csv
15.001,REPORT_RX_RSU,"rsu=10,by=0,about=7,delta=0.020000",bc_events_m0.4.csv
15.0011,REPORT_RX_RSU,"rsu=10,by=5,about=4,delta=0.020000",bc_events_m0.4.csv
15.0017,DATA_DROP_SIG,"rx=2,sender=0,nonce=15000000000",bc_events_m0.4.csv
15.0017,DATA_DROP_SIG,"rx=11,sender=0,nonce=15000000000",bc_events_m0.4.csv
15.0017,DATA_DROP_SIG,"rx=5,sender=0,nonce=15000000000",bc_events_m0.4.csv
15.0017,DATA_DROP_SIG,"rx=3,sender=0,nonce=15000000000",bc_events_m0.4.csv
15.0017,DATA_DROP_SIG,"rx=1,sender=0,nonce=15000000000",bc_events_m0.4.csv
15.0017,DATA_DROP_SIG,"rx=6,sender=0,nonce=15000000000",bc_events_m0.4.csv
15.0017,DATA_DROP_SIG,"rx=10,sender=0,nonce=15000000000",bc_events_m0.4.csv
15.0017,DATA_DROP_SIG,"rx=7,sender=0,nonce=15000000000",bc_events_m0.4.csv
15.0017,DATA_DROP_SIG,"rx=9,sender=0,nonce=15000000000",bc_events_m0.4.csv
15.0017,DATA_DROP_SIG,"rx=8,sender=0,nonce=15000000000",bc_events_m0.4.csv
15.0017,DATA_DROP_SIG,"rx=4,sender=0,nonce=15000000000",bc_events_m0.4.csv
15.0017,REPORT_RX_RSU,"rsu=10,by=4,about=6,delta=-0.050000",bc_events_m0.4.csv
15.1007,DATA_RX_OK,"rx=2,sender=0,delay_s=0.000662",bc_events_m0.4.csv
15.1007,DATA_RX_OK,"rx=11,sender=0,delay_s=0.000662",bc_events_m0.4.csv
15.1007,DATA_RX_OK,"rx=5,sender=0,delay_s=0.000662",bc_events_m0.4.csv
15.1007,DATA_RX_OK,"rx=3,sender=0,delay_s=0.000662",bc_events_m0.4.csv
15.1007,DATA_RX_OK,"rx=1,sender=0,delay_s=0.000662",bc_events_m0.4.csv
15.1007,DATA_RX_OK,"rx=6,sender=0,delay_s=0.000662",bc_events_m0.4.csv
15.1007,DATA_RX_OK,"rx=10,sender=0,delay_s=0.000662",bc_events_m0.4.csv
15.1007,DATA_RX_OK,"rx=7,sender=0,delay_s=0.000662",bc_events_m0.4.csv
15.1007,DATA_RX_OK,"rx=9,sender=0,delay_s=0.000662",bc_events_m0.4.csv
15.1007,DATA_RX_OK,"rx=8,sender=0,delay_s=0.000662",bc_events_m0.4.csv
15.1007,DATA_RX_OK,"rx=4,sender=0,delay_s=0.000662",bc_events_m0.4.csv
15.2,REPLAY_SENT,nonce=15100000000,bc_events_m0.4.csv
15.2007,DATA_DROP_REPLAY,"rx=2,sender=0,nonce=15100000000",bc_events_m0.4.csv
15.2007,DATA_DROP_REPLAY,"rx=11,sender=0,nonce=15100000000",bc_events_m0.4.csv
15.2007,DATA_DROP_REPLAY,"rx=5,sender=0,nonce=15100000000",bc_events_m0.4.csv
15.2007,DATA_DROP_REPLAY,"rx=3,sender=0,nonce=15100000000",bc_events_m0.4.csv
15.2007,DATA_DROP_REPLAY,"rx=1,sender=0,nonce=15100000000",bc_events_m0.4.csv
15.2007,DATA_DROP_REPLAY,"rx=6,sender=0,nonce=15100000000",bc_events_m0.4.csv
15.2007,DATA_DROP_REPLAY,"rx=10,sender=0,nonce=15100000000",bc_events_m0.4.csv
15.2007,DATA_DROP_REPLAY,"rx=7,sender=0,nonce=15100000000",bc_events_m0.4.csv
15.2007,DATA_DROP_REPLAY,"rx=9,sender=0,nonce=15100000000",bc_events_m0.4.csv
15.2007,DATA_DROP_REPLAY,"rx=4,sender=0,nonce=15100000000",bc_events_m0.4.csv
15.2007,DATA_DROP_REPLAY,"rx=8,sender=0,nonce=15100000000",bc_events_m0.4.csv
15.201,DATA_DROP_SIG,"rx=2,sender=0,nonce=15200000000",bc_events_m0.4.csv
15.201,DATA_DROP_SIG,"rx=11,sender=0,nonce=15200000000",bc_events_m0.4.csv
15.201,DATA_DROP_SIG,"rx=5,sender=0,nonce=15200000000",bc_events_m0.4.csv
15.201,DATA_DROP_SIG,"rx=3,sender=0,nonce=15200000000",bc_events_m0.4.csv
15.201,DATA_DROP_SIG,"rx=1,sender=0,nonce=15200000000",bc_events_m0.4.csv
15.201,DATA_DROP_SIG,"rx=6,sender=0,nonce=15200000000",bc_events_m0.4.csv
15.201,DATA_DROP_SIG,"rx=10,sender=0,nonce=15200000000",bc_events_m0.4.csv
15.201,DATA_DROP_SIG,"rx=7,sender=0,nonce=15200000000",bc_events_m0.4.csv
15.201,DATA_DROP_SIG,"rx=9,sender=0,nonce=15200000000",bc_events_m0.4.csv
15.201,DATA_DROP_SIG,"rx=4,sender=0,nonce=15200000000",bc_events_m0.4.csv
15.201,DATA_DROP_SIG,"rx=8,sender=0,nonce=15200000000",bc_events_m0.4.csv
15.3007,DATA_DROP_SIG,"rx=2,sender=0,nonce=15300000000",bc_events_m0.4.csv
15.3007,DATA_DROP_SIG,"rx=11,sender=0,nonce=15300000000",bc_events_m0.4.csv
15.3007,DATA_DROP_SIG,"rx=5,sender=0,nonce=15300000000",bc_events_m0.4.csv
15.3007,DATA_DROP_SIG,"rx=3,sender=0,nonce=15300000000",bc_events_m0.4.csv
15.3007,DATA_DROP_SIG,"rx=1,sender=0,nonce=15300000000",bc_events_m0.4.csv
15.3007,DATA_DROP_SIG,"rx=10,sender=0,nonce=15300000000",bc_events_m0.4.csv
15.3007,DATA_DROP_SIG,"rx=6,sender=0,nonce=15300000000",bc_events_m0.4.csv
15.3007,DATA_DROP_SIG,"rx=7,sender=0,nonce=15300000000",bc_events_m0.4.csv
15.3007,DATA_DROP_SIG,"rx=9,sender=0,nonce=15300000000",bc_events_m0.4.csv
15.3007,DATA_DROP_SIG,"rx=4,sender=0,nonce=15300000000",bc_events_m0.4.csv
15.3007,DATA_DROP_SIG,"rx=8,sender=0,nonce=15300000000",bc_events_m0.4.csv
15.4007,DATA_RX_OK,"rx=2,sender=0,delay_s=0.000662",bc_events_m0.4.csv
15.4007,DATA_RX_OK,"rx=11,sender=0,delay_s=0.000662",bc_events_m0.4.csv
15.4007,DATA_RX_OK,"rx=5,sender=0,delay_s=0.000662",bc_events_m0.4.csv
15.4007,DATA_RX_OK,"rx=3,sender=0,delay_s=0.000662",bc_events_m0.4.csv
15.4007,DATA_RX_OK,"rx=1,sender=0,delay_s=0.000662",bc_events_m0.4.csv
15.4007,DATA_RX_OK,"rx=10,sender=0,delay_s=0.000662",bc_events_m0.4.csv
15.4007,DATA_RX_OK,"rx=6,sender=0,delay_s=0.000662",bc_events_m0.4.csv
15.4007,DATA_RX_OK,"rx=7,sender=0,delay_s=0.000662",bc_events_m0.4.csv
15.4007,DATA_RX_OK,"rx=9,sender=0,delay_s=0.000662",bc_events_m0.4.csv
15.4007,DATA_RX_OK,"rx=4,sender=0,delay_s=0.000662",bc_events_m0.4.csv
15.4007,DATA_RX_OK,"rx=8,sender=0,delay_s=0.000662",bc_events_m0.4.csv
15.5,REPLAY_SENT,nonce=15400000000,bc_events_m0.4.csv
15.5007,DATA_DROP_REPLAY,"rx=2,sender=0,nonce=15400000000",bc_events_m0.4.csv
15.5007,DATA_DROP_REPLAY,"rx=11,sender=0,nonce=15400000000",bc_events_m0.4.csv
15.5007,DATA_DROP_REPLAY,"rx=5,sender=0,nonce=15400000000",bc_events_m0.4.csv
15.5007,DATA_DROP_REPLAY,"rx=3,sender=0,nonce=15400000000",bc_events_m0.4.csv
15.5007,DATA_DROP_REPLAY,"rx=1,sender=0,nonce=15400000000",bc_events_m0.4.csv
15.5007,DATA_DROP_REPLAY,"rx=10,sender=0,nonce=15400000000",bc_events_m0.4.csv
15.5007,DATA_DROP_REPLAY,"rx=7,sender=0,nonce=15400000000",bc_events_m0.4.csv
15.5007,DATA_DROP_REPLAY,"rx=6,sender=0,nonce=15400000000",bc_events_m0.4.csv
15.5007,DATA_DROP_REPLAY,"rx=9,sender=0,nonce=15400000000",bc_events_m0.4.csv
15.5007,DATA_DROP_REPLAY,"rx=4,sender=0,nonce=15400000000",bc_events_m0.4.csv
15.5007,DATA_DROP_REPLAY,"rx=8,sender=0,nonce=15400000000",bc_events_m0.4.csv
15.501,DATA_RX_OK,"rx=2,sender=0,delay_s=0.001014",bc_events_m0.4.csv
15.501,DATA_RX_OK,"rx=11,sender=0,delay_s=0.001014",bc_events_m0.4.csv
15.501,DATA_RX_OK,"rx=5,sender=0,delay_s=0.001014",bc_events_m0.4.csv
15.501,DATA_RX_OK,"rx=3,sender=0,delay_s=0.001014",bc_events_m0.4.csv
15.501,DATA_RX_OK,"rx=1,sender=0,delay_s=0.001014",bc_events_m0.4.csv
15.501,DATA_RX_OK,"rx=10,sender=0,delay_s=0.001014",bc_events_m0.4.csv
15.501,DATA_RX_OK,"rx=7,sender=0,delay_s=0.001014",bc_events_m0.4.csv
15.501,DATA_RX_OK,"rx=6,sender=0,delay_s=0.001014",bc_events_m0.4.csv
15.501,DATA_RX_OK,"rx=9,sender=0,delay_s=0.001014",bc_events_m0.4.csv
15.501,DATA_RX_OK,"rx=4,sender=0,delay_s=0.001014",bc_events_m0.4.csv
15.501,DATA_RX_OK,"rx=8,sender=0,delay_s=0.001014",bc_events_m0.4.csv
15.6007,DATA_RX_OK,"rx=2,sender=0,delay_s=0.000662",bc_events_m0.4.csv
15.6007,DATA_RX_OK,"rx=11,sender=0,delay_s=0.000662",bc_events_m0.4.csv
15.6007,DATA_RX_OK,"rx=5,sender=0,delay_s=0.000662",bc_events_m0.4.csv
15.6007,DATA_RX_OK,"rx=3,sender=0,delay_s=0.000662",bc_events_m0.4.csv
15.6007,DATA_RX_OK,"rx=1,sender=0,delay_s=0.000662",bc_events_m0.4.csv
15.6007,DATA_RX_OK,"rx=10,sender=0,delay_s=0.000662",bc_events_m0.4.csv
15.6007,DATA_RX_OK,"rx=7,sender=0,delay_s=0.000662",bc_events_m0.4.csv
15.6007,DATA_RX_OK,"rx=6,sender=0,delay_s=0.000662",bc_events_m0.4.csv
15.6007,DATA_RX_OK,"rx=9,sender=0,delay_s=0.000662",bc_events_m0.4.csv
15.6007,DATA_RX_OK,"rx=4,sender=0,delay_s=0.000662",bc_events_m0.4.csv
15.6007,DATA_RX_OK,"rx=8,sender=0,delay_s=0.000662",bc_events_m0.4.csv
15.7007,DATA_RX_OK,"rx=2,sender=0,delay_s=0.000662",bc_events_m0.4.csv
15.7007,DATA_RX_OK,"rx=11,sender=0,delay_s=0.000662",bc_events_m0.4.csv
15.7007,DATA_RX_OK,"rx=5,sender=0,delay_s=0.000662",bc_events_m0.4.csv
15.7007,DATA_RX_OK,"rx=3,sender=0,delay_s=0.000662",bc_events_m0.4.csv
15.7007,DATA_RX_OK,"rx=1,sender=0,delay_s=0.000662",bc_events_m0.4.csv
15.7007,DATA_RX_OK,"rx=10,sender=0,delay_s=0.000662",bc_events_m0.4.csv
15.7007,DATA_RX_OK,"rx=7,sender=0,delay_s=0.000662",bc_events_m0.4.csv
15.7007,DATA_RX_OK,"rx=6,sender=0,delay_s=0.000662",bc_events_m0.4.csv
15.7007,DATA_RX_OK,"rx=9,sender=0,delay_s=0.000662",bc_events_m0.4.csv
15.7007,DATA_RX_OK,"rx=4,sender=0,delay_s=0.000662",bc_events_m0.4.csv
15.7007,DATA_RX_OK,"rx=8,sender=0,delay_s=0.000662",bc_events_m0.4.csv
15.75,BLOCK_MINE_START,block_next=16,bc_events_m0.4.csv
15.8,REPLAY_SENT,nonce=15700000000,bc_events_m0.4.csv
15.8,BLOCK_COMMIT_ITEM,"accused=9,delta=-0.050000,trust=0.690000",bc_events_m0.4.csv
15.8,BLOCK_COMMIT_ITEM,"accused=2,delta=0.020000,trust=0.810000",bc_events_m0.4.csv
15.8,BLOCK_COMMIT_ITEM,"accused=9,delta=0.020000,trust=0.710000",bc_events_m0.4.csv
15.8,BLOCK_COMMIT_ITEM,"accused=4,delta=0.020000,trust=0.740000",bc_events_m0.4.csv
15.8,BLOCK_COMMIT_ITEM,"accused=7,delta=0.020000,trust=0.610000",bc_events_m0.4.csv
15.8,BLOCK_COMMIT_ITEM,"accused=4,delta=0.020000,trust=0.760000",bc_events_m0.4.csv
15.8,BLOCK_COMMIT_ITEM,"accused=6,delta=-0.050000,trust=0.590000",bc_events_m0.4.csv
15.8,BLOCK_COMMIT_DONE,"block=16,items=7,lat_s=0.050000",bc_events_m0.4.csv
15.8007,DATA_DROP_REPLAY,"rx=2,sender=0,nonce=15700000000",bc_events_m0.4.csv
15.8007,DATA_DROP_REPLAY,"rx=11,sender=0,nonce=15700000000",bc_events_m0.4.csv
15.8007,DATA_DROP_REPLAY,"rx=5,sender=0,nonce=15700000000",bc_events_m0.4.csv
15.8007,DATA_DROP_REPLAY,"rx=3,sender=0,nonce=15700000000",bc_events_m0.4.csv
15.8007,DATA_DROP_REPLAY,"rx=1,sender=0,nonce=15700000000",bc_events_m0.4.csv
15.8007,DATA_DROP_REPLAY,"rx=10,sender=0,nonce=15700000000",bc_events_m0.4.csv
15.8007,DATA_DROP_REPLAY,"rx=7,sender=0,nonce=15700000000",bc_events_m0.4.csv
15.8007,DATA_DROP_REPLAY,"rx=6,sender=0,nonce=15700000000",bc_events_m0.4.csv
15.8007,DATA_DROP_REPLAY,"rx=9,sender=0,nonce=15700000000",bc_events_m0.4.csv
15.8007,DATA_DROP_REPLAY,"rx=4,sender=0,nonce=15700000000",bc_events_m0.4.csv
15.8007,DATA_DROP_REPLAY,"rx=8,sender=0,nonce=15700000000",bc_events_m0.4.csv
15.8009,DATA_RX_OK,"rx=2,sender=0,delay_s=0.000942",bc_events_m0.4.csv
15.8009,DATA_RX_OK,"rx=11,sender=0,delay_s=0.000942",bc_events_m0.4.csv
15.8009,DATA_RX_OK,"rx=5,sender=0,delay_s=0.000942",bc_events_m0.4.csv
15.8009,DATA_RX_OK,"rx=3,sender=0,delay_s=0.000942",bc_events_m0.4.csv
15.8009,DATA_RX_OK,"rx=1,sender=0,delay_s=0.000942",bc_events_m0.4.csv
15.8009,DATA_RX_OK,"rx=10,sender=0,delay_s=0.000942",bc_events_m0.4.csv
15.8009,DATA_RX_OK,"rx=7,sender=0,delay_s=0.000942",bc_events_m0.4.csv
15.8009,DATA_RX_OK,"rx=6,sender=0,delay_s=0.000942",bc_events_m0.4.csv
15.8009,DATA_RX_OK,"rx=9,sender=0,delay_s=0.000942",bc_events_m0.4.csv
15.8009,DATA_RX_OK,"rx=4,sender=0,delay_s=0.000942",bc_events_m0.4.csv
15.8009,DATA_RX_OK,"rx=8,sender=0,delay_s=0.000942",bc_events_m0.4.csv
15.9007,DATA_RX_OK,"rx=2,sender=0,delay_s=0.000662",bc_events_m0.4.csv
15.9007,DATA_RX_OK,"rx=11,sender=0,delay_s=0.000662",bc_events_m0.4.csv
15.9007,DATA_RX_OK,"rx=5,sender=0,delay_s=0.000662",bc_events_m0.4.csv
15.9007,DATA_RX_OK,"rx=3,sender=0,delay_s=0.000662",bc_events_m0.4.csv
15.9007,DATA_RX_OK,"rx=1,sender=0,delay_s=0.000662",bc_events_m0.4.csv
15.9007,DATA_RX_OK,"rx=10,sender=0,delay_s=0.000662",bc_events_m0.4.csv
15.9007,DATA_RX_OK,"rx=7,sender=0,delay_s=0.000662",bc_events_m0.4.csv
15.9007,DATA_RX_OK,"rx=6,sender=0,delay_s=0.000662",bc_events_m0.4.csv
15.9007,DATA_RX_OK,"rx=9,sender=0,delay_s=0.000662",bc_events_m0.4.csv
15.9007,DATA_RX_OK,"rx=4,sender=0,delay_s=0.000662",bc_events_m0.4.csv
15.9007,DATA_RX_OK,"rx=8,sender=0,delay_s=0.000662",bc_events_m0.4.csv
16,REPORT_SENT,"by=0,about=1,delta=0.020000",bc_events_m0.4.csv
16,REPORT_SENT,"by=1,about=9,delta=-0.050000",bc_events_m0.4.csv
16,REPORT_SENT,"by=2,about=6,delta=0.020000",bc_events_m0.4.csv
16,REPORT_SENT,"by=3,about=7,delta=-0.050000",bc_events_m0.4.csv
16,REPORT_SENT,"by=4,about=8,delta=-0.050000",bc_events_m0.4.csv
16,REPORT_SENT,"by=5,about=4,delta=-0.050000",bc_events_m0.4.csv
16,REPORT_SENT,"by=6,about=6,delta=0.020000",bc_events_m0.4.csv
16,REPORT_SENT,"by=7,about=7,delta=-0.050000",bc_events_m0.4.csv
16,REPORT_SENT,"by=8,about=6,delta=0.020000",bc_events_m0.4.csv
16,REPORT_SENT,"by=9,about=2,delta=-0.050000",bc_events_m0.4.csv
16.0002,REPORT_RX_RSU,"rsu=10,by=7,about=7,delta=-0.050000",bc_events_m0.4.csv
16.0004,REPORT_RX_RSU,"rsu=10,by=0,about=1,delta=0.020000",bc_events_m0.4.csv
16.0005,REPORT_RX_RSU,"rsu=10,by=4,about=8,delta=-0.050000",bc_events_m0.4.csv
16.001,REPORT_RX_RSU,"rsu=10,by=9,about=2,delta=-0.050000",bc_events_m0.4.csv
16.0011,DATA_DROP_SIG,"rx=2,sender=0,nonce=16000000000",bc_events_m0.4.csv
16.0011,DATA_DROP_SIG,"rx=11,sender=0,nonce=16000000000",bc_events_m0.4.csv
16.0011,DATA_DROP_SIG,"rx=5,sender=0,nonce=16000000000",bc_events_m0.4.csv
16.0011,DATA_DROP_SIG,"rx=3,sender=0,nonce=16000000000",bc_events_m0.4.csv
16.0011,DATA_DROP_SIG,"rx=1,sender=0,nonce=16000000000",bc_events_m0.4.csv
16.0011,DATA_DROP_SIG,"rx=10,sender=0,nonce=16000000000",bc_events_m0.4.csv
16.0011,DATA_DROP_SIG,"rx=7,sender=0,nonce=16000000000",bc_events_m0.4.csv
16.0011,DATA_DROP_SIG,"rx=6,sender=0,nonce=16000000000",bc_events_m0.4.csv
16.0011,DATA_DROP_SIG,"rx=9,sender=0,nonce=16000000000",bc_events_m0.4.csv
16.0011,DATA_DROP_SIG,"rx=4,sender=0,nonce=16000000000",bc_events_m0.4.csv
16.0011,DATA_DROP_SIG,"rx=8,sender=0,nonce=16000000000",bc_events_m0.4.csv
16.0012,REPORT_RX_RSU,"rsu=10,by=8,about=6,delta=0.020000",bc_events_m0.4.csv
16.0013,REPORT_RX_RSU,"rsu=10,by=1,about=9,delta=-0.050000",bc_events_m0.4.csv
16.0016,REPORT_RX_RSU,"rsu=10,by=5,about=4,delta=-0.050000",bc_events_m0.4.csv
16.1,REPLAY_SENT,nonce=16000000000,bc_events_m0.4.csv
16.1007,DATA_DROP_SIG,"rx=2,sender=0,nonce=16000000000",bc_events_m0.4.csv
16.1007,DATA_DROP_SIG,"rx=11,sender=0,nonce=16000000000",bc_events_m0.4.csv
16.1007,DATA_DROP_SIG,"rx=5,sender=0,nonce=16000000000",bc_events_m0.4.csv
16.1007,DATA_DROP_SIG,"rx=3,sender=0,nonce=16000000000",bc_events_m0.4.csv
16.1007,DATA_DROP_SIG,"rx=1,sender=0,nonce=16000000000",bc_events_m0.4.csv
16.1007,DATA_DROP_SIG,"rx=10,sender=0,nonce=16000000000",bc_events_m0.4.csv
16.1007,DATA_DROP_SIG,"rx=7,sender=0,nonce=16000000000",bc_events_m0.4.csv
16.1007,DATA_DROP_SIG,"rx=6,sender=0,nonce=16000000000",bc_events_m0.4.csv
16.1007,DATA_DROP_SIG,"rx=9,sender=0,nonce=16000000000",bc_events_m0.4.csv
16.1007,DATA_DROP_SIG,"rx=4,sender=0,nonce=16000000000",bc_events_m0.4.csv
16.101,DATA_RX_OK,"rx=2,sender=0,delay_s=0.000969",bc_events_m0.4.csv
16.101,DATA_RX_OK,"rx=11,sender=0,delay_s=0.000969",bc_events_m0.4.csv
16.101,DATA_RX_OK,"rx=5,sender=0,delay_s=0.000969",bc_events_m0.4.csv
16.101,DATA_RX_OK,"rx=3,sender=0,delay_s=0.000969",bc_events_m0.4.csv
16.101,DATA_RX_OK,"rx=1,sender=0,delay_s=0.000969",bc_events_m0.4.csv
16.101,DATA_RX_OK,"rx=10,sender=0,delay_s=0.000969",bc_events_m0.4.csv
16.101,DATA_RX_OK,"rx=7,sender=0,delay_s=0.000969",bc_events_m0.4.csv
16.101,DATA_RX_OK,"rx=6,sender=0,delay_s=0.000969",bc_events_m0.4.csv
16.101,DATA_RX_OK,"rx=9,sender=0,delay_s=0.000969",bc_events_m0.4.csv
16.101,DATA_RX_OK,"rx=4,sender=0,delay_s=0.000969",bc_events_m0.4.csv
16.2007,DATA_RX_OK,"rx=2,sender=0,delay_s=0.000662",bc_events_m0.4.csv
16.2007,DATA_RX_OK,"rx=11,sender=0,delay_s=0.000662",bc_events_m0.4.csv
16.2007,DATA_RX_OK,"rx=3,sender=0,delay_s=0.000662",bc_events_m0.4.csv
16.2007,DATA_RX_OK,"rx=5,sender=0,delay_s=0.000662",bc_events_m0.4.csv
16.2007,DATA_RX_OK,"rx=1,sender=0,delay_s=0.000662",bc_events_m0.4.csv
16.2007,DATA_RX_OK,"rx=10,sender=0,delay_s=0.000662",bc_events_m0.4.csv
16.2007,DATA_RX_OK,"rx=7,sender=0,delay_s=0.000662",bc_events_m0.4.csv
16.2007,DATA_RX_OK,"rx=6,sender=0,delay_s=0.000662",bc_events_m0.4.csv
16.2007,DATA_RX_OK,"rx=9,sender=0,delay_s=0.000662",bc_events_m0.4.csv
16.2007,DATA_RX_OK,"rx=4,sender=0,delay_s=0.000662",bc_events_m0.4.csv
16.3007,DATA_RX_OK,"rx=2,sender=0,delay_s=0.000662",bc_events_m0.4.csv
16.3007,DATA_RX_OK,"rx=11,sender=0,delay_s=0.000662",bc_events_m0.4.csv
16.3007,DATA_RX_OK,"rx=3,sender=0,delay_s=0.000662",bc_events_m0.4.csv
16.3007,DATA_RX_OK,"rx=5,sender=0,delay_s=0.000662",bc_events_m0.4.csv
16.3007,DATA_RX_OK,"rx=1,sender=0,delay_s=0.000662",bc_events_m0.4.csv
16.3007,DATA_RX_OK,"rx=10,sender=0,delay_s=0.000662",bc_events_m0.4.csv
16.3007,DATA_RX_OK,"rx=7,sender=0,delay_s=0.000662",bc_events_m0.4.csv
16.3007,DATA_RX_OK,"rx=6,sender=0,delay_s=0.000662",bc_events_m0.4.csv
16.3007,DATA_RX_OK,"rx=9,sender=0,delay_s=0.000662",bc_events_m0.4.csv
16.3007,DATA_RX_OK,"rx=4,sender=0,delay_s=0.000662",bc_events_m0.4.csv
16.4,REPLAY_SENT,nonce=16300000000,bc_events_m0.4.csv
16.4007,DATA_DROP_REPLAY,"rx=2,sender=0,nonce=16300000000",bc_events_m0.4.csv
16.4007,DATA_DROP_REPLAY,"rx=11,sender=0,nonce=16300000000",bc_events_m0.4.csv
16.4007,DATA_DROP_REPLAY,"rx=3,sender=0,nonce=16300000000",bc_events_m0.4.csv
16.4007,DATA_DROP_REPLAY,"rx=5,sender=0,nonce=16300000000",bc_events_m0.4.csv
16.4007,DATA_DROP_REPLAY,"rx=1,sender=0,nonce=16300000000",bc_events_m0.4.csv
16.4007,DATA_DROP_REPLAY,"rx=10,sender=0,nonce=16300000000",bc_events_m0.4.csv
16.4007,DATA_DROP_REPLAY,"rx=7,sender=0,nonce=16300000000",bc_events_m0.4.csv
16.4007,DATA_DROP_REPLAY,"rx=6,sender=0,nonce=16300000000",bc_events_m0.4.csv
16.4007,DATA_DROP_REPLAY,"rx=9,sender=0,nonce=16300000000",bc_events_m0.4.csv
16.4007,DATA_DROP_REPLAY,"rx=4,sender=0,nonce=16300000000",bc_events_m0.4.csv
16.4009,DATA_RX_OK,"rx=2,sender=0,delay_s=0.000942",bc_events_m0.4.csv
16.4009,DATA_RX_OK,"rx=11,sender=0,delay_s=0.000942",bc_events_m0.4.csv
16.4009,DATA_RX_OK,"rx=3,sender=0,delay_s=0.000942",bc_events_m0.4.csv
16.4009,DATA_RX_OK,"rx=5,sender=0,delay_s=0.000942",bc_events_m0.4.csv
16.4009,DATA_RX_OK,"rx=1,sender=0,delay_s=0.000942",bc_events_m0.4.csv
16.4009,DATA_RX_OK,"rx=10,sender=0,delay_s=0.000942",bc_events_m0.4.csv
16.4009,DATA_RX_OK,"rx=7,sender=0,delay_s=0.000942",bc_events_m0.4.csv
16.4009,DATA_RX_OK,"rx=6,sender=0,delay_s=0.000942",bc_events_m0.4.csv
16.4009,DATA_RX_OK,"rx=9,sender=0,delay_s=0.000942",bc_events_m0.4.csv
16.4009,DATA_RX_OK,"rx=4,sender=0,delay_s=0.000942",bc_events_m0.4.csv
16.5007,DATA_DROP_SIG,"rx=2,sender=0,nonce=16500000000",bc_events_m0.4.csv
16.5007,DATA_DROP_SIG,"rx=11,sender=0,nonce=16500000000",bc_events_m0.4.csv
16.5007,DATA_DROP_SIG,"rx=3,sender=0,nonce=16500000000",bc_events_m0.4.csv
16.5007,DATA_DROP_SIG,"rx=5,sender=0,nonce=16500000000",bc_events_m0.4.csv
16.5007,DATA_DROP_SIG,"rx=1,sender=0,nonce=16500000000",bc_events_m0.4.csv
16.5007,DATA_DROP_SIG,"rx=10,sender=0,nonce=16500000000",bc_events_m0.4.csv
16.5007,DATA_DROP_SIG,"rx=7,sender=0,nonce=16500000000",bc_events_m0.4.csv
16.5007,DATA_DROP_SIG,"rx=6,sender=0,nonce=16500000000",bc_events_m0.4.csv
16.5007,DATA_DROP_SIG,"rx=9,sender=0,nonce=16500000000",bc_events_m0.4.csv
16.5007,DATA_DROP_SIG,"rx=4,sender=0,nonce=16500000000",bc_events_m0.4.csv
16.6007,DATA_RX_OK,"rx=2,sender=0,delay_s=0.000662",bc_events_m0.4.csv
16.6007,DATA_RX_OK,"rx=11,sender=0,delay_s=0.000662",bc_events_m0.4.csv
16.6007,DATA_RX_OK,"rx=3,sender=0,delay_s=0.000662",bc_events_m0.4.csv
16.6007,DATA_RX_OK,"rx=5,sender=0,delay_s=0.000662",bc_events_m0.4.csv
16.6007,DATA_RX_OK,"rx=1,sender=0,delay_s=0.000662",bc_events_m0.4.csv
16.6007,DATA_RX_OK,"rx=10,sender=0,delay_s=0.000662",bc_events_m0.4.csv
16.6007,DATA_RX_OK,"rx=7,sender=0,delay_s=0.000662",bc_events_m0.4.csv
16.6007,DATA_RX_OK,"rx=6,sender=0,delay_s=0.000662",bc_events_m0.4.csv
16.6007,DATA_RX_OK,"rx=4,sender=0,delay_s=0.000662",bc_events_m0.4.csv
16.6007,DATA_RX_OK,"rx=9,sender=0,delay_s=0.000662",bc_events_m0.4.csv
16.7,REPLAY_SENT,nonce=16600000000,bc_events_m0.4.csv
16.7007,DATA_DROP_REPLAY,"rx=2,sender=0,nonce=16600000000",bc_events_m0.4.csv
16.7007,DATA_DROP_REPLAY,"rx=3,sender=0,nonce=16600000000",bc_events_m0.4.csv
16.7007,DATA_DROP_REPLAY,"rx=11,sender=0,nonce=16600000000",bc_events_m0.4.csv
16.7007,DATA_DROP_REPLAY,"rx=5,sender=0,nonce=16600000000",bc_events_m0.4.csv
16.7007,DATA_DROP_REPLAY,"rx=1,sender=0,nonce=16600000000",bc_events_m0.4.csv
16.7007,DATA_DROP_REPLAY,"rx=10,sender=0,nonce=16600000000",bc_events_m0.4.csv
16.7007,DATA_DROP_REPLAY,"rx=7,sender=0,nonce=16600000000",bc_events_m0.4.csv
16.7007,DATA_DROP_REPLAY,"rx=6,sender=0,nonce=16600000000",bc_events_m0.4.csv
16.7007,DATA_DROP_REPLAY,"rx=4,sender=0,nonce=16600000000",bc_events_m0.4.csv
16.7007,DATA_DROP_REPLAY,"rx=9,sender=0,nonce=16600000000",bc_events_m0.4.csv
16.701,DATA_DROP_SIG,"rx=2,sender=0,nonce=16700000000",bc_events_m0.4.csv
16.701,DATA_DROP_SIG,"rx=3,sender=0,nonce=16700000000",bc_events_m0.4.csv
16.701,DATA_DROP_SIG,"rx=11,sender=0,nonce=16700000000",bc_events_m0.4.csv
16.701,DATA_DROP_SIG,"rx=5,sender=0,nonce=16700000000",bc_events_m0.4.csv
16.701,DATA_DROP_SIG,"rx=1,sender=0,nonce=16700000000",bc_events_m0.4.csv
16.701,DATA_DROP_SIG,"rx=10,sender=0,nonce=16700000000",bc_events_m0.4.csv
16.701,DATA_DROP_SIG,"rx=7,sender=0,nonce=16700000000",bc_events_m0.4.csv
16.701,DATA_DROP_SIG,"rx=6,sender=0,nonce=16700000000",bc_events_m0.4.csv
16.701,DATA_DROP_SIG,"rx=4,sender=0,nonce=16700000000",bc_events_m0.4.csv
16.701,DATA_DROP_SIG,"rx=9,sender=0,nonce=16700000000",bc_events_m0.4.csv
16.8,BLOCK_MINE_START,block_next=17,bc_events_m0.4.csv
16.8007,DATA_RX_OK,"rx=2,sender=0,delay_s=0.000662",bc_events_m0.4.csv
16.8007,DATA_RX_OK,"rx=3,sender=0,delay_s=0.000662",bc_events_m0.4.csv
16.8007,DATA_RX_OK,"rx=11,sender=0,delay_s=0.000662",bc_events_m0.4.csv
16.8007,DATA_RX_OK,"rx=5,sender=0,delay_s=0.000662",bc_events_m0.4.csv
16.8007,DATA_RX_OK,"rx=1,sender=0,delay_s=0.000662",bc_events_m0.4.csv
16.8007,DATA_RX_OK,"rx=10,sender=0,delay_s=0.000662",bc_events_m0.4.csv
16.8007,DATA_RX_OK,"rx=7,sender=0,delay_s=0.000662",bc_events_m0.4.csv
16.8007,DATA_RX_OK,"rx=6,sender=0,delay_s=0.000662",bc_events_m0.4.csv
16.8007,DATA_RX_OK,"rx=4,sender=0,delay_s=0.000662",bc_events_m0.4.csv
16.8007,DATA_RX_OK,"rx=9,sender=0,delay_s=0.000662",bc_events_m0.4.csv
16.85,BLOCK_COMMIT_ITEM,"accused=7,delta=-0.050000,trust=0.560000",bc_events_m0.4.csv
16.85,BLOCK_COMMIT_ITEM,"accused=1,delta=0.020000,trust=0.580000",bc_events_m0.4.csv
16.85,BLOCK_COMMIT_ITEM,"accused=8,delta=-0.050000,trust=0.410000",bc_events_m0.4.csv
16.85,BLOCK_COMMIT_ITEM,"accused=2,delta=-0.050000,trust=0.760000",bc_events_m0.4.csv
16.85,BLOCK_COMMIT_ITEM,"accused=6,delta=0.020000,trust=0.610000",bc_events_m0.4.csv
16.85,BLOCK_COMMIT_ITEM,"accused=9,delta=-0.050000,trust=0.660000",bc_events_m0.4.csv
16.85,BLOCK_COMMIT_ITEM,"accused=4,delta=-0.050000,trust=0.710000",bc_events_m0.4.csv
16.85,BLOCK_COMMIT_DONE,"block=17,items=7,lat_s=0.050000",bc_events_m0.4.csv
16.9007,DATA_RX_OK,"rx=2,sender=0,delay_s=0.000662",bc_events_m0.4.csv
16.9007,DATA_RX_OK,"rx=3,sender=0,delay_s=0.000662",bc_events_m0.4.csv
16.9007,DATA_RX_OK,"rx=11,sender=0,delay_s=0.000662",bc_events_m0.4.csv
16.9007,DATA_RX_OK,"rx=5,sender=0,delay_s=0.000662",bc_events_m0.4.csv
16.9007,DATA_RX_OK,"rx=1,sender=0,delay_s=0.000662",bc_events_m0.4.csv
16.9007,DATA_RX_OK,"rx=10,sender=0,delay_s=0.000662",bc_events_m0.4.csv
16.9007,DATA_RX_OK,"rx=6,sender=0,delay_s=0.000662",bc_events_m0.4.csv
16.9007,DATA_RX_OK,"rx=7,sender=0,delay_s=0.000662",bc_events_m0.4.csv
16.9007,DATA_RX_OK,"rx=4,sender=0,delay_s=0.000662",bc_events_m0.4.csv
16.9007,DATA_RX_OK,"rx=9,sender=0,delay_s=0.000662",bc_events_m0.4.csv
17,REPORT_SENT,"by=0,about=5,delta=0.020000",bc_events_m0.4.csv
17,REPORT_SENT,"by=1,about=6,delta=-0.050000",bc_events_m0.4.csv
17,REPORT_SENT,"by=2,about=8,delta=-0.050000",bc_events_m0.4.csv
17,REPORT_SENT,"by=3,about=4,delta=0.020000",bc_events_m0.4.csv
17,REPORT_SENT,"by=4,about=1,delta=0.020000",bc_events_m0.4.csv
17,REPORT_SENT,"by=5,about=4,delta=0.020000",bc_events_m0.4.csv
17,REPORT_SENT,"by=6,about=3,delta=-0.050000",bc_events_m0.4.csv
17,REPORT_SENT,"by=7,about=9,delta=0.020000",bc_events_m0.4.csv
17,REPORT_SENT,"by=8,about=1,delta=0.020000",bc_events_m0.4.csv
17,REPORT_SENT,"by=9,about=3,delta=-0.050000",bc_events_m0.4.csv
17,REPLAY_SENT,nonce=16900000000,bc_events_m0.4.csv
17.0004,REPORT_RX_RSU,"rsu=10,by=0,about=5,delta=0.020000",bc_events_m0.4.csv
17.0005,REPORT_RX_RSU,"rsu=10,by=5,about=4,delta=0.020000",bc_events_m0.4.csv
17.001,REPORT_RX_RSU,"rsu=10,by=7,about=9,delta=0.020000",bc_events_m0.4.csv
17.001,DATA_DROP_REPLAY,"rx=2,sender=0,nonce=16900000000",bc_events_m0.4.csv
17.001,DATA_DROP_REPLAY,"rx=3,sender=0,nonce=16900000000",bc_events_m0.4.csv
17.001,DATA_DROP_REPLAY,"rx=11,sender=0,nonce=16900000000",bc_events_m0.4.csv
17.001,DATA_DROP_REPLAY,"rx=5,sender=0,nonce=16900000000",bc_events_m0.4.csv
17.0014,REPORT_RX_RSU,"rsu=10,by=4,about=1,delta=0.020000",bc_events_m0.4.csv
17.0015,DATA_RX_OK,"rx=2,sender=0,delay_s=0.001496",bc_events_m0.4.csv
17.0015,DATA_RX_OK,"rx=3,sender=0,delay_s=0.001496",bc_events_m0.4.csv
17.0015,DATA_RX_OK,"rx=11,sender=0,delay_s=0.001496",bc_events_m0.4.csv
17.0015,DATA_RX_OK,"rx=5,sender=0,delay_s=0.001496",bc_events_m0.4.csv
17.0015,DATA_RX_OK,"rx=1,sender=0,delay_s=0.001496",bc_events_m0.4.csv
17.0015,DATA_RX_OK,"rx=10,sender=0,delay_s=0.001496",bc_events_m0.4.csv
17.0015,DATA_RX_OK,"rx=6,sender=0,delay_s=0.001496",bc_events_m0.4.csv
17.0018,REPORT_RX_RSU,"rsu=10,by=1,about=6,delta=-0.050000",bc_events_m0.4.csv
17.0019,REPORT_RX_RSU,"rsu=10,by=9,about=3,delta=-0.050000",bc_events_m0.4.csv
17.0023,REPORT_RX_RSU,"rsu=10,by=8,about=1,delta=0.020000",bc_events_m0.4.csv
17.1007,DATA_DROP_SIG,"rx=2,sender=0,nonce=17100000000",bc_events_m0.4.csv
17.1007,DATA_DROP_SIG,"rx=3,sender=0,nonce=17100000000",bc_events_m0.4.csv
17.1007,DATA_DROP_SIG,"rx=11,sender=0,nonce=17100000000",bc_events_m0.4.csv
17.1007,DATA_DROP_SIG,"rx=5,sender=0,nonce=17100000000",bc_events_m0.4.csv
17.1007,DATA_DROP_SIG,"rx=1,sender=0,nonce=17100000000",bc_events_m0.4.csv
17.1007,DATA_DROP_SIG,"rx=10,sender=0,nonce=17100000000",bc_events_m0.4.csv
17.1007,DATA_DROP_SIG,"rx=6,sender=0,nonce=17100000000",bc_events_m0.4.csv
17.1007,DATA_DROP_SIG,"rx=7,sender=0,nonce=17100000000",bc_events_m0.4.csv
17.1007,DATA_DROP_SIG,"rx=9,sender=0,nonce=17100000000",bc_events_m0.4.csv
17.1007,DATA_DROP_SIG,"rx=4,sender=0,nonce=17100000000",bc_events_m0.4.csv
17.2007,DATA_DROP_SIG,"rx=2,sender=0,nonce=17200000000",bc_events_m0.4.csv
17.2007,DATA_DROP_SIG,"rx=3,sender=0,nonce=17200000000",bc_events_m0.4.csv
17.2007,DATA_DROP_SIG,"rx=11,sender=0,nonce=17200000000",bc_events_m0.4.csv
17.2007,DATA_DROP_SIG,"rx=5,sender=0,nonce=17200000000",bc_events_m0.4.csv
17.2007,DATA_DROP_SIG,"rx=1,sender=0,nonce=17200000000",bc_events_m0.4.csv
17.2007,DATA_DROP_SIG,"rx=10,sender=0,nonce=17200000000",bc_events_m0.4.csv
17.2007,DATA_DROP_SIG,"rx=6,sender=0,nonce=17200000000",bc_events_m0.4.csv
17.2007,DATA_DROP_SIG,"rx=7,sender=0,nonce=17200000000",bc_events_m0.4.csv
17.2007,DATA_DROP_SIG,"rx=4,sender=0,nonce=17200000000",bc_events_m0.4.csv
17.2007,DATA_DROP_SIG,"rx=9,sender=0,nonce=17200000000",bc_events_m0.4.csv
17.3,REPLAY_SENT,nonce=17200000000,bc_events_m0.4.csv
17.3007,DATA_DROP_SIG,"rx=2,sender=0,nonce=17200000000",bc_events_m0.4.csv
17.3007,DATA_DROP_SIG,"rx=3,sender=0,nonce=17200000000",bc_events_m0.4.csv
17.3007,DATA_DROP_SIG,"rx=11,sender=0,nonce=17200000000",bc_events_m0.4.csv
17.3007,DATA_DROP_SIG,"rx=5,sender=0,nonce=17200000000",bc_events_m0.4.csv
17.3007,DATA_DROP_SIG,"rx=1,sender=0,nonce=17200000000",bc_events_m0.4.csv
17.3007,DATA_DROP_SIG,"rx=10,sender=0,nonce=17200000000",bc_events_m0.4.csv
17.3007,DATA_DROP_SIG,"rx=6,sender=0,nonce=17200000000",bc_events_m0.4.csv
17.3007,DATA_DROP_SIG,"rx=7,sender=0,nonce=17200000000",bc_events_m0.4.csv
17.3007,DATA_DROP_SIG,"rx=9,sender=0,nonce=17200000000",bc_events_m0.4.csv
17.3007,DATA_DROP_SIG,"rx=4,sender=0,nonce=17200000000",bc_events_m0.4.csv
17.3011,DATA_RX_OK,"rx=2,sender=0,delay_s=0.001059",bc_events_m0.4.csv
17.3011,DATA_RX_OK,"rx=3,sender=0,delay_s=0.001059",bc_events_m0.4.csv
17.3011,DATA_RX_OK,"rx=11,sender=0,delay_s=0.001059",bc_events_m0.4.csv
17.3011,DATA_RX_OK,"rx=5,sender=0,delay_s=0.001059",bc_events_m0.4.csv
17.3011,DATA_RX_OK,"rx=1,sender=0,delay_s=0.001059",bc_events_m0.4.csv
17.3011,DATA_RX_OK,"rx=10,sender=0,delay_s=0.001059",bc_events_m0.4.csv
17.3011,DATA_RX_OK,"rx=6,sender=0,delay_s=0.001059",bc_events_m0.4.csv
17.3011,DATA_RX_OK,"rx=7,sender=0,delay_s=0.001059",bc_events_m0.4.csv
17.3011,DATA_RX_OK,"rx=9,sender=0,delay_s=0.001059",bc_events_m0.4.csv
17.3011,DATA_RX_OK,"rx=4,sender=0,delay_s=0.001059",bc_events_m0.4.csv
17.4007,DATA_DROP_SIG,"rx=3,sender=0,nonce=17400000000",bc_events_m0.4.csv
17.4007,DATA_DROP_SIG,"rx=2,sender=0,nonce=17400000000",bc_events_m0.4.csv
17.4007,DATA_DROP_SIG,"rx=11,sender=0,nonce=17400000000",bc_events_m0.4.csv
17.4007,DATA_DROP_SIG,"rx=5,sender=0,nonce=17400000000",bc_events_m0.4.csv
17.4007,DATA_DROP_SIG,"rx=1,sender=0,nonce=17400000000",bc_events_m0.4.csv
17.4007,DATA_DROP_SIG,"rx=10,sender=0,nonce=17400000000",bc_events_m0.4.csv
17.4007,DATA_DROP_SIG,"rx=6,sender=0,nonce=17400000000",bc_events_m0.4.csv
17.4007,DATA_DROP_SIG,"rx=7,sender=0,nonce=17400000000",bc_events_m0.4.csv
17.4007,DATA_DROP_SIG,"rx=9,sender=0,nonce=17400000000",bc_events_m0.4.csv
17.4007,DATA_DROP_SIG,"rx=4,sender=0,nonce=17400000000",bc_events_m0.4.csv
17.5007,DATA_RX_OK,"rx=3,sender=0,delay_s=0.000662",bc_events_m0.4.csv
17.5007,DATA_RX_OK,"rx=2,sender=0,delay_s=0.000662",bc_events_m0.4.csv
17.5007,DATA_RX_OK,"rx=11,sender=0,delay_s=0.000662",bc_events_m0.4.csv
17.5007,DATA_RX_OK,"rx=5,sender=0,delay_s=0.000662",bc_events_m0.4.csv
17.5007,DATA_RX_OK,"rx=1,sender=0,delay_s=0.000662",bc_events_m0.4.csv
17.5007,DATA_RX_OK,"rx=10,sender=0,delay_s=0.000662",bc_events_m0.4.csv
17.5007,DATA_RX_OK,"rx=6,sender=0,delay_s=0.000662",bc_events_m0.4.csv
17.5007,DATA_RX_OK,"rx=7,sender=0,delay_s=0.000662",bc_events_m0.4.csv
17.5007,DATA_RX_OK,"rx=9,sender=0,delay_s=0.000662",bc_events_m0.4.csv
17.5007,DATA_RX_OK,"rx=4,sender=0,delay_s=0.000662",bc_events_m0.4.csv
17.6,REPLAY_SENT,nonce=17500000000,bc_events_m0.4.csv
17.6007,DATA_DROP_REPLAY,"rx=3,sender=0,nonce=17500000000",bc_events_m0.4.csv
17.6007,DATA_DROP_REPLAY,"rx=2,sender=0,nonce=17500000000",bc_events_m0.4.csv
17.6007,DATA_DROP_REPLAY,"rx=11,sender=0,nonce=17500000000",bc_events_m0.4.csv
17.6007,DATA_DROP_REPLAY,"rx=5,sender=0,nonce=17500000000",bc_events_m0.4.csv
17.6007,DATA_DROP_REPLAY,"rx=1,sender=0,nonce=17500000000",bc_events_m0.4.csv
17.6007,DATA_DROP_REPLAY,"rx=10,sender=0,nonce=17500000000",bc_events_m0.4.csv
17.6007,DATA_DROP_REPLAY,"rx=6,sender=0,nonce=17500000000",bc_events_m0.4.csv
17.6007,DATA_DROP_REPLAY,"rx=7,sender=0,nonce=17500000000",bc_events_m0.4.csv
17.6007,DATA_DROP_REPLAY,"rx=4,sender=0,nonce=17500000000",bc_events_m0.4.csv
17.6007,DATA_DROP_REPLAY,"rx=9,sender=0,nonce=17500000000",bc_events_m0.4.csv
17.6009,DATA_DROP_SIG,"rx=3,sender=0,nonce=17600000000",bc_events_m0.4.csv
17.6009,DATA_DROP_SIG,"rx=2,sender=0,nonce=17600000000",bc_events_m0.4.csv
17.6009,DATA_DROP_SIG,"rx=11,sender=0,nonce=17600000000",bc_events_m0.4.csv
17.6009,DATA_DROP_SIG,"rx=5,sender=0,nonce=17600000000",bc_events_m0.4.csv
17.6009,DATA_DROP_SIG,"rx=1,sender=0,nonce=17600000000",bc_events_m0.4.csv
17.6009,DATA_DROP_SIG,"rx=10,sender=0,nonce=17600000000",bc_events_m0.4.csv
17.6009,DATA_DROP_SIG,"rx=6,sender=0,nonce=17600000000",bc_events_m0.4.csv
17.6009,DATA_DROP_SIG,"rx=7,sender=0,nonce=17600000000",bc_events_m0.4.csv
17.6009,DATA_DROP_SIG,"rx=4,sender=0,nonce=17600000000",bc_events_m0.4.csv
17.6009,DATA_DROP_SIG,"rx=9,sender=0,nonce=17600000000",bc_events_m0.4.csv
17.7007,DATA_RX_OK,"rx=2,sender=0,delay_s=0.000662",bc_events_m0.4.csv
17.7007,DATA_RX_OK,"rx=3,sender=0,delay_s=0.000662",bc_events_m0.4.csv
17.7007,DATA_RX_OK,"rx=11,sender=0,delay_s=0.000662",bc_events_m0.4.csv
17.7007,DATA_RX_OK,"rx=5,sender=0,delay_s=0.000662",bc_events_m0.4.csv
17.7007,DATA_RX_OK,"rx=1,sender=0,delay_s=0.000662",bc_events_m0.4.csv
17.7007,DATA_RX_OK,"rx=6,sender=0,delay_s=0.000662",bc_events_m0.4.csv
17.7007,DATA_RX_OK,"rx=10,sender=0,delay_s=0.000662",bc_events_m0.4.csv
17.7007,DATA_RX_OK,"rx=7,sender=0,delay_s=0.000662",bc_events_m0.4.csv
17.7007,DATA_RX_OK,"rx=4,sender=0,delay_s=0.000662",bc_events_m0.4.csv
17.7007,DATA_RX_OK,"rx=9,sender=0,delay_s=0.000662",bc_events_m0.4.csv
17.8007,DATA_RX_OK,"rx=2,sender=0,delay_s=0.000662",bc_events_m0.4.csv
17.8007,DATA_RX_OK,"rx=3,sender=0,delay_s=0.000662",bc_events_m0.4.csv
17.8007,DATA_RX_OK,"rx=11,sender=0,delay_s=0.000662",bc_events_m0.4.csv
17.8007,DATA_RX_OK,"rx=5,sender=0,delay_s=0.000662",bc_events_m0.4.csv
17.8007,DATA_RX_OK,"rx=1,sender=0,delay_s=0.000662",bc_events_m0.4.csv
17.8007,DATA_RX_OK,"rx=6,sender=0,delay_s=0.000662",bc_events_m0.4.csv
17.8007,DATA_RX_OK,"rx=10,sender=0,delay_s=0.000662",bc_events_m0.4.csv
17.8007,DATA_RX_OK,"rx=7,sender=0,delay_s=0.000662",bc_events_m0.4.csv
17.8007,DATA_RX_OK,"rx=4,sender=0,delay_s=0.000662",bc_events_m0.4.csv
17.8007,DATA_RX_OK,"rx=9,sender=0,delay_s=0.000662",bc_events_m0.4.csv
17.85,BLOCK_MINE_START,block_next=18,bc_events_m0.4.csv
17.9,REPLAY_SENT,nonce=17800000000,bc_events_m0.4.csv
17.9,BLOCK_COMMIT_ITEM,"accused=5,delta=0.020000,trust=0.630000",bc_events_m0.4.csv
17.9,BLOCK_COMMIT_ITEM,"accused=4,delta=0.020000,trust=0.730000",bc_events_m0.4.csv
17.9,BLOCK_COMMIT_ITEM,"accused=9,delta=0.020000,trust=0.680000",bc_events_m0.4.csv
17.9,BLOCK_COMMIT_ITEM,"accused=1,delta=0.020000,trust=0.600000",bc_events_m0.4.csv
17.9,BLOCK_COMMIT_ITEM,"accused=6,delta=-0.050000,trust=0.560000",bc_events_m0.4.csv
17.9,BLOCK_COMMIT_ITEM,"accused=3,delta=-0.050000,trust=0.620000",bc_events_m0.4.csv
17.9,BLOCK_COMMIT_ITEM,"accused=1,delta=0.020000,trust=0.620000",bc_events_m0.4.csv
17.9,BLOCK_COMMIT_DONE,"block=18,items=7,lat_s=0.050000",bc_events_m0.4.csv
17.9007,DATA_DROP_REPLAY,"rx=2,sender=0,nonce=17800000000",bc_events_m0.4.csv
17.9007,DATA_DROP_REPLAY,"rx=3,sender=0,nonce=17800000000",bc_events_m0.4.csv
17.9007,DATA_DROP_REPLAY,"rx=11,sender=0,nonce=17800000000",bc_events_m0.4.csv
17.9007,DATA_DROP_REPLAY,"rx=5,sender=0,nonce=17800000000",bc_events_m0.4.csv
17.9007,DATA_DROP_REPLAY,"rx=1,sender=0,nonce=17800000000",bc_events_m0.4.csv
17.9007,DATA_DROP_REPLAY,"rx=6,sender=0,nonce=17800000000",bc_events_m0.4.csv
17.9007,DATA_DROP_REPLAY,"rx=7,sender=0,nonce=17800000000",bc_events_m0.4.csv
17.9007,DATA_DROP_REPLAY,"rx=10,sender=0,nonce=17800000000",bc_events_m0.4.csv
17.9007,DATA_DROP_REPLAY,"rx=4,sender=0,nonce=17800000000",bc_events_m0.4.csv
17.9007,DATA_DROP_REPLAY,"rx=9,sender=0,nonce=17800000000",bc_events_m0.4.csv
17.901,DATA_RX_OK,"rx=2,sender=0,delay_s=0.001041",bc_events_m0.4.csv
17.901,DATA_RX_OK,"rx=3,sender=0,delay_s=0.001041",bc_events_m0.4.csv
17.901,DATA_RX_OK,"rx=11,sender=0,delay_s=0.001041",bc_events_m0.4.csv
17.901,DATA_RX_OK,"rx=5,sender=0,delay_s=0.001041",bc_events_m0.4.csv
17.901,DATA_RX_OK,"rx=1,sender=0,delay_s=0.001041",bc_events_m0.4.csv
17.901,DATA_RX_OK,"rx=6,sender=0,delay_s=0.001041",bc_events_m0.4.csv
17.901,DATA_RX_OK,"rx=7,sender=0,delay_s=0.001041",bc_events_m0.4.csv
17.901,DATA_RX_OK,"rx=10,sender=0,delay_s=0.001041",bc_events_m0.4.csv
17.901,DATA_RX_OK,"rx=4,sender=0,delay_s=0.001041",bc_events_m0.4.csv
17.901,DATA_RX_OK,"rx=9,sender=0,delay_s=0.001041",bc_events_m0.4.csv
18,REPORT_SENT,"by=0,about=1,delta=0.020000",bc_events_m0.4.csv
18,REPORT_SENT,"by=1,about=5,delta=0.020000",bc_events_m0.4.csv
18,REPORT_SENT,"by=2,about=7,delta=-0.050000",bc_events_m0.4.csv
18,REPORT_SENT,"by=3,about=5,delta=0.020000",bc_events_m0.4.csv
18,REPORT_SENT,"by=4,about=8,delta=-0.050000",bc_events_m0.4.csv
18,REPORT_SENT,"by=5,about=2,delta=0.020000",bc_events_m0.4.csv
18,REPORT_SENT,"by=6,about=5,delta=0.020000",bc_events_m0.4.csv
18,REPORT_SENT,"by=7,about=5,delta=0.020000",bc_events_m0.4.csv
18,REPORT_SENT,"by=8,about=5,delta=0.020000",bc_events_m0.4.csv
18,REPORT_SENT,"by=9,about=8,delta=0.020000",bc_events_m0.4.csv
18.0002,REPORT_RX_RSU,"rsu=10,by=4,about=8,delta=-0.050000",bc_events_m0.4.csv
18.0004,REPORT_RX_RSU,"rsu=10,by=5,about=2,delta=0.020000",bc_events_m0.4.csv
18.0005,REPORT_RX_RSU,"rsu=10,by=1,about=5,delta=0.020000",bc_events_m0.4.csv
18.0006,REPORT_RX_RSU,"rsu=10,by=9,about=8,delta=0.020000",bc_events_m0.4.csv
18.0008,REPORT_RX_RSU,"rsu=10,by=7,about=5,delta=0.020000",bc_events_m0.4.csv
18.001,REPORT_RX_RSU,"rsu=10,by=8,about=5,delta=0.020000",bc_events_m0.4.csv
18.0011,REPORT_RX_RSU,"rsu=10,by=0,about=1,delta=0.020000",bc_events_m0.4.csv
18.0017,DATA_RX_OK,"rx=2,sender=0,delay_s=0.001735",bc_events_m0.4.csv
18.0017,DATA_RX_OK,"rx=3,sender=0,delay_s=0.001735",bc_events_m0.4.csv
18.0017,DATA_RX_OK,"rx=11,sender=0,delay_s=0.001735",bc_events_m0.4.csv
18.0017,DATA_RX_OK,"rx=5,sender=0,delay_s=0.001735",bc_events_m0.4.csv
18.0017,DATA_RX_OK,"rx=1,sender=0,delay_s=0.001735",bc_events_m0.4.csv
18.0017,DATA_RX_OK,"rx=6,sender=0,delay_s=0.001735",bc_events_m0.4.csv
18.0017,DATA_RX_OK,"rx=7,sender=0,delay_s=0.001735",bc_events_m0.4.csv
18.0017,DATA_RX_OK,"rx=10,sender=0,delay_s=0.001735",bc_events_m0.4.csv
18.0017,DATA_RX_OK,"rx=4,sender=0,delay_s=0.001735",bc_events_m0.4.csv
18.0017,DATA_RX_OK,"rx=9,sender=0,delay_s=0.001735",bc_events_m0.4.csv
18.0017,DATA_RX_OK,"rx=8,sender=0,delay_s=0.001735",bc_events_m0.4.csv
18.1007,DATA_DROP_SIG,"rx=2,sender=0,nonce=18100000000",bc_events_m0.4.csv
18.1007,DATA_DROP_SIG,"rx=3,sender=0,nonce=18100000000",bc_events_m0.4.csv
18.1007,DATA_DROP_SIG,"rx=11,sender=0,nonce=18100000000",bc_events_m0.4.csv
18.1007,DATA_DROP_SIG,"rx=5,sender=0,nonce=18100000000",bc_events_m0.4.csv
18.1007,DATA_DROP_SIG,"rx=1,sender=0,nonce=18100000000",bc_events_m0.4.csv
18.1007,DATA_DROP_SIG,"rx=6,sender=0,nonce=18100000000",bc_events_m0.4.csv
18.1007,DATA_DROP_SIG,"rx=7,sender=0,nonce=18100000000",bc_events_m0.4.csv
18.1007,DATA_DROP_SIG,"rx=10,sender=0,nonce=18100000000",bc_events_m0.4.csv
18.1007,DATA_DROP_SIG,"rx=4,sender=0,nonce=18100000000",bc_events_m0.4.csv
18.1007,DATA_DROP_SIG,"rx=9,sender=0,nonce=18100000000",bc_events_m0.4.csv
18.1007,DATA_DROP_SIG,"rx=8,sender=0,nonce=18100000000",bc_events_m0.4.csv
18.2,REPLAY_SENT,nonce=18100000000,bc_events_m0.4.csv
18.2007,DATA_DROP_SIG,"rx=3,sender=0,nonce=18100000000",bc_events_m0.4.csv
18.2007,DATA_DROP_SIG,"rx=2,sender=0,nonce=18100000000",bc_events_m0.4.csv
18.2007,DATA_DROP_SIG,"rx=11,sender=0,nonce=18100000000",bc_events_m0.4.csv
18.2007,DATA_DROP_SIG,"rx=5,sender=0,nonce=18100000000",bc_events_m0.4.csv
18.2007,DATA_DROP_SIG,"rx=1,sender=0,nonce=18100000000",bc_events_m0.4.csv
18.2007,DATA_DROP_SIG,"rx=6,sender=0,nonce=18100000000",bc_events_m0.4.csv
18.2007,DATA_DROP_SIG,"rx=7,sender=0,nonce=18100000000",bc_events_m0.4.csv
18.2007,DATA_DROP_SIG,"rx=10,sender=0,nonce=18100000000",bc_events_m0.4.csv
18.2007,DATA_DROP_SIG,"rx=4,sender=0,nonce=18100000000",bc_events_m0.4.csv
18.2007,DATA_DROP_SIG,"rx=9,sender=0,nonce=18100000000",bc_events_m0.4.csv
18.2007,DATA_DROP_SIG,"rx=8,sender=0,nonce=18100000000",bc_events_m0.4.csv
18.2009,DATA_RX_OK,"rx=3,sender=0,delay_s=0.000933",bc_events_m0.4.csv
18.2009,DATA_RX_OK,"rx=2,sender=0,delay_s=0.000933",bc_events_m0.4.csv
18.2009,DATA_RX_OK,"rx=11,sender=0,delay_s=0.000933",bc_events_m0.4.csv
18.2009,DATA_RX_OK,"rx=5,sender=0,delay_s=0.000933",bc_events_m0.4.csv
18.2009,DATA_RX_OK,"rx=1,sender=0,delay_s=0.000933",bc_events_m0.4.csv
18.2009,DATA_RX_OK,"rx=6,sender=0,delay_s=0.000933",bc_events_m0.4.csv
18.2009,DATA_RX_OK,"rx=7,sender=0,delay_s=0.000933",bc_events_m0.4.csv
18.2009,DATA_RX_OK,"rx=10,sender=0,delay_s=0.000933",bc_events_m0.4.csv
18.2009,DATA_RX_OK,"rx=4,sender=0,delay_s=0.000933",bc_events_m0.4.csv
18.2009,DATA_RX_OK,"rx=9,sender=0,delay_s=0.000933",bc_events_m0.4.csv
18.2009,DATA_RX_OK,"rx=8,sender=0,delay_s=0.000933",bc_events_m0.4.csv
18.3007,DATA_RX_OK,"rx=3,sender=0,delay_s=0.000662",bc_events_m0.4.csv
18.3007,DATA_RX_OK,"rx=2,sender=0,delay_s=0.000662",bc_events_m0.4.csv
18.3007,DATA_RX_OK,"rx=11,sender=0,delay_s=0.000662",bc_events_m0.4.csv
18.3007,DATA_RX_OK,"rx=5,sender=0,delay_s=0.000662",bc_events_m0.4.csv
18.3007,DATA_RX_OK,"rx=1,sender=0,delay_s=0.000662",bc_events_m0.4.csv
18.3007,DATA_RX_OK,"rx=6,sender=0,delay_s=0.000662",bc_events_m0.4.csv
18.3007,DATA_RX_OK,"rx=7,sender=0,delay_s=0.000662",bc_events_m0.4.csv
18.3007,DATA_RX_OK,"rx=10,sender=0,delay_s=0.000662",bc_events_m0.4.csv
18.3007,DATA_RX_OK,"rx=4,sender=0,delay_s=0.000662",bc_events_m0.4.csv
18.3007,DATA_RX_OK,"rx=9,sender=0,delay_s=0.000662",bc_events_m0.4.csv
18.3007,DATA_RX_OK,"rx=8,sender=0,delay_s=0.000662",bc_events_m0.4.csv
18.4007,DATA_RX_OK,"rx=3,sender=0,delay_s=0.000662",bc_events_m0.4.csv
18.4007,DATA_RX_OK,"rx=11,sender=0,delay_s=0.000662",bc_events_m0.4.csv
18.4007,DATA_RX_OK,"rx=2,sender=0,delay_s=0.000662",bc_events_m0.4.csv
18.4007,DATA_RX_OK,"rx=5,sender=0,delay_s=0.000662",bc_events_m0.4.csv
18.4007,DATA_RX_OK,"rx=1,sender=0,delay_s=0.000662",bc_events_m0.4.csv
18.4007,DATA_RX_OK,"rx=6,sender=0,delay_s=0.000662",bc_events_m0.4.csv
18.4007,DATA_RX_OK,"rx=7,sender=0,delay_s=0.000662",bc_events_m0.4.csv
18.4007,DATA_RX_OK,"rx=10,sender=0,delay_s=0.000662",bc_events_m0.4.csv
18.4007,DATA_RX_OK,"rx=4,sender=0,delay_s=0.000662",bc_events_m0.4.csv
18.4007,DATA_RX_OK,"rx=9,sender=0,delay_s=0.000662",bc_events_m0.4.csv
18.4007,DATA_RX_OK,"rx=8,sender=0,delay_s=0.000662",bc_events_m0.4.csv
18.5,REPLAY_SENT,nonce=18400000000,bc_events_m0.4.csv
18.5007,DATA_DROP_REPLAY,"rx=3,sender=0,nonce=18400000000",bc_events_m0.4.csv
18.5007,DATA_DROP_REPLAY,"rx=2,sender=0,nonce=18400000000",bc_events_m0.4.csv
18.5007,DATA_DROP_REPLAY,"rx=11,sender=0,nonce=18400000000",bc_events_m0.4.csv
18.5007,DATA_DROP_REPLAY,"rx=5,sender=0,nonce=18400000000",bc_events_m0.4.csv
18.5007,DATA_DROP_REPLAY,"rx=1,sender=0,nonce=18400000000",bc_events_m0.4.csv
18.5007,DATA_DROP_REPLAY,"rx=6,sender=0,nonce=18400000000",bc_events_m0.4.csv
18.5007,DATA_DROP_REPLAY,"rx=7,sender=0,nonce=18400000000",bc_events_m0.4.csv
18.5007,DATA_DROP_REPLAY,"rx=10,sender=0,nonce=18400000000",bc_events_m0.4.csv
18.5007,DATA_DROP_REPLAY,"rx=4,sender=0,nonce=18400000000",bc_events_m0.4.csv
18.5007,DATA_DROP_REPLAY,"rx=9,sender=0,nonce=18400000000",bc_events_m0.4.csv
18.5007,DATA_DROP_REPLAY,"rx=8,sender=0,nonce=18400000000",bc_events_m0.4.csv
18.501,DATA_RX_OK,"rx=3,sender=0,delay_s=0.000996",bc_events_m0.4.csv
18.501,DATA_RX_OK,"rx=2,sender=0,delay_s=0.000996",bc_events_m0.4.csv
18.501,DATA_RX_OK,"rx=11,sender=0,delay_s=0.000996",bc_events_m0.4.csv
18.501,DATA_RX_OK,"rx=5,sender=0,delay_s=0.000996",bc_events_m0.4.csv
18.501,DATA_RX_OK,"rx=1,sender=0,delay_s=0.000996",bc_events_m0.4.csv
18.501,DATA_RX_OK,"rx=6,sender=0,delay_s=0.000996",bc_events_m0.4.csv
18.501,DATA_RX_OK,"rx=7,sender=0,delay_s=0.000996",bc_events_m0.4.csv
18.501,DATA_RX_OK,"rx=10,sender=0,delay_s=0.000996",bc_events_m0.4.csv
18.501,DATA_RX_OK,"rx=4,sender=0,delay_s=0.000996",bc_events_m0.4.csv
18.501,DATA_RX_OK,"rx=9,sender=0,delay_s=0.000996",bc_events_m0.4.csv
18.501,DATA_RX_OK,"rx=8,sender=0,delay_s=0.000996",bc_events_m0.4.csv
18.6007,DATA_DROP_SIG,"rx=2,sender=0,nonce=18600000000",bc_events_m0.4.csv
18.6007,DATA_DROP_SIG,"rx=3,sender=0,nonce=18600000000",bc_events_m0.4.csv
18.6007,DATA_DROP_SIG,"rx=11,sender=0,nonce=18600000000",bc_events_m0.4.csv
18.6007,DATA_DROP_SIG,"rx=5,sender=0,nonce=18600000000",bc_events_m0.4.csv
18.6007,DATA_DROP_SIG,"rx=1,sender=0,nonce=18600000000",bc_events_m0.4.csv
18.6007,DATA_DROP_SIG,"rx=6,sender=0,nonce=18600000000",bc_events_m0.4.csv
18.6007,DATA_DROP_SIG,"rx=7,sender=0,nonce=18600000000",bc_events_m0.4.csv
18.6007,DATA_DROP_SIG,"rx=10,sender=0,nonce=18600000000",bc_events_m0.4.csv
18.6007,DATA_DROP_SIG,"rx=4,sender=0,nonce=18600000000",bc_events_m0.4.csv
18.6007,DATA_DROP_SIG,"rx=9,sender=0,nonce=18600000000",bc_events_m0.4.csv
18.6007,DATA_DROP_SIG,"rx=8,sender=0,nonce=18600000000",bc_events_m0.4.csv
18.7007,DATA_DROP_SIG,"rx=2,sender=0,nonce=18700000000",bc_events_m0.4.csv
18.7007,DATA_DROP_SIG,"rx=3,sender=0,nonce=18700000000",bc_events_m0.4.csv
18.7007,DATA_DROP_SIG,"rx=11,sender=0,nonce=18700000000",bc_events_m0.4.csv
18.7007,DATA_DROP_SIG,"rx=5,sender=0,nonce=18700000000",bc_events_m0.4.csv
18.7007,DATA_DROP_SIG,"rx=1,sender=0,nonce=18700000000",bc_events_m0.4.csv
18.7007,DATA_DROP_SIG,"rx=6,sender=0,nonce=18700000000",bc_events_m0.4.csv
18.7007,DATA_DROP_SIG,"rx=7,sender=0,nonce=18700000000",bc_events_m0.4.csv
18.7007,DATA_DROP_SIG,"rx=10,sender=0,nonce=18700000000",bc_events_m0.4.csv
18.7007,DATA_DROP_SIG,"rx=4,sender=0,nonce=18700000000",bc_events_m0.4.csv
18.7007,DATA_DROP_SIG,"rx=9,sender=0,nonce=18700000000",bc_events_m0.4.csv
18.7007,DATA_DROP_SIG,"rx=8,sender=0,nonce=18700000000",bc_events_m0.4.csv
18.8,REPLAY_SENT,nonce=18700000000,bc_events_m0.4.csv
18.8007,DATA_DROP_SIG,"rx=2,sender=0,nonce=18700000000",bc_events_m0.4.csv
18.8007,DATA_DROP_SIG,"rx=3,sender=0,nonce=18700000000",bc_events_m0.4.csv
18.8007,DATA_DROP_SIG,"rx=11,sender=0,nonce=18700000000",bc_events_m0.4.csv
18.8007,DATA_DROP_SIG,"rx=5,sender=0,nonce=18700000000",bc_events_m0.4.csv
18.8007,DATA_DROP_SIG,"rx=1,sender=0,nonce=18700000000",bc_events_m0.4.csv
18.8007,DATA_DROP_SIG,"rx=6,sender=0,nonce=18700000000",bc_events_m0.4.csv
18.8007,DATA_DROP_SIG,"rx=7,sender=0,nonce=18700000000",bc_events_m0.4.csv
18.8007,DATA_DROP_SIG,"rx=10,sender=0,nonce=18700000000",bc_events_m0.4.csv
18.8007,DATA_DROP_SIG,"rx=4,sender=0,nonce=18700000000",bc_events_m0.4.csv
18.8007,DATA_DROP_SIG,"rx=9,sender=0,nonce=18700000000",bc_events_m0.4.csv
18.8007,DATA_DROP_SIG,"rx=8,sender=0,nonce=18700000000",bc_events_m0.4.csv
18.801,DATA_RX_OK,"rx=2,sender=0,delay_s=0.000960",bc_events_m0.4.csv
18.801,DATA_RX_OK,"rx=3,sender=0,delay_s=0.000960",bc_events_m0.4.csv
18.801,DATA_RX_OK,"rx=11,sender=0,delay_s=0.000960",bc_events_m0.4.csv
18.801,DATA_RX_OK,"rx=5,sender=0,delay_s=0.000960",bc_events_m0.4.csv
18.801,DATA_RX_OK,"rx=1,sender=0,delay_s=0.000960",bc_events_m0.4.csv
18.801,DATA_RX_OK,"rx=6,sender=0,delay_s=0.000960",bc_events_m0.4.csv
18.801,DATA_RX_OK,"rx=7,sender=0,delay_s=0.000960",bc_events_m0.4.csv
18.801,DATA_RX_OK,"rx=10,sender=0,delay_s=0.000960",bc_events_m0.4.csv
18.801,DATA_RX_OK,"rx=4,sender=0,delay_s=0.000960",bc_events_m0.4.csv
18.801,DATA_RX_OK,"rx=9,sender=0,delay_s=0.000960",bc_events_m0.4.csv
18.801,DATA_RX_OK,"rx=8,sender=0,delay_s=0.000960",bc_events_m0.4.csv
18.9,BLOCK_MINE_START,block_next=19,bc_events_m0.4.csv
18.9007,DATA_DROP_SIG,"rx=2,sender=0,nonce=18900000000",bc_events_m0.4.csv
18.9007,DATA_DROP_SIG,"rx=3,sender=0,nonce=18900000000",bc_events_m0.4.csv
18.9007,DATA_DROP_SIG,"rx=11,sender=0,nonce=18900000000",bc_events_m0.4.csv
18.9007,DATA_DROP_SIG,"rx=5,sender=0,nonce=18900000000",bc_events_m0.4.csv
18.9007,DATA_DROP_SIG,"rx=1,sender=0,nonce=18900000000",bc_events_m0.4.csv
18.9007,DATA_DROP_SIG,"rx=6,sender=0,nonce=18900000000",bc_events_m0.4.csv
18.9007,DATA_DROP_SIG,"rx=7,sender=0,nonce=18900000000",bc_events_m0.4.csv
18.9007,DATA_DROP_SIG,"rx=10,sender=0,nonce=18900000000",bc_events_m0.4.csv
18.9007,DATA_DROP_SIG,"rx=4,sender=0,nonce=18900000000",bc_events_m0.4.csv
18.9007,DATA_DROP_SIG,"rx=9,sender=0,nonce=18900000000",bc_events_m0.4.csv
18.9007,DATA_DROP_SIG,"rx=8,sender=0,nonce=18900000000",bc_events_m0.4.csv
18.95,BLOCK_COMMIT_ITEM,"accused=8,delta=-0.050000,trust=0.360000",bc_events_m0.4.csv
18.95,BLOCK_COMMIT_ITEM,"accused=2,delta=0.020000,trust=0.780000",bc_events_m0.4.csv
18.95,BLOCK_COMMIT_ITEM,"accused=5,delta=0.020000,trust=0.650000",bc_events_m0.4.csv
18.95,BLOCK_COMMIT_ITEM,"accused=8,delta=0.020000,trust=0.380000",bc_events_m0.4.csv
18.95,BLOCK_COMMIT_ITEM,"accused=5,delta=0.020000,trust=0.670000",bc_events_m0.4.csv
18.95,BLOCK_COMMIT_ITEM,"accused=5,delta=0.020000,trust=0.690000",bc_events_m0.4.csv
18.95,BLOCK_COMMIT_ITEM,"accused=1,delta=0.020000,trust=0.640000",bc_events_m0.4.csv
18.95,BLOCK_COMMIT_DONE,"block=19,items=7,lat_s=0.050000",bc_events_m0.4.csv
19,REPORT_SENT,"by=0,about=0,delta=-0.050000",bc_events_m0.4.csv
19,REPORT_SENT,"by=1,about=4,delta=-0.050000",bc_events_m0.4.csv
19,REPORT_SENT,"by=2,about=5,delta=0.020000",bc_events_m0.4.csv
19,REPORT_SENT,"by=3,about=6,delta=0.020000",bc_events_m0.4.csv
19,REPORT_SENT,"by=4,about=0,delta=-0.050000",bc_events_m0.4.csv
19,REPORT_SENT,"by=5,about=5,delta=-0.050000",bc_events_m0.4.csv
19,REPORT_SENT,"by=6,about=0,delta=-0.050000",bc_events_m0.4.csv
19,REPORT_SENT,"by=7,about=5,delta=0.020000",bc_events_m0.4.csv
19,REPORT_SENT,"by=8,about=7,delta=-0.050000",bc_events_m0.4.csv
19,REPORT_SENT,"by=9,about=5,delta=0.020000",bc_events_m0.4.csv
19.0003,REPORT_RX_RSU,"rsu=10,by=0,about=0,delta=-0.050000",bc_events_m0.4.csv
19.0007,REPORT_RX_RSU,"rsu=10,by=8,about=7,delta=-0.050000",bc_events_m0.4.csv
19.0008,DATA_RX_OK,"rx=2,sender=0,delay_s=0.000799",bc_events_m0.4.csv
19.0008,DATA_RX_OK,"rx=11,sender=0,delay_s=0.000799",bc_events_m0.4.csv
19.0008,DATA_RX_OK,"rx=3,sender=0,delay_s=0.000799",bc_events_m0.4.csv
19.0008,DATA_RX_OK,"rx=1,sender=0,delay_s=0.000799",bc_events_m0.4.csv
19.0008,DATA_RX_OK,"rx=5,sender=0,delay_s=0.000799",bc_events_m0.4.csv
19.0008,DATA_RX_OK,"rx=6,sender=0,delay_s=0.000799",bc_events_m0.4.csv
19.0008,DATA_RX_OK,"rx=10,sender=0,delay_s=0.000799",bc_events_m0.4.csv
19.0008,DATA_RX_OK,"rx=7,sender=0,delay_s=0.000799",bc_events_m0.4.csv
19.0008,DATA_RX_OK,"rx=4,sender=0,delay_s=0.000799",bc_events_m0.4.csv
19.0008,DATA_RX_OK,"rx=9,sender=0,delay_s=0.000799",bc_events_m0.4.csv
19.0008,DATA_RX_OK,"rx=8,sender=0,delay_s=0.000799",bc_events_m0.4.csv
19.0008,REPORT_RX_RSU,"rsu=10,by=1,about=4,delta=-0.050000",bc_events_m0.4.csv
19.001,REPORT_RX_RSU,"rsu=10,by=4,about=0,delta=-0.050000",bc_events_m0.4.csv
19.0011,REPORT_RX_RSU,"rsu=10,by=7,about=5,delta=0.020000",bc_events_m0.4.csv
19.0012,REPORT_RX_RSU,"rsu=10,by=9,about=5,delta=0.020000",bc_events_m0.4.csv
19.0017,REPORT_RX_RSU,"rsu=10,by=5,about=5,delta=-0.050000",bc_events_m0.4.csv
19.1,REPLAY_SENT,nonce=19000000000,bc_events_m0.4.csv
19.1007,DATA_DROP_REPLAY,"rx=2,sender=0,nonce=19000000000",bc_events_m0.4.csv
19.1007,DATA_DROP_REPLAY,"rx=11,sender=0,nonce=19000000000",bc_events_m0.4.csv
19.1007,DATA_DROP_REPLAY,"rx=3,sender=0,nonce=19000000000",bc_events_m0.4.csv
19.1007,DATA_DROP_REPLAY,"rx=1,sender=0,nonce=19000000000",bc_events_m0.4.csv
19.1007,DATA_DROP_REPLAY,"rx=5,sender=0,nonce=19000000000",bc_events_m0.4.csv
19.1007,DATA_DROP_REPLAY,"rx=6,sender=0,nonce=19000000000",bc_events_m0.4.csv
19.1007,DATA_DROP_REPLAY,"rx=10,sender=0,nonce=19000000000",bc_events_m0.4.csv
19.1007,DATA_DROP_REPLAY,"rx=7,sender=0,nonce=19000000000",bc_events_m0.4.csv
19.1007,DATA_DROP_REPLAY,"rx=4,sender=0,nonce=19000000000",bc_events_m0.4.csv
19.1007,DATA_DROP_REPLAY,"rx=9,sender=0,nonce=19000000000",bc_events_m0.4.csv
19.1007,DATA_DROP_REPLAY,"rx=8,sender=0,nonce=19000000000",bc_events_m0.4.csv
19.1009,DATA_RX_OK,"rx=2,sender=0,delay_s=0.000924",bc_events_m0.4.csv
19.1009,DATA_RX_OK,"rx=11,sender=0,delay_s=0.000924",bc_events_m0.4.csv
19.1009,DATA_RX_OK,"rx=3,sender=0,delay_s=0.000924",bc_events_m0.4.csv
19.1009,DATA_RX_OK,"rx=1,sender=0,delay_s=0.000924",bc_events_m0.4.csv
19.1009,DATA_RX_OK,"rx=5,sender=0,delay_s=0.000924",bc_events_m0.4.csv
19.1009,DATA_RX_OK,"rx=6,sender=0,delay_s=0.000924",bc_events_m0.4.csv
19.1009,DATA_RX_OK,"rx=10,sender=0,delay_s=0.000924",bc_events_m0.4.csv
19.1009,DATA_RX_OK,"rx=7,sender=0,delay_s=0.000924",bc_events_m0.4.csv
19.1009,DATA_RX_OK,"rx=4,sender=0,delay_s=0.000924",bc_events_m0.4.csv
19.1009,DATA_RX_OK,"rx=9,sender=0,delay_s=0.000924",bc_events_m0.4.csv
19.1009,DATA_RX_OK,"rx=8,sender=0,delay_s=0.000924",bc_events_m0.4.csv
19.2007,DATA_DROP_SIG,"rx=2,sender=0,nonce=19200000000",bc_events_m0.4.csv
19.2007,DATA_DROP_SIG,"rx=11,sender=0,nonce=19200000000",bc_events_m0.4.csv
19.2007,DATA_DROP_SIG,"rx=3,sender=0,nonce=19200000000",bc_events_m0.4.csv
19.2007,DATA_DROP_SIG,"rx=1,sender=0,nonce=19200000000",bc_events_m0.4.csv
19.2007,DATA_DROP_SIG,"rx=5,sender=0,nonce=19200000000",bc_events_m0.4.csv
19.2007,DATA_DROP_SIG,"rx=6,sender=0,nonce=19200000000",bc_events_m0.4.csv
19.2007,DATA_DROP_SIG,"rx=10,sender=0,nonce=19200000000",bc_events_m0.4.csv
19.2007,DATA_DROP_SIG,"rx=7,sender=0,nonce=19200000000",bc_events_m0.4.csv
19.2007,DATA_DROP_SIG,"rx=4,sender=0,nonce=19200000000",bc_events_m0.4.csv
19.2007,DATA_DROP_SIG,"rx=9,sender=0,nonce=19200000000",bc_events_m0.4.csv
19.2007,DATA_DROP_SIG,"rx=8,sender=0,nonce=19200000000",bc_events_m0.4.csv
19.3007,DATA_RX_OK,"rx=2,sender=0,delay_s=0.000662",bc_events_m0.4.csv
19.3007,DATA_RX_OK,"rx=3,sender=0,delay_s=0.000662",bc_events_m0.4.csv
19.3007,DATA_RX_OK,"rx=11,sender=0,delay_s=0.000662",bc_events_m0.4.csv
19.3007,DATA_RX_OK,"rx=1,sender=0,delay_s=0.000662",bc_events_m0.4.csv
19.3007,DATA_RX_OK,"rx=5,sender=0,delay_s=0.000662",bc_events_m0.4.csv
19.3007,DATA_RX_OK,"rx=6,sender=0,delay_s=0.000662",bc_events_m0.4.csv
19.3007,DATA_RX_OK,"rx=10,sender=0,delay_s=0.000662",bc_events_m0.4.csv
19.3007,DATA_RX_OK,"rx=7,sender=0,delay_s=0.000662",bc_events_m0.4.csv
19.3007,DATA_RX_OK,"rx=4,sender=0,delay_s=0.000662",bc_events_m0.4.csv
19.3007,DATA_RX_OK,"rx=9,sender=0,delay_s=0.000662",bc_events_m0.4.csv
19.3007,DATA_RX_OK,"rx=8,sender=0,delay_s=0.000662",bc_events_m0.4.csv
19.4,REPLAY_SENT,nonce=19300000000,bc_events_m0.4.csv
19.4007,DATA_DROP_REPLAY,"rx=2,sender=0,nonce=19300000000",bc_events_m0.4.csv
19.4007,DATA_DROP_REPLAY,"rx=3,sender=0,nonce=19300000000",bc_events_m0.4.csv
19.4007,DATA_DROP_REPLAY,"rx=11,sender=0,nonce=19300000000",bc_events_m0.4.csv
19.4007,DATA_DROP_REPLAY,"rx=1,sender=0,nonce=19300000000",bc_events_m0.4.csv
19.4007,DATA_DROP_REPLAY,"rx=5,sender=0,nonce=19300000000",bc_events_m0.4.csv
19.4007,DATA_DROP_REPLAY,"rx=6,sender=0,nonce=19300000000",bc_events_m0.4.csv
19.4007,DATA_DROP_REPLAY,"rx=10,sender=0,nonce=19300000000",bc_events_m0.4.csv
19.4007,DATA_DROP_REPLAY,"rx=7,sender=0,nonce=19300000000",bc_events_m0.4.csv
19.4007,DATA_DROP_REPLAY,"rx=4,sender=0,nonce=19300000000",bc_events_m0.4.csv
19.4007,DATA_DROP_REPLAY,"rx=9,sender=0,nonce=19300000000",bc_events_m0.4.csv
19.4007,DATA_DROP_REPLAY,"rx=8,sender=0,nonce=19300000000",bc_events_m0.4.csv
19.401,DATA_DROP_SIG,"rx=2,sender=0,nonce=19400000000",bc_events_m0.4.csv
19.401,DATA_DROP_SIG,"rx=3,sender=0,nonce=19400000000",bc_events_m0.4.csv
19.401,DATA_DROP_SIG,"rx=11,sender=0,nonce=19400000000",bc_events_m0.4.csv
19.401,DATA_DROP_SIG,"rx=1,sender=0,nonce=19400000000",bc_events_m0.4.csv
19.401,DATA_DROP_SIG,"rx=5,sender=0,nonce=19400000000",bc_events_m0.4.csv
19.401,DATA_DROP_SIG,"rx=6,sender=0,nonce=19400000000",bc_events_m0.4.csv
19.401,DATA_DROP_SIG,"rx=10,sender=0,nonce=19400000000",bc_events_m0.4.csv
19.401,DATA_DROP_SIG,"rx=7,sender=0,nonce=19400000000",bc_events_m0.4.csv
19.401,DATA_DROP_SIG,"rx=4,sender=0,nonce=19400000000",bc_events_m0.4.csv
19.401,DATA_DROP_SIG,"rx=9,sender=0,nonce=19400000000",bc_events_m0.4.csv
19.401,DATA_DROP_SIG,"rx=8,sender=0,nonce=19400000000",bc_events_m0.4.csv
19.5007,DATA_DROP_SIG,"rx=2,sender=0,nonce=19500000000",bc_events_m0.4.csv
19.5007,DATA_DROP_SIG,"rx=3,sender=0,nonce=19500000000",bc_events_m0.4.csv
19.5007,DATA_DROP_SIG,"rx=11,sender=0,nonce=19500000000",bc_events_m0.4.csv
19.5007,DATA_DROP_SIG,"rx=1,sender=0,nonce=19500000000",bc_events_m0.4.csv
19.5007,DATA_DROP_SIG,"rx=5,sender=0,nonce=19500000000",bc_events_m0.4.csv
19.5007,DATA_DROP_SIG,"rx=6,sender=0,nonce=19500000000",bc_events_m0.4.csv
19.5007,DATA_DROP_SIG,"rx=10,sender=0,nonce=19500000000",bc_events_m0.4.csv
19.5007,DATA_DROP_SIG,"rx=7,sender=0,nonce=19500000000",bc_events_m0.4.csv
19.5007,DATA_DROP_SIG,"rx=4,sender=0,nonce=19500000000",bc_events_m0.4.csv
19.5007,DATA_DROP_SIG,"rx=9,sender=0,nonce=19500000000",bc_events_m0.4.csv
19.5007,DATA_DROP_SIG,"rx=8,sender=0,nonce=19500000000",bc_events_m0.4.csv
19.6007,DATA_RX_OK,"rx=2,sender=0,delay_s=0.000662",bc_events_m0.4.csv
19.6007,DATA_RX_OK,"rx=3,sender=0,delay_s=0.000662",bc_events_m0.4.csv
19.6007,DATA_RX_OK,"rx=11,sender=0,delay_s=0.000662",bc_events_m0.4.csv
19.6007,DATA_RX_OK,"rx=1,sender=0,delay_s=0.000662",bc_events_m0.4.csv
19.6007,DATA_RX_OK,"rx=5,sender=0,delay_s=0.000662",bc_events_m0.4.csv
19.6007,DATA_RX_OK,"rx=6,sender=0,delay_s=0.000662",bc_events_m0.4.csv
19.6007,DATA_RX_OK,"rx=10,sender=0,delay_s=0.000662",bc_events_m0.4.csv
19.6007,DATA_RX_OK,"rx=7,sender=0,delay_s=0.000662",bc_events_m0.4.csv
19.6007,DATA_RX_OK,"rx=4,sender=0,delay_s=0.000662",bc_events_m0.4.csv
19.6007,DATA_RX_OK,"rx=9,sender=0,delay_s=0.000662",bc_events_m0.4.csv
19.6007,DATA_RX_OK,"rx=8,sender=0,delay_s=0.000662",bc_events_m0.4.csv
19.7,REPLAY_SENT,nonce=19600000000,bc_events_m0.4.csv
19.7007,DATA_DROP_REPLAY,"rx=2,sender=0,nonce=19600000000",bc_events_m0.4.csv
19.7007,DATA_DROP_REPLAY,"rx=3,sender=0,nonce=19600000000",bc_events_m0.4.csv
19.7007,DATA_DROP_REPLAY,"rx=11,sender=0,nonce=19600000000",bc_events_m0.4.csv
19.7007,DATA_DROP_REPLAY,"rx=1,sender=0,nonce=19600000000",bc_events_m0.4.csv
19.7007,DATA_DROP_REPLAY,"rx=5,sender=0,nonce=19600000000",bc_events_m0.4.csv
19.7007,DATA_DROP_REPLAY,"rx=6,sender=0,nonce=19600000000",bc_events_m0.4.csv
19.7007,DATA_DROP_REPLAY,"rx=10,sender=0,nonce=19600000000",bc_events_m0.4.csv
19.7007,DATA_DROP_REPLAY,"rx=7,sender=0,nonce=19600000000",bc_events_m0.4.csv
19.7007,DATA_DROP_REPLAY,"rx=4,sender=0,nonce=19600000000",bc_events_m0.4.csv
19.7007,DATA_DROP_REPLAY,"rx=9,sender=0,nonce=19600000000",bc_events_m0.4.csv
19.7007,DATA_DROP_REPLAY,"rx=8,sender=0,nonce=19600000000",bc_events_m0.4.csv
19.7009,DATA_DROP_SIG,"rx=2,sender=0,nonce=19700000000",bc_events_m0.4.csv
19.7009,DATA_DROP_SIG,"rx=3,sender=0,nonce=19700000000",bc_events_m0.4.csv
19.7009,DATA_DROP_SIG,"rx=11,sender=0,nonce=19700000000",bc_events_m0.4.csv
19.7009,DATA_DROP_SIG,"rx=1,sender=0,nonce=19700000000",bc_events_m0.4.csv
19.7009,DATA_DROP_SIG,"rx=5,sender=0,nonce=19700000000",bc_events_m0.4.csv
19.7009,DATA_DROP_SIG,"rx=6,sender=0,nonce=19700000000",bc_events_m0.4.csv
19.7009,DATA_DROP_SIG,"rx=10,sender=0,nonce=19700000000",bc_events_m0.4.csv
19.7009,DATA_DROP_SIG,"rx=7,sender=0,nonce=19700000000",bc_events_m0.4.csv
19.7009,DATA_DROP_SIG,"rx=4,sender=0,nonce=19700000000",bc_events_m0.4.csv
19.7009,DATA_DROP_SIG,"rx=9,sender=0,nonce=19700000000",bc_events_m0.4.csv
19.7009,DATA_DROP_SIG,"rx=8,sender=0,nonce=19700000000",bc_events_m0.4.csv
19.8007,DATA_RX_OK,"rx=2,sender=0,delay_s=0.000662",bc_events_m0.4.csv
19.8007,DATA_RX_OK,"rx=3,sender=0,delay_s=0.000662",bc_events_m0.4.csv
19.8007,DATA_RX_OK,"rx=11,sender=0,delay_s=0.000662",bc_events_m0.4.csv
19.8007,DATA_RX_OK,"rx=1,sender=0,delay_s=0.000662",bc_events_m0.4.csv
19.8007,DATA_RX_OK,"rx=5,sender=0,delay_s=0.000662",bc_events_m0.4.csv
19.8007,DATA_RX_OK,"rx=6,sender=0,delay_s=0.000662",bc_events_m0.4.csv
19.8007,DATA_RX_OK,"rx=10,sender=0,delay_s=0.000662",bc_events_m0.4.csv
19.8007,DATA_RX_OK,"rx=7,sender=0,delay_s=0.000662",bc_events_m0.4.csv
19.8007,DATA_RX_OK,"rx=4,sender=0,delay_s=0.000662",bc_events_m0.4.csv
19.8007,DATA_RX_OK,"rx=9,sender=0,delay_s=0.000662",bc_events_m0.4.csv
19.8007,DATA_RX_OK,"rx=8,sender=0,delay_s=0.000662",bc_events_m0.4.csv
19.9007,DATA_RX_OK,"rx=2,sender=0,delay_s=0.000662",bc_events_m0.4.csv
19.9007,DATA_RX_OK,"rx=3,sender=0,delay_s=0.000662",bc_events_m0.4.csv
19.9007,DATA_RX_OK,"rx=11,sender=0,delay_s=0.000662",bc_events_m0.4.csv
19.9007,DATA_RX_OK,"rx=5,sender=0,delay_s=0.000662",bc_events_m0.4.csv
19.9007,DATA_RX_OK,"rx=1,sender=0,delay_s=0.000662",bc_events_m0.4.csv
19.9007,DATA_RX_OK,"rx=10,sender=0,delay_s=0.000662",bc_events_m0.4.csv
19.9007,DATA_RX_OK,"rx=6,sender=0,delay_s=0.000662",bc_events_m0.4.csv
19.9007,DATA_RX_OK,"rx=7,sender=0,delay_s=0.000662",bc_events_m0.4.csv
19.9007,DATA_RX_OK,"rx=4,sender=0,delay_s=0.000662",bc_events_m0.4.csv
19.9007,DATA_RX_OK,"rx=9,sender=0,delay_s=0.000662",bc_events_m0.4.csv
19.9007,DATA_RX_OK,"rx=8,sender=0,delay_s=0.000662",bc_events_m0.4.csv
19.95,BLOCK_MINE_START,block_next=20,bc_events_m0.4.csv
