scenario,delay_s,cdf
PROBE0,0.0,0.00023719165085388995
PROBE0,0.0,0.0004743833017077799
PROBE0,0.0,0.0007115749525616698
PROBE0,0.0,0.0009487666034155598
PROBE0,0.0,0.0011859582542694497
PROBE0,0.0,0.0014231499051233396
PROBE0,0.0,0.0016603415559772296
PROBE0,0.0,0.0018975332068311196
PROBE0,0.0,0.0021347248576850096
PROBE0,0.0,0.0023719165085388993
PROBE0,0.0,0.0026091081593927895
PROBE0,0.0,0.0028462998102466793
PROBE0,0.0,0.0030834914611005695
PROBE0,0.0,0.003320683111954459
PROBE0,0.0,0.003557874762808349
PROBE0,0.0,0.003795066413662239
PROBE0,0.0,0.004032258064516129
PROBE0,0.0,0.004269449715370019
PROBE0,0.0,0.004506641366223909
PROBE0,0.0,0.004743833017077799
PROBE0,0.0,0.004981024667931689
PROBE0,0.0,0.005218216318785579
PROBE0,0.0,0.005455407969639468
PROBE0,0.0,0.0056925996204933585
PROBE0,0.0,0.005929791271347249
PROBE0,0.0,0.006166982922201139
PROBE0,0.0,0.006404174573055028
PROBE0,0.0,0.006641366223908918
PROBE0,0.0,0.006878557874762809
PROBE0,0.0,0.007115749525616698
PROBE0,0.0,0.007352941176470588
PROBE0,0.0,0.007590132827324478
PROBE0,0.0,0.007827324478178369
PROBE0,0.0,0.008064516129032258
PROBE0,0.0,0.008301707779886147
PROBE0,0.0,0.008538899430740038
PROBE0,0.0,0.008776091081593928
PROBE0,0.0,0.009013282732447819
PROBE0,0.0,0.009250474383301708
PROBE0,0.0,0.009487666034155597
PROBE0,0.0,0.009724857685009488
PROBE0,0.0,0.009962049335863378
PROBE0,0.0,0.010199240986717267
PROBE0,0.0,0.010436432637571158
PROBE0,0.0,0.010673624288425047
PROBE0,0.0,0.010910815939278937
PROBE0,0.0,0.011148007590132828
PROBE0,0.0,0.011385199240986717
PROBE0,0.0,0.011622390891840606
PROBE0,0.0,0.011859582542694497
PROBE0,0.0,0.012096774193548387
PROBE0,0.0,0.012333965844402278
PROBE0,0.0,0.012571157495256167
PROBE0,0.0,0.012808349146110056
PROBE0,0.0,0.013045540796963948
PROBE0,0.0,0.013282732447817837
PROBE0,0.0,0.013519924098671726
PROBE0,0.0,0.013757115749525617
PROBE0,0.0,0.013994307400379507
PROBE0,0.0,0.014231499051233396
PROBE0,0.0,0.014468690702087287
PROBE0,0.0,0.014705882352941176
PROBE0,0.0,0.014943074003795066
PROBE0,0.0,0.015180265654648957
PROBE0,0.0,0.015417457305502846
PROBE0,0.0,0.015654648956356737
PROBE0,0.0,0.015891840607210626
PROBE0,0.0,0.016129032258064516
PROBE0,0.0,0.016366223908918405
PROBE0,0.0,0.016603415559772294
PROBE0,0.0,0.016840607210626187
PROBE0,0.0,0.017077798861480076
PROBE0,0.0,0.017314990512333966
PROBE0,0.0,0.017552182163187855
PROBE0,0.0,0.017789373814041744
PROBE0,0.0,0.018026565464895637
PROBE0,0.0,0.018263757115749527
PROBE0,0.0,0.018500948766603416
PROBE0,0.0,0.018738140417457305
PROBE0,0.0,0.018975332068311195
PROBE0,0.0,0.019212523719165084
PROBE0,0.0,0.019449715370018977
PROBE0,0.0,0.019686907020872866
PROBE0,0.0,0.019924098671726755
PROBE0,0.0,0.020161290322580645
PROBE0,0.0,0.020398481973434534
PROBE0,0.0,0.020635673624288427
PROBE0,0.0,0.020872865275142316
PROBE0,0.0,0.021110056925996205
PROBE0,0.0,0.021347248576850095
PROBE0,0.0,0.021584440227703984
PROBE0,0.0,0.021821631878557873
PROBE0,0.0,0.022058823529411766
PROBE0,0.0,0.022296015180265655
PROBE0,0.0,0.022533206831119545
PROBE0,0.0,0.022770398481973434
PROBE0,0.0,0.023007590132827323
PROBE0,0.0,0.023244781783681213
PROBE0,0.0,0.023481973434535106
PROBE0,0.0,0.023719165085388995
PROBE0,0.0,0.023956356736242884
PROBE0,0.0,0.024193548387096774
PROBE0,0.0,0.024430740037950663
PROBE0,0.0,0.024667931688804556
PROBE0,0.0,0.024905123339658445
PROBE0,0.0,0.025142314990512334
PROBE0,0.0,0.025379506641366224
PROBE0,0.0,0.025616698292220113
PROBE0,0.0,0.025853889943074002
PROBE0,0.0,0.026091081593927895
PROBE0,0.0,0.026328273244781784
PROBE0,0.0,0.026565464895635674
PROBE0,0.0,0.026802656546489563
PROBE0,0.0,0.027039848197343452
PROBE0,0.0,0.027277039848197345
PROBE0,0.0,0.027514231499051234
PROBE0,0.0,0.027751423149905124
PROBE0,0.0,0.027988614800759013
PROBE0,0.0,0.028225806451612902
PROBE0,0.0,0.028462998102466792
PROBE0,0.0,0.028700189753320685
PROBE0,0.0,0.028937381404174574
PROBE0,0.0,0.029174573055028463
PROBE0,0.0,0.029411764705882353
PROBE0,0.0,0.029648956356736242
PROBE0,0.0,0.02988614800759013
PROBE0,0.0,0.030123339658444024
PROBE0,0.0,0.030360531309297913
PROBE0,0.0,0.030597722960151803
PROBE0,0.0,0.030834914611005692
PROBE0,0.0,0.03107210626185958
PROBE0,0.0,0.031309297912713474
PROBE0,0.0,0.03154648956356736
PROBE0,0.0,0.03178368121442125
PROBE0,0.0,0.03202087286527514
PROBE0,0.0,0.03225806451612903
PROBE0,0.0,0.03249525616698292
PROBE0,0.0,0.03273244781783681
PROBE0,0.0,0.0329696394686907
PROBE0,0.0,0.03320683111954459
PROBE0,0.0,0.033444022770398485
PROBE0,0.0,0.033681214421252374
PROBE0,0.0,0.033918406072106264
PROBE0,0.0,0.03415559772296015
PROBE0,0.0,0.03439278937381404
PROBE0,0.0,0.03462998102466793
PROBE0,0.0,0.03486717267552182
PROBE0,0.0,0.03510436432637571
PROBE0,0.0,0.0353415559772296
PROBE0,0.0,0.03557874762808349
PROBE0,0.0,0.03581593927893738
PROBE0,0.0,0.036053130929791274
PROBE0,0.0,0.036290322580645164
PROBE0,0.0,0.03652751423149905
PROBE0,0.0,0.03676470588235294
PROBE0,0.0,0.03700189753320683
PROBE0,0.0,0.03723908918406072
PROBE0,0.0,0.03747628083491461
PROBE0,0.0,0.0377134724857685
PROBE0,0.0,0.03795066413662239
PROBE0,0.0,0.03818785578747628
PROBE0,0.0,0.03842504743833017
PROBE0,0.0,0.038662239089184064
PROBE0,0.0,0.03889943074003795
PROBE0,0.0,0.03913662239089184
PROBE0,0.0,0.03937381404174573
PROBE0,0.0,0.03961100569259962
PROBE0,0.0,0.03984819734345351
PROBE0,0.0,0.0400853889943074
PROBE0,0.0,0.04032258064516129
PROBE0,0.0,0.04055977229601518
PROBE0,0.0,0.04079696394686907
PROBE0,0.0,0.04103415559772296
PROBE0,0.0,0.04127134724857685
PROBE0,0.0,0.04150853889943074
PROBE0,0.0,0.04174573055028463
PROBE0,0.0,0.04198292220113852
PROBE0,0.0,0.04222011385199241
PROBE0,0.0,0.0424573055028463
PROBE0,0.0,0.04269449715370019
PROBE0,0.0,0.04293168880455408
PROBE0,0.0,0.04316888045540797
PROBE0,0.0,0.04340607210626186
PROBE0,0.0,0.04364326375711575
PROBE0,0.0,0.043880455407969636
PROBE0,0.0,0.04411764705882353
PROBE0,0.0,0.04435483870967742
PROBE0,0.0,0.04459203036053131
PROBE0,0.0,0.0448292220113852
PROBE0,0.0,0.04506641366223909
PROBE0,0.0,0.04530360531309298
PROBE0,0.0,0.04554079696394687
PROBE0,0.0,0.04577798861480076
PROBE0,0.0,0.04601518026565465
PROBE0,0.0,0.046252371916508536
PROBE0,0.0,0.046489563567362426
PROBE0,0.0,0.04672675521821632
PROBE0,0.0,0.04696394686907021
PROBE0,0.0,0.0472011385199241
PROBE0,0.0,0.04743833017077799
PROBE0,0.0,0.04767552182163188
PROBE0,0.0,0.04791271347248577
PROBE0,0.0,0.04814990512333966
PROBE0,0.0,0.04838709677419355
PROBE0,0.0,0.048624288425047436
PROBE0,0.0,0.048861480075901326
PROBE0,0.0,0.049098671726755215
PROBE0,0.0,0.04933586337760911
PROBE0,0.0,0.049573055028463
PROBE0,0.0,0.04981024667931689
PROBE0,0.0,0.05004743833017078
PROBE0,0.0,0.05028462998102467
PROBE0,0.0,0.05052182163187856
PROBE0,0.0,0.05075901328273245
PROBE0,0.0,0.05099620493358634
PROBE0,0.0,0.051233396584440226
PROBE0,0.0,0.051470588235294115
PROBE0,0.0,0.051707779886148005
PROBE0,0.0,0.0519449715370019
PROBE0,0.0,0.05218216318785579
PROBE0,0.0,0.05241935483870968
PROBE0,0.0,0.05265654648956357
PROBE0,0.0,0.05289373814041746
PROBE0,0.0,0.05313092979127135
PROBE0,0.0,0.05336812144212524
PROBE0,0.0,0.053605313092979126
PROBE0,0.0,0.053842504743833015
PROBE0,0.0,0.054079696394686905
PROBE0,0.0,0.054316888045540794
PROBE0,0.0,0.05455407969639469
PROBE0,0.0,0.05479127134724858
PROBE0,0.0,0.05502846299810247
PROBE0,0.0,0.05526565464895636
PROBE0,0.0,0.05550284629981025
PROBE0,0.0,0.05574003795066414
PROBE0,0.0,0.055977229601518026
PROBE0,0.0,0.056214421252371916
PROBE0,0.0,0.056451612903225805
PROBE0,0.0,0.056688804554079694
PROBE0,0.0,0.056925996204933584
PROBE0,0.0,0.05716318785578747
PROBE0,0.0,0.05740037950664137
PROBE0,0.0,0.05763757115749526
PROBE0,0.0,0.05787476280834915
PROBE0,0.0,0.05811195445920304
PROBE0,0.0,0.058349146110056926
PROBE0,0.0,0.058586337760910816
PROBE0,0.0,0.058823529411764705
PROBE0,1.0250000000000004,0.059060721062618594
PROBE0,1.0250000000000004,0.059297912713472484
PROBE0,1.0250000000000004,0.05953510436432637
PROBE0,1.0250000000000004,0.05977229601518026
PROBE0,1.0250000000000004,0.06000948766603416
PROBE0,1.0250000000000004,0.06024667931688805
PROBE0,1.0250000000000004,0.06048387096774194
PROBE0,1.0250000000000004,0.06072106261859583
PROBE0,1.0250000000000004,0.060958254269449716
PROBE0,1.0250000000000004,0.061195445920303605
PROBE0,1.0250000000000004,0.061432637571157495
PROBE0,1.0250000000000004,0.061669829222011384
PROBE0,1.0250000000000004,0.06190702087286527
PROBE0,1.0250000000000004,0.06214421252371916
PROBE0,1.0250000000000004,0.06238140417457305
PROBE0,1.0250000000000004,0.06261859582542695
PROBE0,1.0250000000000004,0.06285578747628083
PROBE0,1.0250000000000004,0.06309297912713473
PROBE0,1.0250000000000004,0.06333017077798861
PROBE0,1.0250000000000004,0.0635673624288425
PROBE0,1.0250000000000004,0.06380455407969639
PROBE0,1.0250000000000004,0.06404174573055028
PROBE0,1.0250000000000004,0.06427893738140418
PROBE0,1.0250000000000004,0.06451612903225806
PROBE0,1.0250000000000004,0.06475332068311196
PROBE0,1.0250000000000004,0.06499051233396584
PROBE0,1.0250000000000004,0.06522770398481974
PROBE0,1.0250000000000004,0.06546489563567362
PROBE0,1.0250000000000004,0.06570208728652752
PROBE0,1.0250000000000004,0.0659392789373814
PROBE0,1.0250000000000004,0.0661764705882353
PROBE0,1.0250000000000004,0.06641366223908918
PROBE0,1.0250000000000004,0.06665085388994307
PROBE0,1.0250000000000004,0.06688804554079697
PROBE0,1.0250000000000004,0.06712523719165085
PROBE0,1.0250000000000004,0.06736242884250475
PROBE0,1.0250000000000004,0.06759962049335863
PROBE0,1.0250000000000004,0.06783681214421253
PROBE0,1.0250000000000004,0.06807400379506641
PROBE0,1.0250000000000004,0.0683111954459203
PROBE0,1.0250000000000004,0.06854838709677419
PROBE0,1.0250000000000004,0.06878557874762808
PROBE0,1.0250000000000004,0.06902277039848197
PROBE0,1.0250000000000004,0.06925996204933586
PROBE0,1.0250000000000004,0.06949715370018976
PROBE0,1.0250000000000004,0.06973434535104364
PROBE0,1.0250000000000004,0.06997153700189754
PROBE0,1.0250000000000004,0.07020872865275142
PROBE0,1.0250000000000004,0.07044592030360532
PROBE0,1.0250000000000004,0.0706831119544592
PROBE0,1.0250000000000004,0.0709203036053131
PROBE0,1.0250000000000004,0.07115749525616698
PROBE0,1.0250000000000004,0.07139468690702087
PROBE0,1.0250000000000004,0.07163187855787476
PROBE0,1.0250000000000004,0.07186907020872865
PROBE0,1.0250000000000004,0.07210626185958255
PROBE0,1.0250000000000004,0.07234345351043643
PROBE0,1.0250000000000004,0.07258064516129033
PROBE0,1.0250000000000004,0.07281783681214421
PROBE0,1.0250000000000004,0.0730550284629981
PROBE0,1.0250000000000004,0.07329222011385199
PROBE0,1.0250000000000004,0.07352941176470588
PROBE0,1.0250000000000004,0.07376660341555977
PROBE0,1.0250000000000004,0.07400379506641366
PROBE0,1.0250000000000004,0.07424098671726755
PROBE0,1.0250000000000004,0.07447817836812144
PROBE0,1.0250000000000004,0.07471537001897534
PROBE0,1.0250000000000004,0.07495256166982922
PROBE0,1.0250000000000004,0.07518975332068312
PROBE0,1.0250000000000004,0.075426944971537
PROBE0,1.0250000000000004,0.0756641366223909
PROBE0,1.0250000000000004,0.07590132827324478
PROBE0,1.0250000000000004,0.07613851992409867
PROBE0,1.0250000000000004,0.07637571157495256
PROBE0,1.0250000000000004,0.07661290322580645
PROBE0,1.0250000000000004,0.07685009487666034
PROBE0,1.0250000000000004,0.07708728652751423
PROBE0,1.0250000000000004,0.07732447817836813
PROBE0,1.0250000000000004,0.07756166982922201
PROBE0,1.0250000000000004,0.0777988614800759
PROBE0,1.0250000000000004,0.07803605313092979
PROBE0,1.0250000000000004,0.07827324478178369
PROBE0,1.0250000000000004,0.07851043643263757
PROBE0,1.0250000000000004,0.07874762808349146
PROBE0,1.0250000000000004,0.07898481973434535
PROBE0,1.0250000000000004,0.07922201138519924
PROBE0,1.0250000000000004,0.07945920303605312
PROBE0,1.0250000000000004,0.07969639468690702
PROBE0,1.0250000000000004,0.07993358633776092
PROBE0,1.0250000000000004,0.0801707779886148
PROBE0,1.0250000000000004,0.0804079696394687
PROBE0,1.0250000000000004,0.08064516129032258
PROBE0,1.0250000000000004,0.08088235294117647
PROBE0,1.0250000000000004,0.08111954459203036
PROBE0,1.0250000000000004,0.08135673624288425
PROBE0,1.0250000000000004,0.08159392789373814
PROBE0,1.0250000000000004,0.08183111954459203
PROBE0,1.0250000000000004,0.08206831119544591
PROBE0,1.0250000000000004,0.08230550284629981
PROBE0,1.0250000000000004,0.0825426944971537
PROBE0,1.0250000000000004,0.08277988614800759
PROBE0,1.0250000000000004,0.08301707779886149
PROBE0,1.0250000000000004,0.08325426944971537
PROBE0,1.0250000000000004,0.08349146110056926
PROBE0,1.0250000000000004,0.08372865275142315
PROBE0,1.0250000000000004,0.08396584440227704
PROBE0,1.0250000000000004,0.08420303605313093
PROBE0,1.0250000000000004,0.08444022770398482
PROBE0,1.0250000000000004,0.0846774193548387
PROBE0,1.0250000000000004,0.0849146110056926
PROBE0,1.0250000000000004,0.0851518026565465
PROBE0,1.0250000000000004,0.08538899430740038
PROBE0,1.0250000000000004,0.08562618595825428
PROBE0,1.0250000000000004,0.08586337760910816
PROBE0,1.0250000000000004,0.08610056925996205
PROBE0,1.0250000000000004,0.08633776091081594
PROBE0,1.0250000000000004,0.08657495256166983
PROBE0,1.0250000000000004,0.08681214421252371
PROBE0,1.0250000000000004,0.08704933586337761
PROBE0,1.0250000000000004,0.0872865275142315
PROBE0,1.0250000000000004,0.08752371916508539
PROBE0,1.0250000000000004,0.08776091081593927
PROBE0,1.0250000000000004,0.08799810246679317
PROBE0,1.0250000000000004,0.08823529411764706
PROBE0,1.0250000000000004,0.08847248576850095
PROBE0,1.0250000000000004,0.08870967741935484
PROBE0,1.0250000000000004,0.08894686907020873
PROBE0,1.0250000000000004,0.08918406072106262
PROBE0,1.0250000000000004,0.0894212523719165
PROBE0,1.0250000000000004,0.0896584440227704
PROBE0,1.0250000000000004,0.08989563567362428
PROBE0,1.0250000000000004,0.09013282732447818
PROBE0,1.0250000000000004,0.09037001897533206
PROBE0,1.0250000000000004,0.09060721062618596
PROBE0,1.0250000000000004,0.09084440227703985
PROBE0,1.0250000000000004,0.09108159392789374
PROBE0,1.0250000000000004,0.09131878557874763
PROBE0,1.0250000000000004,0.09155597722960152
PROBE0,1.0250000000000004,0.09179316888045541
PROBE0,1.0250000000000004,0.0920303605313093
PROBE0,1.0250000000000004,0.09226755218216319
PROBE0,1.0250000000000004,0.09250474383301707
PROBE0,1.0250000000000004,0.09274193548387097
PROBE0,1.0250000000000004,0.09297912713472485
PROBE0,1.0250000000000004,0.09321631878557875
PROBE0,1.0250000000000004,0.09345351043643264
PROBE0,1.0250000000000004,0.09369070208728653
PROBE0,1.0250000000000004,0.09392789373814042
PROBE0,1.0250000000000004,0.0941650853889943
PROBE0,1.0250000000000004,0.0944022770398482
PROBE0,1.0250000000000004,0.09463946869070208
PROBE0,1.0250000000000004,0.09487666034155598
PROBE0,1.0250000000000004,0.09511385199240986
PROBE0,1.0250000000000004,0.09535104364326376
PROBE0,1.0250000000000004,0.09558823529411764
PROBE0,1.0250000000000004,0.09582542694497154
PROBE0,1.0250000000000004,0.09606261859582543
PROBE0,1.0250000000000004,0.09629981024667932
PROBE0,1.0250000000000004,0.09653700189753321
PROBE0,1.0250000000000004,0.0967741935483871
PROBE0,1.0250000000000004,0.09701138519924099
PROBE0,1.0250000000000004,0.09724857685009487
PROBE0,1.0250000000000004,0.09748576850094877
PROBE0,1.0250000000000004,0.09772296015180265
PROBE0,1.0250000000000004,0.09796015180265655
PROBE0,1.0250000000000004,0.09819734345351043
PROBE0,1.0250000000000004,0.09843453510436433
PROBE0,1.0250000000000004,0.09867172675521822
PROBE0,1.0250000000000004,0.0989089184060721
PROBE0,1.0250000000000004,0.099146110056926
PROBE0,1.0250000000000004,0.09938330170777988
PROBE0,1.0250000000000004,0.09962049335863378
PROBE0,1.0250000000000004,0.09985768500948766
PROBE0,1.0250000000000004,0.10009487666034156
PROBE0,1.0250000000000004,0.10033206831119544
PROBE0,1.0250000000000004,0.10056925996204934
PROBE0,1.0250000000000004,0.10080645161290322
PROBE0,1.0250000000000004,0.10104364326375712
PROBE0,1.0250000000000004,0.10128083491461101
PROBE0,1.0250000000000004,0.1015180265654649
PROBE0,1.0250000000000004,0.10175521821631879
PROBE0,1.0250000000000004,0.10199240986717267
PROBE0,1.0250000000000004,0.10222960151802657
PROBE0,1.0250000000000004,0.10246679316888045
PROBE0,1.0250000000000004,0.10270398481973435
PROBE0,1.0250000000000004,0.10294117647058823
PROBE0,1.0250000000000004,0.10317836812144213
PROBE0,1.0250000000000004,0.10341555977229601
PROBE0,1.0250000000000004,0.1036527514231499
PROBE0,1.0250000000000004,0.1038899430740038
PROBE0,1.0250000000000004,0.10412713472485768
PROBE0,1.0250000000000004,0.10436432637571158
PROBE0,1.0250000000000004,0.10460151802656546
PROBE0,1.0250000000000004,0.10483870967741936
PROBE0,1.0250000000000004,0.10507590132827324
PROBE0,1.0250000000000004,0.10531309297912714
PROBE0,1.0250000000000004,0.10555028462998102
PROBE0,1.0250000000000004,0.10578747628083492
PROBE0,1.0250000000000004,0.1060246679316888
PROBE0,1.0250000000000004,0.1062618595825427
PROBE0,1.0250000000000004,0.10649905123339659
PROBE0,1.0250000000000004,0.10673624288425047
PROBE0,1.0250000000000004,0.10697343453510437
PROBE0,1.0250000000000004,0.10721062618595825
PROBE0,1.0250000000000004,0.10744781783681215
PROBE0,1.0250000000000004,0.10768500948766603
PROBE0,1.0250000000000004,0.10792220113851993
PROBE0,1.0250000000000004,0.10815939278937381
PROBE0,1.0250000000000004,0.1083965844402277
PROBE0,1.0250000000000004,0.10863377609108159
PROBE0,1.0250000000000004,0.10887096774193548
PROBE0,1.0250000000000004,0.10910815939278938
PROBE0,1.0250000000000004,0.10934535104364326
PROBE0,1.0250000000000004,0.10958254269449716
PROBE0,1.0250000000000004,0.10981973434535104
PROBE0,1.0250000000000004,0.11005692599620494
PROBE0,1.0250000000000004,0.11029411764705882
PROBE0,1.0250000000000004,0.11053130929791272
PROBE0,1.0250000000000004,0.1107685009487666
PROBE0,1.0250000000000004,0.1110056925996205
PROBE0,1.0250000000000004,0.11124288425047438
PROBE0,1.0250000000000004,0.11148007590132827
PROBE0,1.0250000000000004,0.11171726755218217
PROBE0,1.0250000000000004,0.11195445920303605
PROBE0,1.0250000000000004,0.11219165085388995
PROBE0,1.0250000000000004,0.11242884250474383
PROBE0,1.0250000000000004,0.11266603415559773
PROBE0,1.0250000000000004,0.11290322580645161
PROBE0,1.0250000000000004,0.1131404174573055
PROBE0,1.0250000000000004,0.11337760910815939
PROBE0,1.0250000000000004,0.11361480075901328
PROBE0,1.0250000000000004,0.11385199240986717
PROBE0,1.0250000000000004,0.11408918406072106
PROBE0,1.0250000000000004,0.11432637571157495
PROBE0,1.0250000000000004,0.11456356736242884
PROBE0,1.0250000000000004,0.11480075901328274
PROBE0,1.0250000000000004,0.11503795066413662
PROBE0,1.0250000000000004,0.11527514231499052
PROBE0,1.0250000000000004,0.1155123339658444
PROBE0,1.0250000000000004,0.1157495256166983
PROBE0,1.0250000000000004,0.11598671726755218
PROBE0,1.0250000000000004,0.11622390891840607
PROBE0,1.0250000000000004,0.11646110056925996
PROBE0,1.0250000000000004,0.11669829222011385
PROBE0,1.0250000000000004,0.11693548387096774
PROBE0,1.0250000000000004,0.11717267552182163
PROBE0,1.0250000000000004,0.11740986717267553
PROBE0,1.0250000000000004,0.11764705882352941
PROBE0,2.625000000000001,0.1178842504743833
PROBE0,2.625000000000001,0.11812144212523719
PROBE0,2.625000000000001,0.11835863377609109
PROBE0,2.625000000000001,0.11859582542694497
PROBE0,2.625000000000001,0.11883301707779886
PROBE0,2.625000000000001,0.11907020872865275
PROBE0,2.625000000000001,0.11930740037950664
PROBE0,2.625000000000001,0.11954459203036052
PROBE0,2.625000000000001,0.11978178368121442
PROBE0,2.625000000000001,0.12001897533206832
PROBE0,2.625000000000001,0.1202561669829222
PROBE0,2.625000000000001,0.1204933586337761
PROBE0,2.625000000000001,0.12073055028462998
PROBE0,2.625000000000001,0.12096774193548387
PROBE0,2.625000000000001,0.12120493358633776
PROBE0,2.625000000000001,0.12144212523719165
PROBE0,2.625000000000001,0.12167931688804554
PROBE0,2.625000000000001,0.12191650853889943
PROBE0,2.625000000000001,0.12215370018975331
PROBE0,2.625000000000001,0.12239089184060721
PROBE0,2.625000000000001,0.1226280834914611
PROBE0,2.625000000000001,0.12286527514231499
PROBE0,2.625000000000001,0.12310246679316889
PROBE0,2.625000000000001,0.12333965844402277
PROBE0,2.625000000000001,0.12357685009487666
PROBE0,2.625000000000001,0.12381404174573055
PROBE0,2.625000000000001,0.12405123339658444
PROBE0,2.625000000000001,0.12428842504743833
PROBE0,2.625000000000001,0.12452561669829222
PROBE0,2.625000000000001,0.1247628083491461
PROBE0,2.625000000000001,0.125
PROBE0,2.625000000000001,0.1252371916508539
PROBE0,2.625000000000001,0.1254743833017078
PROBE0,2.625000000000001,0.12571157495256166
PROBE0,2.625000000000001,0.12594876660341556
PROBE0,2.625000000000001,0.12618595825426945
PROBE0,2.625000000000001,0.12642314990512335
PROBE0,2.625000000000001,0.12666034155597722
PROBE0,2.625000000000001,0.12689753320683111
PROBE0,2.625000000000001,0.127134724857685
PROBE0,2.625000000000001,0.1273719165085389
PROBE0,2.625000000000001,0.12760910815939278
PROBE0,2.625000000000001,0.12784629981024667
PROBE0,2.625000000000001,0.12808349146110057
PROBE0,2.625000000000001,0.12832068311195446
PROBE0,2.625000000000001,0.12855787476280836
PROBE0,2.625000000000001,0.12879506641366223
PROBE0,2.625000000000001,0.12903225806451613
PROBE0,2.625000000000001,0.12926944971537002
PROBE0,2.625000000000001,0.12950664136622392
PROBE0,2.625000000000001,0.1297438330170778
PROBE0,2.625000000000001,0.12998102466793168
PROBE0,2.625000000000001,0.13021821631878558
PROBE0,2.625000000000001,0.13045540796963948
PROBE0,2.625000000000001,0.13069259962049337
PROBE0,2.625000000000001,0.13092979127134724
PROBE0,2.625000000000001,0.13116698292220114
PROBE0,2.625000000000001,0.13140417457305503
PROBE0,2.625000000000001,0.13164136622390893
PROBE0,2.625000000000001,0.1318785578747628
PROBE0,2.625000000000001,0.1321157495256167
PROBE0,2.625000000000001,0.1323529411764706
PROBE0,2.625000000000001,0.1325901328273245
PROBE0,2.625000000000001,0.13282732447817835
PROBE0,2.625000000000001,0.13306451612903225
PROBE0,2.625000000000001,0.13330170777988615
PROBE0,2.625000000000001,0.13353889943074004
PROBE0,2.625000000000001,0.13377609108159394
PROBE0,2.625000000000001,0.1340132827324478
PROBE0,2.625000000000001,0.1342504743833017
PROBE0,2.625000000000001,0.1344876660341556
PROBE0,2.625000000000001,0.1347248576850095
PROBE0,2.625000000000001,0.13496204933586337
PROBE0,2.625000000000001,0.13519924098671726
PROBE0,2.625000000000001,0.13543643263757116
PROBE0,2.625000000000001,0.13567362428842505
PROBE0,2.625000000000001,0.13591081593927895
PROBE0,2.625000000000001,0.13614800759013282
PROBE0,2.625000000000001,0.13638519924098672
PROBE0,2.625000000000001,0.1366223908918406
PROBE0,2.625000000000001,0.1368595825426945
PROBE0,2.625000000000001,0.13709677419354838
PROBE0,2.625000000000001,0.13733396584440227
PROBE0,2.625000000000001,0.13757115749525617
PROBE0,2.625000000000001,0.13780834914611007
PROBE0,2.625000000000001,0.13804554079696393
PROBE0,2.625000000000001,0.13828273244781783
PROBE0,2.625000000000001,0.13851992409867173
PROBE0,2.625000000000001,0.13875711574952562
PROBE0,2.625000000000001,0.13899430740037952
PROBE0,2.625000000000001,0.1392314990512334
PROBE0,2.625000000000001,0.13946869070208728
PROBE0,2.625000000000001,0.13970588235294118
PROBE0,2.625000000000001,0.13994307400379508
PROBE0,2.625000000000001,0.14018026565464894
PROBE0,2.625000000000001,0.14041745730550284
PROBE0,2.625000000000001,0.14065464895635674
PROBE0,2.625000000000001,0.14089184060721063
PROBE0,2.625000000000001,0.14112903225806453
PROBE0,2.625000000000001,0.1413662239089184
PROBE0,2.625000000000001,0.1416034155597723
PROBE0,2.625000000000001,0.1418406072106262
PROBE0,2.625000000000001,0.1420777988614801
PROBE0,2.625000000000001,0.14231499051233396
PROBE0,2.625000000000001,0.14255218216318785
PROBE0,2.625000000000001,0.14278937381404175
PROBE0,2.625000000000001,0.14302656546489564
PROBE0,2.625000000000001,0.1432637571157495
PROBE0,2.625000000000001,0.1435009487666034
PROBE0,2.625000000000001,0.1437381404174573
PROBE0,2.625000000000001,0.1439753320683112
PROBE0,2.625000000000001,0.1442125237191651
PROBE0,2.625000000000001,0.14444971537001897
PROBE0,2.625000000000001,0.14468690702087286
PROBE0,2.625000000000001,0.14492409867172676
PROBE0,2.625000000000001,0.14516129032258066
PROBE0,2.625000000000001,0.14539848197343452
PROBE0,2.625000000000001,0.14563567362428842
PROBE0,2.625000000000001,0.14587286527514232
PROBE0,2.625000000000001,0.1461100569259962
PROBE0,2.625000000000001,0.1463472485768501
PROBE0,2.625000000000001,0.14658444022770398
PROBE0,2.625000000000001,0.14682163187855787
PROBE0,2.625000000000001,0.14705882352941177
PROBE0,2.625000000000001,0.14729601518026567
PROBE0,2.625000000000001,0.14753320683111953
PROBE0,2.625000000000001,0.14777039848197343
PROBE0,2.625000000000001,0.14800759013282733
PROBE0,2.625000000000001,0.14824478178368122
PROBE0,2.625000000000001,0.1484819734345351
PROBE0,2.625000000000001,0.148719165085389
PROBE0,2.625000000000001,0.14895635673624288
PROBE0,2.625000000000001,0.14919354838709678
PROBE0,2.625000000000001,0.14943074003795068
PROBE0,2.625000000000001,0.14966793168880455
PROBE0,2.625000000000001,0.14990512333965844
PROBE0,2.625000000000001,0.15014231499051234
PROBE0,2.625000000000001,0.15037950664136623
PROBE0,2.625000000000001,0.1506166982922201
PROBE0,2.625000000000001,0.150853889943074
PROBE0,2.625000000000001,0.1510910815939279
PROBE0,2.625000000000001,0.1513282732447818
PROBE0,2.625000000000001,0.15156546489563566
PROBE0,2.625000000000001,0.15180265654648956
PROBE0,2.625000000000001,0.15203984819734345
PROBE0,2.625000000000001,0.15227703984819735
PROBE0,2.625000000000001,0.15251423149905124
PROBE0,2.625000000000001,0.1527514231499051
PROBE0,2.625000000000001,0.152988614800759
PROBE0,2.625000000000001,0.1532258064516129
PROBE0,2.625000000000001,0.1534629981024668
PROBE0,2.625000000000001,0.15370018975332067
PROBE0,2.625000000000001,0.15393738140417457
PROBE0,2.625000000000001,0.15417457305502846
PROBE0,2.625000000000001,0.15441176470588236
PROBE0,2.625000000000001,0.15464895635673626
PROBE0,2.625000000000001,0.15488614800759012
PROBE0,2.625000000000001,0.15512333965844402
PROBE0,2.625000000000001,0.15536053130929792
PROBE0,2.625000000000001,0.1555977229601518
PROBE0,2.625000000000001,0.15583491461100568
PROBE0,2.625000000000001,0.15607210626185958
PROBE0,2.625000000000001,0.15630929791271347
PROBE0,2.625000000000001,0.15654648956356737
PROBE0,2.625000000000001,0.15678368121442124
PROBE0,2.625000000000001,0.15702087286527514
PROBE0,2.625000000000001,0.15725806451612903
PROBE0,2.625000000000001,0.15749525616698293
PROBE0,2.625000000000001,0.15773244781783682
PROBE0,2.625000000000001,0.1579696394686907
PROBE0,2.625000000000001,0.1582068311195446
PROBE0,2.625000000000001,0.15844402277039848
PROBE0,2.625000000000001,0.15868121442125238
PROBE0,2.625000000000001,0.15891840607210625
PROBE0,2.625000000000001,0.15915559772296015
PROBE0,2.625000000000001,0.15939278937381404
PROBE0,2.625000000000001,0.15962998102466794
PROBE0,2.625000000000001,0.15986717267552183
PROBE0,2.625000000000001,0.1601043643263757
PROBE0,2.625000000000001,0.1603415559772296
PROBE0,2.625000000000001,0.1605787476280835
PROBE0,2.625000000000001,0.1608159392789374
PROBE0,2.625000000000001,0.16105313092979126
PROBE0,2.625000000000001,0.16129032258064516
PROBE0,2.625000000000001,0.16152751423149905
PROBE0,2.625000000000001,0.16176470588235295
PROBE0,2.625000000000001,0.16200189753320682
PROBE0,2.625000000000001,0.16223908918406071
PROBE0,2.625000000000001,0.1624762808349146
PROBE0,2.625000000000001,0.1627134724857685
PROBE0,2.625000000000001,0.1629506641366224
PROBE0,2.625000000000001,0.16318785578747627
PROBE0,2.625000000000001,0.16342504743833017
PROBE0,2.625000000000001,0.16366223908918406
PROBE0,2.625000000000001,0.16389943074003796
PROBE0,2.625000000000001,0.16413662239089183
PROBE0,2.625000000000001,0.16437381404174572
PROBE0,2.625000000000001,0.16461100569259962
PROBE0,2.625000000000001,0.16484819734345352
PROBE0,2.625000000000001,0.1650853889943074
PROBE0,2.625000000000001,0.16532258064516128
PROBE0,2.625000000000001,0.16555977229601518
PROBE0,2.625000000000001,0.16579696394686907
PROBE0,2.625000000000001,0.16603415559772297
PROBE0,2.625000000000001,0.16627134724857684
PROBE0,2.625000000000001,0.16650853889943074
PROBE0,2.625000000000001,0.16674573055028463
PROBE0,2.625000000000001,0.16698292220113853
PROBE0,2.625000000000001,0.1672201138519924
PROBE0,2.625000000000001,0.1674573055028463
PROBE0,2.625000000000001,0.1676944971537002
PROBE0,2.625000000000001,0.16793168880455409
PROBE0,2.625000000000001,0.16816888045540798
PROBE0,2.625000000000001,0.16840607210626185
PROBE0,2.625000000000001,0.16864326375711575
PROBE0,2.625000000000001,0.16888045540796964
PROBE0,2.625000000000001,0.16911764705882354
PROBE0,2.625000000000001,0.1693548387096774
PROBE0,2.625000000000001,0.1695920303605313
PROBE0,2.625000000000001,0.1698292220113852
PROBE0,2.625000000000001,0.1700664136622391
PROBE0,2.625000000000001,0.170303605313093
PROBE0,2.625000000000001,0.17054079696394686
PROBE0,2.625000000000001,0.17077798861480076
PROBE0,2.625000000000001,0.17101518026565465
PROBE0,2.625000000000001,0.17125237191650855
PROBE0,2.625000000000001,0.17148956356736242
PROBE0,2.625000000000001,0.17172675521821631
PROBE0,2.625000000000001,0.1719639468690702
PROBE0,2.625000000000001,0.1722011385199241
PROBE0,2.625000000000001,0.17243833017077798
PROBE0,2.625000000000001,0.17267552182163187
PROBE0,2.625000000000001,0.17291271347248577
PROBE0,2.625000000000001,0.17314990512333966
PROBE0,2.625000000000001,0.17338709677419356
PROBE0,2.625000000000001,0.17362428842504743
PROBE0,2.625000000000001,0.17386148007590133
PROBE0,2.625000000000001,0.17409867172675522
PROBE0,2.625000000000001,0.17433586337760912
PROBE0,2.625000000000001,0.174573055028463
PROBE0,2.625000000000001,0.17481024667931688
PROBE0,2.625000000000001,0.17504743833017078
PROBE0,2.625000000000001,0.17528462998102468
PROBE0,2.625000000000001,0.17552182163187854
PROBE0,2.625000000000001,0.17575901328273244
PROBE0,2.625000000000001,0.17599620493358634
PROBE0,2.625000000000001,0.17623339658444023
PROBE0,2.625000000000001,0.17647058823529413
PROBE0,3.675,0.176707779886148
PROBE0,3.675,0.1769449715370019
PROBE0,3.675,0.1771821631878558
PROBE0,3.675,0.1774193548387097
PROBE0,3.675,0.17765654648956355
PROBE0,3.675,0.17789373814041745
PROBE0,3.675,0.17813092979127135
PROBE0,3.675,0.17836812144212524
PROBE0,3.675,0.17860531309297914
PROBE0,3.675,0.178842504743833
PROBE0,3.675,0.1790796963946869
PROBE0,3.675,0.1793168880455408
PROBE0,3.675,0.1795540796963947
PROBE0,3.675,0.17979127134724857
PROBE0,3.675,0.18002846299810246
PROBE0,3.675,0.18026565464895636
PROBE0,3.675,0.18050284629981025
PROBE0,3.675,0.18074003795066412
PROBE0,3.675,0.18097722960151802
PROBE0,3.675,0.18121442125237192
PROBE0,3.675,0.1814516129032258
PROBE0,3.675,0.1816888045540797
PROBE0,3.675,0.18192599620493358
PROBE0,3.675,0.18216318785578747
PROBE0,3.675,0.18240037950664137
PROBE0,3.675,0.18263757115749527
PROBE0,3.675,0.18287476280834913
PROBE0,3.675,0.18311195445920303
PROBE0,3.675,0.18334914611005693
PROBE0,3.675,0.18358633776091082
PROBE0,3.675,0.18382352941176472
PROBE0,3.675,0.1840607210626186
PROBE0,3.675,0.18429791271347248
PROBE0,3.675,0.18453510436432638
PROBE0,3.675,0.18477229601518028
PROBE0,3.675,0.18500948766603414
PROBE0,3.675,0.18524667931688804
PROBE0,3.675,0.18548387096774194
PROBE0,3.675,0.18572106261859583
PROBE0,3.675,0.1859582542694497
PROBE0,3.675,0.1861954459203036
PROBE0,3.675,0.1864326375711575
PROBE0,3.675,0.1866698292220114
PROBE0,3.675,0.1869070208728653
PROBE0,3.675,0.18714421252371916
PROBE0,3.675,0.18738140417457305
PROBE0,3.675,0.18761859582542695
PROBE0,3.675,0.18785578747628084
PROBE0,3.675,0.1880929791271347
PROBE0,3.675,0.1883301707779886
PROBE0,3.675,0.1885673624288425
PROBE0,3.675,0.1888045540796964
PROBE0,3.675,0.1890417457305503
PROBE0,3.675,0.18927893738140417
PROBE0,3.675,0.18951612903225806
PROBE0,3.675,0.18975332068311196
PROBE0,3.675,0.18999051233396586
PROBE0,3.675,0.19022770398481972
PROBE0,3.675,0.19046489563567362
PROBE0,3.675,0.19070208728652752
PROBE0,3.675,0.1909392789373814
PROBE0,3.675,0.19117647058823528
PROBE0,3.675,0.19141366223908918
PROBE0,3.675,0.19165085388994307
PROBE0,3.675,0.19188804554079697
PROBE0,3.675,0.19212523719165087
PROBE0,3.675,0.19236242884250473
PROBE0,3.675,0.19259962049335863
PROBE0,3.675,0.19283681214421253
PROBE0,3.675,0.19307400379506642
PROBE0,3.675,0.1933111954459203
PROBE0,3.675,0.1935483870967742
PROBE0,3.675,0.19378557874762808
PROBE0,3.675,0.19402277039848198
PROBE0,3.675,0.19425996204933588
PROBE0,3.675,0.19449715370018975
PROBE0,3.675,0.19473434535104364
PROBE0,3.675,0.19497153700189754
PROBE0,3.675,0.19520872865275143
PROBE0,3.675,0.1954459203036053
PROBE0,3.675,0.1956831119544592
PROBE0,3.675,0.1959203036053131
PROBE0,3.675,0.196157495256167
PROBE0,3.675,0.19639468690702086
PROBE0,3.675,0.19663187855787476
PROBE0,3.675,0.19686907020872865
PROBE0,3.675,0.19710626185958255
PROBE0,3.675,0.19734345351043645
PROBE0,3.675,0.1975806451612903
PROBE0,3.675,0.1978178368121442
PROBE0,3.675,0.1980550284629981
PROBE0,3.675,0.198292220113852
PROBE0,3.675,0.19852941176470587
PROBE0,3.675,0.19876660341555977
PROBE0,3.675,0.19900379506641366
PROBE0,3.675,0.19924098671726756
PROBE0,3.675,0.19947817836812146
PROBE0,3.675,0.19971537001897532
PROBE0,3.675,0.19995256166982922
PROBE0,3.675,0.20018975332068312
PROBE0,3.675,0.200426944971537
PROBE0,3.675,0.20066413662239088
PROBE0,3.675,0.20090132827324478
PROBE0,3.675,0.20113851992409867
PROBE0,3.675,0.20137571157495257
PROBE0,3.675,0.20161290322580644
PROBE0,3.675,0.20185009487666034
PROBE0,3.675,0.20208728652751423
PROBE0,3.675,0.20232447817836813
PROBE0,3.675,0.20256166982922202
PROBE0,3.675,0.2027988614800759
PROBE0,3.675,0.2030360531309298
PROBE0,3.675,0.20327324478178369
PROBE0,3.675,0.20351043643263758
PROBE0,3.675,0.20374762808349145
PROBE0,3.675,0.20398481973434535
PROBE0,3.675,0.20422201138519924
PROBE0,3.675,0.20445920303605314
PROBE0,3.675,0.204696394686907
PROBE0,3.675,0.2049335863377609
PROBE0,3.675,0.2051707779886148
PROBE0,3.675,0.2054079696394687
PROBE0,3.675,0.2056451612903226
PROBE0,3.675,0.20588235294117646
PROBE0,3.675,0.20611954459203036
PROBE0,3.675,0.20635673624288425
PROBE0,3.675,0.20659392789373815
PROBE0,3.675,0.20683111954459202
PROBE0,3.675,0.20706831119544591
PROBE0,3.675,0.2073055028462998
PROBE0,3.675,0.2075426944971537
PROBE0,3.675,0.2077798861480076
PROBE0,3.675,0.20801707779886147
PROBE0,3.675,0.20825426944971537
PROBE0,3.675,0.20849146110056926
PROBE0,3.675,0.20872865275142316
PROBE0,3.675,0.20896584440227703
PROBE0,3.675,0.20920303605313093
PROBE0,3.675,0.20944022770398482
PROBE0,3.675,0.20967741935483872
PROBE0,3.675,0.2099146110056926
PROBE0,3.675,0.21015180265654648
PROBE0,3.675,0.21038899430740038
PROBE0,3.675,0.21062618595825428
PROBE0,3.675,0.21086337760910817
PROBE0,3.675,0.21110056925996204
PROBE0,3.675,0.21133776091081594
PROBE0,3.675,0.21157495256166983
PROBE0,3.675,0.21181214421252373
PROBE0,3.675,0.2120493358633776
PROBE0,3.675,0.2122865275142315
PROBE0,3.675,0.2125237191650854
PROBE0,3.675,0.21276091081593929
PROBE0,3.675,0.21299810246679318
PROBE0,3.675,0.21323529411764705
PROBE0,3.675,0.21347248576850095
PROBE0,3.675,0.21370967741935484
PROBE0,3.675,0.21394686907020874
PROBE0,3.675,0.2141840607210626
PROBE0,3.675,0.2144212523719165
PROBE0,3.675,0.2146584440227704
PROBE0,3.675,0.2148956356736243
PROBE0,3.675,0.21513282732447817
PROBE0,3.675,0.21537001897533206
PROBE0,3.675,0.21560721062618596
PROBE0,3.675,0.21584440227703985
PROBE0,3.675,0.21608159392789375
PROBE0,3.675,0.21631878557874762
PROBE0,3.675,0.21655597722960152
PROBE0,3.675,0.2167931688804554
PROBE0,3.675,0.2170303605313093
PROBE0,3.675,0.21726755218216318
PROBE0,3.675,0.21750474383301707
PROBE0,3.675,0.21774193548387097
PROBE0,3.675,0.21797912713472486
PROBE0,3.675,0.21821631878557876
PROBE0,3.675,0.21845351043643263
PROBE0,3.675,0.21869070208728653
PROBE0,3.675,0.21892789373814042
PROBE0,3.675,0.21916508538899432
PROBE0,3.675,0.2194022770398482
PROBE0,3.675,0.21963946869070208
PROBE0,3.675,0.21987666034155598
PROBE0,3.675,0.22011385199240988
PROBE0,3.675,0.22035104364326374
PROBE0,3.675,0.22058823529411764
PROBE0,3.675,0.22082542694497154
PROBE0,3.675,0.22106261859582543
PROBE0,3.675,0.22129981024667933
PROBE0,3.675,0.2215370018975332
PROBE0,3.675,0.2217741935483871
PROBE0,3.675,0.222011385199241
PROBE0,3.675,0.2222485768500949
PROBE0,3.675,0.22248576850094876
PROBE0,3.675,0.22272296015180265
PROBE0,3.675,0.22296015180265655
PROBE0,3.675,0.22319734345351044
PROBE0,3.675,0.22343453510436434
PROBE0,3.675,0.2236717267552182
PROBE0,3.675,0.2239089184060721
PROBE0,3.675,0.224146110056926
PROBE0,3.675,0.2243833017077799
PROBE0,3.675,0.22462049335863377
PROBE0,3.675,0.22485768500948766
PROBE0,3.675,0.22509487666034156
PROBE0,3.675,0.22533206831119545
PROBE0,3.675,0.22556925996204932
PROBE0,3.675,0.22580645161290322
PROBE0,3.675,0.22604364326375712
PROBE0,3.675,0.226280834914611
PROBE0,3.675,0.2265180265654649
PROBE0,3.675,0.22675521821631878
PROBE0,3.675,0.22699240986717267
PROBE0,3.675,0.22722960151802657
PROBE0,3.675,0.22746679316888047
PROBE0,3.675,0.22770398481973433
PROBE0,3.675,0.22794117647058823
PROBE0,3.675,0.22817836812144213
PROBE0,3.675,0.22841555977229602
PROBE0,3.675,0.2286527514231499
PROBE0,3.675,0.2288899430740038
PROBE0,3.675,0.22912713472485768
PROBE0,3.675,0.22936432637571158
PROBE0,3.675,0.22960151802656548
PROBE0,3.675,0.22983870967741934
PROBE0,3.675,0.23007590132827324
PROBE0,3.675,0.23031309297912714
PROBE0,3.675,0.23055028462998103
PROBE0,3.675,0.2307874762808349
PROBE0,3.675,0.2310246679316888
PROBE0,3.675,0.2312618595825427
PROBE0,3.675,0.2314990512333966
PROBE0,3.675,0.2317362428842505
PROBE0,3.675,0.23197343453510436
PROBE0,3.675,0.23221062618595825
PROBE0,3.675,0.23244781783681215
PROBE0,3.675,0.23268500948766604
PROBE0,3.675,0.2329222011385199
PROBE0,3.675,0.2331593927893738
PROBE0,3.675,0.2333965844402277
PROBE0,3.675,0.2336337760910816
PROBE0,3.675,0.23387096774193547
PROBE0,3.675,0.23410815939278937
PROBE0,3.675,0.23434535104364326
PROBE0,3.675,0.23458254269449716
PROBE0,3.675,0.23481973434535106
PROBE0,3.675,0.23505692599620492
PROBE0,3.675,0.23529411764705882
PROBE0,4.7250000000000005,0.23553130929791272
PROBE0,4.7250000000000005,0.2357685009487666
PROBE0,4.7250000000000005,0.23600569259962048
PROBE0,4.7250000000000005,0.23624288425047438
PROBE0,4.7250000000000005,0.23648007590132827
PROBE0,4.7250000000000005,0.23671726755218217
PROBE0,4.7250000000000005,0.23695445920303607
PROBE0,4.7250000000000005,0.23719165085388993
PROBE0,4.7250000000000005,0.23742884250474383
PROBE0,4.7250000000000005,0.23766603415559773
PROBE0,4.7250000000000005,0.23790322580645162
PROBE0,4.7250000000000005,0.2381404174573055
PROBE0,4.7250000000000005,0.2383776091081594
PROBE0,4.7250000000000005,0.23861480075901328
PROBE0,4.7250000000000005,0.23885199240986718
PROBE0,4.7250000000000005,0.23908918406072105
PROBE0,4.7250000000000005,0.23932637571157495
PROBE0,4.7250000000000005,0.23956356736242884
PROBE0,4.7250000000000005,0.23980075901328274
PROBE0,4.7250000000000005,0.24003795066413663
PROBE0,4.7250000000000005,0.2402751423149905
PROBE0,4.7250000000000005,0.2405123339658444
PROBE0,4.7250000000000005,0.2407495256166983
PROBE0,4.7250000000000005,0.2409867172675522
PROBE0,4.7250000000000005,0.24122390891840606
PROBE0,4.7250000000000005,0.24146110056925996
PROBE0,4.7250000000000005,0.24169829222011385
PROBE0,4.7250000000000005,0.24193548387096775
PROBE0,4.7250000000000005,0.24217267552182165
PROBE0,4.7250000000000005,0.2424098671726755
PROBE0,4.7250000000000005,0.2426470588235294
PROBE0,4.7250000000000005,0.2428842504743833
PROBE0,4.7250000000000005,0.2431214421252372
PROBE0,4.7250000000000005,0.24335863377609107
PROBE0,4.7250000000000005,0.24359582542694497
PROBE0,4.7250000000000005,0.24383301707779886
PROBE0,4.7250000000000005,0.24407020872865276
PROBE0,4.7250000000000005,0.24430740037950663
PROBE0,4.7250000000000005,0.24454459203036052
PROBE0,4.7250000000000005,0.24478178368121442
PROBE0,4.7250000000000005,0.24501897533206832
PROBE0,4.7250000000000005,0.2452561669829222
PROBE0,4.7250000000000005,0.24549335863377608
PROBE0,4.7250000000000005,0.24573055028462998
PROBE0,4.7250000000000005,0.24596774193548387
PROBE0,4.7250000000000005,0.24620493358633777
PROBE0,4.7250000000000005,0.24644212523719164
PROBE0,4.7250000000000005,0.24667931688804554
PROBE0,4.7250000000000005,0.24691650853889943
PROBE0,4.7250000000000005,0.24715370018975333
PROBE0,4.7250000000000005,0.24739089184060722
PROBE0,4.7250000000000005,0.2476280834914611
PROBE0,4.7250000000000005,0.247865275142315
PROBE0,4.7250000000000005,0.24810246679316889
PROBE0,4.7250000000000005,0.24833965844402278
PROBE0,4.7250000000000005,0.24857685009487665
PROBE0,4.7250000000000005,0.24881404174573055
PROBE0,4.7250000000000005,0.24905123339658444
PROBE0,4.7250000000000005,0.24928842504743834
PROBE0,4.7250000000000005,0.2495256166982922
PROBE0,4.7250000000000005,0.2497628083491461
PROBE0,4.7250000000000005,0.25
PROBE0,4.7250000000000005,0.2502371916508539
PROBE0,4.7250000000000005,0.2504743833017078
PROBE0,4.7250000000000005,0.2507115749525617
PROBE0,4.7250000000000005,0.2509487666034156
PROBE0,4.7250000000000005,0.2511859582542694
PROBE0,4.7250000000000005,0.2514231499051233
PROBE0,4.7250000000000005,0.2516603415559772
PROBE0,4.7250000000000005,0.2518975332068311
PROBE0,4.7250000000000005,0.252134724857685
PROBE0,4.7250000000000005,0.2523719165085389
PROBE0,4.7250000000000005,0.2526091081593928
PROBE0,4.7250000000000005,0.2528462998102467
PROBE0,4.7250000000000005,0.2530834914611006
PROBE0,4.7250000000000005,0.25332068311195444
PROBE0,4.7250000000000005,0.25355787476280833
PROBE0,4.7250000000000005,0.25379506641366223
PROBE0,4.7250000000000005,0.2540322580645161
PROBE0,4.7250000000000005,0.25426944971537
PROBE0,4.7250000000000005,0.2545066413662239
PROBE0,4.7250000000000005,0.2547438330170778
PROBE0,4.7250000000000005,0.2549810246679317
PROBE0,4.7250000000000005,0.25521821631878555
PROBE0,4.7250000000000005,0.25545540796963945
PROBE0,4.7250000000000005,0.25569259962049334
PROBE0,4.7250000000000005,0.25592979127134724
PROBE0,4.7250000000000005,0.25616698292220114
PROBE0,4.7250000000000005,0.25640417457305503
PROBE0,4.7250000000000005,0.25664136622390893
PROBE0,4.7250000000000005,0.2568785578747628
PROBE0,4.7250000000000005,0.2571157495256167
PROBE0,4.7250000000000005,0.25735294117647056
PROBE0,4.7250000000000005,0.25759013282732446
PROBE0,4.7250000000000005,0.25782732447817835
PROBE0,4.7250000000000005,0.25806451612903225
PROBE0,4.7250000000000005,0.25830170777988615
PROBE0,4.7250000000000005,0.25853889943074004
PROBE0,4.7250000000000005,0.25877609108159394
PROBE0,4.7250000000000005,0.25901328273244784
PROBE0,4.7250000000000005,0.25925047438330173
PROBE0,4.7250000000000005,0.2594876660341556
PROBE0,4.7250000000000005,0.25972485768500947
PROBE0,4.7250000000000005,0.25996204933586337
PROBE0,4.7250000000000005,0.26019924098671726
PROBE0,4.7250000000000005,0.26043643263757116
PROBE0,4.7250000000000005,0.26067362428842505
PROBE0,4.7250000000000005,0.26091081593927895
PROBE0,4.7250000000000005,0.26114800759013285
PROBE0,4.7250000000000005,0.26138519924098674
PROBE0,4.7250000000000005,0.2616223908918406
PROBE0,4.7250000000000005,0.2618595825426945
PROBE0,4.7250000000000005,0.2620967741935484
PROBE0,4.7250000000000005,0.2623339658444023
PROBE0,4.7250000000000005,0.26257115749525617
PROBE0,4.7250000000000005,0.26280834914611007
PROBE0,4.7250000000000005,0.26304554079696396
PROBE0,4.7250000000000005,0.26328273244781786
PROBE0,4.7250000000000005,0.26351992409867175
PROBE0,4.7250000000000005,0.2637571157495256
PROBE0,4.7250000000000005,0.2639943074003795
PROBE0,4.7250000000000005,0.2642314990512334
PROBE0,4.7250000000000005,0.2644686907020873
PROBE0,4.7250000000000005,0.2647058823529412
PROBE0,4.7250000000000005,0.2649430740037951
PROBE0,4.7250000000000005,0.265180265654649
PROBE0,4.7250000000000005,0.26541745730550287
PROBE0,4.7250000000000005,0.2656546489563567
PROBE0,4.7250000000000005,0.2658918406072106
PROBE0,4.7250000000000005,0.2661290322580645
PROBE0,4.7250000000000005,0.2663662239089184
PROBE0,4.7250000000000005,0.2666034155597723
PROBE0,4.7250000000000005,0.2668406072106262
PROBE0,4.7250000000000005,0.2670777988614801
PROBE0,4.7250000000000005,0.267314990512334
PROBE0,4.7250000000000005,0.2675521821631879
PROBE0,4.7250000000000005,0.2677893738140417
PROBE0,4.7250000000000005,0.2680265654648956
PROBE0,4.7250000000000005,0.2682637571157495
PROBE0,4.7250000000000005,0.2685009487666034
PROBE0,4.7250000000000005,0.2687381404174573
PROBE0,4.7250000000000005,0.2689753320683112
PROBE0,4.7250000000000005,0.2692125237191651
PROBE0,4.7250000000000005,0.269449715370019
PROBE0,4.7250000000000005,0.2696869070208729
PROBE0,4.7250000000000005,0.26992409867172673
PROBE0,4.7250000000000005,0.2701612903225806
PROBE0,4.7250000000000005,0.2703984819734345
PROBE0,4.7250000000000005,0.2706356736242884
PROBE0,4.7250000000000005,0.2708728652751423
PROBE0,4.7250000000000005,0.2711100569259962
PROBE0,4.7250000000000005,0.2713472485768501
PROBE0,4.7250000000000005,0.271584440227704
PROBE0,4.7250000000000005,0.2718216318785579
PROBE0,4.7250000000000005,0.27205882352941174
PROBE0,4.7250000000000005,0.27229601518026564
PROBE0,4.7250000000000005,0.27253320683111953
PROBE0,4.7250000000000005,0.27277039848197343
PROBE0,4.7250000000000005,0.2730075901328273
PROBE0,4.7250000000000005,0.2732447817836812
PROBE0,4.7250000000000005,0.2734819734345351
PROBE0,4.7250000000000005,0.273719165085389
PROBE0,4.7250000000000005,0.2739563567362429
PROBE0,4.7250000000000005,0.27419354838709675
PROBE0,4.7250000000000005,0.27443074003795065
PROBE0,4.7250000000000005,0.27466793168880455
PROBE0,4.7250000000000005,0.27490512333965844
PROBE0,4.7250000000000005,0.27514231499051234
PROBE0,4.7250000000000005,0.27537950664136623
PROBE0,4.7250000000000005,0.27561669829222013
PROBE0,4.7250000000000005,0.275853889943074
PROBE0,4.7250000000000005,0.27609108159392787
PROBE0,4.7250000000000005,0.27632827324478176
PROBE0,4.7250000000000005,0.27656546489563566
PROBE0,4.7250000000000005,0.27680265654648956
PROBE0,4.7250000000000005,0.27703984819734345
PROBE0,4.7250000000000005,0.27727703984819735
PROBE0,4.7250000000000005,0.27751423149905124
PROBE0,4.7250000000000005,0.27775142314990514
PROBE0,4.7250000000000005,0.27798861480075904
PROBE0,4.7250000000000005,0.2782258064516129
PROBE0,4.7250000000000005,0.2784629981024668
PROBE0,4.7250000000000005,0.27870018975332067
PROBE0,4.7250000000000005,0.27893738140417457
PROBE0,4.7250000000000005,0.27917457305502846
PROBE0,4.7250000000000005,0.27941176470588236
PROBE0,4.7250000000000005,0.27964895635673626
PROBE0,4.7250000000000005,0.27988614800759015
PROBE0,4.7250000000000005,0.28012333965844405
PROBE0,4.7250000000000005,0.2803605313092979
PROBE0,4.7250000000000005,0.2805977229601518
PROBE0,4.7250000000000005,0.2808349146110057
PROBE0,4.7250000000000005,0.2810721062618596
PROBE0,4.7250000000000005,0.2813092979127135
PROBE0,4.7250000000000005,0.28154648956356737
PROBE0,4.7250000000000005,0.28178368121442127
PROBE0,4.7250000000000005,0.28202087286527516
PROBE0,4.7250000000000005,0.28225806451612906
PROBE0,4.7250000000000005,0.2824952561669829
PROBE0,4.7250000000000005,0.2827324478178368
PROBE0,4.7250000000000005,0.2829696394686907
PROBE0,4.7250000000000005,0.2832068311195446
PROBE0,4.7250000000000005,0.2834440227703985
PROBE0,4.7250000000000005,0.2836812144212524
PROBE0,4.7250000000000005,0.2839184060721063
PROBE0,4.7250000000000005,0.2841555977229602
PROBE0,4.7250000000000005,0.284392789373814
PROBE0,4.7250000000000005,0.2846299810246679
PROBE0,4.7250000000000005,0.2848671726755218
PROBE0,4.7250000000000005,0.2851043643263757
PROBE0,4.7250000000000005,0.2853415559772296
PROBE0,4.7250000000000005,0.2855787476280835
PROBE0,4.7250000000000005,0.2858159392789374
PROBE0,4.7250000000000005,0.2860531309297913
PROBE0,4.7250000000000005,0.2862903225806452
PROBE0,4.7250000000000005,0.286527514231499
PROBE0,4.7250000000000005,0.2867647058823529
PROBE0,4.7250000000000005,0.2870018975332068
PROBE0,4.7250000000000005,0.2872390891840607
PROBE0,4.7250000000000005,0.2874762808349146
PROBE0,4.7250000000000005,0.2877134724857685
PROBE0,4.7250000000000005,0.2879506641366224
PROBE0,4.7250000000000005,0.2881878557874763
PROBE0,4.7250000000000005,0.2884250474383302
PROBE0,4.7250000000000005,0.28866223908918404
PROBE0,4.7250000000000005,0.28889943074003793
PROBE0,4.7250000000000005,0.28913662239089183
PROBE0,4.7250000000000005,0.2893738140417457
PROBE0,4.7250000000000005,0.2896110056925996
PROBE0,4.7250000000000005,0.2898481973434535
PROBE0,4.7250000000000005,0.2900853889943074
PROBE0,4.7250000000000005,0.2903225806451613
PROBE0,4.7250000000000005,0.2905597722960152
PROBE0,4.7250000000000005,0.29079696394686905
PROBE0,4.7250000000000005,0.29103415559772294
PROBE0,4.7250000000000005,0.29127134724857684
PROBE0,4.7250000000000005,0.29150853889943074
PROBE0,4.7250000000000005,0.29174573055028463
PROBE0,4.7250000000000005,0.29198292220113853
PROBE0,4.7250000000000005,0.2922201138519924
PROBE0,4.7250000000000005,0.2924573055028463
PROBE0,4.7250000000000005,0.2926944971537002
PROBE0,4.7250000000000005,0.29293168880455406
PROBE0,4.7250000000000005,0.29316888045540795
PROBE0,4.7250000000000005,0.29340607210626185
PROBE0,4.7250000000000005,0.29364326375711575
PROBE0,4.7250000000000005,0.29388045540796964
PROBE0,4.7250000000000005,0.29411764705882354
PROBE0,5.750000000000001,0.29435483870967744
PROBE0,5.750000000000001,0.29459203036053133
PROBE0,5.750000000000001,0.2948292220113852
PROBE0,5.750000000000001,0.29506641366223907
PROBE0,5.750000000000001,0.29530360531309297
PROBE0,5.750000000000001,0.29554079696394686
PROBE0,5.750000000000001,0.29577798861480076
PROBE0,5.750000000000001,0.29601518026565465
PROBE0,5.750000000000001,0.29625237191650855
PROBE0,5.750000000000001,0.29648956356736245
PROBE0,5.750000000000001,0.29672675521821634
PROBE0,5.750000000000001,0.2969639468690702
PROBE0,5.750000000000001,0.2972011385199241
PROBE0,5.750000000000001,0.297438330170778
PROBE0,5.750000000000001,0.29767552182163187
PROBE0,5.750000000000001,0.29791271347248577
PROBE0,5.750000000000001,0.29814990512333966
PROBE0,5.750000000000001,0.29838709677419356
PROBE0,5.750000000000001,0.29862428842504746
PROBE0,5.750000000000001,0.29886148007590135
PROBE0,5.750000000000001,0.2990986717267552
PROBE0,5.750000000000001,0.2993358633776091
PROBE0,5.750000000000001,0.299573055028463
PROBE0,5.750000000000001,0.2998102466793169
PROBE0,5.750000000000001,0.3000474383301708
PROBE0,5.750000000000001,0.3002846299810247
PROBE0,5.750000000000001,0.30052182163187857
PROBE0,5.750000000000001,0.30075901328273247
PROBE0,5.750000000000001,0.30099620493358636
PROBE0,5.750000000000001,0.3012333965844402
PROBE0,5.750000000000001,0.3014705882352941
PROBE0,5.750000000000001,0.301707779886148
PROBE0,5.750000000000001,0.3019449715370019
PROBE0,5.750000000000001,0.3021821631878558
PROBE0,5.750000000000001,0.3024193548387097
PROBE0,5.750000000000001,0.3026565464895636
PROBE0,5.750000000000001,0.3028937381404175
PROBE0,5.750000000000001,0.3031309297912713
PROBE0,5.750000000000001,0.3033681214421252
PROBE0,5.750000000000001,0.3036053130929791
PROBE0,5.750000000000001,0.303842504743833
PROBE0,5.750000000000001,0.3040796963946869
PROBE0,5.750000000000001,0.3043168880455408
PROBE0,5.750000000000001,0.3045540796963947
PROBE0,5.750000000000001,0.3047912713472486
PROBE0,5.750000000000001,0.3050284629981025
PROBE0,5.750000000000001,0.30526565464895633
PROBE0,5.750000000000001,0.3055028462998102
PROBE0,5.750000000000001,0.3057400379506641
PROBE0,5.750000000000001,0.305977229601518
PROBE0,5.750000000000001,0.3062144212523719
PROBE0,5.750000000000001,0.3064516129032258
PROBE0,5.750000000000001,0.3066888045540797
PROBE0,5.750000000000001,0.3069259962049336
PROBE0,5.750000000000001,0.3071631878557875
PROBE0,5.750000000000001,0.30740037950664134
PROBE0,5.750000000000001,0.30763757115749524
PROBE0,5.750000000000001,0.30787476280834913
PROBE0,5.750000000000001,0.30811195445920303
PROBE0,5.750000000000001,0.3083491461100569
PROBE0,5.750000000000001,0.3085863377609108
PROBE0,5.750000000000001,0.3088235294117647
PROBE0,5.750000000000001,0.3090607210626186
PROBE0,5.750000000000001,0.3092979127134725
PROBE0,5.750000000000001,0.30953510436432635
PROBE0,5.750000000000001,0.30977229601518025
PROBE0,5.750000000000001,0.31000948766603414
PROBE0,5.750000000000001,0.31024667931688804
PROBE0,5.750000000000001,0.31048387096774194
PROBE0,5.750000000000001,0.31072106261859583
PROBE0,5.750000000000001,0.31095825426944973
PROBE0,5.750000000000001,0.3111954459203036
PROBE0,5.750000000000001,0.3114326375711575
PROBE0,5.750000000000001,0.31166982922201136
PROBE0,5.750000000000001,0.31190702087286526
PROBE0,5.750000000000001,0.31214421252371916
PROBE0,5.750000000000001,0.31238140417457305
PROBE0,5.750000000000001,0.31261859582542695
PROBE0,5.750000000000001,0.31285578747628084
PROBE0,5.750000000000001,0.31309297912713474
PROBE0,5.750000000000001,0.31333017077798864
PROBE0,5.750000000000001,0.3135673624288425
PROBE0,5.750000000000001,0.3138045540796964
PROBE0,5.750000000000001,0.31404174573055027
PROBE0,5.750000000000001,0.31427893738140417
PROBE0,5.750000000000001,0.31451612903225806
PROBE0,5.750000000000001,0.31475332068311196
PROBE0,5.750000000000001,0.31499051233396586
PROBE0,5.750000000000001,0.31522770398481975
PROBE0,5.750000000000001,0.31546489563567365
PROBE0,5.750000000000001,0.3157020872865275
PROBE0,5.750000000000001,0.3159392789373814
PROBE0,5.750000000000001,0.3161764705882353
PROBE0,5.750000000000001,0.3164136622390892
PROBE0,5.750000000000001,0.3166508538899431
PROBE0,5.750000000000001,0.31688804554079697
PROBE0,5.750000000000001,0.31712523719165087
PROBE0,5.750000000000001,0.31736242884250476
PROBE0,5.750000000000001,0.31759962049335866
PROBE0,5.750000000000001,0.3178368121442125
PROBE0,5.750000000000001,0.3180740037950664
PROBE0,5.750000000000001,0.3183111954459203
PROBE0,5.750000000000001,0.3185483870967742
PROBE0,5.750000000000001,0.3187855787476281
PROBE0,5.750000000000001,0.319022770398482
PROBE0,5.750000000000001,0.3192599620493359
PROBE0,5.750000000000001,0.3194971537001898
PROBE0,5.750000000000001,0.31973434535104367
PROBE0,5.750000000000001,0.3199715370018975
PROBE0,5.750000000000001,0.3202087286527514
PROBE0,5.750000000000001,0.3204459203036053
PROBE0,5.750000000000001,0.3206831119544592
PROBE0,5.750000000000001,0.3209203036053131
PROBE0,5.750000000000001,0.321157495256167
PROBE0,5.750000000000001,0.3213946869070209
PROBE0,5.750000000000001,0.3216318785578748
PROBE0,5.750000000000001,0.3218690702087287
PROBE0,5.750000000000001,0.3221062618595825
PROBE0,5.750000000000001,0.3223434535104364
PROBE0,5.750000000000001,0.3225806451612903
PROBE0,5.750000000000001,0.3228178368121442
PROBE0,5.750000000000001,0.3230550284629981
PROBE0,5.750000000000001,0.323292220113852
PROBE0,5.750000000000001,0.3235294117647059
PROBE0,5.750000000000001,0.3237666034155598
PROBE0,5.750000000000001,0.32400379506641364
PROBE0,5.750000000000001,0.32424098671726753
PROBE0,5.750000000000001,0.32447817836812143
PROBE0,5.750000000000001,0.3247153700189753
PROBE0,5.750000000000001,0.3249525616698292
PROBE0,5.750000000000001,0.3251897533206831
PROBE0,5.750000000000001,0.325426944971537
PROBE0,5.750000000000001,0.3256641366223909
PROBE0,5.750000000000001,0.3259013282732448
PROBE0,5.750000000000001,0.32613851992409865
PROBE0,5.750000000000001,0.32637571157495254
PROBE0,5.750000000000001,0.32661290322580644
PROBE0,5.750000000000001,0.32685009487666034
PROBE0,5.750000000000001,0.32708728652751423
PROBE0,5.750000000000001,0.32732447817836813
PROBE0,5.750000000000001,0.327561669829222
PROBE0,5.750000000000001,0.3277988614800759
PROBE0,5.750000000000001,0.3280360531309298
PROBE0,5.750000000000001,0.32827324478178366
PROBE0,5.750000000000001,0.32851043643263755
PROBE0,5.750000000000001,0.32874762808349145
PROBE0,5.750000000000001,0.32898481973434535
PROBE0,5.750000000000001,0.32922201138519924
PROBE0,5.750000000000001,0.32945920303605314
PROBE0,5.750000000000001,0.32969639468690703
PROBE0,5.750000000000001,0.32993358633776093
PROBE0,5.750000000000001,0.3301707779886148
PROBE0,5.750000000000001,0.33040796963946867
PROBE0,5.750000000000001,0.33064516129032256
PROBE0,5.750000000000001,0.33088235294117646
PROBE0,5.750000000000001,0.33111954459203036
PROBE0,5.750000000000001,0.33135673624288425
PROBE0,5.750000000000001,0.33159392789373815
PROBE0,5.750000000000001,0.33183111954459205
PROBE0,5.750000000000001,0.33206831119544594
PROBE0,5.750000000000001,0.3323055028462998
PROBE0,5.750000000000001,0.3325426944971537
PROBE0,5.750000000000001,0.3327798861480076
PROBE0,5.750000000000001,0.33301707779886147
PROBE0,5.750000000000001,0.33325426944971537
PROBE0,5.750000000000001,0.33349146110056926
PROBE0,5.750000000000001,0.33372865275142316
PROBE0,5.750000000000001,0.33396584440227706
PROBE0,5.750000000000001,0.33420303605313095
PROBE0,5.750000000000001,0.3344402277039848
PROBE0,5.750000000000001,0.3346774193548387
PROBE0,5.750000000000001,0.3349146110056926
PROBE0,5.750000000000001,0.3351518026565465
PROBE0,5.750000000000001,0.3353889943074004
PROBE0,5.750000000000001,0.3356261859582543
PROBE0,5.750000000000001,0.33586337760910817
PROBE0,5.750000000000001,0.33610056925996207
PROBE0,5.750000000000001,0.33633776091081596
PROBE0,5.750000000000001,0.3365749525616698
PROBE0,5.750000000000001,0.3368121442125237
PROBE0,5.750000000000001,0.3370493358633776
PROBE0,5.750000000000001,0.3372865275142315
PROBE0,5.750000000000001,0.3375237191650854
PROBE0,5.750000000000001,0.3377609108159393
PROBE0,5.750000000000001,0.3379981024667932
PROBE0,5.750000000000001,0.3382352941176471
PROBE0,5.750000000000001,0.338472485768501
PROBE0,5.750000000000001,0.3387096774193548
PROBE0,5.750000000000001,0.3389468690702087
PROBE0,5.750000000000001,0.3391840607210626
PROBE0,5.750000000000001,0.3394212523719165
PROBE0,5.750000000000001,0.3396584440227704
PROBE0,5.750000000000001,0.3398956356736243
PROBE0,5.750000000000001,0.3401328273244782
PROBE0,5.750000000000001,0.3403700189753321
PROBE0,5.750000000000001,0.340607210626186
PROBE0,5.750000000000001,0.3408444022770398
PROBE0,5.750000000000001,0.3410815939278937
PROBE0,5.750000000000001,0.3413187855787476
PROBE0,5.750000000000001,0.3415559772296015
PROBE0,5.750000000000001,0.3417931688804554
PROBE0,5.750000000000001,0.3420303605313093
PROBE0,5.750000000000001,0.3422675521821632
PROBE0,5.750000000000001,0.3425047438330171
PROBE0,5.750000000000001,0.34274193548387094
PROBE0,5.750000000000001,0.34297912713472484
PROBE0,5.750000000000001,0.34321631878557873
PROBE0,5.750000000000001,0.34345351043643263
PROBE0,5.750000000000001,0.3436907020872865
PROBE0,5.750000000000001,0.3439278937381404
PROBE0,5.750000000000001,0.3441650853889943
PROBE0,5.750000000000001,0.3444022770398482
PROBE0,5.750000000000001,0.3446394686907021
PROBE0,5.750000000000001,0.34487666034155595
PROBE0,5.750000000000001,0.34511385199240985
PROBE0,5.750000000000001,0.34535104364326374
PROBE0,5.750000000000001,0.34558823529411764
PROBE0,5.750000000000001,0.34582542694497154
PROBE0,5.750000000000001,0.34606261859582543
PROBE0,5.750000000000001,0.34629981024667933
PROBE0,5.750000000000001,0.3465370018975332
PROBE0,5.750000000000001,0.3467741935483871
PROBE0,5.750000000000001,0.34701138519924096
PROBE0,5.750000000000001,0.34724857685009486
PROBE0,5.750000000000001,0.34748576850094876
PROBE0,5.750000000000001,0.34772296015180265
PROBE0,5.750000000000001,0.34796015180265655
PROBE0,5.750000000000001,0.34819734345351044
PROBE0,5.750000000000001,0.34843453510436434
PROBE0,5.750000000000001,0.34867172675521824
PROBE0,5.750000000000001,0.34890891840607213
PROBE0,5.750000000000001,0.349146110056926
PROBE0,5.750000000000001,0.34938330170777987
PROBE0,5.750000000000001,0.34962049335863377
PROBE0,5.750000000000001,0.34985768500948766
PROBE0,5.750000000000001,0.35009487666034156
PROBE0,5.750000000000001,0.35033206831119545
PROBE0,5.750000000000001,0.35056925996204935
PROBE0,5.750000000000001,0.35080645161290325
PROBE0,5.750000000000001,0.3510436432637571
PROBE0,5.750000000000001,0.351280834914611
PROBE0,5.750000000000001,0.3515180265654649
PROBE0,5.750000000000001,0.3517552182163188
PROBE0,5.750000000000001,0.3519924098671727
PROBE0,5.750000000000001,0.35222960151802657
PROBE0,5.750000000000001,0.35246679316888047
PROBE0,5.750000000000001,0.35270398481973436
PROBE0,5.750000000000001,0.35294117647058826
PROBE0,7.3500000000000005,0.3531783681214421
PROBE0,7.3500000000000005,0.353415559772296
PROBE0,7.3500000000000005,0.3536527514231499
PROBE0,7.3500000000000005,0.3538899430740038
PROBE0,7.3500000000000005,0.3541271347248577
PROBE0,7.3500000000000005,0.3543643263757116
PROBE0,7.3500000000000005,0.3546015180265655
PROBE0,7.3500000000000005,0.3548387096774194
PROBE0,7.3500000000000005,0.35507590132827327
PROBE0,7.3500000000000005,0.3553130929791271
PROBE0,7.3500000000000005,0.355550284629981
PROBE0,7.3500000000000005,0.3557874762808349
PROBE0,7.3500000000000005,0.3560246679316888
PROBE0,7.3500000000000005,0.3562618595825427
PROBE0,7.3500000000000005,0.3564990512333966
PROBE0,7.3500000000000005,0.3567362428842505
PROBE0,7.3500000000000005,0.3569734345351044
PROBE0,7.3500000000000005,0.3572106261859583
PROBE0,7.3500000000000005,0.3574478178368121
PROBE0,7.3500000000000005,0.357685009487666
PROBE0,7.3500000000000005,0.3579222011385199
PROBE0,7.3500000000000005,0.3581593927893738
PROBE0,7.3500000000000005,0.3583965844402277
PROBE0,7.3500000000000005,0.3586337760910816
PROBE0,7.3500000000000005,0.3588709677419355
PROBE0,7.3500000000000005,0.3591081593927894
PROBE0,7.3500000000000005,0.3593453510436433
PROBE0,7.3500000000000005,0.35958254269449713
PROBE0,7.3500000000000005,0.359819734345351
PROBE0,7.3500000000000005,0.3600569259962049
PROBE0,7.3500000000000005,0.3602941176470588
PROBE0,7.3500000000000005,0.3605313092979127
PROBE0,7.3500000000000005,0.3607685009487666
PROBE0,7.3500000000000005,0.3610056925996205
PROBE0,7.3500000000000005,0.3612428842504744
PROBE0,7.3500000000000005,0.36148007590132825
PROBE0,7.3500000000000005,0.36171726755218214
PROBE0,7.3500000000000005,0.36195445920303604
PROBE0,7.3500000000000005,0.36219165085388993
PROBE0,7.3500000000000005,0.36242884250474383
PROBE0,7.3500000000000005,0.3626660341555977
PROBE0,7.3500000000000005,0.3629032258064516
PROBE0,7.3500000000000005,0.3631404174573055
PROBE0,7.3500000000000005,0.3633776091081594
PROBE0,7.3500000000000005,0.36361480075901326
PROBE0,7.3500000000000005,0.36385199240986715
PROBE0,7.3500000000000005,0.36408918406072105
PROBE0,7.3500000000000005,0.36432637571157495
PROBE0,7.3500000000000005,0.36456356736242884
PROBE0,7.3500000000000005,0.36480075901328274
PROBE0,7.3500000000000005,0.36503795066413663
PROBE0,7.3500000000000005,0.36527514231499053
PROBE0,7.3500000000000005,0.3655123339658444
PROBE0,7.3500000000000005,0.36574952561669827
PROBE0,7.3500000000000005,0.36598671726755216
PROBE0,7.3500000000000005,0.36622390891840606
PROBE0,7.3500000000000005,0.36646110056925996
PROBE0,7.3500000000000005,0.36669829222011385
PROBE0,7.3500000000000005,0.36693548387096775
PROBE0,7.3500000000000005,0.36717267552182165
PROBE0,7.3500000000000005,0.36740986717267554
PROBE0,7.3500000000000005,0.36764705882352944
PROBE0,7.3500000000000005,0.3678842504743833
PROBE0,7.3500000000000005,0.3681214421252372
PROBE0,7.3500000000000005,0.36835863377609107
PROBE0,7.3500000000000005,0.36859582542694497
PROBE0,7.3500000000000005,0.36883301707779886
PROBE0,7.3500000000000005,0.36907020872865276
PROBE0,7.3500000000000005,0.36930740037950666
PROBE0,7.3500000000000005,0.36954459203036055
PROBE0,7.3500000000000005,0.36978178368121445
PROBE0,7.3500000000000005,0.3700189753320683
PROBE0,7.3500000000000005,0.3702561669829222
PROBE0,7.3500000000000005,0.3704933586337761
PROBE0,7.3500000000000005,0.37073055028463
PROBE0,7.3500000000000005,0.3709677419354839
PROBE0,7.3500000000000005,0.37120493358633777
PROBE0,7.3500000000000005,0.37144212523719167
PROBE0,7.3500000000000005,0.37167931688804556
PROBE0,7.3500000000000005,0.3719165085388994
PROBE0,7.3500000000000005,0.3721537001897533
PROBE0,7.3500000000000005,0.3723908918406072
PROBE0,7.3500000000000005,0.3726280834914611
PROBE0,7.3500000000000005,0.372865275142315
PROBE0,7.3500000000000005,0.3731024667931689
PROBE0,7.3500000000000005,0.3733396584440228
PROBE0,7.3500000000000005,0.3735768500948767
PROBE0,7.3500000000000005,0.3738140417457306
PROBE0,7.3500000000000005,0.3740512333965844
PROBE0,7.3500000000000005,0.3742884250474383
PROBE0,7.3500000000000005,0.3745256166982922
PROBE0,7.3500000000000005,0.3747628083491461
PROBE0,7.3500000000000005,0.375
PROBE0,7.3500000000000005,0.3752371916508539
PROBE0,7.3500000000000005,0.3754743833017078
PROBE0,7.3500000000000005,0.3757115749525617
PROBE0,7.3500000000000005,0.3759487666034156
PROBE0,7.3500000000000005,0.3761859582542694
PROBE0,7.3500000000000005,0.3764231499051233
PROBE0,7.3500000000000005,0.3766603415559772
PROBE0,7.3500000000000005,0.3768975332068311
PROBE0,7.3500000000000005,0.377134724857685
PROBE0,7.3500000000000005,0.3773719165085389
PROBE0,7.3500000000000005,0.3776091081593928
PROBE0,7.3500000000000005,0.3778462998102467
PROBE0,7.3500000000000005,0.3780834914611006
PROBE0,7.3500000000000005,0.37832068311195444
PROBE0,7.3500000000000005,0.37855787476280833
PROBE0,7.3500000000000005,0.37879506641366223
PROBE0,7.3500000000000005,0.3790322580645161
PROBE0,7.3500000000000005,0.37926944971537
PROBE0,7.3500000000000005,0.3795066413662239
PROBE0,7.3500000000000005,0.3797438330170778
PROBE0,7.3500000000000005,0.3799810246679317
PROBE0,7.3500000000000005,0.38021821631878555
PROBE0,7.3500000000000005,0.38045540796963945
PROBE0,7.3500000000000005,0.38069259962049334
PROBE0,7.3500000000000005,0.38092979127134724
PROBE0,7.3500000000000005,0.38116698292220114
PROBE0,7.3500000000000005,0.38140417457305503
PROBE0,7.3500000000000005,0.38164136622390893
PROBE0,7.3500000000000005,0.3818785578747628
PROBE0,7.3500000000000005,0.3821157495256167
PROBE0,7.3500000000000005,0.38235294117647056
PROBE0,7.3500000000000005,0.38259013282732446
PROBE0,7.3500000000000005,0.38282732447817835
PROBE0,7.3500000000000005,0.38306451612903225
PROBE0,7.3500000000000005,0.38330170777988615
PROBE0,7.3500000000000005,0.38353889943074004
PROBE0,7.3500000000000005,0.38377609108159394
PROBE0,7.3500000000000005,0.38401328273244784
PROBE0,7.3500000000000005,0.38425047438330173
PROBE0,7.3500000000000005,0.3844876660341556
PROBE0,7.3500000000000005,0.38472485768500947
PROBE0,7.3500000000000005,0.38496204933586337
PROBE0,7.3500000000000005,0.38519924098671726
PROBE0,7.3500000000000005,0.38543643263757116
PROBE0,7.3500000000000005,0.38567362428842505
PROBE0,7.3500000000000005,0.38591081593927895
PROBE0,7.3500000000000005,0.38614800759013285
PROBE0,7.3500000000000005,0.38638519924098674
PROBE0,7.3500000000000005,0.3866223908918406
PROBE0,7.3500000000000005,0.3868595825426945
PROBE0,7.3500000000000005,0.3870967741935484
PROBE0,7.3500000000000005,0.3873339658444023
PROBE0,7.3500000000000005,0.38757115749525617
PROBE0,7.3500000000000005,0.38780834914611007
PROBE0,7.3500000000000005,0.38804554079696396
PROBE0,7.3500000000000005,0.38828273244781786
PROBE0,7.3500000000000005,0.38851992409867175
PROBE0,7.3500000000000005,0.3887571157495256
PROBE0,7.3500000000000005,0.3889943074003795
PROBE0,7.3500000000000005,0.3892314990512334
PROBE0,7.3500000000000005,0.3894686907020873
PROBE0,7.3500000000000005,0.3897058823529412
PROBE0,7.3500000000000005,0.3899430740037951
PROBE0,7.3500000000000005,0.390180265654649
PROBE0,7.3500000000000005,0.39041745730550287
PROBE0,7.3500000000000005,0.3906546489563567
PROBE0,7.3500000000000005,0.3908918406072106
PROBE0,7.3500000000000005,0.3911290322580645
PROBE0,7.3500000000000005,0.3913662239089184
PROBE0,7.3500000000000005,0.3916034155597723
PROBE0,7.3500000000000005,0.3918406072106262
PROBE0,7.3500000000000005,0.3920777988614801
PROBE0,7.3500000000000005,0.392314990512334
PROBE0,7.3500000000000005,0.3925521821631879
PROBE0,7.3500000000000005,0.3927893738140417
PROBE0,7.3500000000000005,0.3930265654648956
PROBE0,7.3500000000000005,0.3932637571157495
PROBE0,7.3500000000000005,0.3935009487666034
PROBE0,7.3500000000000005,0.3937381404174573
PROBE0,7.3500000000000005,0.3939753320683112
PROBE0,7.3500000000000005,0.3942125237191651
PROBE0,7.3500000000000005,0.394449715370019
PROBE0,7.3500000000000005,0.3946869070208729
PROBE0,7.3500000000000005,0.39492409867172673
PROBE0,7.3500000000000005,0.3951612903225806
PROBE0,7.3500000000000005,0.3953984819734345
PROBE0,7.3500000000000005,0.3956356736242884
PROBE0,7.3500000000000005,0.3958728652751423
PROBE0,7.3500000000000005,0.3961100569259962
PROBE0,7.3500000000000005,0.3963472485768501
PROBE0,7.3500000000000005,0.396584440227704
PROBE0,7.3500000000000005,0.3968216318785579
PROBE0,7.3500000000000005,0.39705882352941174
PROBE0,7.3500000000000005,0.39729601518026564
PROBE0,7.3500000000000005,0.39753320683111953
PROBE0,7.3500000000000005,0.39777039848197343
PROBE0,7.3500000000000005,0.3980075901328273
PROBE0,7.3500000000000005,0.3982447817836812
PROBE0,7.3500000000000005,0.3984819734345351
PROBE0,7.3500000000000005,0.398719165085389
PROBE0,7.3500000000000005,0.3989563567362429
PROBE0,7.3500000000000005,0.39919354838709675
PROBE0,7.3500000000000005,0.39943074003795065
PROBE0,7.3500000000000005,0.39966793168880455
PROBE0,7.3500000000000005,0.39990512333965844
PROBE0,7.3500000000000005,0.40014231499051234
PROBE0,7.3500000000000005,0.40037950664136623
PROBE0,7.3500000000000005,0.40061669829222013
PROBE0,7.3500000000000005,0.400853889943074
PROBE0,7.3500000000000005,0.40109108159392787
PROBE0,7.3500000000000005,0.40132827324478176
PROBE0,7.3500000000000005,0.40156546489563566
PROBE0,7.3500000000000005,0.40180265654648956
PROBE0,7.3500000000000005,0.40203984819734345
PROBE0,7.3500000000000005,0.40227703984819735
PROBE0,7.3500000000000005,0.40251423149905124
PROBE0,7.3500000000000005,0.40275142314990514
PROBE0,7.3500000000000005,0.40298861480075904
PROBE0,7.3500000000000005,0.4032258064516129
PROBE0,7.3500000000000005,0.4034629981024668
PROBE0,7.3500000000000005,0.40370018975332067
PROBE0,7.3500000000000005,0.40393738140417457
PROBE0,7.3500000000000005,0.40417457305502846
PROBE0,7.3500000000000005,0.40441176470588236
PROBE0,7.3500000000000005,0.40464895635673626
PROBE0,7.3500000000000005,0.40488614800759015
PROBE0,7.3500000000000005,0.40512333965844405
PROBE0,7.3500000000000005,0.4053605313092979
PROBE0,7.3500000000000005,0.4055977229601518
PROBE0,7.3500000000000005,0.4058349146110057
PROBE0,7.3500000000000005,0.4060721062618596
PROBE0,7.3500000000000005,0.4063092979127135
PROBE0,7.3500000000000005,0.40654648956356737
PROBE0,7.3500000000000005,0.40678368121442127
PROBE0,7.3500000000000005,0.40702087286527516
PROBE0,7.3500000000000005,0.40725806451612906
PROBE0,7.3500000000000005,0.4074952561669829
PROBE0,7.3500000000000005,0.4077324478178368
PROBE0,7.3500000000000005,0.4079696394686907
PROBE0,7.3500000000000005,0.4082068311195446
PROBE0,7.3500000000000005,0.4084440227703985
PROBE0,7.3500000000000005,0.4086812144212524
PROBE0,7.3500000000000005,0.4089184060721063
PROBE0,7.3500000000000005,0.4091555977229602
PROBE0,7.3500000000000005,0.409392789373814
PROBE0,7.3500000000000005,0.4096299810246679
PROBE0,7.3500000000000005,0.4098671726755218
PROBE0,7.3500000000000005,0.4101043643263757
PROBE0,7.3500000000000005,0.4103415559772296
PROBE0,7.3500000000000005,0.4105787476280835
PROBE0,7.3500000000000005,0.4108159392789374
PROBE0,7.3500000000000005,0.4110531309297913
PROBE0,7.3500000000000005,0.4112903225806452
PROBE0,7.3500000000000005,0.411527514231499
PROBE0,7.3500000000000005,0.4117647058823529
PROBE0,8.399999999999999,0.4120018975332068
PROBE0,8.399999999999999,0.4122390891840607
PROBE0,8.399999999999999,0.4124762808349146
PROBE0,8.399999999999999,0.4127134724857685
PROBE0,8.399999999999999,0.4129506641366224
PROBE0,8.399999999999999,0.4131878557874763
PROBE0,8.399999999999999,0.4134250474383302
PROBE0,8.399999999999999,0.41366223908918404
PROBE0,8.399999999999999,0.41389943074003793
PROBE0,8.399999999999999,0.41413662239089183
PROBE0,8.399999999999999,0.4143738140417457
PROBE0,8.399999999999999,0.4146110056925996
PROBE0,8.399999999999999,0.4148481973434535
PROBE0,8.399999999999999,0.4150853889943074
PROBE0,8.399999999999999,0.4153225806451613
PROBE0,8.399999999999999,0.4155597722960152
PROBE0,8.399999999999999,0.41579696394686905
PROBE0,8.399999999999999,0.41603415559772294
PROBE0,8.399999999999999,0.41627134724857684
PROBE0,8.399999999999999,0.41650853889943074
PROBE0,8.399999999999999,0.41674573055028463
PROBE0,8.399999999999999,0.41698292220113853
PROBE0,8.399999999999999,0.4172201138519924
PROBE0,8.399999999999999,0.4174573055028463
PROBE0,8.399999999999999,0.4176944971537002
PROBE0,8.399999999999999,0.41793168880455406
PROBE0,8.399999999999999,0.41816888045540795
PROBE0,8.399999999999999,0.41840607210626185
PROBE0,8.399999999999999,0.41864326375711575
PROBE0,8.399999999999999,0.41888045540796964
PROBE0,8.399999999999999,0.41911764705882354
PROBE0,8.399999999999999,0.41935483870967744
PROBE0,8.399999999999999,0.41959203036053133
PROBE0,8.399999999999999,0.4198292220113852
PROBE0,8.399999999999999,0.42006641366223907
PROBE0,8.399999999999999,0.42030360531309297
PROBE0,8.399999999999999,0.42054079696394686
PROBE0,8.399999999999999,0.42077798861480076
PROBE0,8.399999999999999,0.42101518026565465
PROBE0,8.399999999999999,0.42125237191650855
PROBE0,8.399999999999999,0.42148956356736245
PROBE0,8.399999999999999,0.42172675521821634
PROBE0,8.399999999999999,0.4219639468690702
PROBE0,8.399999999999999,0.4222011385199241
PROBE0,8.399999999999999,0.422438330170778
PROBE0,8.399999999999999,0.42267552182163187
PROBE0,8.399999999999999,0.42291271347248577
PROBE0,8.399999999999999,0.42314990512333966
PROBE0,8.399999999999999,0.42338709677419356
PROBE0,8.399999999999999,0.42362428842504746
PROBE0,8.399999999999999,0.42386148007590135
PROBE0,8.399999999999999,0.4240986717267552
PROBE0,8.399999999999999,0.4243358633776091
PROBE0,8.399999999999999,0.424573055028463
PROBE0,8.399999999999999,0.4248102466793169
PROBE0,8.399999999999999,0.4250474383301708
PROBE0,8.399999999999999,0.4252846299810247
PROBE0,8.399999999999999,0.42552182163187857
PROBE0,8.399999999999999,0.42575901328273247
PROBE0,8.399999999999999,0.42599620493358636
PROBE0,8.399999999999999,0.4262333965844402
PROBE0,8.399999999999999,0.4264705882352941
PROBE0,8.399999999999999,0.426707779886148
PROBE0,8.399999999999999,0.4269449715370019
PROBE0,8.399999999999999,0.4271821631878558
PROBE0,8.399999999999999,0.4274193548387097
PROBE0,8.399999999999999,0.4276565464895636
PROBE0,8.399999999999999,0.4278937381404175
PROBE0,8.399999999999999,0.4281309297912713
PROBE0,8.399999999999999,0.4283681214421252
PROBE0,8.399999999999999,0.4286053130929791
PROBE0,8.399999999999999,0.428842504743833
PROBE0,8.399999999999999,0.4290796963946869
PROBE0,8.399999999999999,0.4293168880455408
PROBE0,8.399999999999999,0.4295540796963947
PROBE0,8.399999999999999,0.4297912713472486
PROBE0,8.399999999999999,0.4300284629981025
PROBE0,8.399999999999999,0.43026565464895633
PROBE0,8.399999999999999,0.4305028462998102
PROBE0,8.399999999999999,0.4307400379506641
PROBE0,8.399999999999999,0.430977229601518
PROBE0,8.399999999999999,0.4312144212523719
PROBE0,8.399999999999999,0.4314516129032258
PROBE0,8.399999999999999,0.4316888045540797
PROBE0,8.399999999999999,0.4319259962049336
PROBE0,8.399999999999999,0.4321631878557875
PROBE0,8.399999999999999,0.43240037950664134
PROBE0,8.399999999999999,0.43263757115749524
PROBE0,8.399999999999999,0.43287476280834913
PROBE0,8.399999999999999,0.43311195445920303
PROBE0,8.399999999999999,0.4333491461100569
PROBE0,8.399999999999999,0.4335863377609108
PROBE0,8.399999999999999,0.4338235294117647
PROBE0,8.399999999999999,0.4340607210626186
PROBE0,8.399999999999999,0.4342979127134725
PROBE0,8.399999999999999,0.43453510436432635
PROBE0,8.399999999999999,0.43477229601518025
PROBE0,8.399999999999999,0.43500948766603414
PROBE0,8.399999999999999,0.43524667931688804
PROBE0,8.399999999999999,0.43548387096774194
PROBE0,8.399999999999999,0.43572106261859583
PROBE0,8.399999999999999,0.43595825426944973
PROBE0,8.399999999999999,0.4361954459203036
PROBE0,8.399999999999999,0.4364326375711575
PROBE0,8.399999999999999,0.43666982922201136
PROBE0,8.399999999999999,0.43690702087286526
PROBE0,8.399999999999999,0.43714421252371916
PROBE0,8.399999999999999,0.43738140417457305
PROBE0,8.399999999999999,0.43761859582542695
PROBE0,8.399999999999999,0.43785578747628084
PROBE0,8.399999999999999,0.43809297912713474
PROBE0,8.399999999999999,0.43833017077798864
PROBE0,8.399999999999999,0.4385673624288425
PROBE0,8.399999999999999,0.4388045540796964
PROBE0,8.399999999999999,0.43904174573055027
PROBE0,8.399999999999999,0.43927893738140417
PROBE0,8.399999999999999,0.43951612903225806
PROBE0,8.399999999999999,0.43975332068311196
PROBE0,8.399999999999999,0.43999051233396586
PROBE0,8.399999999999999,0.44022770398481975
PROBE0,8.399999999999999,0.44046489563567365
PROBE0,8.399999999999999,0.4407020872865275
PROBE0,8.399999999999999,0.4409392789373814
PROBE0,8.399999999999999,0.4411764705882353
PROBE0,8.399999999999999,0.4414136622390892
PROBE0,8.399999999999999,0.4416508538899431
PROBE0,8.399999999999999,0.44188804554079697
PROBE0,8.399999999999999,0.44212523719165087
PROBE0,8.399999999999999,0.44236242884250476
PROBE0,8.399999999999999,0.44259962049335866
PROBE0,8.399999999999999,0.4428368121442125
PROBE0,8.399999999999999,0.4430740037950664
PROBE0,8.399999999999999,0.4433111954459203
PROBE0,8.399999999999999,0.4435483870967742
PROBE0,8.399999999999999,0.4437855787476281
PROBE0,8.399999999999999,0.444022770398482
PROBE0,8.399999999999999,0.4442599620493359
PROBE0,8.399999999999999,0.4444971537001898
PROBE0,8.399999999999999,0.44473434535104367
PROBE0,8.399999999999999,0.4449715370018975
PROBE0,8.399999999999999,0.4452087286527514
PROBE0,8.399999999999999,0.4454459203036053
PROBE0,8.399999999999999,0.4456831119544592
PROBE0,8.399999999999999,0.4459203036053131
PROBE0,8.399999999999999,0.446157495256167
PROBE0,8.399999999999999,0.4463946869070209
PROBE0,8.399999999999999,0.4466318785578748
PROBE0,8.399999999999999,0.4468690702087287
PROBE0,8.399999999999999,0.4471062618595825
PROBE0,8.399999999999999,0.4473434535104364
PROBE0,8.399999999999999,0.4475806451612903
PROBE0,8.399999999999999,0.4478178368121442
PROBE0,8.399999999999999,0.4480550284629981
PROBE0,8.399999999999999,0.448292220113852
PROBE0,8.399999999999999,0.4485294117647059
PROBE0,8.399999999999999,0.4487666034155598
PROBE0,8.399999999999999,0.44900379506641364
PROBE0,8.399999999999999,0.44924098671726753
PROBE0,8.399999999999999,0.44947817836812143
PROBE0,8.399999999999999,0.4497153700189753
PROBE0,8.399999999999999,0.4499525616698292
PROBE0,8.399999999999999,0.4501897533206831
PROBE0,8.399999999999999,0.450426944971537
PROBE0,8.399999999999999,0.4506641366223909
PROBE0,8.399999999999999,0.4509013282732448
PROBE0,8.399999999999999,0.45113851992409865
PROBE0,8.399999999999999,0.45137571157495254
PROBE0,8.399999999999999,0.45161290322580644
PROBE0,8.399999999999999,0.45185009487666034
PROBE0,8.399999999999999,0.45208728652751423
PROBE0,8.399999999999999,0.45232447817836813
PROBE0,8.399999999999999,0.452561669829222
PROBE0,8.399999999999999,0.4527988614800759
PROBE0,8.399999999999999,0.4530360531309298
PROBE0,8.399999999999999,0.45327324478178366
PROBE0,8.399999999999999,0.45351043643263755
PROBE0,8.399999999999999,0.45374762808349145
PROBE0,8.399999999999999,0.45398481973434535
PROBE0,8.399999999999999,0.45422201138519924
PROBE0,8.399999999999999,0.45445920303605314
PROBE0,8.399999999999999,0.45469639468690703
PROBE0,8.399999999999999,0.45493358633776093
PROBE0,8.399999999999999,0.4551707779886148
PROBE0,8.399999999999999,0.45540796963946867
PROBE0,8.399999999999999,0.45564516129032256
PROBE0,8.399999999999999,0.45588235294117646
PROBE0,8.399999999999999,0.45611954459203036
PROBE0,8.399999999999999,0.45635673624288425
PROBE0,8.399999999999999,0.45659392789373815
PROBE0,8.399999999999999,0.45683111954459205
PROBE0,8.399999999999999,0.45706831119544594
PROBE0,8.399999999999999,0.4573055028462998
PROBE0,8.399999999999999,0.4575426944971537
PROBE0,8.399999999999999,0.4577798861480076
PROBE0,8.399999999999999,0.45801707779886147
PROBE0,8.399999999999999,0.45825426944971537
PROBE0,8.399999999999999,0.45849146110056926
PROBE0,8.399999999999999,0.45872865275142316
PROBE0,8.399999999999999,0.45896584440227706
PROBE0,8.399999999999999,0.45920303605313095
PROBE0,8.399999999999999,0.4594402277039848
PROBE0,8.399999999999999,0.4596774193548387
PROBE0,8.399999999999999,0.4599146110056926
PROBE0,8.399999999999999,0.4601518026565465
PROBE0,8.399999999999999,0.4603889943074004
PROBE0,8.399999999999999,0.4606261859582543
PROBE0,8.399999999999999,0.46086337760910817
PROBE0,8.399999999999999,0.46110056925996207
PROBE0,8.399999999999999,0.46133776091081596
PROBE0,8.399999999999999,0.4615749525616698
PROBE0,8.399999999999999,0.4618121442125237
PROBE0,8.399999999999999,0.4620493358633776
PROBE0,8.399999999999999,0.4622865275142315
PROBE0,8.399999999999999,0.4625237191650854
PROBE0,8.399999999999999,0.4627609108159393
PROBE0,8.399999999999999,0.4629981024667932
PROBE0,8.399999999999999,0.4632352941176471
PROBE0,8.399999999999999,0.463472485768501
PROBE0,8.399999999999999,0.4637096774193548
PROBE0,8.399999999999999,0.4639468690702087
PROBE0,8.399999999999999,0.4641840607210626
PROBE0,8.399999999999999,0.4644212523719165
PROBE0,8.399999999999999,0.4646584440227704
PROBE0,8.399999999999999,0.4648956356736243
PROBE0,8.399999999999999,0.4651328273244782
PROBE0,8.399999999999999,0.4653700189753321
PROBE0,8.399999999999999,0.465607210626186
PROBE0,8.399999999999999,0.4658444022770398
PROBE0,8.399999999999999,0.4660815939278937
PROBE0,8.399999999999999,0.4663187855787476
PROBE0,8.399999999999999,0.4665559772296015
PROBE0,8.399999999999999,0.4667931688804554
PROBE0,8.399999999999999,0.4670303605313093
PROBE0,8.399999999999999,0.4672675521821632
PROBE0,8.399999999999999,0.4675047438330171
PROBE0,8.399999999999999,0.46774193548387094
PROBE0,8.399999999999999,0.46797912713472484
PROBE0,8.399999999999999,0.46821631878557873
PROBE0,8.399999999999999,0.46845351043643263
PROBE0,8.399999999999999,0.4686907020872865
PROBE0,8.399999999999999,0.4689278937381404
PROBE0,8.399999999999999,0.4691650853889943
PROBE0,8.399999999999999,0.4694022770398482
PROBE0,8.399999999999999,0.4696394686907021
PROBE0,8.399999999999999,0.46987666034155595
PROBE0,8.399999999999999,0.47011385199240985
PROBE0,8.399999999999999,0.47035104364326374
PROBE0,8.399999999999999,0.47058823529411764
PROBE0,9.45,0.47082542694497154
PROBE0,9.45,0.47106261859582543
PROBE0,9.45,0.47129981024667933
PROBE0,9.45,0.4715370018975332
PROBE0,9.45,0.4717741935483871
PROBE0,9.45,0.47201138519924096
PROBE0,9.45,0.47224857685009486
PROBE0,9.45,0.47248576850094876
PROBE0,9.45,0.47272296015180265
PROBE0,9.45,0.47296015180265655
PROBE0,9.45,0.47319734345351044
PROBE0,9.45,0.47343453510436434
PROBE0,9.45,0.47367172675521824
PROBE0,9.45,0.47390891840607213
PROBE0,9.45,0.474146110056926
PROBE0,9.45,0.47438330170777987
PROBE0,9.45,0.47462049335863377
PROBE0,9.45,0.47485768500948766
PROBE0,9.45,0.47509487666034156
PROBE0,9.45,0.47533206831119545
PROBE0,9.45,0.47556925996204935
PROBE0,9.45,0.47580645161290325
PROBE0,9.45,0.4760436432637571
PROBE0,9.45,0.476280834914611
PROBE0,9.45,0.4765180265654649
PROBE0,9.45,0.4767552182163188
PROBE0,9.45,0.4769924098671727
PROBE0,9.45,0.47722960151802657
PROBE0,9.45,0.47746679316888047
PROBE0,9.45,0.47770398481973436
PROBE0,9.45,0.47794117647058826
PROBE0,9.45,0.4781783681214421
PROBE0,9.45,0.478415559772296
PROBE0,9.45,0.4786527514231499
PROBE0,9.45,0.4788899430740038
PROBE0,9.45,0.4791271347248577
PROBE0,9.45,0.4793643263757116
PROBE0,9.45,0.4796015180265655
PROBE0,9.45,0.4798387096774194
PROBE0,9.45,0.48007590132827327
PROBE0,9.45,0.4803130929791271
PROBE0,9.45,0.480550284629981
PROBE0,9.45,0.4807874762808349
PROBE0,9.45,0.4810246679316888
PROBE0,9.45,0.4812618595825427
PROBE0,9.45,0.4814990512333966
PROBE0,9.45,0.4817362428842505
PROBE0,9.45,0.4819734345351044
PROBE0,9.45,0.4822106261859583
PROBE0,9.45,0.4824478178368121
PROBE0,9.45,0.482685009487666
PROBE0,9.45,0.4829222011385199
PROBE0,9.45,0.4831593927893738
PROBE0,9.45,0.4833965844402277
PROBE0,9.45,0.4836337760910816
PROBE0,9.45,0.4838709677419355
PROBE0,9.45,0.4841081593927894
PROBE0,9.45,0.4843453510436433
PROBE0,9.45,0.48458254269449713
PROBE0,9.45,0.484819734345351
PROBE0,9.45,0.4850569259962049
PROBE0,9.45,0.4852941176470588
PROBE0,9.45,0.4855313092979127
PROBE0,9.45,0.4857685009487666
PROBE0,9.45,0.4860056925996205
PROBE0,9.45,0.4862428842504744
PROBE0,9.45,0.48648007590132825
PROBE0,9.45,0.48671726755218214
PROBE0,9.45,0.48695445920303604
PROBE0,9.45,0.48719165085388993
PROBE0,9.45,0.48742884250474383
PROBE0,9.45,0.4876660341555977
PROBE0,9.45,0.4879032258064516
PROBE0,9.45,0.4881404174573055
PROBE0,9.45,0.4883776091081594
PROBE0,9.45,0.48861480075901326
PROBE0,9.45,0.48885199240986715
PROBE0,9.45,0.48908918406072105
PROBE0,9.45,0.48932637571157495
PROBE0,9.45,0.48956356736242884
PROBE0,9.45,0.48980075901328274
PROBE0,9.45,0.49003795066413663
PROBE0,9.45,0.49027514231499053
PROBE0,9.45,0.4905123339658444
PROBE0,9.45,0.49074952561669827
PROBE0,9.45,0.49098671726755216
PROBE0,9.45,0.49122390891840606
PROBE0,9.45,0.49146110056925996
PROBE0,9.45,0.49169829222011385
PROBE0,9.45,0.49193548387096775
PROBE0,9.45,0.49217267552182165
PROBE0,9.45,0.49240986717267554
PROBE0,9.45,0.49264705882352944
PROBE0,9.45,0.4928842504743833
PROBE0,9.45,0.4931214421252372
PROBE0,9.45,0.49335863377609107
PROBE0,9.45,0.49359582542694497
PROBE0,9.45,0.49383301707779886
PROBE0,9.45,0.49407020872865276
PROBE0,9.45,0.49430740037950666
PROBE0,9.45,0.49454459203036055
PROBE0,9.45,0.49478178368121445
PROBE0,9.45,0.4950189753320683
PROBE0,9.45,0.4952561669829222
PROBE0,9.45,0.4954933586337761
PROBE0,9.45,0.49573055028463
PROBE0,9.45,0.4959677419354839
PROBE0,9.45,0.49620493358633777
PROBE0,9.45,0.49644212523719167
PROBE0,9.45,0.49667931688804556
PROBE0,9.45,0.4969165085388994
PROBE0,9.45,0.4971537001897533
PROBE0,9.45,0.4973908918406072
PROBE0,9.45,0.4976280834914611
PROBE0,9.45,0.497865275142315
PROBE0,9.45,0.4981024667931689
PROBE0,9.45,0.4983396584440228
PROBE0,9.45,0.4985768500948767
PROBE0,9.45,0.4988140417457306
PROBE0,9.45,0.4990512333965844
PROBE0,9.45,0.4992884250474383
PROBE0,9.45,0.4995256166982922
PROBE0,9.45,0.4997628083491461
PROBE0,9.45,0.5
PROBE0,9.45,0.5002371916508539
PROBE0,9.45,0.5004743833017078
PROBE0,9.45,0.5007115749525617
PROBE0,9.45,0.5009487666034156
PROBE0,9.45,0.5011859582542695
PROBE0,9.45,0.5014231499051234
PROBE0,9.45,0.5016603415559773
PROBE0,9.45,0.5018975332068312
PROBE0,9.45,0.502134724857685
PROBE0,9.45,0.5023719165085389
PROBE0,9.45,0.5026091081593927
PROBE0,9.45,0.5028462998102466
PROBE0,9.45,0.5030834914611005
PROBE0,9.45,0.5033206831119544
PROBE0,9.45,0.5035578747628083
PROBE0,9.45,0.5037950664136622
PROBE0,9.45,0.5040322580645161
PROBE0,9.45,0.50426944971537
PROBE0,9.45,0.5045066413662239
PROBE0,9.45,0.5047438330170778
PROBE0,9.45,0.5049810246679317
PROBE0,9.45,0.5052182163187856
PROBE0,9.45,0.5054554079696395
PROBE0,9.45,0.5056925996204934
PROBE0,9.45,0.5059297912713473
PROBE0,9.45,0.5061669829222012
PROBE0,9.45,0.506404174573055
PROBE0,9.45,0.5066413662239089
PROBE0,9.45,0.5068785578747628
PROBE0,9.45,0.5071157495256167
PROBE0,9.45,0.5073529411764706
PROBE0,9.45,0.5075901328273245
PROBE0,9.45,0.5078273244781784
PROBE0,9.45,0.5080645161290323
PROBE0,9.45,0.5083017077798861
PROBE0,9.45,0.50853889943074
PROBE0,9.45,0.5087760910815939
PROBE0,9.45,0.5090132827324478
PROBE0,9.45,0.5092504743833017
PROBE0,9.45,0.5094876660341556
PROBE0,9.45,0.5097248576850095
PROBE0,9.45,0.5099620493358634
PROBE0,9.45,0.5101992409867173
PROBE0,9.45,0.5104364326375711
PROBE0,9.45,0.510673624288425
PROBE0,9.45,0.5109108159392789
PROBE0,9.45,0.5111480075901328
PROBE0,9.45,0.5113851992409867
PROBE0,9.45,0.5116223908918406
PROBE0,9.45,0.5118595825426945
PROBE0,9.45,0.5120967741935484
PROBE0,9.45,0.5123339658444023
PROBE0,9.45,0.5125711574952562
PROBE0,9.45,0.5128083491461101
PROBE0,9.45,0.513045540796964
PROBE0,9.45,0.5132827324478179
PROBE0,9.45,0.5135199240986718
PROBE0,9.45,0.5137571157495257
PROBE0,9.45,0.5139943074003795
PROBE0,9.45,0.5142314990512334
PROBE0,9.45,0.5144686907020873
PROBE0,9.45,0.5147058823529411
PROBE0,9.45,0.514943074003795
PROBE0,9.45,0.5151802656546489
PROBE0,9.45,0.5154174573055028
PROBE0,9.45,0.5156546489563567
PROBE0,9.45,0.5158918406072106
PROBE0,9.45,0.5161290322580645
PROBE0,9.45,0.5163662239089184
PROBE0,9.45,0.5166034155597723
PROBE0,9.45,0.5168406072106262
PROBE0,9.45,0.5170777988614801
PROBE0,9.45,0.517314990512334
PROBE0,9.45,0.5175521821631879
PROBE0,9.45,0.5177893738140418
PROBE0,9.45,0.5180265654648957
PROBE0,9.45,0.5182637571157496
PROBE0,9.45,0.5185009487666035
PROBE0,9.45,0.5187381404174574
PROBE0,9.45,0.5189753320683111
PROBE0,9.45,0.519212523719165
PROBE0,9.45,0.5194497153700189
PROBE0,9.45,0.5196869070208728
PROBE0,9.45,0.5199240986717267
PROBE0,9.45,0.5201612903225806
PROBE0,9.45,0.5203984819734345
PROBE0,9.45,0.5206356736242884
PROBE0,9.45,0.5208728652751423
PROBE0,9.45,0.5211100569259962
PROBE0,9.45,0.5213472485768501
PROBE0,9.45,0.521584440227704
PROBE0,9.45,0.5218216318785579
PROBE0,9.45,0.5220588235294118
PROBE0,9.45,0.5222960151802657
PROBE0,9.45,0.5225332068311196
PROBE0,9.45,0.5227703984819735
PROBE0,9.45,0.5230075901328273
PROBE0,9.45,0.5232447817836812
PROBE0,9.45,0.5234819734345351
PROBE0,9.45,0.523719165085389
PROBE0,9.45,0.5239563567362429
PROBE0,9.45,0.5241935483870968
PROBE0,9.45,0.5244307400379506
PROBE0,9.45,0.5246679316888045
PROBE0,9.45,0.5249051233396584
PROBE0,9.45,0.5251423149905123
PROBE0,9.45,0.5253795066413662
PROBE0,9.45,0.5256166982922201
PROBE0,9.45,0.525853889943074
PROBE0,9.45,0.5260910815939279
PROBE0,9.45,0.5263282732447818
PROBE0,9.45,0.5265654648956357
PROBE0,9.45,0.5268026565464896
PROBE0,9.45,0.5270398481973435
PROBE0,9.45,0.5272770398481973
PROBE0,9.45,0.5275142314990512
PROBE0,9.45,0.5277514231499051
PROBE0,9.45,0.527988614800759
PROBE0,9.45,0.5282258064516129
PROBE0,9.45,0.5284629981024668
PROBE0,9.45,0.5287001897533207
PROBE0,9.45,0.5289373814041746
PROBE0,9.45,0.5291745730550285
PROBE0,9.45,0.5294117647058824
PROBE0,10.5,0.5296489563567363
PROBE0,10.5,0.5298861480075902
PROBE0,10.5,0.530123339658444
PROBE0,10.5,0.530360531309298
PROBE0,10.5,0.5305977229601518
PROBE0,10.5,0.5308349146110057
PROBE0,10.5,0.5310721062618596
PROBE0,10.5,0.5313092979127134
PROBE0,10.5,0.5315464895635673
PROBE0,10.5,0.5317836812144212
PROBE0,10.5,0.5320208728652751
PROBE0,10.5,0.532258064516129
PROBE0,10.5,0.5324952561669829
PROBE0,10.5,0.5327324478178368
PROBE0,10.5,0.5329696394686907
PROBE0,10.5,0.5332068311195446
PROBE0,10.5,0.5334440227703985
PROBE0,10.5,0.5336812144212524
PROBE0,10.5,0.5339184060721063
PROBE0,10.5,0.5341555977229602
PROBE0,10.5,0.5343927893738141
PROBE0,10.5,0.534629981024668
PROBE0,10.5,0.5348671726755219
PROBE0,10.5,0.5351043643263758
PROBE0,10.5,0.5353415559772297
PROBE0,10.5,0.5355787476280834
PROBE0,10.5,0.5358159392789373
PROBE0,10.5,0.5360531309297912
PROBE0,10.5,0.5362903225806451
PROBE0,10.5,0.536527514231499
PROBE0,10.5,0.5367647058823529
PROBE0,10.5,0.5370018975332068
PROBE0,10.5,0.5372390891840607
PROBE0,10.5,0.5374762808349146
PROBE0,10.5,0.5377134724857685
PROBE0,10.5,0.5379506641366224
PROBE0,10.5,0.5381878557874763
PROBE0,10.5,0.5384250474383302
PROBE0,10.5,0.5386622390891841
PROBE0,10.5,0.538899430740038
PROBE0,10.5,0.5391366223908919
PROBE0,10.5,0.5393738140417458
PROBE0,10.5,0.5396110056925996
PROBE0,10.5,0.5398481973434535
PROBE0,10.5,0.5400853889943074
PROBE0,10.5,0.5403225806451613
PROBE0,10.5,0.5405597722960152
PROBE0,10.5,0.540796963946869
PROBE0,10.5,0.5410341555977229
PROBE0,10.5,0.5412713472485768
PROBE0,10.5,0.5415085388994307
PROBE0,10.5,0.5417457305502846
PROBE0,10.5,0.5419829222011385
PROBE0,10.5,0.5422201138519924
PROBE0,10.5,0.5424573055028463
PROBE0,10.5,0.5426944971537002
PROBE0,10.5,0.5429316888045541
PROBE0,10.5,0.543168880455408
PROBE0,10.5,0.5434060721062619
PROBE0,10.5,0.5436432637571158
PROBE0,10.5,0.5438804554079696
PROBE0,10.5,0.5441176470588235
PROBE0,10.5,0.5443548387096774
PROBE0,10.5,0.5445920303605313
PROBE0,10.5,0.5448292220113852
PROBE0,10.5,0.5450664136622391
PROBE0,10.5,0.545303605313093
PROBE0,10.5,0.5455407969639469
PROBE0,10.5,0.5457779886148008
PROBE0,10.5,0.5460151802656547
PROBE0,10.5,0.5462523719165086
PROBE0,10.5,0.5464895635673624
PROBE0,10.5,0.5467267552182163
PROBE0,10.5,0.5469639468690702
PROBE0,10.5,0.5472011385199241
PROBE0,10.5,0.547438330170778
PROBE0,10.5,0.5476755218216319
PROBE0,10.5,0.5479127134724858
PROBE0,10.5,0.5481499051233396
PROBE0,10.5,0.5483870967741935
PROBE0,10.5,0.5486242884250474
PROBE0,10.5,0.5488614800759013
PROBE0,10.5,0.5490986717267552
PROBE0,10.5,0.5493358633776091
PROBE0,10.5,0.549573055028463
PROBE0,10.5,0.5498102466793169
PROBE0,10.5,0.5500474383301708
PROBE0,10.5,0.5502846299810247
PROBE0,10.5,0.5505218216318786
PROBE0,10.5,0.5507590132827325
PROBE0,10.5,0.5509962049335864
PROBE0,10.5,0.5512333965844403
PROBE0,10.5,0.5514705882352942
PROBE0,10.5,0.551707779886148
PROBE0,10.5,0.551944971537002
PROBE0,10.5,0.5521821631878557
PROBE0,10.5,0.5524193548387096
PROBE0,10.5,0.5526565464895635
PROBE0,10.5,0.5528937381404174
PROBE0,10.5,0.5531309297912713
PROBE0,10.5,0.5533681214421252
PROBE0,10.5,0.5536053130929791
PROBE0,10.5,0.553842504743833
PROBE0,10.5,0.5540796963946869
PROBE0,10.5,0.5543168880455408
PROBE0,10.5,0.5545540796963947
PROBE0,10.5,0.5547912713472486
PROBE0,10.5,0.5550284629981025
PROBE0,10.5,0.5552656546489564
PROBE0,10.5,0.5555028462998103
PROBE0,10.5,0.5557400379506642
PROBE0,10.5,0.5559772296015181
PROBE0,10.5,0.556214421252372
PROBE0,10.5,0.5564516129032258
PROBE0,10.5,0.5566888045540797
PROBE0,10.5,0.5569259962049335
PROBE0,10.5,0.5571631878557874
PROBE0,10.5,0.5574003795066413
PROBE0,10.5,0.5576375711574952
PROBE0,10.5,0.5578747628083491
PROBE0,10.5,0.558111954459203
PROBE0,10.5,0.5583491461100569
PROBE0,10.5,0.5585863377609108
PROBE0,10.5,0.5588235294117647
PROBE0,10.5,0.5590607210626186
PROBE0,10.5,0.5592979127134725
PROBE0,10.5,0.5595351043643264
PROBE0,10.5,0.5597722960151803
PROBE0,10.5,0.5600094876660342
PROBE0,10.5,0.5602466793168881
PROBE0,10.5,0.5604838709677419
PROBE0,10.5,0.5607210626185958
PROBE0,10.5,0.5609582542694497
PROBE0,10.5,0.5611954459203036
PROBE0,10.5,0.5614326375711575
PROBE0,10.5,0.5616698292220114
PROBE0,10.5,0.5619070208728653
PROBE0,10.5,0.5621442125237192
PROBE0,10.5,0.562381404174573
PROBE0,10.5,0.562618595825427
PROBE0,10.5,0.5628557874762808
PROBE0,10.5,0.5630929791271347
PROBE0,10.5,0.5633301707779886
PROBE0,10.5,0.5635673624288425
PROBE0,10.5,0.5638045540796964
PROBE0,10.5,0.5640417457305503
PROBE0,10.5,0.5642789373814042
PROBE0,10.5,0.5645161290322581
PROBE0,10.5,0.5647533206831119
PROBE0,10.5,0.5649905123339658
PROBE0,10.5,0.5652277039848197
PROBE0,10.5,0.5654648956356736
PROBE0,10.5,0.5657020872865275
PROBE0,10.5,0.5659392789373814
PROBE0,10.5,0.5661764705882353
PROBE0,10.5,0.5664136622390892
PROBE0,10.5,0.5666508538899431
PROBE0,10.5,0.566888045540797
PROBE0,10.5,0.5671252371916509
PROBE0,10.5,0.5673624288425048
PROBE0,10.5,0.5675996204933587
PROBE0,10.5,0.5678368121442126
PROBE0,10.5,0.5680740037950665
PROBE0,10.5,0.5683111954459203
PROBE0,10.5,0.5685483870967742
PROBE0,10.5,0.568785578747628
PROBE0,10.5,0.5690227703984819
PROBE0,10.5,0.5692599620493358
PROBE0,10.5,0.5694971537001897
PROBE0,10.5,0.5697343453510436
PROBE0,10.5,0.5699715370018975
PROBE0,10.5,0.5702087286527514
PROBE0,10.5,0.5704459203036053
PROBE0,10.5,0.5706831119544592
PROBE0,10.5,0.5709203036053131
PROBE0,10.5,0.571157495256167
PROBE0,10.5,0.5713946869070209
PROBE0,10.5,0.5716318785578748
PROBE0,10.5,0.5718690702087287
PROBE0,10.5,0.5721062618595826
PROBE0,10.5,0.5723434535104365
PROBE0,10.5,0.5725806451612904
PROBE0,10.5,0.5728178368121443
PROBE0,10.5,0.573055028462998
PROBE0,10.5,0.573292220113852
PROBE0,10.5,0.5735294117647058
PROBE0,10.5,0.5737666034155597
PROBE0,10.5,0.5740037950664136
PROBE0,10.5,0.5742409867172675
PROBE0,10.5,0.5744781783681214
PROBE0,10.5,0.5747153700189753
PROBE0,10.5,0.5749525616698292
PROBE0,10.5,0.5751897533206831
PROBE0,10.5,0.575426944971537
PROBE0,10.5,0.5756641366223909
PROBE0,10.5,0.5759013282732448
PROBE0,10.5,0.5761385199240987
PROBE0,10.5,0.5763757115749526
PROBE0,10.5,0.5766129032258065
PROBE0,10.5,0.5768500948766604
PROBE0,10.5,0.5770872865275142
PROBE0,10.5,0.5773244781783681
PROBE0,10.5,0.577561669829222
PROBE0,10.5,0.5777988614800759
PROBE0,10.5,0.5780360531309298
PROBE0,10.5,0.5782732447817837
PROBE0,10.5,0.5785104364326376
PROBE0,10.5,0.5787476280834914
PROBE0,10.5,0.5789848197343453
PROBE0,10.5,0.5792220113851992
PROBE0,10.5,0.5794592030360531
PROBE0,10.5,0.579696394686907
PROBE0,10.5,0.5799335863377609
PROBE0,10.5,0.5801707779886148
PROBE0,10.5,0.5804079696394687
PROBE0,10.5,0.5806451612903226
PROBE0,10.5,0.5808823529411765
PROBE0,10.5,0.5811195445920304
PROBE0,10.5,0.5813567362428842
PROBE0,10.5,0.5815939278937381
PROBE0,10.5,0.581831119544592
PROBE0,10.5,0.5820683111954459
PROBE0,10.5,0.5823055028462998
PROBE0,10.5,0.5825426944971537
PROBE0,10.5,0.5827798861480076
PROBE0,10.5,0.5830170777988615
PROBE0,10.5,0.5832542694497154
PROBE0,10.5,0.5834914611005693
PROBE0,10.5,0.5837286527514232
PROBE0,10.5,0.5839658444022771
PROBE0,10.5,0.584203036053131
PROBE0,10.5,0.5844402277039848
PROBE0,10.5,0.5846774193548387
PROBE0,10.5,0.5849146110056926
PROBE0,10.5,0.5851518026565465
PROBE0,10.5,0.5853889943074004
PROBE0,10.5,0.5856261859582542
PROBE0,10.5,0.5858633776091081
PROBE0,10.5,0.586100569259962
PROBE0,10.5,0.5863377609108159
PROBE0,10.5,0.5865749525616698
PROBE0,10.5,0.5868121442125237
PROBE0,10.5,0.5870493358633776
PROBE0,10.5,0.5872865275142315
PROBE0,10.5,0.5875237191650854
PROBE0,10.5,0.5877609108159393
PROBE0,10.5,0.5879981024667932
PROBE0,10.5,0.5882352941176471
PROBE0,11.55,0.588472485768501
PROBE0,11.55,0.5887096774193549
PROBE0,11.55,0.5889468690702088
PROBE0,11.55,0.5891840607210627
PROBE0,11.55,0.5894212523719166
PROBE0,11.55,0.5896584440227703
PROBE0,11.55,0.5898956356736242
PROBE0,11.55,0.5901328273244781
PROBE0,11.55,0.590370018975332
PROBE0,11.55,0.5906072106261859
PROBE0,11.55,0.5908444022770398
PROBE0,11.55,0.5910815939278937
PROBE0,11.55,0.5913187855787476
PROBE0,11.55,0.5915559772296015
PROBE0,11.55,0.5917931688804554
PROBE0,11.55,0.5920303605313093
PROBE0,11.55,0.5922675521821632
PROBE0,11.55,0.5925047438330171
PROBE0,11.55,0.592741935483871
PROBE0,11.55,0.5929791271347249
PROBE0,11.55,0.5932163187855788
PROBE0,11.55,0.5934535104364327
PROBE0,11.55,0.5936907020872866
PROBE0,11.55,0.5939278937381404
PROBE0,11.55,0.5941650853889943
PROBE0,11.55,0.5944022770398482
PROBE0,11.55,0.594639468690702
PROBE0,11.55,0.594876660341556
PROBE0,11.55,0.5951138519924098
PROBE0,11.55,0.5953510436432637
PROBE0,11.55,0.5955882352941176
PROBE0,11.55,0.5958254269449715
PROBE0,11.55,0.5960626185958254
PROBE0,11.55,0.5962998102466793
PROBE0,11.55,0.5965370018975332
PROBE0,11.55,0.5967741935483871
PROBE0,11.55,0.597011385199241
PROBE0,11.55,0.5972485768500949
PROBE0,11.55,0.5974857685009488
PROBE0,11.55,0.5977229601518027
PROBE0,11.55,0.5979601518026565
PROBE0,11.55,0.5981973434535104
PROBE0,11.55,0.5984345351043643
PROBE0,11.55,0.5986717267552182
PROBE0,11.55,0.5989089184060721
PROBE0,11.55,0.599146110056926
PROBE0,11.55,0.5993833017077799
PROBE0,11.55,0.5996204933586338
PROBE0,11.55,0.5998576850094877
PROBE0,11.55,0.6000948766603416
PROBE0,11.55,0.6003320683111955
PROBE0,11.55,0.6005692599620494
PROBE0,11.55,0.6008064516129032
PROBE0,11.55,0.6010436432637571
PROBE0,11.55,0.601280834914611
PROBE0,11.55,0.6015180265654649
PROBE0,11.55,0.6017552182163188
PROBE0,11.55,0.6019924098671727
PROBE0,11.55,0.6022296015180265
PROBE0,11.55,0.6024667931688804
PROBE0,11.55,0.6027039848197343
PROBE0,11.55,0.6029411764705882
PROBE0,11.55,0.6031783681214421
PROBE0,11.55,0.603415559772296
PROBE0,11.55,0.6036527514231499
PROBE0,11.55,0.6038899430740038
PROBE0,11.55,0.6041271347248577
PROBE0,11.55,0.6043643263757116
PROBE0,11.55,0.6046015180265655
PROBE0,11.55,0.6048387096774194
PROBE0,11.55,0.6050759013282733
PROBE0,11.55,0.6053130929791272
PROBE0,11.55,0.6055502846299811
PROBE0,11.55,0.605787476280835
PROBE0,11.55,0.6060246679316889
PROBE0,11.55,0.6062618595825426
PROBE0,11.55,0.6064990512333965
PROBE0,11.55,0.6067362428842504
PROBE0,11.55,0.6069734345351043
PROBE0,11.55,0.6072106261859582
PROBE0,11.55,0.6074478178368121
PROBE0,11.55,0.607685009487666
PROBE0,11.55,0.6079222011385199
PROBE0,11.55,0.6081593927893738
PROBE0,11.55,0.6083965844402277
PROBE0,11.55,0.6086337760910816
PROBE0,11.55,0.6088709677419355
PROBE0,11.55,0.6091081593927894
PROBE0,11.55,0.6093453510436433
PROBE0,11.55,0.6095825426944972
PROBE0,11.55,0.6098197343453511
PROBE0,11.55,0.610056925996205
PROBE0,11.55,0.6102941176470589
PROBE0,11.55,0.6105313092979127
PROBE0,11.55,0.6107685009487666
PROBE0,11.55,0.6110056925996205
PROBE0,11.55,0.6112428842504743
PROBE0,11.55,0.6114800759013282
PROBE0,11.55,0.6117172675521821
PROBE0,11.55,0.611954459203036
PROBE0,11.55,0.6121916508538899
PROBE0,11.55,0.6124288425047438
PROBE0,11.55,0.6126660341555977
PROBE0,11.55,0.6129032258064516
PROBE0,11.55,0.6131404174573055
PROBE0,11.55,0.6133776091081594
PROBE0,11.55,0.6136148007590133
PROBE0,11.55,0.6138519924098672
PROBE0,11.55,0.6140891840607211
PROBE0,11.55,0.614326375711575
PROBE0,11.55,0.6145635673624289
PROBE0,11.55,0.6148007590132827
PROBE0,11.55,0.6150379506641366
PROBE0,11.55,0.6152751423149905
PROBE0,11.55,0.6155123339658444
PROBE0,11.55,0.6157495256166983
PROBE0,11.55,0.6159867172675522
PROBE0,11.55,0.6162239089184061
PROBE0,11.55,0.61646110056926
PROBE0,11.55,0.6166982922201139
PROBE0,11.55,0.6169354838709677
PROBE0,11.55,0.6171726755218216
PROBE0,11.55,0.6174098671726755
PROBE0,11.55,0.6176470588235294
PROBE0,11.55,0.6178842504743833
PROBE0,11.55,0.6181214421252372
PROBE0,11.55,0.6183586337760911
PROBE0,11.55,0.618595825426945
PROBE0,11.55,0.6188330170777988
PROBE0,11.55,0.6190702087286527
PROBE0,11.55,0.6193074003795066
PROBE0,11.55,0.6195445920303605
PROBE0,11.55,0.6197817836812144
PROBE0,11.55,0.6200189753320683
PROBE0,11.55,0.6202561669829222
PROBE0,11.55,0.6204933586337761
PROBE0,11.55,0.62073055028463
PROBE0,11.55,0.6209677419354839
PROBE0,11.55,0.6212049335863378
PROBE0,11.55,0.6214421252371917
PROBE0,11.55,0.6216793168880456
PROBE0,11.55,0.6219165085388995
PROBE0,11.55,0.6221537001897534
PROBE0,11.55,0.6223908918406073
PROBE0,11.55,0.6226280834914611
PROBE0,11.55,0.622865275142315
PROBE0,11.55,0.6231024667931688
PROBE0,11.55,0.6233396584440227
PROBE0,11.55,0.6235768500948766
PROBE0,11.55,0.6238140417457305
PROBE0,11.55,0.6240512333965844
PROBE0,11.55,0.6242884250474383
PROBE0,11.55,0.6245256166982922
PROBE0,11.55,0.6247628083491461
PROBE0,11.55,0.625
PROBE0,11.55,0.6252371916508539
PROBE0,11.55,0.6254743833017078
PROBE0,11.55,0.6257115749525617
PROBE0,11.55,0.6259487666034156
PROBE0,11.55,0.6261859582542695
PROBE0,11.55,0.6264231499051234
PROBE0,11.55,0.6266603415559773
PROBE0,11.55,0.6268975332068312
PROBE0,11.55,0.627134724857685
PROBE0,11.55,0.6273719165085389
PROBE0,11.55,0.6276091081593927
PROBE0,11.55,0.6278462998102466
PROBE0,11.55,0.6280834914611005
PROBE0,11.55,0.6283206831119544
PROBE0,11.55,0.6285578747628083
PROBE0,11.55,0.6287950664136622
PROBE0,11.55,0.6290322580645161
PROBE0,11.55,0.62926944971537
PROBE0,11.55,0.6295066413662239
PROBE0,11.55,0.6297438330170778
PROBE0,11.55,0.6299810246679317
PROBE0,11.55,0.6302182163187856
PROBE0,11.55,0.6304554079696395
PROBE0,11.55,0.6306925996204934
PROBE0,11.55,0.6309297912713473
PROBE0,11.55,0.6311669829222012
PROBE0,11.55,0.631404174573055
PROBE0,11.55,0.6316413662239089
PROBE0,11.55,0.6318785578747628
PROBE0,11.55,0.6321157495256167
PROBE0,11.55,0.6323529411764706
PROBE0,11.55,0.6325901328273245
PROBE0,11.55,0.6328273244781784
PROBE0,11.55,0.6330645161290323
PROBE0,11.55,0.6333017077798861
PROBE0,11.55,0.63353889943074
PROBE0,11.55,0.6337760910815939
PROBE0,11.55,0.6340132827324478
PROBE0,11.55,0.6342504743833017
PROBE0,11.55,0.6344876660341556
PROBE0,11.55,0.6347248576850095
PROBE0,11.55,0.6349620493358634
PROBE0,11.55,0.6351992409867173
PROBE0,11.55,0.6354364326375711
PROBE0,11.55,0.635673624288425
PROBE0,11.55,0.6359108159392789
PROBE0,11.55,0.6361480075901328
PROBE0,11.55,0.6363851992409867
PROBE0,11.55,0.6366223908918406
PROBE0,11.55,0.6368595825426945
PROBE0,11.55,0.6370967741935484
PROBE0,11.55,0.6373339658444023
PROBE0,11.55,0.6375711574952562
PROBE0,11.55,0.6378083491461101
PROBE0,11.55,0.638045540796964
PROBE0,11.55,0.6382827324478179
PROBE0,11.55,0.6385199240986718
PROBE0,11.55,0.6387571157495257
PROBE0,11.55,0.6389943074003795
PROBE0,11.55,0.6392314990512334
PROBE0,11.55,0.6394686907020873
PROBE0,11.55,0.6397058823529411
PROBE0,11.55,0.639943074003795
PROBE0,11.55,0.6401802656546489
PROBE0,11.55,0.6404174573055028
PROBE0,11.55,0.6406546489563567
PROBE0,11.55,0.6408918406072106
PROBE0,11.55,0.6411290322580645
PROBE0,11.55,0.6413662239089184
PROBE0,11.55,0.6416034155597723
PROBE0,11.55,0.6418406072106262
PROBE0,11.55,0.6420777988614801
PROBE0,11.55,0.642314990512334
PROBE0,11.55,0.6425521821631879
PROBE0,11.55,0.6427893738140418
PROBE0,11.55,0.6430265654648957
PROBE0,11.55,0.6432637571157496
PROBE0,11.55,0.6435009487666035
PROBE0,11.55,0.6437381404174574
PROBE0,11.55,0.6439753320683111
PROBE0,11.55,0.644212523719165
PROBE0,11.55,0.6444497153700189
PROBE0,11.55,0.6446869070208728
PROBE0,11.55,0.6449240986717267
PROBE0,11.55,0.6451612903225806
PROBE0,11.55,0.6453984819734345
PROBE0,11.55,0.6456356736242884
PROBE0,11.55,0.6458728652751423
PROBE0,11.55,0.6461100569259962
PROBE0,11.55,0.6463472485768501
PROBE0,11.55,0.646584440227704
PROBE0,11.55,0.6468216318785579
PROBE0,11.55,0.6470588235294118
PROBE0,12.599999999999998,0.6472960151802657
PROBE0,12.599999999999998,0.6475332068311196
PROBE0,12.599999999999998,0.6477703984819735
PROBE0,12.599999999999998,0.6480075901328273
PROBE0,12.599999999999998,0.6482447817836812
PROBE0,12.599999999999998,0.6484819734345351
PROBE0,12.599999999999998,0.648719165085389
PROBE0,12.599999999999998,0.6489563567362429
PROBE0,12.599999999999998,0.6491935483870968
PROBE0,12.599999999999998,0.6494307400379506
PROBE0,12.599999999999998,0.6496679316888045
PROBE0,12.599999999999998,0.6499051233396584
PROBE0,12.599999999999998,0.6501423149905123
PROBE0,12.599999999999998,0.6503795066413662
PROBE0,12.599999999999998,0.6506166982922201
PROBE0,12.599999999999998,0.650853889943074
PROBE0,12.599999999999998,0.6510910815939279
PROBE0,12.599999999999998,0.6513282732447818
PROBE0,12.599999999999998,0.6515654648956357
PROBE0,12.599999999999998,0.6518026565464896
PROBE0,12.599999999999998,0.6520398481973435
PROBE0,12.599999999999998,0.6522770398481973
PROBE0,12.599999999999998,0.6525142314990512
PROBE0,12.599999999999998,0.6527514231499051
PROBE0,12.599999999999998,0.652988614800759
PROBE0,12.599999999999998,0.6532258064516129
PROBE0,12.599999999999998,0.6534629981024668
PROBE0,12.599999999999998,0.6537001897533207
PROBE0,12.599999999999998,0.6539373814041746
PROBE0,12.599999999999998,0.6541745730550285
PROBE0,12.599999999999998,0.6544117647058824
PROBE0,12.599999999999998,0.6546489563567363
PROBE0,12.599999999999998,0.6548861480075902
PROBE0,12.599999999999998,0.655123339658444
PROBE0,12.599999999999998,0.655360531309298
PROBE0,12.599999999999998,0.6555977229601518
PROBE0,12.599999999999998,0.6558349146110057
PROBE0,12.599999999999998,0.6560721062618596
PROBE0,12.599999999999998,0.6563092979127134
PROBE0,12.599999999999998,0.6565464895635673
PROBE0,12.599999999999998,0.6567836812144212
PROBE0,12.599999999999998,0.6570208728652751
PROBE0,12.599999999999998,0.657258064516129
PROBE0,12.599999999999998,0.6574952561669829
PROBE0,12.599999999999998,0.6577324478178368
PROBE0,12.599999999999998,0.6579696394686907
PROBE0,12.599999999999998,0.6582068311195446
PROBE0,12.599999999999998,0.6584440227703985
PROBE0,12.599999999999998,0.6586812144212524
PROBE0,12.599999999999998,0.6589184060721063
PROBE0,12.599999999999998,0.6591555977229602
PROBE0,12.599999999999998,0.6593927893738141
PROBE0,12.599999999999998,0.659629981024668
PROBE0,12.599999999999998,0.6598671726755219
PROBE0,12.599999999999998,0.6601043643263758
PROBE0,12.599999999999998,0.6603415559772297
PROBE0,12.599999999999998,0.6605787476280834
PROBE0,12.599999999999998,0.6608159392789373
PROBE0,12.599999999999998,0.6610531309297912
PROBE0,12.599999999999998,0.6612903225806451
PROBE0,12.599999999999998,0.661527514231499
PROBE0,12.599999999999998,0.6617647058823529
PROBE0,12.599999999999998,0.6620018975332068
PROBE0,12.599999999999998,0.6622390891840607
PROBE0,12.599999999999998,0.6624762808349146
PROBE0,12.599999999999998,0.6627134724857685
PROBE0,12.599999999999998,0.6629506641366224
PROBE0,12.599999999999998,0.6631878557874763
PROBE0,12.599999999999998,0.6634250474383302
PROBE0,12.599999999999998,0.6636622390891841
PROBE0,12.599999999999998,0.663899430740038
PROBE0,12.599999999999998,0.6641366223908919
PROBE0,12.599999999999998,0.6643738140417458
PROBE0,12.599999999999998,0.6646110056925996
PROBE0,12.599999999999998,0.6648481973434535
PROBE0,12.599999999999998,0.6650853889943074
PROBE0,12.599999999999998,0.6653225806451613
PROBE0,12.599999999999998,0.6655597722960152
PROBE0,12.599999999999998,0.665796963946869
PROBE0,12.599999999999998,0.6660341555977229
PROBE0,12.599999999999998,0.6662713472485768
PROBE0,12.599999999999998,0.6665085388994307
PROBE0,12.599999999999998,0.6667457305502846
PROBE0,12.599999999999998,0.6669829222011385
PROBE0,12.599999999999998,0.6672201138519924
PROBE0,12.599999999999998,0.6674573055028463
PROBE0,12.599999999999998,0.6676944971537002
PROBE0,12.599999999999998,0.6679316888045541
PROBE0,12.599999999999998,0.668168880455408
PROBE0,12.599999999999998,0.6684060721062619
PROBE0,12.599999999999998,0.6686432637571158
PROBE0,12.599999999999998,0.6688804554079696
PROBE0,12.599999999999998,0.6691176470588235
PROBE0,12.599999999999998,0.6693548387096774
PROBE0,12.599999999999998,0.6695920303605313
PROBE0,12.599999999999998,0.6698292220113852
PROBE0,12.599999999999998,0.6700664136622391
PROBE0,12.599999999999998,0.670303605313093
PROBE0,12.599999999999998,0.6705407969639469
PROBE0,12.599999999999998,0.6707779886148008
PROBE0,12.599999999999998,0.6710151802656547
PROBE0,12.599999999999998,0.6712523719165086
PROBE0,12.599999999999998,0.6714895635673624
PROBE0,12.599999999999998,0.6717267552182163
PROBE0,12.599999999999998,0.6719639468690702
PROBE0,12.599999999999998,0.6722011385199241
PROBE0,12.599999999999998,0.672438330170778
PROBE0,12.599999999999998,0.6726755218216319
PROBE0,12.599999999999998,0.6729127134724858
PROBE0,12.599999999999998,0.6731499051233396
PROBE0,12.599999999999998,0.6733870967741935
PROBE0,12.599999999999998,0.6736242884250474
PROBE0,12.599999999999998,0.6738614800759013
PROBE0,12.599999999999998,0.6740986717267552
PROBE0,12.599999999999998,0.6743358633776091
PROBE0,12.599999999999998,0.674573055028463
PROBE0,12.599999999999998,0.6748102466793169
PROBE0,12.599999999999998,0.6750474383301708
PROBE0,12.599999999999998,0.6752846299810247
PROBE0,12.599999999999998,0.6755218216318786
PROBE0,12.599999999999998,0.6757590132827325
PROBE0,12.599999999999998,0.6759962049335864
PROBE0,12.599999999999998,0.6762333965844403
PROBE0,12.599999999999998,0.6764705882352942
PROBE0,12.599999999999998,0.676707779886148
PROBE0,12.599999999999998,0.676944971537002
PROBE0,12.599999999999998,0.6771821631878557
PROBE0,12.599999999999998,0.6774193548387096
PROBE0,12.599999999999998,0.6776565464895635
PROBE0,12.599999999999998,0.6778937381404174
PROBE0,12.599999999999998,0.6781309297912713
PROBE0,12.599999999999998,0.6783681214421252
PROBE0,12.599999999999998,0.6786053130929791
PROBE0,12.599999999999998,0.678842504743833
PROBE0,12.599999999999998,0.6790796963946869
PROBE0,12.599999999999998,0.6793168880455408
PROBE0,12.599999999999998,0.6795540796963947
PROBE0,12.599999999999998,0.6797912713472486
PROBE0,12.599999999999998,0.6800284629981025
PROBE0,12.599999999999998,0.6802656546489564
PROBE0,12.599999999999998,0.6805028462998103
PROBE0,12.599999999999998,0.6807400379506642
PROBE0,12.599999999999998,0.6809772296015181
PROBE0,12.599999999999998,0.681214421252372
PROBE0,12.599999999999998,0.6814516129032258
PROBE0,12.599999999999998,0.6816888045540797
PROBE0,12.599999999999998,0.6819259962049335
PROBE0,12.599999999999998,0.6821631878557874
PROBE0,12.599999999999998,0.6824003795066413
PROBE0,12.599999999999998,0.6826375711574952
PROBE0,12.599999999999998,0.6828747628083491
PROBE0,12.599999999999998,0.683111954459203
PROBE0,12.599999999999998,0.6833491461100569
PROBE0,12.599999999999998,0.6835863377609108
PROBE0,12.599999999999998,0.6838235294117647
PROBE0,12.599999999999998,0.6840607210626186
PROBE0,12.599999999999998,0.6842979127134725
PROBE0,12.599999999999998,0.6845351043643264
PROBE0,12.599999999999998,0.6847722960151803
PROBE0,12.599999999999998,0.6850094876660342
PROBE0,12.599999999999998,0.6852466793168881
PROBE0,12.599999999999998,0.6854838709677419
PROBE0,12.599999999999998,0.6857210626185958
PROBE0,12.599999999999998,0.6859582542694497
PROBE0,12.599999999999998,0.6861954459203036
PROBE0,12.599999999999998,0.6864326375711575
PROBE0,12.599999999999998,0.6866698292220114
PROBE0,12.599999999999998,0.6869070208728653
PROBE0,12.599999999999998,0.6871442125237192
PROBE0,12.599999999999998,0.687381404174573
PROBE0,12.599999999999998,0.687618595825427
PROBE0,12.599999999999998,0.6878557874762808
PROBE0,12.599999999999998,0.6880929791271347
PROBE0,12.599999999999998,0.6883301707779886
PROBE0,12.599999999999998,0.6885673624288425
PROBE0,12.599999999999998,0.6888045540796964
PROBE0,12.599999999999998,0.6890417457305503
PROBE0,12.599999999999998,0.6892789373814042
PROBE0,12.599999999999998,0.6895161290322581
PROBE0,12.599999999999998,0.6897533206831119
PROBE0,12.599999999999998,0.6899905123339658
PROBE0,12.599999999999998,0.6902277039848197
PROBE0,12.599999999999998,0.6904648956356736
PROBE0,12.599999999999998,0.6907020872865275
PROBE0,12.599999999999998,0.6909392789373814
PROBE0,12.599999999999998,0.6911764705882353
PROBE0,12.599999999999998,0.6914136622390892
PROBE0,12.599999999999998,0.6916508538899431
PROBE0,12.599999999999998,0.691888045540797
PROBE0,12.599999999999998,0.6921252371916509
PROBE0,12.599999999999998,0.6923624288425048
PROBE0,12.599999999999998,0.6925996204933587
PROBE0,12.599999999999998,0.6928368121442126
PROBE0,12.599999999999998,0.6930740037950665
PROBE0,12.599999999999998,0.6933111954459203
PROBE0,12.599999999999998,0.6935483870967742
PROBE0,12.599999999999998,0.693785578747628
PROBE0,12.599999999999998,0.6940227703984819
PROBE0,12.599999999999998,0.6942599620493358
PROBE0,12.599999999999998,0.6944971537001897
PROBE0,12.599999999999998,0.6947343453510436
PROBE0,12.599999999999998,0.6949715370018975
PROBE0,12.599999999999998,0.6952087286527514
PROBE0,12.599999999999998,0.6954459203036053
PROBE0,12.599999999999998,0.6956831119544592
PROBE0,12.599999999999998,0.6959203036053131
PROBE0,12.599999999999998,0.696157495256167
PROBE0,12.599999999999998,0.6963946869070209
PROBE0,12.599999999999998,0.6966318785578748
PROBE0,12.599999999999998,0.6968690702087287
PROBE0,12.599999999999998,0.6971062618595826
PROBE0,12.599999999999998,0.6973434535104365
PROBE0,12.599999999999998,0.6975806451612904
PROBE0,12.599999999999998,0.6978178368121443
PROBE0,12.599999999999998,0.698055028462998
PROBE0,12.599999999999998,0.698292220113852
PROBE0,12.599999999999998,0.6985294117647058
PROBE0,12.599999999999998,0.6987666034155597
PROBE0,12.599999999999998,0.6990037950664136
PROBE0,12.599999999999998,0.6992409867172675
PROBE0,12.599999999999998,0.6994781783681214
PROBE0,12.599999999999998,0.6997153700189753
PROBE0,12.599999999999998,0.6999525616698292
PROBE0,12.599999999999998,0.7001897533206831
PROBE0,12.599999999999998,0.700426944971537
PROBE0,12.599999999999998,0.7006641366223909
PROBE0,12.599999999999998,0.7009013282732448
PROBE0,12.599999999999998,0.7011385199240987
PROBE0,12.599999999999998,0.7013757115749526
PROBE0,12.599999999999998,0.7016129032258065
PROBE0,12.599999999999998,0.7018500948766604
PROBE0,12.599999999999998,0.7020872865275142
PROBE0,12.599999999999998,0.7023244781783681
PROBE0,12.599999999999998,0.702561669829222
PROBE0,12.599999999999998,0.7027988614800759
PROBE0,12.599999999999998,0.7030360531309298
PROBE0,12.599999999999998,0.7032732447817837
PROBE0,12.599999999999998,0.7035104364326376
PROBE0,12.599999999999998,0.7037476280834914
PROBE0,12.599999999999998,0.7039848197343453
PROBE0,12.599999999999998,0.7042220113851992
PROBE0,12.599999999999998,0.7044592030360531
PROBE0,12.599999999999998,0.704696394686907
PROBE0,12.599999999999998,0.7049335863377609
PROBE0,12.599999999999998,0.7051707779886148
PROBE0,12.599999999999998,0.7054079696394687
PROBE0,12.599999999999998,0.7056451612903226
PROBE0,12.599999999999998,0.7058823529411765
PROBE0,13.649999999999999,0.7061195445920304
PROBE0,13.649999999999999,0.7063567362428842
PROBE0,13.649999999999999,0.7065939278937381
PROBE0,13.649999999999999,0.706831119544592
PROBE0,13.649999999999999,0.7070683111954459
PROBE0,13.649999999999999,0.7073055028462998
PROBE0,13.649999999999999,0.7075426944971537
PROBE0,13.649999999999999,0.7077798861480076
PROBE0,13.649999999999999,0.7080170777988615
PROBE0,13.649999999999999,0.7082542694497154
PROBE0,13.649999999999999,0.7084914611005693
PROBE0,13.649999999999999,0.7087286527514232
PROBE0,13.649999999999999,0.7089658444022771
PROBE0,13.649999999999999,0.709203036053131
PROBE0,13.649999999999999,0.7094402277039848
PROBE0,13.649999999999999,0.7096774193548387
PROBE0,13.649999999999999,0.7099146110056926
PROBE0,13.649999999999999,0.7101518026565465
PROBE0,13.649999999999999,0.7103889943074004
PROBE0,13.649999999999999,0.7106261859582542
PROBE0,13.649999999999999,0.7108633776091081
PROBE0,13.649999999999999,0.711100569259962
PROBE0,13.649999999999999,0.7113377609108159
PROBE0,13.649999999999999,0.7115749525616698
PROBE0,13.649999999999999,0.7118121442125237
PROBE0,13.649999999999999,0.7120493358633776
PROBE0,13.649999999999999,0.7122865275142315
PROBE0,13.649999999999999,0.7125237191650854
PROBE0,13.649999999999999,0.7127609108159393
PROBE0,13.649999999999999,0.7129981024667932
PROBE0,13.649999999999999,0.7132352941176471
PROBE0,13.649999999999999,0.713472485768501
PROBE0,13.649999999999999,0.7137096774193549
PROBE0,13.649999999999999,0.7139468690702088
PROBE0,13.649999999999999,0.7141840607210627
PROBE0,13.649999999999999,0.7144212523719166
PROBE0,13.649999999999999,0.7146584440227703
PROBE0,13.649999999999999,0.7148956356736242
PROBE0,13.649999999999999,0.7151328273244781
PROBE0,13.649999999999999,0.715370018975332
PROBE0,13.649999999999999,0.7156072106261859
PROBE0,13.649999999999999,0.7158444022770398
PROBE0,13.649999999999999,0.7160815939278937
PROBE0,13.649999999999999,0.7163187855787476
PROBE0,13.649999999999999,0.7165559772296015
PROBE0,13.649999999999999,0.7167931688804554
PROBE0,13.649999999999999,0.7170303605313093
PROBE0,13.649999999999999,0.7172675521821632
PROBE0,13.649999999999999,0.7175047438330171
PROBE0,13.649999999999999,0.717741935483871
PROBE0,13.649999999999999,0.7179791271347249
PROBE0,13.649999999999999,0.7182163187855788
PROBE0,13.649999999999999,0.7184535104364327
PROBE0,13.649999999999999,0.7186907020872866
PROBE0,13.649999999999999,0.7189278937381404
PROBE0,13.649999999999999,0.7191650853889943
PROBE0,13.649999999999999,0.7194022770398482
PROBE0,13.649999999999999,0.719639468690702
PROBE0,13.649999999999999,0.719876660341556
PROBE0,13.649999999999999,0.7201138519924098
PROBE0,13.649999999999999,0.7203510436432637
PROBE0,13.649999999999999,0.7205882352941176
PROBE0,13.649999999999999,0.7208254269449715
PROBE0,13.649999999999999,0.7210626185958254
PROBE0,13.649999999999999,0.7212998102466793
PROBE0,13.649999999999999,0.7215370018975332
PROBE0,13.649999999999999,0.7217741935483871
PROBE0,13.649999999999999,0.722011385199241
PROBE0,13.649999999999999,0.7222485768500949
PROBE0,13.649999999999999,0.7224857685009488
PROBE0,13.649999999999999,0.7227229601518027
PROBE0,13.649999999999999,0.7229601518026565
PROBE0,13.649999999999999,0.7231973434535104
PROBE0,13.649999999999999,0.7234345351043643
PROBE0,13.649999999999999,0.7236717267552182
PROBE0,13.649999999999999,0.7239089184060721
PROBE0,13.649999999999999,0.724146110056926
PROBE0,13.649999999999999,0.7243833017077799
PROBE0,13.649999999999999,0.7246204933586338
PROBE0,13.649999999999999,0.7248576850094877
PROBE0,13.649999999999999,0.7250948766603416
PROBE0,13.649999999999999,0.7253320683111955
PROBE0,13.649999999999999,0.7255692599620494
PROBE0,13.649999999999999,0.7258064516129032
PROBE0,13.649999999999999,0.7260436432637571
PROBE0,13.649999999999999,0.726280834914611
PROBE0,13.649999999999999,0.7265180265654649
PROBE0,13.649999999999999,0.7267552182163188
PROBE0,13.649999999999999,0.7269924098671727
PROBE0,13.649999999999999,0.7272296015180265
PROBE0,13.649999999999999,0.7274667931688804
PROBE0,13.649999999999999,0.7277039848197343
PROBE0,13.649999999999999,0.7279411764705882
PROBE0,13.649999999999999,0.7281783681214421
PROBE0,13.649999999999999,0.728415559772296
PROBE0,13.649999999999999,0.7286527514231499
PROBE0,13.649999999999999,0.7288899430740038
PROBE0,13.649999999999999,0.7291271347248577
PROBE0,13.649999999999999,0.7293643263757116
PROBE0,13.649999999999999,0.7296015180265655
PROBE0,13.649999999999999,0.7298387096774194
PROBE0,13.649999999999999,0.7300759013282733
PROBE0,13.649999999999999,0.7303130929791272
PROBE0,13.649999999999999,0.7305502846299811
PROBE0,13.649999999999999,0.730787476280835
PROBE0,13.649999999999999,0.7310246679316889
PROBE0,13.649999999999999,0.7312618595825426
PROBE0,13.649999999999999,0.7314990512333965
PROBE0,13.649999999999999,0.7317362428842504
PROBE0,13.649999999999999,0.7319734345351043
PROBE0,13.649999999999999,0.7322106261859582
PROBE0,13.649999999999999,0.7324478178368121
PROBE0,13.649999999999999,0.732685009487666
PROBE0,13.649999999999999,0.7329222011385199
PROBE0,13.649999999999999,0.7331593927893738
PROBE0,13.649999999999999,0.7333965844402277
PROBE0,13.649999999999999,0.7336337760910816
PROBE0,13.649999999999999,0.7338709677419355
PROBE0,13.649999999999999,0.7341081593927894
PROBE0,13.649999999999999,0.7343453510436433
PROBE0,13.649999999999999,0.7345825426944972
PROBE0,13.649999999999999,0.7348197343453511
PROBE0,13.649999999999999,0.735056925996205
PROBE0,13.649999999999999,0.7352941176470589
PROBE0,13.649999999999999,0.7355313092979127
PROBE0,13.649999999999999,0.7357685009487666
PROBE0,13.649999999999999,0.7360056925996205
PROBE0,13.649999999999999,0.7362428842504743
PROBE0,13.649999999999999,0.7364800759013282
PROBE0,13.649999999999999,0.7367172675521821
PROBE0,13.649999999999999,0.736954459203036
PROBE0,13.649999999999999,0.7371916508538899
PROBE0,13.649999999999999,0.7374288425047438
PROBE0,13.649999999999999,0.7376660341555977
PROBE0,13.649999999999999,0.7379032258064516
PROBE0,13.649999999999999,0.7381404174573055
PROBE0,13.649999999999999,0.7383776091081594
PROBE0,13.649999999999999,0.7386148007590133
PROBE0,13.649999999999999,0.7388519924098672
PROBE0,13.649999999999999,0.7390891840607211
PROBE0,13.649999999999999,0.739326375711575
PROBE0,13.649999999999999,0.7395635673624289
PROBE0,13.649999999999999,0.7398007590132827
PROBE0,13.649999999999999,0.7400379506641366
PROBE0,13.649999999999999,0.7402751423149905
PROBE0,13.649999999999999,0.7405123339658444
PROBE0,13.649999999999999,0.7407495256166983
PROBE0,13.649999999999999,0.7409867172675522
PROBE0,13.649999999999999,0.7412239089184061
PROBE0,13.649999999999999,0.74146110056926
PROBE0,13.649999999999999,0.7416982922201139
PROBE0,13.649999999999999,0.7419354838709677
PROBE0,13.649999999999999,0.7421726755218216
PROBE0,13.649999999999999,0.7424098671726755
PROBE0,13.649999999999999,0.7426470588235294
PROBE0,13.649999999999999,0.7428842504743833
PROBE0,13.649999999999999,0.7431214421252372
PROBE0,13.649999999999999,0.7433586337760911
PROBE0,13.649999999999999,0.743595825426945
PROBE0,13.649999999999999,0.7438330170777988
PROBE0,13.649999999999999,0.7440702087286527
PROBE0,13.649999999999999,0.7443074003795066
PROBE0,13.649999999999999,0.7445445920303605
PROBE0,13.649999999999999,0.7447817836812144
PROBE0,13.649999999999999,0.7450189753320683
PROBE0,13.649999999999999,0.7452561669829222
PROBE0,13.649999999999999,0.7454933586337761
PROBE0,13.649999999999999,0.74573055028463
PROBE0,13.649999999999999,0.7459677419354839
PROBE0,13.649999999999999,0.7462049335863378
PROBE0,13.649999999999999,0.7464421252371917
PROBE0,13.649999999999999,0.7466793168880456
PROBE0,13.649999999999999,0.7469165085388995
PROBE0,13.649999999999999,0.7471537001897534
PROBE0,13.649999999999999,0.7473908918406073
PROBE0,13.649999999999999,0.7476280834914611
PROBE0,13.649999999999999,0.747865275142315
PROBE0,13.649999999999999,0.7481024667931688
PROBE0,13.649999999999999,0.7483396584440227
PROBE0,13.649999999999999,0.7485768500948766
PROBE0,13.649999999999999,0.7488140417457305
PROBE0,13.649999999999999,0.7490512333965844
PROBE0,13.649999999999999,0.7492884250474383
PROBE0,13.649999999999999,0.7495256166982922
PROBE0,13.649999999999999,0.7497628083491461
PROBE0,13.649999999999999,0.75
PROBE0,13.649999999999999,0.7502371916508539
PROBE0,13.649999999999999,0.7504743833017078
PROBE0,13.649999999999999,0.7507115749525617
PROBE0,13.649999999999999,0.7509487666034156
PROBE0,13.649999999999999,0.7511859582542695
PROBE0,13.649999999999999,0.7514231499051234
PROBE0,13.649999999999999,0.7516603415559773
PROBE0,13.649999999999999,0.7518975332068312
PROBE0,13.649999999999999,0.752134724857685
PROBE0,13.649999999999999,0.7523719165085389
PROBE0,13.649999999999999,0.7526091081593927
PROBE0,13.649999999999999,0.7528462998102466
PROBE0,13.649999999999999,0.7530834914611005
PROBE0,13.649999999999999,0.7533206831119544
PROBE0,13.649999999999999,0.7535578747628083
PROBE0,13.649999999999999,0.7537950664136622
PROBE0,13.649999999999999,0.7540322580645161
PROBE0,13.649999999999999,0.75426944971537
PROBE0,13.649999999999999,0.7545066413662239
PROBE0,13.649999999999999,0.7547438330170778
PROBE0,13.649999999999999,0.7549810246679317
PROBE0,13.649999999999999,0.7552182163187856
PROBE0,13.649999999999999,0.7554554079696395
PROBE0,13.649999999999999,0.7556925996204934
PROBE0,13.649999999999999,0.7559297912713473
PROBE0,13.649999999999999,0.7561669829222012
PROBE0,13.649999999999999,0.756404174573055
PROBE0,13.649999999999999,0.7566413662239089
PROBE0,13.649999999999999,0.7568785578747628
PROBE0,13.649999999999999,0.7571157495256167
PROBE0,13.649999999999999,0.7573529411764706
PROBE0,13.649999999999999,0.7575901328273245
PROBE0,13.649999999999999,0.7578273244781784
PROBE0,13.649999999999999,0.7580645161290323
PROBE0,13.649999999999999,0.7583017077798861
PROBE0,13.649999999999999,0.75853889943074
PROBE0,13.649999999999999,0.7587760910815939
PROBE0,13.649999999999999,0.7590132827324478
PROBE0,13.649999999999999,0.7592504743833017
PROBE0,13.649999999999999,0.7594876660341556
PROBE0,13.649999999999999,0.7597248576850095
PROBE0,13.649999999999999,0.7599620493358634
PROBE0,13.649999999999999,0.7601992409867173
PROBE0,13.649999999999999,0.7604364326375711
PROBE0,13.649999999999999,0.760673624288425
PROBE0,13.649999999999999,0.7609108159392789
PROBE0,13.649999999999999,0.7611480075901328
PROBE0,13.649999999999999,0.7613851992409867
PROBE0,13.649999999999999,0.7616223908918406
PROBE0,13.649999999999999,0.7618595825426945
PROBE0,13.649999999999999,0.7620967741935484
PROBE0,13.649999999999999,0.7623339658444023
PROBE0,13.649999999999999,0.7625711574952562
PROBE0,13.649999999999999,0.7628083491461101
PROBE0,13.649999999999999,0.763045540796964
PROBE0,13.649999999999999,0.7632827324478179
PROBE0,13.649999999999999,0.7635199240986718
PROBE0,13.649999999999999,0.7637571157495257
PROBE0,13.649999999999999,0.7639943074003795
PROBE0,13.649999999999999,0.7642314990512334
PROBE0,13.649999999999999,0.7644686907020873
PROBE0,13.649999999999999,0.7647058823529411
PROBE0,14.675,0.764943074003795
PROBE0,14.675,0.7651802656546489
PROBE0,14.675,0.7654174573055028
PROBE0,14.675,0.7656546489563567
PROBE0,14.675,0.7658918406072106
PROBE0,14.675,0.7661290322580645
PROBE0,14.675,0.7663662239089184
PROBE0,14.675,0.7666034155597723
PROBE0,14.675,0.7668406072106262
PROBE0,14.675,0.7670777988614801
PROBE0,14.675,0.767314990512334
PROBE0,14.675,0.7675521821631879
PROBE0,14.675,0.7677893738140418
PROBE0,14.675,0.7680265654648957
PROBE0,14.675,0.7682637571157496
PROBE0,14.675,0.7685009487666035
PROBE0,14.675,0.7687381404174574
PROBE0,14.675,0.7689753320683111
PROBE0,14.675,0.769212523719165
PROBE0,14.675,0.7694497153700189
PROBE0,14.675,0.7696869070208728
PROBE0,14.675,0.7699240986717267
PROBE0,14.675,0.7701612903225806
PROBE0,14.675,0.7703984819734345
PROBE0,14.675,0.7706356736242884
PROBE0,14.675,0.7708728652751423
PROBE0,14.675,0.7711100569259962
PROBE0,14.675,0.7713472485768501
PROBE0,14.675,0.771584440227704
PROBE0,14.675,0.7718216318785579
PROBE0,14.675,0.7720588235294118
PROBE0,14.675,0.7722960151802657
PROBE0,14.675,0.7725332068311196
PROBE0,14.675,0.7727703984819735
PROBE0,14.675,0.7730075901328273
PROBE0,14.675,0.7732447817836812
PROBE0,14.675,0.7734819734345351
PROBE0,14.675,0.773719165085389
PROBE0,14.675,0.7739563567362429
PROBE0,14.675,0.7741935483870968
PROBE0,14.675,0.7744307400379506
PROBE0,14.675,0.7746679316888045
PROBE0,14.675,0.7749051233396584
PROBE0,14.675,0.7751423149905123
PROBE0,14.675,0.7753795066413662
PROBE0,14.675,0.7756166982922201
PROBE0,14.675,0.775853889943074
PROBE0,14.675,0.7760910815939279
PROBE0,14.675,0.7763282732447818
PROBE0,14.675,0.7765654648956357
PROBE0,14.675,0.7768026565464896
PROBE0,14.675,0.7770398481973435
PROBE0,14.675,0.7772770398481973
PROBE0,14.675,0.7775142314990512
PROBE0,14.675,0.7777514231499051
PROBE0,14.675,0.777988614800759
PROBE0,14.675,0.7782258064516129
PROBE0,14.675,0.7784629981024668
PROBE0,14.675,0.7787001897533207
PROBE0,14.675,0.7789373814041746
PROBE0,14.675,0.7791745730550285
PROBE0,14.675,0.7794117647058824
PROBE0,14.675,0.7796489563567363
PROBE0,14.675,0.7798861480075902
PROBE0,14.675,0.780123339658444
PROBE0,14.675,0.780360531309298
PROBE0,14.675,0.7805977229601518
PROBE0,14.675,0.7808349146110057
PROBE0,14.675,0.7810721062618596
PROBE0,14.675,0.7813092979127134
PROBE0,14.675,0.7815464895635673
PROBE0,14.675,0.7817836812144212
PROBE0,14.675,0.7820208728652751
PROBE0,14.675,0.782258064516129
PROBE0,14.675,0.7824952561669829
PROBE0,14.675,0.7827324478178368
PROBE0,14.675,0.7829696394686907
PROBE0,14.675,0.7832068311195446
PROBE0,14.675,0.7834440227703985
PROBE0,14.675,0.7836812144212524
PROBE0,14.675,0.7839184060721063
PROBE0,14.675,0.7841555977229602
PROBE0,14.675,0.7843927893738141
PROBE0,14.675,0.784629981024668
PROBE0,14.675,0.7848671726755219
PROBE0,14.675,0.7851043643263758
PROBE0,14.675,0.7853415559772297
PROBE0,14.675,0.7855787476280834
PROBE0,14.675,0.7858159392789373
PROBE0,14.675,0.7860531309297912
PROBE0,14.675,0.7862903225806451
PROBE0,14.675,0.786527514231499
PROBE0,14.675,0.7867647058823529
PROBE0,14.675,0.7870018975332068
PROBE0,14.675,0.7872390891840607
PROBE0,14.675,0.7874762808349146
PROBE0,14.675,0.7877134724857685
PROBE0,14.675,0.7879506641366224
PROBE0,14.675,0.7881878557874763
PROBE0,14.675,0.7884250474383302
PROBE0,14.675,0.7886622390891841
PROBE0,14.675,0.788899430740038
PROBE0,14.675,0.7891366223908919
PROBE0,14.675,0.7893738140417458
PROBE0,14.675,0.7896110056925996
PROBE0,14.675,0.7898481973434535
PROBE0,14.675,0.7900853889943074
PROBE0,14.675,0.7903225806451613
PROBE0,14.675,0.7905597722960152
PROBE0,14.675,0.790796963946869
PROBE0,14.675,0.7910341555977229
PROBE0,14.675,0.7912713472485768
PROBE0,14.675,0.7915085388994307
PROBE0,14.675,0.7917457305502846
PROBE0,14.675,0.7919829222011385
PROBE0,14.675,0.7922201138519924
PROBE0,14.675,0.7924573055028463
PROBE0,14.675,0.7926944971537002
PROBE0,14.675,0.7929316888045541
PROBE0,14.675,0.793168880455408
PROBE0,14.675,0.7934060721062619
PROBE0,14.675,0.7936432637571158
PROBE0,14.675,0.7938804554079696
PROBE0,14.675,0.7941176470588235
PROBE0,14.675,0.7943548387096774
PROBE0,14.675,0.7945920303605313
PROBE0,14.675,0.7948292220113852
PROBE0,14.675,0.7950664136622391
PROBE0,14.675,0.795303605313093
PROBE0,14.675,0.7955407969639469
PROBE0,14.675,0.7957779886148008
PROBE0,14.675,0.7960151802656547
PROBE0,14.675,0.7962523719165086
PROBE0,14.675,0.7964895635673624
PROBE0,14.675,0.7967267552182163
PROBE0,14.675,0.7969639468690702
PROBE0,14.675,0.7972011385199241
PROBE0,14.675,0.797438330170778
PROBE0,14.675,0.7976755218216319
PROBE0,14.675,0.7979127134724858
PROBE0,14.675,0.7981499051233396
PROBE0,14.675,0.7983870967741935
PROBE0,14.675,0.7986242884250474
PROBE0,14.675,0.7988614800759013
PROBE0,14.675,0.7990986717267552
PROBE0,14.675,0.7993358633776091
PROBE0,14.675,0.799573055028463
PROBE0,14.675,0.7998102466793169
PROBE0,14.675,0.8000474383301708
PROBE0,14.675,0.8002846299810247
PROBE0,14.675,0.8005218216318786
PROBE0,14.675,0.8007590132827325
PROBE0,14.675,0.8009962049335864
PROBE0,14.675,0.8012333965844403
PROBE0,14.675,0.8014705882352942
PROBE0,14.675,0.801707779886148
PROBE0,14.675,0.801944971537002
PROBE0,14.675,0.8021821631878557
PROBE0,14.675,0.8024193548387096
PROBE0,14.675,0.8026565464895635
PROBE0,14.675,0.8028937381404174
PROBE0,14.675,0.8031309297912713
PROBE0,14.675,0.8033681214421252
PROBE0,14.675,0.8036053130929791
PROBE0,14.675,0.803842504743833
PROBE0,14.675,0.8040796963946869
PROBE0,14.675,0.8043168880455408
PROBE0,14.675,0.8045540796963947
PROBE0,14.675,0.8047912713472486
PROBE0,14.675,0.8050284629981025
PROBE0,14.675,0.8052656546489564
PROBE0,14.675,0.8055028462998103
PROBE0,14.675,0.8057400379506642
PROBE0,14.675,0.8059772296015181
PROBE0,14.675,0.806214421252372
PROBE0,14.675,0.8064516129032258
PROBE0,14.675,0.8066888045540797
PROBE0,14.675,0.8069259962049335
PROBE0,14.675,0.8071631878557874
PROBE0,14.675,0.8074003795066413
PROBE0,14.675,0.8076375711574952
PROBE0,14.675,0.8078747628083491
PROBE0,14.675,0.808111954459203
PROBE0,14.675,0.8083491461100569
PROBE0,14.675,0.8085863377609108
PROBE0,14.675,0.8088235294117647
PROBE0,14.675,0.8090607210626186
PROBE0,14.675,0.8092979127134725
PROBE0,14.675,0.8095351043643264
PROBE0,14.675,0.8097722960151803
PROBE0,14.675,0.8100094876660342
PROBE0,14.675,0.8102466793168881
PROBE0,14.675,0.8104838709677419
PROBE0,14.675,0.8107210626185958
PROBE0,14.675,0.8109582542694497
PROBE0,14.675,0.8111954459203036
PROBE0,14.675,0.8114326375711575
PROBE0,14.675,0.8116698292220114
PROBE0,14.675,0.8119070208728653
PROBE0,14.675,0.8121442125237192
PROBE0,14.675,0.812381404174573
PROBE0,14.675,0.812618595825427
PROBE0,14.675,0.8128557874762808
PROBE0,14.675,0.8130929791271347
PROBE0,14.675,0.8133301707779886
PROBE0,14.675,0.8135673624288425
PROBE0,14.675,0.8138045540796964
PROBE0,14.675,0.8140417457305503
PROBE0,14.675,0.8142789373814042
PROBE0,14.675,0.8145161290322581
PROBE0,14.675,0.8147533206831119
PROBE0,14.675,0.8149905123339658
PROBE0,14.675,0.8152277039848197
PROBE0,14.675,0.8154648956356736
PROBE0,14.675,0.8157020872865275
PROBE0,14.675,0.8159392789373814
PROBE0,14.675,0.8161764705882353
PROBE0,14.675,0.8164136622390892
PROBE0,14.675,0.8166508538899431
PROBE0,14.675,0.816888045540797
PROBE0,14.675,0.8171252371916509
PROBE0,14.675,0.8173624288425048
PROBE0,14.675,0.8175996204933587
PROBE0,14.675,0.8178368121442126
PROBE0,14.675,0.8180740037950665
PROBE0,14.675,0.8183111954459203
PROBE0,14.675,0.8185483870967742
PROBE0,14.675,0.818785578747628
PROBE0,14.675,0.8190227703984819
PROBE0,14.675,0.8192599620493358
PROBE0,14.675,0.8194971537001897
PROBE0,14.675,0.8197343453510436
PROBE0,14.675,0.8199715370018975
PROBE0,14.675,0.8202087286527514
PROBE0,14.675,0.8204459203036053
PROBE0,14.675,0.8206831119544592
PROBE0,14.675,0.8209203036053131
PROBE0,14.675,0.821157495256167
PROBE0,14.675,0.8213946869070209
PROBE0,14.675,0.8216318785578748
PROBE0,14.675,0.8218690702087287
PROBE0,14.675,0.8221062618595826
PROBE0,14.675,0.8223434535104365
PROBE0,14.675,0.8225806451612904
PROBE0,14.675,0.8228178368121443
PROBE0,14.675,0.823055028462998
PROBE0,14.675,0.823292220113852
PROBE0,14.675,0.8235294117647058
PROBE0,16.275,0.8237666034155597
PROBE0,16.275,0.8240037950664136
PROBE0,16.275,0.8242409867172675
PROBE0,16.275,0.8244781783681214
PROBE0,16.275,0.8247153700189753
PROBE0,16.275,0.8249525616698292
PROBE0,16.275,0.8251897533206831
PROBE0,16.275,0.825426944971537
PROBE0,16.275,0.8256641366223909
PROBE0,16.275,0.8259013282732448
PROBE0,16.275,0.8261385199240987
PROBE0,16.275,0.8263757115749526
PROBE0,16.275,0.8266129032258065
PROBE0,16.275,0.8268500948766604
PROBE0,16.275,0.8270872865275142
PROBE0,16.275,0.8273244781783681
PROBE0,16.275,0.827561669829222
PROBE0,16.275,0.8277988614800759
PROBE0,16.275,0.8280360531309298
PROBE0,16.275,0.8282732447817837
PROBE0,16.275,0.8285104364326376
PROBE0,16.275,0.8287476280834914
PROBE0,16.275,0.8289848197343453
PROBE0,16.275,0.8292220113851992
PROBE0,16.275,0.8294592030360531
PROBE0,16.275,0.829696394686907
PROBE0,16.275,0.8299335863377609
PROBE0,16.275,0.8301707779886148
PROBE0,16.275,0.8304079696394687
PROBE0,16.275,0.8306451612903226
PROBE0,16.275,0.8308823529411765
PROBE0,16.275,0.8311195445920304
PROBE0,16.275,0.8313567362428842
PROBE0,16.275,0.8315939278937381
PROBE0,16.275,0.831831119544592
PROBE0,16.275,0.8320683111954459
PROBE0,16.275,0.8323055028462998
PROBE0,16.275,0.8325426944971537
PROBE0,16.275,0.8327798861480076
PROBE0,16.275,0.8330170777988615
PROBE0,16.275,0.8332542694497154
PROBE0,16.275,0.8334914611005693
PROBE0,16.275,0.8337286527514232
PROBE0,16.275,0.8339658444022771
PROBE0,16.275,0.834203036053131
PROBE0,16.275,0.8344402277039848
PROBE0,16.275,0.8346774193548387
PROBE0,16.275,0.8349146110056926
PROBE0,16.275,0.8351518026565465
PROBE0,16.275,0.8353889943074004
PROBE0,16.275,0.8356261859582542
PROBE0,16.275,0.8358633776091081
PROBE0,16.275,0.836100569259962
PROBE0,16.275,0.8363377609108159
PROBE0,16.275,0.8365749525616698
PROBE0,16.275,0.8368121442125237
PROBE0,16.275,0.8370493358633776
PROBE0,16.275,0.8372865275142315
PROBE0,16.275,0.8375237191650854
PROBE0,16.275,0.8377609108159393
PROBE0,16.275,0.8379981024667932
PROBE0,16.275,0.8382352941176471
PROBE0,16.275,0.838472485768501
PROBE0,16.275,0.8387096774193549
PROBE0,16.275,0.8389468690702088
PROBE0,16.275,0.8391840607210627
PROBE0,16.275,0.8394212523719166
PROBE0,16.275,0.8396584440227703
PROBE0,16.275,0.8398956356736242
PROBE0,16.275,0.8401328273244781
PROBE0,16.275,0.840370018975332
PROBE0,16.275,0.8406072106261859
PROBE0,16.275,0.8408444022770398
PROBE0,16.275,0.8410815939278937
PROBE0,16.275,0.8413187855787476
PROBE0,16.275,0.8415559772296015
PROBE0,16.275,0.8417931688804554
PROBE0,16.275,0.8420303605313093
PROBE0,16.275,0.8422675521821632
PROBE0,16.275,0.8425047438330171
PROBE0,16.275,0.842741935483871
PROBE0,16.275,0.8429791271347249
PROBE0,16.275,0.8432163187855788
PROBE0,16.275,0.8434535104364327
PROBE0,16.275,0.8436907020872866
PROBE0,16.275,0.8439278937381404
PROBE0,16.275,0.8441650853889943
PROBE0,16.275,0.8444022770398482
PROBE0,16.275,0.844639468690702
PROBE0,16.275,0.844876660341556
PROBE0,16.275,0.8451138519924098
PROBE0,16.275,0.8453510436432637
PROBE0,16.275,0.8455882352941176
PROBE0,16.275,0.8458254269449715
PROBE0,16.275,0.8460626185958254
PROBE0,16.275,0.8462998102466793
PROBE0,16.275,0.8465370018975332
PROBE0,16.275,0.8467741935483871
PROBE0,16.275,0.847011385199241
PROBE0,16.275,0.8472485768500949
PROBE0,16.275,0.8474857685009488
PROBE0,16.275,0.8477229601518027
PROBE0,16.275,0.8479601518026565
PROBE0,16.275,0.8481973434535104
PROBE0,16.275,0.8484345351043643
PROBE0,16.275,0.8486717267552182
PROBE0,16.275,0.8489089184060721
PROBE0,16.275,0.849146110056926
PROBE0,16.275,0.8493833017077799
PROBE0,16.275,0.8496204933586338
PROBE0,16.275,0.8498576850094877
PROBE0,16.275,0.8500948766603416
PROBE0,16.275,0.8503320683111955
PROBE0,16.275,0.8505692599620494
PROBE0,16.275,0.8508064516129032
PROBE0,16.275,0.8510436432637571
PROBE0,16.275,0.851280834914611
PROBE0,16.275,0.8515180265654649
PROBE0,16.275,0.8517552182163188
PROBE0,16.275,0.8519924098671727
PROBE0,16.275,0.8522296015180265
PROBE0,16.275,0.8524667931688804
PROBE0,16.275,0.8527039848197343
PROBE0,16.275,0.8529411764705882
PROBE0,16.275,0.8531783681214421
PROBE0,16.275,0.853415559772296
PROBE0,16.275,0.8536527514231499
PROBE0,16.275,0.8538899430740038
PROBE0,16.275,0.8541271347248577
PROBE0,16.275,0.8543643263757116
PROBE0,16.275,0.8546015180265655
PROBE0,16.275,0.8548387096774194
PROBE0,16.275,0.8550759013282733
PROBE0,16.275,0.8553130929791272
PROBE0,16.275,0.8555502846299811
PROBE0,16.275,0.855787476280835
PROBE0,16.275,0.8560246679316889
PROBE0,16.275,0.8562618595825426
PROBE0,16.275,0.8564990512333965
PROBE0,16.275,0.8567362428842504
PROBE0,16.275,0.8569734345351043
PROBE0,16.275,0.8572106261859582
PROBE0,16.275,0.8574478178368121
PROBE0,16.275,0.857685009487666
PROBE0,16.275,0.8579222011385199
PROBE0,16.275,0.8581593927893738
PROBE0,16.275,0.8583965844402277
PROBE0,16.275,0.8586337760910816
PROBE0,16.275,0.8588709677419355
PROBE0,16.275,0.8591081593927894
PROBE0,16.275,0.8593453510436433
PROBE0,16.275,0.8595825426944972
PROBE0,16.275,0.8598197343453511
PROBE0,16.275,0.860056925996205
PROBE0,16.275,0.8602941176470589
PROBE0,16.275,0.8605313092979127
PROBE0,16.275,0.8607685009487666
PROBE0,16.275,0.8610056925996205
PROBE0,16.275,0.8612428842504743
PROBE0,16.275,0.8614800759013282
PROBE0,16.275,0.8617172675521821
PROBE0,16.275,0.861954459203036
PROBE0,16.275,0.8621916508538899
PROBE0,16.275,0.8624288425047438
PROBE0,16.275,0.8626660341555977
PROBE0,16.275,0.8629032258064516
PROBE0,16.275,0.8631404174573055
PROBE0,16.275,0.8633776091081594
PROBE0,16.275,0.8636148007590133
PROBE0,16.275,0.8638519924098672
PROBE0,16.275,0.8640891840607211
PROBE0,16.275,0.864326375711575
PROBE0,16.275,0.8645635673624289
PROBE0,16.275,0.8648007590132827
PROBE0,16.275,0.8650379506641366
PROBE0,16.275,0.8652751423149905
PROBE0,16.275,0.8655123339658444
PROBE0,16.275,0.8657495256166983
PROBE0,16.275,0.8659867172675522
PROBE0,16.275,0.8662239089184061
PROBE0,16.275,0.86646110056926
PROBE0,16.275,0.8666982922201139
PROBE0,16.275,0.8669354838709677
PROBE0,16.275,0.8671726755218216
PROBE0,16.275,0.8674098671726755
PROBE0,16.275,0.8676470588235294
PROBE0,16.275,0.8678842504743833
PROBE0,16.275,0.8681214421252372
PROBE0,16.275,0.8683586337760911
PROBE0,16.275,0.868595825426945
PROBE0,16.275,0.8688330170777988
PROBE0,16.275,0.8690702087286527
PROBE0,16.275,0.8693074003795066
PROBE0,16.275,0.8695445920303605
PROBE0,16.275,0.8697817836812144
PROBE0,16.275,0.8700189753320683
PROBE0,16.275,0.8702561669829222
PROBE0,16.275,0.8704933586337761
PROBE0,16.275,0.87073055028463
PROBE0,16.275,0.8709677419354839
PROBE0,16.275,0.8712049335863378
PROBE0,16.275,0.8714421252371917
PROBE0,16.275,0.8716793168880456
PROBE0,16.275,0.8719165085388995
PROBE0,16.275,0.8721537001897534
PROBE0,16.275,0.8723908918406073
PROBE0,16.275,0.8726280834914611
PROBE0,16.275,0.872865275142315
PROBE0,16.275,0.8731024667931688
PROBE0,16.275,0.8733396584440227
PROBE0,16.275,0.8735768500948766
PROBE0,16.275,0.8738140417457305
PROBE0,16.275,0.8740512333965844
PROBE0,16.275,0.8742884250474383
PROBE0,16.275,0.8745256166982922
PROBE0,16.275,0.8747628083491461
PROBE0,16.275,0.875
PROBE0,16.275,0.8752371916508539
PROBE0,16.275,0.8754743833017078
PROBE0,16.275,0.8757115749525617
PROBE0,16.275,0.8759487666034156
PROBE0,16.275,0.8761859582542695
PROBE0,16.275,0.8764231499051234
PROBE0,16.275,0.8766603415559773
PROBE0,16.275,0.8768975332068312
PROBE0,16.275,0.877134724857685
PROBE0,16.275,0.8773719165085389
PROBE0,16.275,0.8776091081593927
PROBE0,16.275,0.8778462998102466
PROBE0,16.275,0.8780834914611005
PROBE0,16.275,0.8783206831119544
PROBE0,16.275,0.8785578747628083
PROBE0,16.275,0.8787950664136622
PROBE0,16.275,0.8790322580645161
PROBE0,16.275,0.87926944971537
PROBE0,16.275,0.8795066413662239
PROBE0,16.275,0.8797438330170778
PROBE0,16.275,0.8799810246679317
PROBE0,16.275,0.8802182163187856
PROBE0,16.275,0.8804554079696395
PROBE0,16.275,0.8806925996204934
PROBE0,16.275,0.8809297912713473
PROBE0,16.275,0.8811669829222012
PROBE0,16.275,0.881404174573055
PROBE0,16.275,0.8816413662239089
PROBE0,16.275,0.8818785578747628
PROBE0,16.275,0.8821157495256167
PROBE0,16.275,0.8823529411764706
PROBE0,17.325,0.8825901328273245
PROBE0,17.325,0.8828273244781784
PROBE0,17.325,0.8830645161290323
PROBE0,17.325,0.8833017077798861
PROBE0,17.325,0.88353889943074
PROBE0,17.325,0.8837760910815939
PROBE0,17.325,0.8840132827324478
PROBE0,17.325,0.8842504743833017
PROBE0,17.325,0.8844876660341556
PROBE0,17.325,0.8847248576850095
PROBE0,17.325,0.8849620493358634
PROBE0,17.325,0.8851992409867173
PROBE0,17.325,0.8854364326375711
PROBE0,17.325,0.885673624288425
PROBE0,17.325,0.8859108159392789
PROBE0,17.325,0.8861480075901328
PROBE0,17.325,0.8863851992409867
PROBE0,17.325,0.8866223908918406
PROBE0,17.325,0.8868595825426945
PROBE0,17.325,0.8870967741935484
PROBE0,17.325,0.8873339658444023
PROBE0,17.325,0.8875711574952562
PROBE0,17.325,0.8878083491461101
PROBE0,17.325,0.888045540796964
PROBE0,17.325,0.8882827324478179
PROBE0,17.325,0.8885199240986718
PROBE0,17.325,0.8887571157495257
PROBE0,17.325,0.8889943074003795
PROBE0,17.325,0.8892314990512334
PROBE0,17.325,0.8894686907020873
PROBE0,17.325,0.8897058823529411
PROBE0,17.325,0.889943074003795
PROBE0,17.325,0.8901802656546489
PROBE0,17.325,0.8904174573055028
PROBE0,17.325,0.8906546489563567
PROBE0,17.325,0.8908918406072106
PROBE0,17.325,0.8911290322580645
PROBE0,17.325,0.8913662239089184
PROBE0,17.325,0.8916034155597723
PROBE0,17.325,0.8918406072106262
PROBE0,17.325,0.8920777988614801
PROBE0,17.325,0.892314990512334
PROBE0,17.325,0.8925521821631879
PROBE0,17.325,0.8927893738140418
PROBE0,17.325,0.8930265654648957
PROBE0,17.325,0.8932637571157496
PROBE0,17.325,0.8935009487666035
PROBE0,17.325,0.8937381404174574
PROBE0,17.325,0.8939753320683111
PROBE0,17.325,0.894212523719165
PROBE0,17.325,0.8944497153700189
PROBE0,17.325,0.8946869070208728
PROBE0,17.325,0.8949240986717267
PROBE0,17.325,0.8951612903225806
PROBE0,17.325,0.8953984819734345
PROBE0,17.325,0.8956356736242884
PROBE0,17.325,0.8958728652751423
PROBE0,17.325,0.8961100569259962
PROBE0,17.325,0.8963472485768501
PROBE0,17.325,0.896584440227704
PROBE0,17.325,0.8968216318785579
PROBE0,17.325,0.8970588235294118
PROBE0,17.325,0.8972960151802657
PROBE0,17.325,0.8975332068311196
PROBE0,17.325,0.8977703984819735
PROBE0,17.325,0.8980075901328273
PROBE0,17.325,0.8982447817836812
PROBE0,17.325,0.8984819734345351
PROBE0,17.325,0.898719165085389
PROBE0,17.325,0.8989563567362429
PROBE0,17.325,0.8991935483870968
PROBE0,17.325,0.8994307400379506
PROBE0,17.325,0.8996679316888045
PROBE0,17.325,0.8999051233396584
PROBE0,17.325,0.9001423149905123
PROBE0,17.325,0.9003795066413662
PROBE0,17.325,0.9006166982922201
PROBE0,17.325,0.900853889943074
PROBE0,17.325,0.9010910815939279
PROBE0,17.325,0.9013282732447818
PROBE0,17.325,0.9015654648956357
PROBE0,17.325,0.9018026565464896
PROBE0,17.325,0.9020398481973435
PROBE0,17.325,0.9022770398481973
PROBE0,17.325,0.9025142314990512
PROBE0,17.325,0.9027514231499051
PROBE0,17.325,0.902988614800759
PROBE0,17.325,0.9032258064516129
PROBE0,17.325,0.9034629981024668
PROBE0,17.325,0.9037001897533207
PROBE0,17.325,0.9039373814041746
PROBE0,17.325,0.9041745730550285
PROBE0,17.325,0.9044117647058824
PROBE0,17.325,0.9046489563567363
PROBE0,17.325,0.9048861480075902
PROBE0,17.325,0.905123339658444
PROBE0,17.325,0.905360531309298
PROBE0,17.325,0.9055977229601518
PROBE0,17.325,0.9058349146110057
PROBE0,17.325,0.9060721062618596
PROBE0,17.325,0.9063092979127134
PROBE0,17.325,0.9065464895635673
PROBE0,17.325,0.9067836812144212
PROBE0,17.325,0.9070208728652751
PROBE0,17.325,0.907258064516129
PROBE0,17.325,0.9074952561669829
PROBE0,17.325,0.9077324478178368
PROBE0,17.325,0.9079696394686907
PROBE0,17.325,0.9082068311195446
PROBE0,17.325,0.9084440227703985
PROBE0,17.325,0.9086812144212524
PROBE0,17.325,0.9089184060721063
PROBE0,17.325,0.9091555977229602
PROBE0,17.325,0.9093927893738141
PROBE0,17.325,0.909629981024668
PROBE0,17.325,0.9098671726755219
PROBE0,17.325,0.9101043643263758
PROBE0,17.325,0.9103415559772297
PROBE0,17.325,0.9105787476280834
PROBE0,17.325,0.9108159392789373
PROBE0,17.325,0.9110531309297912
PROBE0,17.325,0.9112903225806451
PROBE0,17.325,0.911527514231499
PROBE0,17.325,0.9117647058823529
PROBE0,17.325,0.9120018975332068
PROBE0,17.325,0.9122390891840607
PROBE0,17.325,0.9124762808349146
PROBE0,17.325,0.9127134724857685
PROBE0,17.325,0.9129506641366224
PROBE0,17.325,0.9131878557874763
PROBE0,17.325,0.9134250474383302
PROBE0,17.325,0.9136622390891841
PROBE0,17.325,0.913899430740038
PROBE0,17.325,0.9141366223908919
PROBE0,17.325,0.9143738140417458
PROBE0,17.325,0.9146110056925996
PROBE0,17.325,0.9148481973434535
PROBE0,17.325,0.9150853889943074
PROBE0,17.325,0.9153225806451613
PROBE0,17.325,0.9155597722960152
PROBE0,17.325,0.915796963946869
PROBE0,17.325,0.9160341555977229
PROBE0,17.325,0.9162713472485768
PROBE0,17.325,0.9165085388994307
PROBE0,17.325,0.9167457305502846
PROBE0,17.325,0.9169829222011385
PROBE0,17.325,0.9172201138519924
PROBE0,17.325,0.9174573055028463
PROBE0,17.325,0.9176944971537002
PROBE0,17.325,0.9179316888045541
PROBE0,17.325,0.918168880455408
PROBE0,17.325,0.9184060721062619
PROBE0,17.325,0.9186432637571158
PROBE0,17.325,0.9188804554079696
PROBE0,17.325,0.9191176470588235
PROBE0,17.325,0.9193548387096774
PROBE0,17.325,0.9195920303605313
PROBE0,17.325,0.9198292220113852
PROBE0,17.325,0.9200664136622391
PROBE0,17.325,0.920303605313093
PROBE0,17.325,0.9205407969639469
PROBE0,17.325,0.9207779886148008
PROBE0,17.325,0.9210151802656547
PROBE0,17.325,0.9212523719165086
PROBE0,17.325,0.9214895635673624
PROBE0,17.325,0.9217267552182163
PROBE0,17.325,0.9219639468690702
PROBE0,17.325,0.9222011385199241
PROBE0,17.325,0.922438330170778
PROBE0,17.325,0.9226755218216319
PROBE0,17.325,0.9229127134724858
PROBE0,17.325,0.9231499051233396
PROBE0,17.325,0.9233870967741935
PROBE0,17.325,0.9236242884250474
PROBE0,17.325,0.9238614800759013
PROBE0,17.325,0.9240986717267552
PROBE0,17.325,0.9243358633776091
PROBE0,17.325,0.924573055028463
PROBE0,17.325,0.9248102466793169
PROBE0,17.325,0.9250474383301708
PROBE0,17.325,0.9252846299810247
PROBE0,17.325,0.9255218216318786
PROBE0,17.325,0.9257590132827325
PROBE0,17.325,0.9259962049335864
PROBE0,17.325,0.9262333965844403
PROBE0,17.325,0.9264705882352942
PROBE0,17.325,0.926707779886148
PROBE0,17.325,0.926944971537002
PROBE0,17.325,0.9271821631878557
PROBE0,17.325,0.9274193548387096
PROBE0,17.325,0.9276565464895635
PROBE0,17.325,0.9278937381404174
PROBE0,17.325,0.9281309297912713
PROBE0,17.325,0.9283681214421252
PROBE0,17.325,0.9286053130929791
PROBE0,17.325,0.928842504743833
PROBE0,17.325,0.9290796963946869
PROBE0,17.325,0.9293168880455408
PROBE0,17.325,0.9295540796963947
PROBE0,17.325,0.9297912713472486
PROBE0,17.325,0.9300284629981025
PROBE0,17.325,0.9302656546489564
PROBE0,17.325,0.9305028462998103
PROBE0,17.325,0.9307400379506642
PROBE0,17.325,0.9309772296015181
PROBE0,17.325,0.931214421252372
PROBE0,17.325,0.9314516129032258
PROBE0,17.325,0.9316888045540797
PROBE0,17.325,0.9319259962049335
PROBE0,17.325,0.9321631878557874
PROBE0,17.325,0.9324003795066413
PROBE0,17.325,0.9326375711574952
PROBE0,17.325,0.9328747628083491
PROBE0,17.325,0.933111954459203
PROBE0,17.325,0.9333491461100569
PROBE0,17.325,0.9335863377609108
PROBE0,17.325,0.9338235294117647
PROBE0,17.325,0.9340607210626186
PROBE0,17.325,0.9342979127134725
PROBE0,17.325,0.9345351043643264
PROBE0,17.325,0.9347722960151803
PROBE0,17.325,0.9350094876660342
PROBE0,17.325,0.9352466793168881
PROBE0,17.325,0.9354838709677419
PROBE0,17.325,0.9357210626185958
PROBE0,17.325,0.9359582542694497
PROBE0,17.325,0.9361954459203036
PROBE0,17.325,0.9364326375711575
PROBE0,17.325,0.9366698292220114
PROBE0,17.325,0.9369070208728653
PROBE0,17.325,0.9371442125237192
PROBE0,17.325,0.937381404174573
PROBE0,17.325,0.937618595825427
PROBE0,17.325,0.9378557874762808
PROBE0,17.325,0.9380929791271347
PROBE0,17.325,0.9383301707779886
PROBE0,17.325,0.9385673624288425
PROBE0,17.325,0.9388045540796964
PROBE0,17.325,0.9390417457305503
PROBE0,17.325,0.9392789373814042
PROBE0,17.325,0.9395161290322581
PROBE0,17.325,0.9397533206831119
PROBE0,17.325,0.9399905123339658
PROBE0,17.325,0.9402277039848197
PROBE0,17.325,0.9404648956356736
PROBE0,17.325,0.9407020872865275
PROBE0,17.325,0.9409392789373814
PROBE0,17.325,0.9411764705882353
PROBE0,18.349999999999998,0.9414136622390892
PROBE0,18.349999999999998,0.9416508538899431
PROBE0,18.349999999999998,0.941888045540797
PROBE0,18.349999999999998,0.9421252371916509
PROBE0,18.349999999999998,0.9423624288425048
PROBE0,18.349999999999998,0.9425996204933587
PROBE0,18.349999999999998,0.9428368121442126
PROBE0,18.349999999999998,0.9430740037950665
PROBE0,18.349999999999998,0.9433111954459203
PROBE0,18.349999999999998,0.9435483870967742
PROBE0,18.349999999999998,0.943785578747628
PROBE0,18.349999999999998,0.9440227703984819
PROBE0,18.349999999999998,0.9442599620493358
PROBE0,18.349999999999998,0.9444971537001897
PROBE0,18.349999999999998,0.9447343453510436
PROBE0,18.349999999999998,0.9449715370018975
PROBE0,18.349999999999998,0.9452087286527514
PROBE0,18.349999999999998,0.9454459203036053
PROBE0,18.349999999999998,0.9456831119544592
PROBE0,18.349999999999998,0.9459203036053131
PROBE0,18.349999999999998,0.946157495256167
PROBE0,18.349999999999998,0.9463946869070209
PROBE0,18.349999999999998,0.9466318785578748
PROBE0,18.349999999999998,0.9468690702087287
PROBE0,18.349999999999998,0.9471062618595826
PROBE0,18.349999999999998,0.9473434535104365
PROBE0,18.349999999999998,0.9475806451612904
PROBE0,18.349999999999998,0.9478178368121443
PROBE0,18.349999999999998,0.948055028462998
PROBE0,18.349999999999998,0.948292220113852
PROBE0,18.349999999999998,0.9485294117647058
PROBE0,18.349999999999998,0.9487666034155597
PROBE0,18.349999999999998,0.9490037950664136
PROBE0,18.349999999999998,0.9492409867172675
PROBE0,18.349999999999998,0.9494781783681214
PROBE0,18.349999999999998,0.9497153700189753
PROBE0,18.349999999999998,0.9499525616698292
PROBE0,18.349999999999998,0.9501897533206831
PROBE0,18.349999999999998,0.950426944971537
PROBE0,18.349999999999998,0.9506641366223909
PROBE0,18.349999999999998,0.9509013282732448
PROBE0,18.349999999999998,0.9511385199240987
PROBE0,18.349999999999998,0.9513757115749526
PROBE0,18.349999999999998,0.9516129032258065
PROBE0,18.349999999999998,0.9518500948766604
PROBE0,18.349999999999998,0.9520872865275142
PROBE0,18.349999999999998,0.9523244781783681
PROBE0,18.349999999999998,0.952561669829222
PROBE0,18.349999999999998,0.9527988614800759
PROBE0,18.349999999999998,0.9530360531309298
PROBE0,18.349999999999998,0.9532732447817837
PROBE0,18.349999999999998,0.9535104364326376
PROBE0,18.349999999999998,0.9537476280834914
PROBE0,18.349999999999998,0.9539848197343453
PROBE0,18.349999999999998,0.9542220113851992
PROBE0,18.349999999999998,0.9544592030360531
PROBE0,18.349999999999998,0.954696394686907
PROBE0,18.349999999999998,0.9549335863377609
PROBE0,18.349999999999998,0.9551707779886148
PROBE0,18.349999999999998,0.9554079696394687
PROBE0,18.349999999999998,0.9556451612903226
PROBE0,18.349999999999998,0.9558823529411765
PROBE0,18.349999999999998,0.9561195445920304
PROBE0,18.349999999999998,0.9563567362428842
PROBE0,18.349999999999998,0.9565939278937381
PROBE0,18.349999999999998,0.956831119544592
PROBE0,18.349999999999998,0.9570683111954459
PROBE0,18.349999999999998,0.9573055028462998
PROBE0,18.349999999999998,0.9575426944971537
PROBE0,18.349999999999998,0.9577798861480076
PROBE0,18.349999999999998,0.9580170777988615
PROBE0,18.349999999999998,0.9582542694497154
PROBE0,18.349999999999998,0.9584914611005693
PROBE0,18.349999999999998,0.9587286527514232
PROBE0,18.349999999999998,0.9589658444022771
PROBE0,18.349999999999998,0.959203036053131
PROBE0,18.349999999999998,0.9594402277039848
PROBE0,18.349999999999998,0.9596774193548387
PROBE0,18.349999999999998,0.9599146110056926
PROBE0,18.349999999999998,0.9601518026565465
PROBE0,18.349999999999998,0.9603889943074004
PROBE0,18.349999999999998,0.9606261859582542
PROBE0,18.349999999999998,0.9608633776091081
PROBE0,18.349999999999998,0.961100569259962
PROBE0,18.349999999999998,0.9613377609108159
PROBE0,18.349999999999998,0.9615749525616698
PROBE0,18.349999999999998,0.9618121442125237
PROBE0,18.349999999999998,0.9620493358633776
PROBE0,18.349999999999998,0.9622865275142315
PROBE0,18.349999999999998,0.9625237191650854
PROBE0,18.349999999999998,0.9627609108159393
PROBE0,18.349999999999998,0.9629981024667932
PROBE0,18.349999999999998,0.9632352941176471
PROBE0,18.349999999999998,0.963472485768501
PROBE0,18.349999999999998,0.9637096774193549
PROBE0,18.349999999999998,0.9639468690702088
PROBE0,18.349999999999998,0.9641840607210627
PROBE0,18.349999999999998,0.9644212523719166
PROBE0,18.349999999999998,0.9646584440227703
PROBE0,18.349999999999998,0.9648956356736242
PROBE0,18.349999999999998,0.9651328273244781
PROBE0,18.349999999999998,0.965370018975332
PROBE0,18.349999999999998,0.9656072106261859
PROBE0,18.349999999999998,0.9658444022770398
PROBE0,18.349999999999998,0.9660815939278937
PROBE0,18.349999999999998,0.9663187855787476
PROBE0,18.349999999999998,0.9665559772296015
PROBE0,18.349999999999998,0.9667931688804554
PROBE0,18.349999999999998,0.9670303605313093
PROBE0,18.349999999999998,0.9672675521821632
PROBE0,18.349999999999998,0.9675047438330171
PROBE0,18.349999999999998,0.967741935483871
PROBE0,18.349999999999998,0.9679791271347249
PROBE0,18.349999999999998,0.9682163187855788
PROBE0,18.349999999999998,0.9684535104364327
PROBE0,18.349999999999998,0.9686907020872866
PROBE0,18.349999999999998,0.9689278937381404
PROBE0,18.349999999999998,0.9691650853889943
PROBE0,18.349999999999998,0.9694022770398482
PROBE0,18.349999999999998,0.969639468690702
PROBE0,18.349999999999998,0.969876660341556
PROBE0,18.349999999999998,0.9701138519924098
PROBE0,18.349999999999998,0.9703510436432637
PROBE0,18.349999999999998,0.9705882352941176
PROBE0,18.349999999999998,0.9708254269449715
PROBE0,18.349999999999998,0.9710626185958254
PROBE0,18.349999999999998,0.9712998102466793
PROBE0,18.349999999999998,0.9715370018975332
PROBE0,18.349999999999998,0.9717741935483871
PROBE0,18.349999999999998,0.972011385199241
PROBE0,18.349999999999998,0.9722485768500949
PROBE0,18.349999999999998,0.9724857685009488
PROBE0,18.349999999999998,0.9727229601518027
PROBE0,18.349999999999998,0.9729601518026565
PROBE0,18.349999999999998,0.9731973434535104
PROBE0,18.349999999999998,0.9734345351043643
PROBE0,18.349999999999998,0.9736717267552182
PROBE0,18.349999999999998,0.9739089184060721
PROBE0,18.349999999999998,0.974146110056926
PROBE0,18.349999999999998,0.9743833017077799
PROBE0,18.349999999999998,0.9746204933586338
PROBE0,18.349999999999998,0.9748576850094877
PROBE0,18.349999999999998,0.9750948766603416
PROBE0,18.349999999999998,0.9753320683111955
PROBE0,18.349999999999998,0.9755692599620494
PROBE0,18.349999999999998,0.9758064516129032
PROBE0,18.349999999999998,0.9760436432637571
PROBE0,18.349999999999998,0.976280834914611
PROBE0,18.349999999999998,0.9765180265654649
PROBE0,18.349999999999998,0.9767552182163188
PROBE0,18.349999999999998,0.9769924098671727
PROBE0,18.349999999999998,0.9772296015180265
PROBE0,18.349999999999998,0.9774667931688804
PROBE0,18.349999999999998,0.9777039848197343
PROBE0,18.349999999999998,0.9779411764705882
PROBE0,18.349999999999998,0.9781783681214421
PROBE0,18.349999999999998,0.978415559772296
PROBE0,18.349999999999998,0.9786527514231499
PROBE0,18.349999999999998,0.9788899430740038
PROBE0,18.349999999999998,0.9791271347248577
PROBE0,18.349999999999998,0.9793643263757116
PROBE0,18.349999999999998,0.9796015180265655
PROBE0,18.349999999999998,0.9798387096774194
PROBE0,18.349999999999998,0.9800759013282733
PROBE0,18.349999999999998,0.9803130929791272
PROBE0,18.349999999999998,0.9805502846299811
PROBE0,18.349999999999998,0.980787476280835
PROBE0,18.349999999999998,0.9810246679316889
PROBE0,18.349999999999998,0.9812618595825426
PROBE0,18.349999999999998,0.9814990512333965
PROBE0,18.349999999999998,0.9817362428842504
PROBE0,18.349999999999998,0.9819734345351043
PROBE0,18.349999999999998,0.9822106261859582
PROBE0,18.349999999999998,0.9824478178368121
PROBE0,18.349999999999998,0.982685009487666
PROBE0,18.349999999999998,0.9829222011385199
PROBE0,18.349999999999998,0.9831593927893738
PROBE0,18.349999999999998,0.9833965844402277
PROBE0,18.349999999999998,0.9836337760910816
PROBE0,18.349999999999998,0.9838709677419355
PROBE0,18.349999999999998,0.9841081593927894
PROBE0,18.349999999999998,0.9843453510436433
PROBE0,18.349999999999998,0.9845825426944972
PROBE0,18.349999999999998,0.9848197343453511
PROBE0,18.349999999999998,0.985056925996205
PROBE0,18.349999999999998,0.9852941176470589
PROBE0,18.349999999999998,0.9855313092979127
PROBE0,18.349999999999998,0.9857685009487666
PROBE0,18.349999999999998,0.9860056925996205
PROBE0,18.349999999999998,0.9862428842504743
PROBE0,18.349999999999998,0.9864800759013282
PROBE0,18.349999999999998,0.9867172675521821
PROBE0,18.349999999999998,0.986954459203036
PROBE0,18.349999999999998,0.9871916508538899
PROBE0,18.349999999999998,0.9874288425047438
PROBE0,18.349999999999998,0.9876660341555977
PROBE0,18.349999999999998,0.9879032258064516
PROBE0,18.349999999999998,0.9881404174573055
PROBE0,18.349999999999998,0.9883776091081594
PROBE0,18.349999999999998,0.9886148007590133
PROBE0,18.349999999999998,0.9888519924098672
PROBE0,18.349999999999998,0.9890891840607211
PROBE0,18.349999999999998,0.989326375711575
PROBE0,18.349999999999998,0.9895635673624289
PROBE0,18.349999999999998,0.9898007590132827
PROBE0,18.349999999999998,0.9900379506641366
PROBE0,18.349999999999998,0.9902751423149905
PROBE0,18.349999999999998,0.9905123339658444
PROBE0,18.349999999999998,0.9907495256166983
PROBE0,18.349999999999998,0.9909867172675522
PROBE0,18.349999999999998,0.9912239089184061
PROBE0,18.349999999999998,0.99146110056926
PROBE0,18.349999999999998,0.9916982922201139
PROBE0,18.349999999999998,0.9919354838709677
PROBE0,18.349999999999998,0.9921726755218216
PROBE0,18.349999999999998,0.9924098671726755
PROBE0,18.349999999999998,0.9926470588235294
PROBE0,18.349999999999998,0.9928842504743833
PROBE0,18.349999999999998,0.9931214421252372
PROBE0,18.349999999999998,0.9933586337760911
PROBE0,18.349999999999998,0.993595825426945
PROBE0,18.349999999999998,0.9938330170777988
PROBE0,18.349999999999998,0.9940702087286527
PROBE0,18.349999999999998,0.9943074003795066
PROBE0,18.349999999999998,0.9945445920303605
PROBE0,18.349999999999998,0.9947817836812144
PROBE0,18.349999999999998,0.9950189753320683
PROBE0,18.349999999999998,0.9952561669829222
PROBE0,18.349999999999998,0.9954933586337761
PROBE0,18.349999999999998,0.99573055028463
PROBE0,18.349999999999998,0.9959677419354839
PROBE0,18.349999999999998,0.9962049335863378
PROBE0,18.349999999999998,0.9964421252371917
PROBE0,18.349999999999998,0.9966793168880456
PROBE0,18.349999999999998,0.9969165085388995
PROBE0,18.349999999999998,0.9971537001897534
PROBE0,18.349999999999998,0.9973908918406073
PROBE0,18.349999999999998,0.9976280834914611
PROBE0,18.349999999999998,0.997865275142315
PROBE0,18.349999999999998,0.9981024667931688
PROBE0,18.349999999999998,0.9983396584440227
PROBE0,18.349999999999998,0.9985768500948766
PROBE0,18.349999999999998,0.9988140417457305
PROBE0,18.349999999999998,0.9990512333965844
PROBE0,18.349999999999998,0.9992884250474383
PROBE0,18.349999999999998,0.9995256166982922
PROBE0,18.349999999999998,0.9997628083491461
PROBE0,18.349999999999998,1.0
PROBE1,0.0,0.00023719165085388995
PROBE1,0.0,0.0004743833017077799
PROBE1,0.0,0.0007115749525616698
PROBE1,0.0,0.0009487666034155598
PROBE1,0.0,0.0011859582542694497
PROBE1,0.0,0.0014231499051233396
PROBE1,0.0,0.0016603415559772296
PROBE1,0.0,0.0018975332068311196
PROBE1,0.0,0.0021347248576850096
PROBE1,0.0,0.0023719165085388993
PROBE1,0.0,0.0026091081593927895
PROBE1,0.0,0.0028462998102466793
PROBE1,0.0,0.0030834914611005695
PROBE1,0.0,0.003320683111954459
PROBE1,0.0,0.003557874762808349
PROBE1,0.0,0.003795066413662239
PROBE1,0.0,0.004032258064516129
PROBE1,0.0,0.004269449715370019
PROBE1,0.0,0.004506641366223909
PROBE1,0.0,0.004743833017077799
PROBE1,0.0,0.004981024667931689
PROBE1,0.0,0.005218216318785579
PROBE1,0.0,0.005455407969639468
PROBE1,0.0,0.0056925996204933585
PROBE1,0.0,0.005929791271347249
PROBE1,0.0,0.006166982922201139
PROBE1,0.0,0.006404174573055028
PROBE1,0.0,0.006641366223908918
PROBE1,0.0,0.006878557874762809
PROBE1,0.0,0.007115749525616698
PROBE1,0.0,0.007352941176470588
PROBE1,0.0,0.007590132827324478
PROBE1,0.0,0.007827324478178369
PROBE1,0.0,0.008064516129032258
PROBE1,0.0,0.008301707779886147
PROBE1,0.0,0.008538899430740038
PROBE1,0.0,0.008776091081593928
PROBE1,0.0,0.009013282732447819
PROBE1,0.0,0.009250474383301708
PROBE1,0.0,0.009487666034155597
PROBE1,0.0,0.009724857685009488
PROBE1,0.0,0.009962049335863378
PROBE1,0.0,0.010199240986717267
PROBE1,0.0,0.010436432637571158
PROBE1,0.0,0.010673624288425047
PROBE1,0.0,0.010910815939278937
PROBE1,0.0,0.011148007590132828
PROBE1,0.0,0.011385199240986717
PROBE1,0.0,0.011622390891840606
PROBE1,0.0,0.011859582542694497
PROBE1,0.0,0.012096774193548387
PROBE1,0.0,0.012333965844402278
PROBE1,0.0,0.012571157495256167
PROBE1,0.0,0.012808349146110056
PROBE1,0.0,0.013045540796963948
PROBE1,0.0,0.013282732447817837
PROBE1,0.0,0.013519924098671726
PROBE1,0.0,0.013757115749525617
PROBE1,0.0,0.013994307400379507
PROBE1,0.0,0.014231499051233396
PROBE1,0.0,0.014468690702087287
PROBE1,0.0,0.014705882352941176
PROBE1,0.0,0.014943074003795066
PROBE1,0.0,0.015180265654648957
PROBE1,0.0,0.015417457305502846
PROBE1,0.0,0.015654648956356737
PROBE1,0.0,0.015891840607210626
PROBE1,0.0,0.016129032258064516
PROBE1,0.0,0.016366223908918405
PROBE1,0.0,0.016603415559772294
PROBE1,0.0,0.016840607210626187
PROBE1,0.0,0.017077798861480076
PROBE1,0.0,0.017314990512333966
PROBE1,0.0,0.017552182163187855
PROBE1,0.0,0.017789373814041744
PROBE1,0.0,0.018026565464895637
PROBE1,0.0,0.018263757115749527
PROBE1,0.0,0.018500948766603416
PROBE1,0.0,0.018738140417457305
PROBE1,0.0,0.018975332068311195
PROBE1,0.0,0.019212523719165084
PROBE1,0.0,0.019449715370018977
PROBE1,0.0,0.019686907020872866
PROBE1,0.0,0.019924098671726755
PROBE1,0.0,0.020161290322580645
PROBE1,0.0,0.020398481973434534
PROBE1,0.0,0.020635673624288427
PROBE1,0.0,0.020872865275142316
PROBE1,0.0,0.021110056925996205
PROBE1,0.0,0.021347248576850095
PROBE1,0.0,0.021584440227703984
PROBE1,0.0,0.021821631878557873
PROBE1,0.0,0.022058823529411766
PROBE1,0.0,0.022296015180265655
PROBE1,0.0,0.022533206831119545
PROBE1,0.0,0.022770398481973434
PROBE1,0.0,0.023007590132827323
PROBE1,0.0,0.023244781783681213
PROBE1,0.0,0.023481973434535106
PROBE1,0.0,0.023719165085388995
PROBE1,0.0,0.023956356736242884
PROBE1,0.0,0.024193548387096774
PROBE1,0.0,0.024430740037950663
PROBE1,0.0,0.024667931688804556
PROBE1,0.0,0.024905123339658445
PROBE1,0.0,0.025142314990512334
PROBE1,0.0,0.025379506641366224
PROBE1,0.0,0.025616698292220113
PROBE1,0.0,0.025853889943074002
PROBE1,0.0,0.026091081593927895
PROBE1,0.0,0.026328273244781784
PROBE1,0.0,0.026565464895635674
PROBE1,0.0,0.026802656546489563
PROBE1,0.0,0.027039848197343452
PROBE1,0.0,0.027277039848197345
PROBE1,0.0,0.027514231499051234
PROBE1,0.0,0.027751423149905124
PROBE1,0.0,0.027988614800759013
PROBE1,0.0,0.028225806451612902
PROBE1,0.0,0.028462998102466792
PROBE1,0.0,0.028700189753320685
PROBE1,0.0,0.028937381404174574
PROBE1,0.0,0.029174573055028463
PROBE1,0.0,0.029411764705882353
PROBE1,0.0,0.029648956356736242
PROBE1,0.0,0.02988614800759013
PROBE1,0.0,0.030123339658444024
PROBE1,0.0,0.030360531309297913
PROBE1,0.0,0.030597722960151803
PROBE1,0.0,0.030834914611005692
PROBE1,0.0,0.03107210626185958
PROBE1,0.0,0.031309297912713474
PROBE1,0.0,0.03154648956356736
PROBE1,0.0,0.03178368121442125
PROBE1,0.0,0.03202087286527514
PROBE1,0.0,0.03225806451612903
PROBE1,0.0,0.03249525616698292
PROBE1,0.0,0.03273244781783681
PROBE1,0.0,0.0329696394686907
PROBE1,0.0,0.03320683111954459
PROBE1,0.0,0.033444022770398485
PROBE1,0.0,0.033681214421252374
PROBE1,0.0,0.033918406072106264
PROBE1,0.0,0.03415559772296015
PROBE1,0.0,0.03439278937381404
PROBE1,0.0,0.03462998102466793
PROBE1,0.0,0.03486717267552182
PROBE1,0.0,0.03510436432637571
PROBE1,0.0,0.0353415559772296
PROBE1,0.0,0.03557874762808349
PROBE1,0.0,0.03581593927893738
PROBE1,0.0,0.036053130929791274
PROBE1,0.0,0.036290322580645164
PROBE1,0.0,0.03652751423149905
PROBE1,0.0,0.03676470588235294
PROBE1,0.0,0.03700189753320683
PROBE1,0.0,0.03723908918406072
PROBE1,0.0,0.03747628083491461
PROBE1,0.0,0.0377134724857685
PROBE1,0.0,0.03795066413662239
PROBE1,0.0,0.03818785578747628
PROBE1,0.0,0.03842504743833017
PROBE1,0.0,0.038662239089184064
PROBE1,0.0,0.03889943074003795
PROBE1,0.0,0.03913662239089184
PROBE1,0.0,0.03937381404174573
PROBE1,0.0,0.03961100569259962
PROBE1,0.0,0.03984819734345351
PROBE1,0.0,0.0400853889943074
PROBE1,0.0,0.04032258064516129
PROBE1,0.0,0.04055977229601518
PROBE1,0.0,0.04079696394686907
PROBE1,0.0,0.04103415559772296
PROBE1,0.0,0.04127134724857685
PROBE1,0.0,0.04150853889943074
PROBE1,0.0,0.04174573055028463
PROBE1,0.0,0.04198292220113852
PROBE1,0.0,0.04222011385199241
PROBE1,0.0,0.0424573055028463
PROBE1,0.0,0.04269449715370019
PROBE1,0.0,0.04293168880455408
PROBE1,0.0,0.04316888045540797
PROBE1,0.0,0.04340607210626186
PROBE1,0.0,0.04364326375711575
PROBE1,0.0,0.043880455407969636
PROBE1,0.0,0.04411764705882353
PROBE1,0.0,0.04435483870967742
PROBE1,0.0,0.04459203036053131
PROBE1,0.0,0.0448292220113852
PROBE1,0.0,0.04506641366223909
PROBE1,0.0,0.04530360531309298
PROBE1,0.0,0.04554079696394687
PROBE1,0.0,0.04577798861480076
PROBE1,0.0,0.04601518026565465
PROBE1,0.0,0.046252371916508536
PROBE1,0.0,0.046489563567362426
PROBE1,0.0,0.04672675521821632
PROBE1,0.0,0.04696394686907021
PROBE1,0.0,0.0472011385199241
PROBE1,0.0,0.04743833017077799
PROBE1,0.0,0.04767552182163188
PROBE1,0.0,0.04791271347248577
PROBE1,0.0,0.04814990512333966
PROBE1,0.0,0.04838709677419355
PROBE1,0.0,0.048624288425047436
PROBE1,0.0,0.048861480075901326
PROBE1,0.0,0.049098671726755215
PROBE1,0.0,0.04933586337760911
PROBE1,0.0,0.049573055028463
PROBE1,0.0,0.04981024667931689
PROBE1,0.0,0.05004743833017078
PROBE1,0.0,0.05028462998102467
PROBE1,0.0,0.05052182163187856
PROBE1,0.0,0.05075901328273245
PROBE1,0.0,0.05099620493358634
PROBE1,0.0,0.051233396584440226
PROBE1,0.0,0.051470588235294115
PROBE1,0.0,0.051707779886148005
PROBE1,0.0,0.0519449715370019
PROBE1,0.0,0.05218216318785579
PROBE1,0.0,0.05241935483870968
PROBE1,0.0,0.05265654648956357
PROBE1,0.0,0.05289373814041746
PROBE1,0.0,0.05313092979127135
PROBE1,0.0,0.05336812144212524
PROBE1,0.0,0.053605313092979126
PROBE1,0.0,0.053842504743833015
PROBE1,0.0,0.054079696394686905
PROBE1,0.0,0.054316888045540794
PROBE1,0.0,0.05455407969639469
PROBE1,0.0,0.05479127134724858
PROBE1,0.0,0.05502846299810247
PROBE1,0.0,0.05526565464895636
PROBE1,0.0,0.05550284629981025
PROBE1,0.0,0.05574003795066414
PROBE1,0.0,0.055977229601518026
PROBE1,0.0,0.056214421252371916
PROBE1,0.0,0.056451612903225805
PROBE1,0.0,0.056688804554079694
PROBE1,0.0,0.056925996204933584
PROBE1,0.0,0.05716318785578747
PROBE1,0.0,0.05740037950664137
PROBE1,0.0,0.05763757115749526
PROBE1,0.0,0.05787476280834915
PROBE1,0.0,0.05811195445920304
PROBE1,0.0,0.058349146110056926
PROBE1,0.0,0.058586337760910816
PROBE1,0.0,0.058823529411764705
PROBE1,1.0250000000000004,0.059060721062618594
PROBE1,1.0250000000000004,0.059297912713472484
PROBE1,1.0250000000000004,0.05953510436432637
PROBE1,1.0250000000000004,0.05977229601518026
PROBE1,1.0250000000000004,0.06000948766603416
PROBE1,1.0250000000000004,0.06024667931688805
PROBE1,1.0250000000000004,0.06048387096774194
PROBE1,1.0250000000000004,0.06072106261859583
PROBE1,1.0250000000000004,0.060958254269449716
PROBE1,1.0250000000000004,0.061195445920303605
PROBE1,1.0250000000000004,0.061432637571157495
PROBE1,1.0250000000000004,0.061669829222011384
PROBE1,1.0250000000000004,0.06190702087286527
PROBE1,1.0250000000000004,0.06214421252371916
PROBE1,1.0250000000000004,0.06238140417457305
PROBE1,1.0250000000000004,0.06261859582542695
PROBE1,1.0250000000000004,0.06285578747628083
PROBE1,1.0250000000000004,0.06309297912713473
PROBE1,1.0250000000000004,0.06333017077798861
PROBE1,1.0250000000000004,0.0635673624288425
PROBE1,1.0250000000000004,0.06380455407969639
PROBE1,1.0250000000000004,0.06404174573055028
PROBE1,1.0250000000000004,0.06427893738140418
PROBE1,1.0250000000000004,0.06451612903225806
PROBE1,1.0250000000000004,0.06475332068311196
PROBE1,1.0250000000000004,0.06499051233396584
PROBE1,1.0250000000000004,0.06522770398481974
PROBE1,1.0250000000000004,0.06546489563567362
PROBE1,1.0250000000000004,0.06570208728652752
PROBE1,1.0250000000000004,0.0659392789373814
PROBE1,1.0250000000000004,0.0661764705882353
PROBE1,1.0250000000000004,0.06641366223908918
PROBE1,1.0250000000000004,0.06665085388994307
PROBE1,1.0250000000000004,0.06688804554079697
PROBE1,1.0250000000000004,0.06712523719165085
PROBE1,1.0250000000000004,0.06736242884250475
PROBE1,1.0250000000000004,0.06759962049335863
PROBE1,1.0250000000000004,0.06783681214421253
PROBE1,1.0250000000000004,0.06807400379506641
PROBE1,1.0250000000000004,0.0683111954459203
PROBE1,1.0250000000000004,0.06854838709677419
PROBE1,1.0250000000000004,0.06878557874762808
PROBE1,1.0250000000000004,0.06902277039848197
PROBE1,1.0250000000000004,0.06925996204933586
PROBE1,1.0250000000000004,0.06949715370018976
PROBE1,1.0250000000000004,0.06973434535104364
PROBE1,1.0250000000000004,0.06997153700189754
PROBE1,1.0250000000000004,0.07020872865275142
PROBE1,1.0250000000000004,0.07044592030360532
PROBE1,1.0250000000000004,0.0706831119544592
PROBE1,1.0250000000000004,0.0709203036053131
PROBE1,1.0250000000000004,0.07115749525616698
PROBE1,1.0250000000000004,0.07139468690702087
PROBE1,1.0250000000000004,0.07163187855787476
PROBE1,1.0250000000000004,0.07186907020872865
PROBE1,1.0250000000000004,0.07210626185958255
PROBE1,1.0250000000000004,0.07234345351043643
PROBE1,1.0250000000000004,0.07258064516129033
PROBE1,1.0250000000000004,0.07281783681214421
PROBE1,1.0250000000000004,0.0730550284629981
PROBE1,1.0250000000000004,0.07329222011385199
PROBE1,1.0250000000000004,0.07352941176470588
PROBE1,1.0250000000000004,0.07376660341555977
PROBE1,1.0250000000000004,0.07400379506641366
PROBE1,1.0250000000000004,0.07424098671726755
PROBE1,1.0250000000000004,0.07447817836812144
PROBE1,1.0250000000000004,0.07471537001897534
PROBE1,1.0250000000000004,0.07495256166982922
PROBE1,1.0250000000000004,0.07518975332068312
PROBE1,1.0250000000000004,0.075426944971537
PROBE1,1.0250000000000004,0.0756641366223909
PROBE1,1.0250000000000004,0.07590132827324478
PROBE1,1.0250000000000004,0.07613851992409867
PROBE1,1.0250000000000004,0.07637571157495256
PROBE1,1.0250000000000004,0.07661290322580645
PROBE1,1.0250000000000004,0.07685009487666034
PROBE1,1.0250000000000004,0.07708728652751423
PROBE1,1.0250000000000004,0.07732447817836813
PROBE1,1.0250000000000004,0.07756166982922201
PROBE1,1.0250000000000004,0.0777988614800759
PROBE1,1.0250000000000004,0.07803605313092979
PROBE1,1.0250000000000004,0.07827324478178369
PROBE1,1.0250000000000004,0.07851043643263757
PROBE1,1.0250000000000004,0.07874762808349146
PROBE1,1.0250000000000004,0.07898481973434535
PROBE1,1.0250000000000004,0.07922201138519924
PROBE1,1.0250000000000004,0.07945920303605312
PROBE1,1.0250000000000004,0.07969639468690702
PROBE1,1.0250000000000004,0.07993358633776092
PROBE1,1.0250000000000004,0.0801707779886148
PROBE1,1.0250000000000004,0.0804079696394687
PROBE1,1.0250000000000004,0.08064516129032258
PROBE1,1.0250000000000004,0.08088235294117647
PROBE1,1.0250000000000004,0.08111954459203036
PROBE1,1.0250000000000004,0.08135673624288425
PROBE1,1.0250000000000004,0.08159392789373814
PROBE1,1.0250000000000004,0.08183111954459203
PROBE1,1.0250000000000004,0.08206831119544591
PROBE1,1.0250000000000004,0.08230550284629981
PROBE1,1.0250000000000004,0.0825426944971537
PROBE1,1.0250000000000004,0.08277988614800759
PROBE1,1.0250000000000004,0.08301707779886149
PROBE1,1.0250000000000004,0.08325426944971537
PROBE1,1.0250000000000004,0.08349146110056926
PROBE1,1.0250000000000004,0.08372865275142315
PROBE1,1.0250000000000004,0.08396584440227704
PROBE1,1.0250000000000004,0.08420303605313093
PROBE1,1.0250000000000004,0.08444022770398482
PROBE1,1.0250000000000004,0.0846774193548387
PROBE1,1.0250000000000004,0.0849146110056926
PROBE1,1.0250000000000004,0.0851518026565465
PROBE1,1.0250000000000004,0.08538899430740038
PROBE1,1.0250000000000004,0.08562618595825428
PROBE1,1.0250000000000004,0.08586337760910816
PROBE1,1.0250000000000004,0.08610056925996205
PROBE1,1.0250000000000004,0.08633776091081594
PROBE1,1.0250000000000004,0.08657495256166983
PROBE1,1.0250000000000004,0.08681214421252371
PROBE1,1.0250000000000004,0.08704933586337761
PROBE1,1.0250000000000004,0.0872865275142315
PROBE1,1.0250000000000004,0.08752371916508539
PROBE1,1.0250000000000004,0.08776091081593927
PROBE1,1.0250000000000004,0.08799810246679317
PROBE1,1.0250000000000004,0.08823529411764706
PROBE1,1.0250000000000004,0.08847248576850095
PROBE1,1.0250000000000004,0.08870967741935484
PROBE1,1.0250000000000004,0.08894686907020873
PROBE1,1.0250000000000004,0.08918406072106262
PROBE1,1.0250000000000004,0.0894212523719165
PROBE1,1.0250000000000004,0.0896584440227704
PROBE1,1.0250000000000004,0.08989563567362428
PROBE1,1.0250000000000004,0.09013282732447818
PROBE1,1.0250000000000004,0.09037001897533206
PROBE1,1.0250000000000004,0.09060721062618596
PROBE1,1.0250000000000004,0.09084440227703985
PROBE1,1.0250000000000004,0.09108159392789374
PROBE1,1.0250000000000004,0.09131878557874763
PROBE1,1.0250000000000004,0.09155597722960152
PROBE1,1.0250000000000004,0.09179316888045541
PROBE1,1.0250000000000004,0.0920303605313093
PROBE1,1.0250000000000004,0.09226755218216319
PROBE1,1.0250000000000004,0.09250474383301707
PROBE1,1.0250000000000004,0.09274193548387097
PROBE1,1.0250000000000004,0.09297912713472485
PROBE1,1.0250000000000004,0.09321631878557875
PROBE1,1.0250000000000004,0.09345351043643264
PROBE1,1.0250000000000004,0.09369070208728653
PROBE1,1.0250000000000004,0.09392789373814042
PROBE1,1.0250000000000004,0.0941650853889943
PROBE1,1.0250000000000004,0.0944022770398482
PROBE1,1.0250000000000004,0.09463946869070208
PROBE1,1.0250000000000004,0.09487666034155598
PROBE1,1.0250000000000004,0.09511385199240986
PROBE1,1.0250000000000004,0.09535104364326376
PROBE1,1.0250000000000004,0.09558823529411764
PROBE1,1.0250000000000004,0.09582542694497154
PROBE1,1.0250000000000004,0.09606261859582543
PROBE1,1.0250000000000004,0.09629981024667932
PROBE1,1.0250000000000004,0.09653700189753321
PROBE1,1.0250000000000004,0.0967741935483871
PROBE1,1.0250000000000004,0.09701138519924099
PROBE1,1.0250000000000004,0.09724857685009487
PROBE1,1.0250000000000004,0.09748576850094877
PROBE1,1.0250000000000004,0.09772296015180265
PROBE1,1.0250000000000004,0.09796015180265655
PROBE1,1.0250000000000004,0.09819734345351043
PROBE1,1.0250000000000004,0.09843453510436433
PROBE1,1.0250000000000004,0.09867172675521822
PROBE1,1.0250000000000004,0.0989089184060721
PROBE1,1.0250000000000004,0.099146110056926
PROBE1,1.0250000000000004,0.09938330170777988
PROBE1,1.0250000000000004,0.09962049335863378
PROBE1,1.0250000000000004,0.09985768500948766
PROBE1,1.0250000000000004,0.10009487666034156
PROBE1,1.0250000000000004,0.10033206831119544
PROBE1,1.0250000000000004,0.10056925996204934
PROBE1,1.0250000000000004,0.10080645161290322
PROBE1,1.0250000000000004,0.10104364326375712
PROBE1,1.0250000000000004,0.10128083491461101
PROBE1,1.0250000000000004,0.1015180265654649
PROBE1,1.0250000000000004,0.10175521821631879
PROBE1,1.0250000000000004,0.10199240986717267
PROBE1,1.0250000000000004,0.10222960151802657
PROBE1,1.0250000000000004,0.10246679316888045
PROBE1,1.0250000000000004,0.10270398481973435
PROBE1,1.0250000000000004,0.10294117647058823
PROBE1,1.0250000000000004,0.10317836812144213
PROBE1,1.0250000000000004,0.10341555977229601
PROBE1,1.0250000000000004,0.1036527514231499
PROBE1,1.0250000000000004,0.1038899430740038
PROBE1,1.0250000000000004,0.10412713472485768
PROBE1,1.0250000000000004,0.10436432637571158
PROBE1,1.0250000000000004,0.10460151802656546
PROBE1,1.0250000000000004,0.10483870967741936
PROBE1,1.0250000000000004,0.10507590132827324
PROBE1,1.0250000000000004,0.10531309297912714
PROBE1,1.0250000000000004,0.10555028462998102
PROBE1,1.0250000000000004,0.10578747628083492
PROBE1,1.0250000000000004,0.1060246679316888
PROBE1,1.0250000000000004,0.1062618595825427
PROBE1,1.0250000000000004,0.10649905123339659
PROBE1,1.0250000000000004,0.10673624288425047
PROBE1,1.0250000000000004,0.10697343453510437
PROBE1,1.0250000000000004,0.10721062618595825
PROBE1,1.0250000000000004,0.10744781783681215
PROBE1,1.0250000000000004,0.10768500948766603
PROBE1,1.0250000000000004,0.10792220113851993
PROBE1,1.0250000000000004,0.10815939278937381
PROBE1,1.0250000000000004,0.1083965844402277
PROBE1,1.0250000000000004,0.10863377609108159
PROBE1,1.0250000000000004,0.10887096774193548
PROBE1,1.0250000000000004,0.10910815939278938
PROBE1,1.0250000000000004,0.10934535104364326
PROBE1,1.0250000000000004,0.10958254269449716
PROBE1,1.0250000000000004,0.10981973434535104
PROBE1,1.0250000000000004,0.11005692599620494
PROBE1,1.0250000000000004,0.11029411764705882
PROBE1,1.0250000000000004,0.11053130929791272
PROBE1,1.0250000000000004,0.1107685009487666
PROBE1,1.0250000000000004,0.1110056925996205
PROBE1,1.0250000000000004,0.11124288425047438
PROBE1,1.0250000000000004,0.11148007590132827
PROBE1,1.0250000000000004,0.11171726755218217
PROBE1,1.0250000000000004,0.11195445920303605
PROBE1,1.0250000000000004,0.11219165085388995
PROBE1,1.0250000000000004,0.11242884250474383
PROBE1,1.0250000000000004,0.11266603415559773
PROBE1,1.0250000000000004,0.11290322580645161
PROBE1,1.0250000000000004,0.1131404174573055
PROBE1,1.0250000000000004,0.11337760910815939
PROBE1,1.0250000000000004,0.11361480075901328
PROBE1,1.0250000000000004,0.11385199240986717
PROBE1,1.0250000000000004,0.11408918406072106
PROBE1,1.0250000000000004,0.11432637571157495
PROBE1,1.0250000000000004,0.11456356736242884
PROBE1,1.0250000000000004,0.11480075901328274
PROBE1,1.0250000000000004,0.11503795066413662
PROBE1,1.0250000000000004,0.11527514231499052
PROBE1,1.0250000000000004,0.1155123339658444
PROBE1,1.0250000000000004,0.1157495256166983
PROBE1,1.0250000000000004,0.11598671726755218
PROBE1,1.0250000000000004,0.11622390891840607
PROBE1,1.0250000000000004,0.11646110056925996
PROBE1,1.0250000000000004,0.11669829222011385
PROBE1,1.0250000000000004,0.11693548387096774
PROBE1,1.0250000000000004,0.11717267552182163
PROBE1,1.0250000000000004,0.11740986717267553
PROBE1,1.0250000000000004,0.11764705882352941
PROBE1,2.625000000000001,0.1178842504743833
PROBE1,2.625000000000001,0.11812144212523719
PROBE1,2.625000000000001,0.11835863377609109
PROBE1,2.625000000000001,0.11859582542694497
PROBE1,2.625000000000001,0.11883301707779886
PROBE1,2.625000000000001,0.11907020872865275
PROBE1,2.625000000000001,0.11930740037950664
PROBE1,2.625000000000001,0.11954459203036052
PROBE1,2.625000000000001,0.11978178368121442
PROBE1,2.625000000000001,0.12001897533206832
PROBE1,2.625000000000001,0.1202561669829222
PROBE1,2.625000000000001,0.1204933586337761
PROBE1,2.625000000000001,0.12073055028462998
PROBE1,2.625000000000001,0.12096774193548387
PROBE1,2.625000000000001,0.12120493358633776
PROBE1,2.625000000000001,0.12144212523719165
PROBE1,2.625000000000001,0.12167931688804554
PROBE1,2.625000000000001,0.12191650853889943
PROBE1,2.625000000000001,0.12215370018975331
PROBE1,2.625000000000001,0.12239089184060721
PROBE1,2.625000000000001,0.1226280834914611
PROBE1,2.625000000000001,0.12286527514231499
PROBE1,2.625000000000001,0.12310246679316889
PROBE1,2.625000000000001,0.12333965844402277
PROBE1,2.625000000000001,0.12357685009487666
PROBE1,2.625000000000001,0.12381404174573055
PROBE1,2.625000000000001,0.12405123339658444
PROBE1,2.625000000000001,0.12428842504743833
PROBE1,2.625000000000001,0.12452561669829222
PROBE1,2.625000000000001,0.1247628083491461
PROBE1,2.625000000000001,0.125
PROBE1,2.625000000000001,0.1252371916508539
PROBE1,2.625000000000001,0.1254743833017078
PROBE1,2.625000000000001,0.12571157495256166
PROBE1,2.625000000000001,0.12594876660341556
PROBE1,2.625000000000001,0.12618595825426945
PROBE1,2.625000000000001,0.12642314990512335
PROBE1,2.625000000000001,0.12666034155597722
PROBE1,2.625000000000001,0.12689753320683111
PROBE1,2.625000000000001,0.127134724857685
PROBE1,2.625000000000001,0.1273719165085389
PROBE1,2.625000000000001,0.12760910815939278
PROBE1,2.625000000000001,0.12784629981024667
PROBE1,2.625000000000001,0.12808349146110057
PROBE1,2.625000000000001,0.12832068311195446
PROBE1,2.625000000000001,0.12855787476280836
PROBE1,2.625000000000001,0.12879506641366223
PROBE1,2.625000000000001,0.12903225806451613
PROBE1,2.625000000000001,0.12926944971537002
PROBE1,2.625000000000001,0.12950664136622392
PROBE1,2.625000000000001,0.1297438330170778
PROBE1,2.625000000000001,0.12998102466793168
PROBE1,2.625000000000001,0.13021821631878558
PROBE1,2.625000000000001,0.13045540796963948
PROBE1,2.625000000000001,0.13069259962049337
PROBE1,2.625000000000001,0.13092979127134724
PROBE1,2.625000000000001,0.13116698292220114
PROBE1,2.625000000000001,0.13140417457305503
PROBE1,2.625000000000001,0.13164136622390893
PROBE1,2.625000000000001,0.1318785578747628
PROBE1,2.625000000000001,0.1321157495256167
PROBE1,2.625000000000001,0.1323529411764706
PROBE1,2.625000000000001,0.1325901328273245
PROBE1,2.625000000000001,0.13282732447817835
PROBE1,2.625000000000001,0.13306451612903225
PROBE1,2.625000000000001,0.13330170777988615
PROBE1,2.625000000000001,0.13353889943074004
PROBE1,2.625000000000001,0.13377609108159394
PROBE1,2.625000000000001,0.1340132827324478
PROBE1,2.625000000000001,0.1342504743833017
PROBE1,2.625000000000001,0.1344876660341556
PROBE1,2.625000000000001,0.1347248576850095
PROBE1,2.625000000000001,0.13496204933586337
PROBE1,2.625000000000001,0.13519924098671726
PROBE1,2.625000000000001,0.13543643263757116
PROBE1,2.625000000000001,0.13567362428842505
PROBE1,2.625000000000001,0.13591081593927895
PROBE1,2.625000000000001,0.13614800759013282
PROBE1,2.625000000000001,0.13638519924098672
PROBE1,2.625000000000001,0.1366223908918406
PROBE1,2.625000000000001,0.1368595825426945
PROBE1,2.625000000000001,0.13709677419354838
PROBE1,2.625000000000001,0.13733396584440227
PROBE1,2.625000000000001,0.13757115749525617
PROBE1,2.625000000000001,0.13780834914611007
PROBE1,2.625000000000001,0.13804554079696393
PROBE1,2.625000000000001,0.13828273244781783
PROBE1,2.625000000000001,0.13851992409867173
PROBE1,2.625000000000001,0.13875711574952562
PROBE1,2.625000000000001,0.13899430740037952
PROBE1,2.625000000000001,0.1392314990512334
PROBE1,2.625000000000001,0.13946869070208728
PROBE1,2.625000000000001,0.13970588235294118
PROBE1,2.625000000000001,0.13994307400379508
PROBE1,2.625000000000001,0.14018026565464894
PROBE1,2.625000000000001,0.14041745730550284
PROBE1,2.625000000000001,0.14065464895635674
PROBE1,2.625000000000001,0.14089184060721063
PROBE1,2.625000000000001,0.14112903225806453
PROBE1,2.625000000000001,0.1413662239089184
PROBE1,2.625000000000001,0.1416034155597723
PROBE1,2.625000000000001,0.1418406072106262
PROBE1,2.625000000000001,0.1420777988614801
PROBE1,2.625000000000001,0.14231499051233396
PROBE1,2.625000000000001,0.14255218216318785
PROBE1,2.625000000000001,0.14278937381404175
PROBE1,2.625000000000001,0.14302656546489564
PROBE1,2.625000000000001,0.1432637571157495
PROBE1,2.625000000000001,0.1435009487666034
PROBE1,2.625000000000001,0.1437381404174573
PROBE1,2.625000000000001,0.1439753320683112
PROBE1,2.625000000000001,0.1442125237191651
PROBE1,2.625000000000001,0.14444971537001897
PROBE1,2.625000000000001,0.14468690702087286
PROBE1,2.625000000000001,0.14492409867172676
PROBE1,2.625000000000001,0.14516129032258066
PROBE1,2.625000000000001,0.14539848197343452
PROBE1,2.625000000000001,0.14563567362428842
PROBE1,2.625000000000001,0.14587286527514232
PROBE1,2.625000000000001,0.1461100569259962
PROBE1,2.625000000000001,0.1463472485768501
PROBE1,2.625000000000001,0.14658444022770398
PROBE1,2.625000000000001,0.14682163187855787
PROBE1,2.625000000000001,0.14705882352941177
PROBE1,2.625000000000001,0.14729601518026567
PROBE1,2.625000000000001,0.14753320683111953
PROBE1,2.625000000000001,0.14777039848197343
PROBE1,2.625000000000001,0.14800759013282733
PROBE1,2.625000000000001,0.14824478178368122
PROBE1,2.625000000000001,0.1484819734345351
PROBE1,2.625000000000001,0.148719165085389
PROBE1,2.625000000000001,0.14895635673624288
PROBE1,2.625000000000001,0.14919354838709678
PROBE1,2.625000000000001,0.14943074003795068
PROBE1,2.625000000000001,0.14966793168880455
PROBE1,2.625000000000001,0.14990512333965844
PROBE1,2.625000000000001,0.15014231499051234
PROBE1,2.625000000000001,0.15037950664136623
PROBE1,2.625000000000001,0.1506166982922201
PROBE1,2.625000000000001,0.150853889943074
PROBE1,2.625000000000001,0.1510910815939279
PROBE1,2.625000000000001,0.1513282732447818
PROBE1,2.625000000000001,0.15156546489563566
PROBE1,2.625000000000001,0.15180265654648956
PROBE1,2.625000000000001,0.15203984819734345
PROBE1,2.625000000000001,0.15227703984819735
PROBE1,2.625000000000001,0.15251423149905124
PROBE1,2.625000000000001,0.1527514231499051
PROBE1,2.625000000000001,0.152988614800759
PROBE1,2.625000000000001,0.1532258064516129
PROBE1,2.625000000000001,0.1534629981024668
PROBE1,2.625000000000001,0.15370018975332067
PROBE1,2.625000000000001,0.15393738140417457
PROBE1,2.625000000000001,0.15417457305502846
PROBE1,2.625000000000001,0.15441176470588236
PROBE1,2.625000000000001,0.15464895635673626
PROBE1,2.625000000000001,0.15488614800759012
PROBE1,2.625000000000001,0.15512333965844402
PROBE1,2.625000000000001,0.15536053130929792
PROBE1,2.625000000000001,0.1555977229601518
PROBE1,2.625000000000001,0.15583491461100568
PROBE1,2.625000000000001,0.15607210626185958
PROBE1,2.625000000000001,0.15630929791271347
PROBE1,2.625000000000001,0.15654648956356737
PROBE1,2.625000000000001,0.15678368121442124
PROBE1,2.625000000000001,0.15702087286527514
PROBE1,2.625000000000001,0.15725806451612903
PROBE1,2.625000000000001,0.15749525616698293
PROBE1,2.625000000000001,0.15773244781783682
PROBE1,2.625000000000001,0.1579696394686907
PROBE1,2.625000000000001,0.1582068311195446
PROBE1,2.625000000000001,0.15844402277039848
PROBE1,2.625000000000001,0.15868121442125238
PROBE1,2.625000000000001,0.15891840607210625
PROBE1,2.625000000000001,0.15915559772296015
PROBE1,2.625000000000001,0.15939278937381404
PROBE1,2.625000000000001,0.15962998102466794
PROBE1,2.625000000000001,0.15986717267552183
PROBE1,2.625000000000001,0.1601043643263757
PROBE1,2.625000000000001,0.1603415559772296
PROBE1,2.625000000000001,0.1605787476280835
PROBE1,2.625000000000001,0.1608159392789374
PROBE1,2.625000000000001,0.16105313092979126
PROBE1,2.625000000000001,0.16129032258064516
PROBE1,2.625000000000001,0.16152751423149905
PROBE1,2.625000000000001,0.16176470588235295
PROBE1,2.625000000000001,0.16200189753320682
PROBE1,2.625000000000001,0.16223908918406071
PROBE1,2.625000000000001,0.1624762808349146
PROBE1,2.625000000000001,0.1627134724857685
PROBE1,2.625000000000001,0.1629506641366224
PROBE1,2.625000000000001,0.16318785578747627
PROBE1,2.625000000000001,0.16342504743833017
PROBE1,2.625000000000001,0.16366223908918406
PROBE1,2.625000000000001,0.16389943074003796
PROBE1,2.625000000000001,0.16413662239089183
PROBE1,2.625000000000001,0.16437381404174572
PROBE1,2.625000000000001,0.16461100569259962
PROBE1,2.625000000000001,0.16484819734345352
PROBE1,2.625000000000001,0.1650853889943074
PROBE1,2.625000000000001,0.16532258064516128
PROBE1,2.625000000000001,0.16555977229601518
PROBE1,2.625000000000001,0.16579696394686907
PROBE1,2.625000000000001,0.16603415559772297
PROBE1,2.625000000000001,0.16627134724857684
PROBE1,2.625000000000001,0.16650853889943074
PROBE1,2.625000000000001,0.16674573055028463
PROBE1,2.625000000000001,0.16698292220113853
PROBE1,2.625000000000001,0.1672201138519924
PROBE1,2.625000000000001,0.1674573055028463
PROBE1,2.625000000000001,0.1676944971537002
PROBE1,2.625000000000001,0.16793168880455409
PROBE1,2.625000000000001,0.16816888045540798
PROBE1,2.625000000000001,0.16840607210626185
PROBE1,2.625000000000001,0.16864326375711575
PROBE1,2.625000000000001,0.16888045540796964
PROBE1,2.625000000000001,0.16911764705882354
PROBE1,2.625000000000001,0.1693548387096774
PROBE1,2.625000000000001,0.1695920303605313
PROBE1,2.625000000000001,0.1698292220113852
PROBE1,2.625000000000001,0.1700664136622391
PROBE1,2.625000000000001,0.170303605313093
PROBE1,2.625000000000001,0.17054079696394686
PROBE1,2.625000000000001,0.17077798861480076
PROBE1,2.625000000000001,0.17101518026565465
PROBE1,2.625000000000001,0.17125237191650855
PROBE1,2.625000000000001,0.17148956356736242
PROBE1,2.625000000000001,0.17172675521821631
PROBE1,2.625000000000001,0.1719639468690702
PROBE1,2.625000000000001,0.1722011385199241
PROBE1,2.625000000000001,0.17243833017077798
PROBE1,2.625000000000001,0.17267552182163187
PROBE1,2.625000000000001,0.17291271347248577
PROBE1,2.625000000000001,0.17314990512333966
PROBE1,2.625000000000001,0.17338709677419356
PROBE1,2.625000000000001,0.17362428842504743
PROBE1,2.625000000000001,0.17386148007590133
PROBE1,2.625000000000001,0.17409867172675522
PROBE1,2.625000000000001,0.17433586337760912
PROBE1,2.625000000000001,0.174573055028463
PROBE1,2.625000000000001,0.17481024667931688
PROBE1,2.625000000000001,0.17504743833017078
PROBE1,2.625000000000001,0.17528462998102468
PROBE1,2.625000000000001,0.17552182163187854
PROBE1,2.625000000000001,0.17575901328273244
PROBE1,2.625000000000001,0.17599620493358634
PROBE1,2.625000000000001,0.17623339658444023
PROBE1,2.625000000000001,0.17647058823529413
PROBE1,3.675,0.176707779886148
PROBE1,3.675,0.1769449715370019
PROBE1,3.675,0.1771821631878558
PROBE1,3.675,0.1774193548387097
PROBE1,3.675,0.17765654648956355
PROBE1,3.675,0.17789373814041745
PROBE1,3.675,0.17813092979127135
PROBE1,3.675,0.17836812144212524
PROBE1,3.675,0.17860531309297914
PROBE1,3.675,0.178842504743833
PROBE1,3.675,0.1790796963946869
PROBE1,3.675,0.1793168880455408
PROBE1,3.675,0.1795540796963947
PROBE1,3.675,0.17979127134724857
PROBE1,3.675,0.18002846299810246
PROBE1,3.675,0.18026565464895636
PROBE1,3.675,0.18050284629981025
PROBE1,3.675,0.18074003795066412
PROBE1,3.675,0.18097722960151802
PROBE1,3.675,0.18121442125237192
PROBE1,3.675,0.1814516129032258
PROBE1,3.675,0.1816888045540797
PROBE1,3.675,0.18192599620493358
PROBE1,3.675,0.18216318785578747
PROBE1,3.675,0.18240037950664137
PROBE1,3.675,0.18263757115749527
PROBE1,3.675,0.18287476280834913
PROBE1,3.675,0.18311195445920303
PROBE1,3.675,0.18334914611005693
PROBE1,3.675,0.18358633776091082
PROBE1,3.675,0.18382352941176472
PROBE1,3.675,0.1840607210626186
PROBE1,3.675,0.18429791271347248
PROBE1,3.675,0.18453510436432638
PROBE1,3.675,0.18477229601518028
PROBE1,3.675,0.18500948766603414
PROBE1,3.675,0.18524667931688804
PROBE1,3.675,0.18548387096774194
PROBE1,3.675,0.18572106261859583
PROBE1,3.675,0.1859582542694497
PROBE1,3.675,0.1861954459203036
PROBE1,3.675,0.1864326375711575
PROBE1,3.675,0.1866698292220114
PROBE1,3.675,0.1869070208728653
PROBE1,3.675,0.18714421252371916
PROBE1,3.675,0.18738140417457305
PROBE1,3.675,0.18761859582542695
PROBE1,3.675,0.18785578747628084
PROBE1,3.675,0.1880929791271347
PROBE1,3.675,0.1883301707779886
PROBE1,3.675,0.1885673624288425
PROBE1,3.675,0.1888045540796964
PROBE1,3.675,0.1890417457305503
PROBE1,3.675,0.18927893738140417
PROBE1,3.675,0.18951612903225806
PROBE1,3.675,0.18975332068311196
PROBE1,3.675,0.18999051233396586
PROBE1,3.675,0.19022770398481972
PROBE1,3.675,0.19046489563567362
PROBE1,3.675,0.19070208728652752
PROBE1,3.675,0.1909392789373814
PROBE1,3.675,0.19117647058823528
PROBE1,3.675,0.19141366223908918
PROBE1,3.675,0.19165085388994307
PROBE1,3.675,0.19188804554079697
PROBE1,3.675,0.19212523719165087
PROBE1,3.675,0.19236242884250473
PROBE1,3.675,0.19259962049335863
PROBE1,3.675,0.19283681214421253
PROBE1,3.675,0.19307400379506642
PROBE1,3.675,0.1933111954459203
PROBE1,3.675,0.1935483870967742
PROBE1,3.675,0.19378557874762808
PROBE1,3.675,0.19402277039848198
PROBE1,3.675,0.19425996204933588
PROBE1,3.675,0.19449715370018975
PROBE1,3.675,0.19473434535104364
PROBE1,3.675,0.19497153700189754
PROBE1,3.675,0.19520872865275143
PROBE1,3.675,0.1954459203036053
PROBE1,3.675,0.1956831119544592
PROBE1,3.675,0.1959203036053131
PROBE1,3.675,0.196157495256167
PROBE1,3.675,0.19639468690702086
PROBE1,3.675,0.19663187855787476
PROBE1,3.675,0.19686907020872865
PROBE1,3.675,0.19710626185958255
PROBE1,3.675,0.19734345351043645
PROBE1,3.675,0.1975806451612903
PROBE1,3.675,0.1978178368121442
PROBE1,3.675,0.1980550284629981
PROBE1,3.675,0.198292220113852
PROBE1,3.675,0.19852941176470587
PROBE1,3.675,0.19876660341555977
PROBE1,3.675,0.19900379506641366
PROBE1,3.675,0.19924098671726756
PROBE1,3.675,0.19947817836812146
PROBE1,3.675,0.19971537001897532
PROBE1,3.675,0.19995256166982922
PROBE1,3.675,0.20018975332068312
PROBE1,3.675,0.200426944971537
PROBE1,3.675,0.20066413662239088
PROBE1,3.675,0.20090132827324478
PROBE1,3.675,0.20113851992409867
PROBE1,3.675,0.20137571157495257
PROBE1,3.675,0.20161290322580644
PROBE1,3.675,0.20185009487666034
PROBE1,3.675,0.20208728652751423
PROBE1,3.675,0.20232447817836813
PROBE1,3.675,0.20256166982922202
PROBE1,3.675,0.2027988614800759
PROBE1,3.675,0.2030360531309298
PROBE1,3.675,0.20327324478178369
PROBE1,3.675,0.20351043643263758
PROBE1,3.675,0.20374762808349145
PROBE1,3.675,0.20398481973434535
PROBE1,3.675,0.20422201138519924
PROBE1,3.675,0.20445920303605314
PROBE1,3.675,0.204696394686907
PROBE1,3.675,0.2049335863377609
PROBE1,3.675,0.2051707779886148
PROBE1,3.675,0.2054079696394687
PROBE1,3.675,0.2056451612903226
PROBE1,3.675,0.20588235294117646
PROBE1,3.675,0.20611954459203036
PROBE1,3.675,0.20635673624288425
PROBE1,3.675,0.20659392789373815
PROBE1,3.675,0.20683111954459202
PROBE1,3.675,0.20706831119544591
PROBE1,3.675,0.2073055028462998
PROBE1,3.675,0.2075426944971537
PROBE1,3.675,0.2077798861480076
PROBE1,3.675,0.20801707779886147
PROBE1,3.675,0.20825426944971537
PROBE1,3.675,0.20849146110056926
PROBE1,3.675,0.20872865275142316
PROBE1,3.675,0.20896584440227703
PROBE1,3.675,0.20920303605313093
PROBE1,3.675,0.20944022770398482
PROBE1,3.675,0.20967741935483872
PROBE1,3.675,0.2099146110056926
PROBE1,3.675,0.21015180265654648
PROBE1,3.675,0.21038899430740038
PROBE1,3.675,0.21062618595825428
PROBE1,3.675,0.21086337760910817
PROBE1,3.675,0.21110056925996204
PROBE1,3.675,0.21133776091081594
PROBE1,3.675,0.21157495256166983
PROBE1,3.675,0.21181214421252373
PROBE1,3.675,0.2120493358633776
PROBE1,3.675,0.2122865275142315
PROBE1,3.675,0.2125237191650854
PROBE1,3.675,0.21276091081593929
PROBE1,3.675,0.21299810246679318
PROBE1,3.675,0.21323529411764705
PROBE1,3.675,0.21347248576850095
PROBE1,3.675,0.21370967741935484
PROBE1,3.675,0.21394686907020874
PROBE1,3.675,0.2141840607210626
PROBE1,3.675,0.2144212523719165
PROBE1,3.675,0.2146584440227704
PROBE1,3.675,0.2148956356736243
PROBE1,3.675,0.21513282732447817
PROBE1,3.675,0.21537001897533206
PROBE1,3.675,0.21560721062618596
PROBE1,3.675,0.21584440227703985
PROBE1,3.675,0.21608159392789375
PROBE1,3.675,0.21631878557874762
PROBE1,3.675,0.21655597722960152
PROBE1,3.675,0.2167931688804554
PROBE1,3.675,0.2170303605313093
PROBE1,3.675,0.21726755218216318
PROBE1,3.675,0.21750474383301707
PROBE1,3.675,0.21774193548387097
PROBE1,3.675,0.21797912713472486
PROBE1,3.675,0.21821631878557876
PROBE1,3.675,0.21845351043643263
PROBE1,3.675,0.21869070208728653
PROBE1,3.675,0.21892789373814042
PROBE1,3.675,0.21916508538899432
PROBE1,3.675,0.2194022770398482
PROBE1,3.675,0.21963946869070208
PROBE1,3.675,0.21987666034155598
PROBE1,3.675,0.22011385199240988
PROBE1,3.675,0.22035104364326374
PROBE1,3.675,0.22058823529411764
PROBE1,3.675,0.22082542694497154
PROBE1,3.675,0.22106261859582543
PROBE1,3.675,0.22129981024667933
PROBE1,3.675,0.2215370018975332
PROBE1,3.675,0.2217741935483871
PROBE1,3.675,0.222011385199241
PROBE1,3.675,0.2222485768500949
PROBE1,3.675,0.22248576850094876
PROBE1,3.675,0.22272296015180265
PROBE1,3.675,0.22296015180265655
PROBE1,3.675,0.22319734345351044
PROBE1,3.675,0.22343453510436434
PROBE1,3.675,0.2236717267552182
PROBE1,3.675,0.2239089184060721
PROBE1,3.675,0.224146110056926
PROBE1,3.675,0.2243833017077799
PROBE1,3.675,0.22462049335863377
PROBE1,3.675,0.22485768500948766
PROBE1,3.675,0.22509487666034156
PROBE1,3.675,0.22533206831119545
PROBE1,3.675,0.22556925996204932
PROBE1,3.675,0.22580645161290322
PROBE1,3.675,0.22604364326375712
PROBE1,3.675,0.226280834914611
PROBE1,3.675,0.2265180265654649
PROBE1,3.675,0.22675521821631878
PROBE1,3.675,0.22699240986717267
PROBE1,3.675,0.22722960151802657
PROBE1,3.675,0.22746679316888047
PROBE1,3.675,0.22770398481973433
PROBE1,3.675,0.22794117647058823
PROBE1,3.675,0.22817836812144213
PROBE1,3.675,0.22841555977229602
PROBE1,3.675,0.2286527514231499
PROBE1,3.675,0.2288899430740038
PROBE1,3.675,0.22912713472485768
PROBE1,3.675,0.22936432637571158
PROBE1,3.675,0.22960151802656548
PROBE1,3.675,0.22983870967741934
PROBE1,3.675,0.23007590132827324
PROBE1,3.675,0.23031309297912714
PROBE1,3.675,0.23055028462998103
PROBE1,3.675,0.2307874762808349
PROBE1,3.675,0.2310246679316888
PROBE1,3.675,0.2312618595825427
PROBE1,3.675,0.2314990512333966
PROBE1,3.675,0.2317362428842505
PROBE1,3.675,0.23197343453510436
PROBE1,3.675,0.23221062618595825
PROBE1,3.675,0.23244781783681215
PROBE1,3.675,0.23268500948766604
PROBE1,3.675,0.2329222011385199
PROBE1,3.675,0.2331593927893738
PROBE1,3.675,0.2333965844402277
PROBE1,3.675,0.2336337760910816
PROBE1,3.675,0.23387096774193547
PROBE1,3.675,0.23410815939278937
PROBE1,3.675,0.23434535104364326
PROBE1,3.675,0.23458254269449716
PROBE1,3.675,0.23481973434535106
PROBE1,3.675,0.23505692599620492
PROBE1,3.675,0.23529411764705882
PROBE1,4.7250000000000005,0.23553130929791272
PROBE1,4.7250000000000005,0.2357685009487666
PROBE1,4.7250000000000005,0.23600569259962048
PROBE1,4.7250000000000005,0.23624288425047438
PROBE1,4.7250000000000005,0.23648007590132827
PROBE1,4.7250000000000005,0.23671726755218217
PROBE1,4.7250000000000005,0.23695445920303607
PROBE1,4.7250000000000005,0.23719165085388993
PROBE1,4.7250000000000005,0.23742884250474383
PROBE1,4.7250000000000005,0.23766603415559773
PROBE1,4.7250000000000005,0.23790322580645162
PROBE1,4.7250000000000005,0.2381404174573055
PROBE1,4.7250000000000005,0.2383776091081594
PROBE1,4.7250000000000005,0.23861480075901328
PROBE1,4.7250000000000005,0.23885199240986718
PROBE1,4.7250000000000005,0.23908918406072105
PROBE1,4.7250000000000005,0.23932637571157495
PROBE1,4.7250000000000005,0.23956356736242884
PROBE1,4.7250000000000005,0.23980075901328274
PROBE1,4.7250000000000005,0.24003795066413663
PROBE1,4.7250000000000005,0.2402751423149905
PROBE1,4.7250000000000005,0.2405123339658444
PROBE1,4.7250000000000005,0.2407495256166983
PROBE1,4.7250000000000005,0.2409867172675522
PROBE1,4.7250000000000005,0.24122390891840606
PROBE1,4.7250000000000005,0.24146110056925996
PROBE1,4.7250000000000005,0.24169829222011385
PROBE1,4.7250000000000005,0.24193548387096775
PROBE1,4.7250000000000005,0.24217267552182165
PROBE1,4.7250000000000005,0.2424098671726755
PROBE1,4.7250000000000005,0.2426470588235294
PROBE1,4.7250000000000005,0.2428842504743833
PROBE1,4.7250000000000005,0.2431214421252372
PROBE1,4.7250000000000005,0.24335863377609107
PROBE1,4.7250000000000005,0.24359582542694497
PROBE1,4.7250000000000005,0.24383301707779886
PROBE1,4.7250000000000005,0.24407020872865276
PROBE1,4.7250000000000005,0.24430740037950663
PROBE1,4.7250000000000005,0.24454459203036052
PROBE1,4.7250000000000005,0.24478178368121442
PROBE1,4.7250000000000005,0.24501897533206832
PROBE1,4.7250000000000005,0.2452561669829222
PROBE1,4.7250000000000005,0.24549335863377608
PROBE1,4.7250000000000005,0.24573055028462998
PROBE1,4.7250000000000005,0.24596774193548387
PROBE1,4.7250000000000005,0.24620493358633777
PROBE1,4.7250000000000005,0.24644212523719164
PROBE1,4.7250000000000005,0.24667931688804554
PROBE1,4.7250000000000005,0.24691650853889943
PROBE1,4.7250000000000005,0.24715370018975333
PROBE1,4.7250000000000005,0.24739089184060722
PROBE1,4.7250000000000005,0.2476280834914611
PROBE1,4.7250000000000005,0.247865275142315
PROBE1,4.7250000000000005,0.24810246679316889
PROBE1,4.7250000000000005,0.24833965844402278
PROBE1,4.7250000000000005,0.24857685009487665
PROBE1,4.7250000000000005,0.24881404174573055
PROBE1,4.7250000000000005,0.24905123339658444
PROBE1,4.7250000000000005,0.24928842504743834
PROBE1,4.7250000000000005,0.2495256166982922
PROBE1,4.7250000000000005,0.2497628083491461
PROBE1,4.7250000000000005,0.25
PROBE1,4.7250000000000005,0.2502371916508539
PROBE1,4.7250000000000005,0.2504743833017078
PROBE1,4.7250000000000005,0.2507115749525617
PROBE1,4.7250000000000005,0.2509487666034156
PROBE1,4.7250000000000005,0.2511859582542694
PROBE1,4.7250000000000005,0.2514231499051233
PROBE1,4.7250000000000005,0.2516603415559772
PROBE1,4.7250000000000005,0.2518975332068311
PROBE1,4.7250000000000005,0.252134724857685
PROBE1,4.7250000000000005,0.2523719165085389
PROBE1,4.7250000000000005,0.2526091081593928
PROBE1,4.7250000000000005,0.2528462998102467
PROBE1,4.7250000000000005,0.2530834914611006
PROBE1,4.7250000000000005,0.25332068311195444
PROBE1,4.7250000000000005,0.25355787476280833
PROBE1,4.7250000000000005,0.25379506641366223
PROBE1,4.7250000000000005,0.2540322580645161
PROBE1,4.7250000000000005,0.25426944971537
PROBE1,4.7250000000000005,0.2545066413662239
PROBE1,4.7250000000000005,0.2547438330170778
PROBE1,4.7250000000000005,0.2549810246679317
PROBE1,4.7250000000000005,0.25521821631878555
PROBE1,4.7250000000000005,0.25545540796963945
PROBE1,4.7250000000000005,0.25569259962049334
PROBE1,4.7250000000000005,0.25592979127134724
PROBE1,4.7250000000000005,0.25616698292220114
PROBE1,4.7250000000000005,0.25640417457305503
PROBE1,4.7250000000000005,0.25664136622390893
PROBE1,4.7250000000000005,0.2568785578747628
PROBE1,4.7250000000000005,0.2571157495256167
PROBE1,4.7250000000000005,0.25735294117647056
PROBE1,4.7250000000000005,0.25759013282732446
PROBE1,4.7250000000000005,0.25782732447817835
PROBE1,4.7250000000000005,0.25806451612903225
PROBE1,4.7250000000000005,0.25830170777988615
PROBE1,4.7250000000000005,0.25853889943074004
PROBE1,4.7250000000000005,0.25877609108159394
PROBE1,4.7250000000000005,0.25901328273244784
PROBE1,4.7250000000000005,0.25925047438330173
PROBE1,4.7250000000000005,0.2594876660341556
PROBE1,4.7250000000000005,0.25972485768500947
PROBE1,4.7250000000000005,0.25996204933586337
PROBE1,4.7250000000000005,0.26019924098671726
PROBE1,4.7250000000000005,0.26043643263757116
PROBE1,4.7250000000000005,0.26067362428842505
PROBE1,4.7250000000000005,0.26091081593927895
PROBE1,4.7250000000000005,0.26114800759013285
PROBE1,4.7250000000000005,0.26138519924098674
PROBE1,4.7250000000000005,0.2616223908918406
PROBE1,4.7250000000000005,0.2618595825426945
PROBE1,4.7250000000000005,0.2620967741935484
PROBE1,4.7250000000000005,0.2623339658444023
PROBE1,4.7250000000000005,0.26257115749525617
PROBE1,4.7250000000000005,0.26280834914611007
PROBE1,4.7250000000000005,0.26304554079696396
PROBE1,4.7250000000000005,0.26328273244781786
PROBE1,4.7250000000000005,0.26351992409867175
PROBE1,4.7250000000000005,0.2637571157495256
PROBE1,4.7250000000000005,0.2639943074003795
PROBE1,4.7250000000000005,0.2642314990512334
PROBE1,4.7250000000000005,0.2644686907020873
PROBE1,4.7250000000000005,0.2647058823529412
PROBE1,4.7250000000000005,0.2649430740037951
PROBE1,4.7250000000000005,0.265180265654649
PROBE1,4.7250000000000005,0.26541745730550287
PROBE1,4.7250000000000005,0.2656546489563567
PROBE1,4.7250000000000005,0.2658918406072106
PROBE1,4.7250000000000005,0.2661290322580645
PROBE1,4.7250000000000005,0.2663662239089184
PROBE1,4.7250000000000005,0.2666034155597723
PROBE1,4.7250000000000005,0.2668406072106262
PROBE1,4.7250000000000005,0.2670777988614801
PROBE1,4.7250000000000005,0.267314990512334
PROBE1,4.7250000000000005,0.2675521821631879
PROBE1,4.7250000000000005,0.2677893738140417
PROBE1,4.7250000000000005,0.2680265654648956
PROBE1,4.7250000000000005,0.2682637571157495
PROBE1,4.7250000000000005,0.2685009487666034
PROBE1,4.7250000000000005,0.2687381404174573
PROBE1,4.7250000000000005,0.2689753320683112
PROBE1,4.7250000000000005,0.2692125237191651
PROBE1,4.7250000000000005,0.269449715370019
PROBE1,4.7250000000000005,0.2696869070208729
PROBE1,4.7250000000000005,0.26992409867172673
PROBE1,4.7250000000000005,0.2701612903225806
PROBE1,4.7250000000000005,0.2703984819734345
PROBE1,4.7250000000000005,0.2706356736242884
PROBE1,4.7250000000000005,0.2708728652751423
PROBE1,4.7250000000000005,0.2711100569259962
PROBE1,4.7250000000000005,0.2713472485768501
PROBE1,4.7250000000000005,0.271584440227704
PROBE1,4.7250000000000005,0.2718216318785579
PROBE1,4.7250000000000005,0.27205882352941174
PROBE1,4.7250000000000005,0.27229601518026564
PROBE1,4.7250000000000005,0.27253320683111953
PROBE1,4.7250000000000005,0.27277039848197343
PROBE1,4.7250000000000005,0.2730075901328273
PROBE1,4.7250000000000005,0.2732447817836812
PROBE1,4.7250000000000005,0.2734819734345351
PROBE1,4.7250000000000005,0.273719165085389
PROBE1,4.7250000000000005,0.2739563567362429
PROBE1,4.7250000000000005,0.27419354838709675
PROBE1,4.7250000000000005,0.27443074003795065
PROBE1,4.7250000000000005,0.27466793168880455
PROBE1,4.7250000000000005,0.27490512333965844
PROBE1,4.7250000000000005,0.27514231499051234
PROBE1,4.7250000000000005,0.27537950664136623
PROBE1,4.7250000000000005,0.27561669829222013
PROBE1,4.7250000000000005,0.275853889943074
PROBE1,4.7250000000000005,0.27609108159392787
PROBE1,4.7250000000000005,0.27632827324478176
PROBE1,4.7250000000000005,0.27656546489563566
PROBE1,4.7250000000000005,0.27680265654648956
PROBE1,4.7250000000000005,0.27703984819734345
PROBE1,4.7250000000000005,0.27727703984819735
PROBE1,4.7250000000000005,0.27751423149905124
PROBE1,4.7250000000000005,0.27775142314990514
PROBE1,4.7250000000000005,0.27798861480075904
PROBE1,4.7250000000000005,0.2782258064516129
PROBE1,4.7250000000000005,0.2784629981024668
PROBE1,4.7250000000000005,0.27870018975332067
PROBE1,4.7250000000000005,0.27893738140417457
PROBE1,4.7250000000000005,0.27917457305502846
PROBE1,4.7250000000000005,0.27941176470588236
PROBE1,4.7250000000000005,0.27964895635673626
PROBE1,4.7250000000000005,0.27988614800759015
PROBE1,4.7250000000000005,0.28012333965844405
PROBE1,4.7250000000000005,0.2803605313092979
PROBE1,4.7250000000000005,0.2805977229601518
PROBE1,4.7250000000000005,0.2808349146110057
PROBE1,4.7250000000000005,0.2810721062618596
PROBE1,4.7250000000000005,0.2813092979127135
PROBE1,4.7250000000000005,0.28154648956356737
PROBE1,4.7250000000000005,0.28178368121442127
PROBE1,4.7250000000000005,0.28202087286527516
PROBE1,4.7250000000000005,0.28225806451612906
PROBE1,4.7250000000000005,0.2824952561669829
PROBE1,4.7250000000000005,0.2827324478178368
PROBE1,4.7250000000000005,0.2829696394686907
PROBE1,4.7250000000000005,0.2832068311195446
PROBE1,4.7250000000000005,0.2834440227703985
PROBE1,4.7250000000000005,0.2836812144212524
PROBE1,4.7250000000000005,0.2839184060721063
PROBE1,4.7250000000000005,0.2841555977229602
PROBE1,4.7250000000000005,0.284392789373814
PROBE1,4.7250000000000005,0.2846299810246679
PROBE1,4.7250000000000005,0.2848671726755218
PROBE1,4.7250000000000005,0.2851043643263757
PROBE1,4.7250000000000005,0.2853415559772296
PROBE1,4.7250000000000005,0.2855787476280835
PROBE1,4.7250000000000005,0.2858159392789374
PROBE1,4.7250000000000005,0.2860531309297913
PROBE1,4.7250000000000005,0.2862903225806452
PROBE1,4.7250000000000005,0.286527514231499
PROBE1,4.7250000000000005,0.2867647058823529
PROBE1,4.7250000000000005,0.2870018975332068
PROBE1,4.7250000000000005,0.2872390891840607
PROBE1,4.7250000000000005,0.2874762808349146
PROBE1,4.7250000000000005,0.2877134724857685
PROBE1,4.7250000000000005,0.2879506641366224
PROBE1,4.7250000000000005,0.2881878557874763
PROBE1,4.7250000000000005,0.2884250474383302
PROBE1,4.7250000000000005,0.28866223908918404
PROBE1,4.7250000000000005,0.28889943074003793
PROBE1,4.7250000000000005,0.28913662239089183
PROBE1,4.7250000000000005,0.2893738140417457
PROBE1,4.7250000000000005,0.2896110056925996
PROBE1,4.7250000000000005,0.2898481973434535
PROBE1,4.7250000000000005,0.2900853889943074
PROBE1,4.7250000000000005,0.2903225806451613
PROBE1,4.7250000000000005,0.2905597722960152
PROBE1,4.7250000000000005,0.29079696394686905
PROBE1,4.7250000000000005,0.29103415559772294
PROBE1,4.7250000000000005,0.29127134724857684
PROBE1,4.7250000000000005,0.29150853889943074
PROBE1,4.7250000000000005,0.29174573055028463
PROBE1,4.7250000000000005,0.29198292220113853
PROBE1,4.7250000000000005,0.2922201138519924
PROBE1,4.7250000000000005,0.2924573055028463
PROBE1,4.7250000000000005,0.2926944971537002
PROBE1,4.7250000000000005,0.29293168880455406
PROBE1,4.7250000000000005,0.29316888045540795
PROBE1,4.7250000000000005,0.29340607210626185
PROBE1,4.7250000000000005,0.29364326375711575
PROBE1,4.7250000000000005,0.29388045540796964
PROBE1,4.7250000000000005,0.29411764705882354
PROBE1,5.750000000000001,0.29435483870967744
PROBE1,5.750000000000001,0.29459203036053133
PROBE1,5.750000000000001,0.2948292220113852
PROBE1,5.750000000000001,0.29506641366223907
PROBE1,5.750000000000001,0.29530360531309297
PROBE1,5.750000000000001,0.29554079696394686
PROBE1,5.750000000000001,0.29577798861480076
PROBE1,5.750000000000001,0.29601518026565465
PROBE1,5.750000000000001,0.29625237191650855
PROBE1,5.750000000000001,0.29648956356736245
PROBE1,5.750000000000001,0.29672675521821634
PROBE1,5.750000000000001,0.2969639468690702
PROBE1,5.750000000000001,0.2972011385199241
PROBE1,5.750000000000001,0.297438330170778
PROBE1,5.750000000000001,0.29767552182163187
PROBE1,5.750000000000001,0.29791271347248577
PROBE1,5.750000000000001,0.29814990512333966
PROBE1,5.750000000000001,0.29838709677419356
PROBE1,5.750000000000001,0.29862428842504746
PROBE1,5.750000000000001,0.29886148007590135
PROBE1,5.750000000000001,0.2990986717267552
PROBE1,5.750000000000001,0.2993358633776091
PROBE1,5.750000000000001,0.299573055028463
PROBE1,5.750000000000001,0.2998102466793169
PROBE1,5.750000000000001,0.3000474383301708
PROBE1,5.750000000000001,0.3002846299810247
PROBE1,5.750000000000001,0.30052182163187857
PROBE1,5.750000000000001,0.30075901328273247
PROBE1,5.750000000000001,0.30099620493358636
PROBE1,5.750000000000001,0.3012333965844402
PROBE1,5.750000000000001,0.3014705882352941
PROBE1,5.750000000000001,0.301707779886148
PROBE1,5.750000000000001,0.3019449715370019
PROBE1,5.750000000000001,0.3021821631878558
PROBE1,5.750000000000001,0.3024193548387097
PROBE1,5.750000000000001,0.3026565464895636
PROBE1,5.750000000000001,0.3028937381404175
PROBE1,5.750000000000001,0.3031309297912713
PROBE1,5.750000000000001,0.3033681214421252
PROBE1,5.750000000000001,0.3036053130929791
PROBE1,5.750000000000001,0.303842504743833
PROBE1,5.750000000000001,0.3040796963946869
PROBE1,5.750000000000001,0.3043168880455408
PROBE1,5.750000000000001,0.3045540796963947
PROBE1,5.750000000000001,0.3047912713472486
PROBE1,5.750000000000001,0.3050284629981025
PROBE1,5.750000000000001,0.30526565464895633
PROBE1,5.750000000000001,0.3055028462998102
PROBE1,5.750000000000001,0.3057400379506641
PROBE1,5.750000000000001,0.305977229601518
PROBE1,5.750000000000001,0.3062144212523719
PROBE1,5.750000000000001,0.3064516129032258
PROBE1,5.750000000000001,0.3066888045540797
PROBE1,5.750000000000001,0.3069259962049336
PROBE1,5.750000000000001,0.3071631878557875
PROBE1,5.750000000000001,0.30740037950664134
PROBE1,5.750000000000001,0.30763757115749524
PROBE1,5.750000000000001,0.30787476280834913
PROBE1,5.750000000000001,0.30811195445920303
PROBE1,5.750000000000001,0.3083491461100569
PROBE1,5.750000000000001,0.3085863377609108
PROBE1,5.750000000000001,0.3088235294117647
PROBE1,5.750000000000001,0.3090607210626186
PROBE1,5.750000000000001,0.3092979127134725
PROBE1,5.750000000000001,0.30953510436432635
PROBE1,5.750000000000001,0.30977229601518025
PROBE1,5.750000000000001,0.31000948766603414
PROBE1,5.750000000000001,0.31024667931688804
PROBE1,5.750000000000001,0.31048387096774194
PROBE1,5.750000000000001,0.31072106261859583
PROBE1,5.750000000000001,0.31095825426944973
PROBE1,5.750000000000001,0.3111954459203036
PROBE1,5.750000000000001,0.3114326375711575
PROBE1,5.750000000000001,0.31166982922201136
PROBE1,5.750000000000001,0.31190702087286526
PROBE1,5.750000000000001,0.31214421252371916
PROBE1,5.750000000000001,0.31238140417457305
PROBE1,5.750000000000001,0.31261859582542695
PROBE1,5.750000000000001,0.31285578747628084
PROBE1,5.750000000000001,0.31309297912713474
PROBE1,5.750000000000001,0.31333017077798864
PROBE1,5.750000000000001,0.3135673624288425
PROBE1,5.750000000000001,0.3138045540796964
PROBE1,5.750000000000001,0.31404174573055027
PROBE1,5.750000000000001,0.31427893738140417
PROBE1,5.750000000000001,0.31451612903225806
PROBE1,5.750000000000001,0.31475332068311196
PROBE1,5.750000000000001,0.31499051233396586
PROBE1,5.750000000000001,0.31522770398481975
PROBE1,5.750000000000001,0.31546489563567365
PROBE1,5.750000000000001,0.3157020872865275
PROBE1,5.750000000000001,0.3159392789373814
PROBE1,5.750000000000001,0.3161764705882353
PROBE1,5.750000000000001,0.3164136622390892
PROBE1,5.750000000000001,0.3166508538899431
PROBE1,5.750000000000001,0.31688804554079697
PROBE1,5.750000000000001,0.31712523719165087
PROBE1,5.750000000000001,0.31736242884250476
PROBE1,5.750000000000001,0.31759962049335866
PROBE1,5.750000000000001,0.3178368121442125
PROBE1,5.750000000000001,0.3180740037950664
PROBE1,5.750000000000001,0.3183111954459203
PROBE1,5.750000000000001,0.3185483870967742
PROBE1,5.750000000000001,0.3187855787476281
PROBE1,5.750000000000001,0.319022770398482
PROBE1,5.750000000000001,0.3192599620493359
PROBE1,5.750000000000001,0.3194971537001898
PROBE1,5.750000000000001,0.31973434535104367
PROBE1,5.750000000000001,0.3199715370018975
PROBE1,5.750000000000001,0.3202087286527514
PROBE1,5.750000000000001,0.3204459203036053
PROBE1,5.750000000000001,0.3206831119544592
PROBE1,5.750000000000001,0.3209203036053131
PROBE1,5.750000000000001,0.321157495256167
PROBE1,5.750000000000001,0.3213946869070209
PROBE1,5.750000000000001,0.3216318785578748
PROBE1,5.750000000000001,0.3218690702087287
PROBE1,5.750000000000001,0.3221062618595825
PROBE1,5.750000000000001,0.3223434535104364
PROBE1,5.750000000000001,0.3225806451612903
PROBE1,5.750000000000001,0.3228178368121442
PROBE1,5.750000000000001,0.3230550284629981
PROBE1,5.750000000000001,0.323292220113852
PROBE1,5.750000000000001,0.3235294117647059
PROBE1,5.750000000000001,0.3237666034155598
PROBE1,5.750000000000001,0.32400379506641364
PROBE1,5.750000000000001,0.32424098671726753
PROBE1,5.750000000000001,0.32447817836812143
PROBE1,5.750000000000001,0.3247153700189753
PROBE1,5.750000000000001,0.3249525616698292
PROBE1,5.750000000000001,0.3251897533206831
PROBE1,5.750000000000001,0.325426944971537
PROBE1,5.750000000000001,0.3256641366223909
PROBE1,5.750000000000001,0.3259013282732448
PROBE1,5.750000000000001,0.32613851992409865
PROBE1,5.750000000000001,0.32637571157495254
PROBE1,5.750000000000001,0.32661290322580644
PROBE1,5.750000000000001,0.32685009487666034
PROBE1,5.750000000000001,0.32708728652751423
PROBE1,5.750000000000001,0.32732447817836813
PROBE1,5.750000000000001,0.327561669829222
PROBE1,5.750000000000001,0.3277988614800759
PROBE1,5.750000000000001,0.3280360531309298
PROBE1,5.750000000000001,0.32827324478178366
PROBE1,5.750000000000001,0.32851043643263755
PROBE1,5.750000000000001,0.32874762808349145
PROBE1,5.750000000000001,0.32898481973434535
PROBE1,5.750000000000001,0.32922201138519924
PROBE1,5.750000000000001,0.32945920303605314
PROBE1,5.750000000000001,0.32969639468690703
PROBE1,5.750000000000001,0.32993358633776093
PROBE1,5.750000000000001,0.3301707779886148
PROBE1,5.750000000000001,0.33040796963946867
PROBE1,5.750000000000001,0.33064516129032256
PROBE1,5.750000000000001,0.33088235294117646
PROBE1,5.750000000000001,0.33111954459203036
PROBE1,5.750000000000001,0.33135673624288425
PROBE1,5.750000000000001,0.33159392789373815
PROBE1,5.750000000000001,0.33183111954459205
PROBE1,5.750000000000001,0.33206831119544594
PROBE1,5.750000000000001,0.3323055028462998
PROBE1,5.750000000000001,0.3325426944971537
PROBE1,5.750000000000001,0.3327798861480076
PROBE1,5.750000000000001,0.33301707779886147
PROBE1,5.750000000000001,0.33325426944971537
PROBE1,5.750000000000001,0.33349146110056926
PROBE1,5.750000000000001,0.33372865275142316
PROBE1,5.750000000000001,0.33396584440227706
PROBE1,5.750000000000001,0.33420303605313095
PROBE1,5.750000000000001,0.3344402277039848
PROBE1,5.750000000000001,0.3346774193548387
PROBE1,5.750000000000001,0.3349146110056926
PROBE1,5.750000000000001,0.3351518026565465
PROBE1,5.750000000000001,0.3353889943074004
PROBE1,5.750000000000001,0.3356261859582543
PROBE1,5.750000000000001,0.33586337760910817
PROBE1,5.750000000000001,0.33610056925996207
PROBE1,5.750000000000001,0.33633776091081596
PROBE1,5.750000000000001,0.3365749525616698
PROBE1,5.750000000000001,0.3368121442125237
PROBE1,5.750000000000001,0.3370493358633776
PROBE1,5.750000000000001,0.3372865275142315
PROBE1,5.750000000000001,0.3375237191650854
PROBE1,5.750000000000001,0.3377609108159393
PROBE1,5.750000000000001,0.3379981024667932
PROBE1,5.750000000000001,0.3382352941176471
PROBE1,5.750000000000001,0.338472485768501
PROBE1,5.750000000000001,0.3387096774193548
PROBE1,5.750000000000001,0.3389468690702087
PROBE1,5.750000000000001,0.3391840607210626
PROBE1,5.750000000000001,0.3394212523719165
PROBE1,5.750000000000001,0.3396584440227704
PROBE1,5.750000000000001,0.3398956356736243
PROBE1,5.750000000000001,0.3401328273244782
PROBE1,5.750000000000001,0.3403700189753321
PROBE1,5.750000000000001,0.340607210626186
PROBE1,5.750000000000001,0.3408444022770398
PROBE1,5.750000000000001,0.3410815939278937
PROBE1,5.750000000000001,0.3413187855787476
PROBE1,5.750000000000001,0.3415559772296015
PROBE1,5.750000000000001,0.3417931688804554
PROBE1,5.750000000000001,0.3420303605313093
PROBE1,5.750000000000001,0.3422675521821632
PROBE1,5.750000000000001,0.3425047438330171
PROBE1,5.750000000000001,0.34274193548387094
PROBE1,5.750000000000001,0.34297912713472484
PROBE1,5.750000000000001,0.34321631878557873
PROBE1,5.750000000000001,0.34345351043643263
PROBE1,5.750000000000001,0.3436907020872865
PROBE1,5.750000000000001,0.3439278937381404
PROBE1,5.750000000000001,0.3441650853889943
PROBE1,5.750000000000001,0.3444022770398482
PROBE1,5.750000000000001,0.3446394686907021
PROBE1,5.750000000000001,0.34487666034155595
PROBE1,5.750000000000001,0.34511385199240985
PROBE1,5.750000000000001,0.34535104364326374
PROBE1,5.750000000000001,0.34558823529411764
PROBE1,5.750000000000001,0.34582542694497154
PROBE1,5.750000000000001,0.34606261859582543
PROBE1,5.750000000000001,0.34629981024667933
PROBE1,5.750000000000001,0.3465370018975332
PROBE1,5.750000000000001,0.3467741935483871
PROBE1,5.750000000000001,0.34701138519924096
PROBE1,5.750000000000001,0.34724857685009486
PROBE1,5.750000000000001,0.34748576850094876
PROBE1,5.750000000000001,0.34772296015180265
PROBE1,5.750000000000001,0.34796015180265655
PROBE1,5.750000000000001,0.34819734345351044
PROBE1,5.750000000000001,0.34843453510436434
PROBE1,5.750000000000001,0.34867172675521824
PROBE1,5.750000000000001,0.34890891840607213
PROBE1,5.750000000000001,0.349146110056926
PROBE1,5.750000000000001,0.34938330170777987
PROBE1,5.750000000000001,0.34962049335863377
PROBE1,5.750000000000001,0.34985768500948766
PROBE1,5.750000000000001,0.35009487666034156
PROBE1,5.750000000000001,0.35033206831119545
PROBE1,5.750000000000001,0.35056925996204935
PROBE1,5.750000000000001,0.35080645161290325
PROBE1,5.750000000000001,0.3510436432637571
PROBE1,5.750000000000001,0.351280834914611
PROBE1,5.750000000000001,0.3515180265654649
PROBE1,5.750000000000001,0.3517552182163188
PROBE1,5.750000000000001,0.3519924098671727
PROBE1,5.750000000000001,0.35222960151802657
PROBE1,5.750000000000001,0.35246679316888047
PROBE1,5.750000000000001,0.35270398481973436
PROBE1,5.750000000000001,0.35294117647058826
PROBE1,7.3500000000000005,0.3531783681214421
PROBE1,7.3500000000000005,0.353415559772296
PROBE1,7.3500000000000005,0.3536527514231499
PROBE1,7.3500000000000005,0.3538899430740038
PROBE1,7.3500000000000005,0.3541271347248577
PROBE1,7.3500000000000005,0.3543643263757116
PROBE1,7.3500000000000005,0.3546015180265655
PROBE1,7.3500000000000005,0.3548387096774194
PROBE1,7.3500000000000005,0.35507590132827327
PROBE1,7.3500000000000005,0.3553130929791271
PROBE1,7.3500000000000005,0.355550284629981
PROBE1,7.3500000000000005,0.3557874762808349
PROBE1,7.3500000000000005,0.3560246679316888
PROBE1,7.3500000000000005,0.3562618595825427
PROBE1,7.3500000000000005,0.3564990512333966
PROBE1,7.3500000000000005,0.3567362428842505
PROBE1,7.3500000000000005,0.3569734345351044
PROBE1,7.3500000000000005,0.3572106261859583
PROBE1,7.3500000000000005,0.3574478178368121
PROBE1,7.3500000000000005,0.357685009487666
PROBE1,7.3500000000000005,0.3579222011385199
PROBE1,7.3500000000000005,0.3581593927893738
PROBE1,7.3500000000000005,0.3583965844402277
PROBE1,7.3500000000000005,0.3586337760910816
PROBE1,7.3500000000000005,0.3588709677419355
PROBE1,7.3500000000000005,0.3591081593927894
PROBE1,7.3500000000000005,0.3593453510436433
PROBE1,7.3500000000000005,0.35958254269449713
PROBE1,7.3500000000000005,0.359819734345351
PROBE1,7.3500000000000005,0.3600569259962049
PROBE1,7.3500000000000005,0.3602941176470588
PROBE1,7.3500000000000005,0.3605313092979127
PROBE1,7.3500000000000005,0.3607685009487666
PROBE1,7.3500000000000005,0.3610056925996205
PROBE1,7.3500000000000005,0.3612428842504744
PROBE1,7.3500000000000005,0.36148007590132825
PROBE1,7.3500000000000005,0.36171726755218214
PROBE1,7.3500000000000005,0.36195445920303604
PROBE1,7.3500000000000005,0.36219165085388993
PROBE1,7.3500000000000005,0.36242884250474383
PROBE1,7.3500000000000005,0.3626660341555977
PROBE1,7.3500000000000005,0.3629032258064516
PROBE1,7.3500000000000005,0.3631404174573055
PROBE1,7.3500000000000005,0.3633776091081594
PROBE1,7.3500000000000005,0.36361480075901326
PROBE1,7.3500000000000005,0.36385199240986715
PROBE1,7.3500000000000005,0.36408918406072105
PROBE1,7.3500000000000005,0.36432637571157495
PROBE1,7.3500000000000005,0.36456356736242884
PROBE1,7.3500000000000005,0.36480075901328274
PROBE1,7.3500000000000005,0.36503795066413663
PROBE1,7.3500000000000005,0.36527514231499053
PROBE1,7.3500000000000005,0.3655123339658444
PROBE1,7.3500000000000005,0.36574952561669827
PROBE1,7.3500000000000005,0.36598671726755216
PROBE1,7.3500000000000005,0.36622390891840606
PROBE1,7.3500000000000005,0.36646110056925996
PROBE1,7.3500000000000005,0.36669829222011385
PROBE1,7.3500000000000005,0.36693548387096775
PROBE1,7.3500000000000005,0.36717267552182165
PROBE1,7.3500000000000005,0.36740986717267554
PROBE1,7.3500000000000005,0.36764705882352944
PROBE1,7.3500000000000005,0.3678842504743833
PROBE1,7.3500000000000005,0.3681214421252372
PROBE1,7.3500000000000005,0.36835863377609107
PROBE1,7.3500000000000005,0.36859582542694497
PROBE1,7.3500000000000005,0.36883301707779886
PROBE1,7.3500000000000005,0.36907020872865276
PROBE1,7.3500000000000005,0.36930740037950666
PROBE1,7.3500000000000005,0.36954459203036055
PROBE1,7.3500000000000005,0.36978178368121445
PROBE1,7.3500000000000005,0.3700189753320683
PROBE1,7.3500000000000005,0.3702561669829222
PROBE1,7.3500000000000005,0.3704933586337761
PROBE1,7.3500000000000005,0.37073055028463
PROBE1,7.3500000000000005,0.3709677419354839
PROBE1,7.3500000000000005,0.37120493358633777
PROBE1,7.3500000000000005,0.37144212523719167
PROBE1,7.3500000000000005,0.37167931688804556
PROBE1,7.3500000000000005,0.3719165085388994
PROBE1,7.3500000000000005,0.3721537001897533
PROBE1,7.3500000000000005,0.3723908918406072
PROBE1,7.3500000000000005,0.3726280834914611
PROBE1,7.3500000000000005,0.372865275142315
PROBE1,7.3500000000000005,0.3731024667931689
PROBE1,7.3500000000000005,0.3733396584440228
PROBE1,7.3500000000000005,0.3735768500948767
PROBE1,7.3500000000000005,0.3738140417457306
PROBE1,7.3500000000000005,0.3740512333965844
PROBE1,7.3500000000000005,0.3742884250474383
PROBE1,7.3500000000000005,0.3745256166982922
PROBE1,7.3500000000000005,0.3747628083491461
PROBE1,7.3500000000000005,0.375
PROBE1,7.3500000000000005,0.3752371916508539
PROBE1,7.3500000000000005,0.3754743833017078
PROBE1,7.3500000000000005,0.3757115749525617
PROBE1,7.3500000000000005,0.3759487666034156
PROBE1,7.3500000000000005,0.3761859582542694
PROBE1,7.3500000000000005,0.3764231499051233
PROBE1,7.3500000000000005,0.3766603415559772
PROBE1,7.3500000000000005,0.3768975332068311
PROBE1,7.3500000000000005,0.377134724857685
PROBE1,7.3500000000000005,0.3773719165085389
PROBE1,7.3500000000000005,0.3776091081593928
PROBE1,7.3500000000000005,0.3778462998102467
PROBE1,7.3500000000000005,0.3780834914611006
PROBE1,7.3500000000000005,0.37832068311195444
PROBE1,7.3500000000000005,0.37855787476280833
PROBE1,7.3500000000000005,0.37879506641366223
PROBE1,7.3500000000000005,0.3790322580645161
PROBE1,7.3500000000000005,0.37926944971537
PROBE1,7.3500000000000005,0.3795066413662239
PROBE1,7.3500000000000005,0.3797438330170778
PROBE1,7.3500000000000005,0.3799810246679317
PROBE1,7.3500000000000005,0.38021821631878555
PROBE1,7.3500000000000005,0.38045540796963945
PROBE1,7.3500000000000005,0.38069259962049334
PROBE1,7.3500000000000005,0.38092979127134724
PROBE1,7.3500000000000005,0.38116698292220114
PROBE1,7.3500000000000005,0.38140417457305503
PROBE1,7.3500000000000005,0.38164136622390893
PROBE1,7.3500000000000005,0.3818785578747628
PROBE1,7.3500000000000005,0.3821157495256167
PROBE1,7.3500000000000005,0.38235294117647056
PROBE1,7.3500000000000005,0.38259013282732446
PROBE1,7.3500000000000005,0.38282732447817835
PROBE1,7.3500000000000005,0.38306451612903225
PROBE1,7.3500000000000005,0.38330170777988615
PROBE1,7.3500000000000005,0.38353889943074004
PROBE1,7.3500000000000005,0.38377609108159394
PROBE1,7.3500000000000005,0.38401328273244784
PROBE1,7.3500000000000005,0.38425047438330173
PROBE1,7.3500000000000005,0.3844876660341556
PROBE1,7.3500000000000005,0.38472485768500947
PROBE1,7.3500000000000005,0.38496204933586337
PROBE1,7.3500000000000005,0.38519924098671726
PROBE1,7.3500000000000005,0.38543643263757116
PROBE1,7.3500000000000005,0.38567362428842505
PROBE1,7.3500000000000005,0.38591081593927895
PROBE1,7.3500000000000005,0.38614800759013285
PROBE1,7.3500000000000005,0.38638519924098674
PROBE1,7.3500000000000005,0.3866223908918406
PROBE1,7.3500000000000005,0.3868595825426945
PROBE1,7.3500000000000005,0.3870967741935484
PROBE1,7.3500000000000005,0.3873339658444023
PROBE1,7.3500000000000005,0.38757115749525617
PROBE1,7.3500000000000005,0.38780834914611007
PROBE1,7.3500000000000005,0.38804554079696396
PROBE1,7.3500000000000005,0.38828273244781786
PROBE1,7.3500000000000005,0.38851992409867175
PROBE1,7.3500000000000005,0.3887571157495256
PROBE1,7.3500000000000005,0.3889943074003795
PROBE1,7.3500000000000005,0.3892314990512334
PROBE1,7.3500000000000005,0.3894686907020873
PROBE1,7.3500000000000005,0.3897058823529412
PROBE1,7.3500000000000005,0.3899430740037951
PROBE1,7.3500000000000005,0.390180265654649
PROBE1,7.3500000000000005,0.39041745730550287
PROBE1,7.3500000000000005,0.3906546489563567
PROBE1,7.3500000000000005,0.3908918406072106
PROBE1,7.3500000000000005,0.3911290322580645
PROBE1,7.3500000000000005,0.3913662239089184
PROBE1,7.3500000000000005,0.3916034155597723
PROBE1,7.3500000000000005,0.3918406072106262
PROBE1,7.3500000000000005,0.3920777988614801
PROBE1,7.3500000000000005,0.392314990512334
PROBE1,7.3500000000000005,0.3925521821631879
PROBE1,7.3500000000000005,0.3927893738140417
PROBE1,7.3500000000000005,0.3930265654648956
PROBE1,7.3500000000000005,0.3932637571157495
PROBE1,7.3500000000000005,0.3935009487666034
PROBE1,7.3500000000000005,0.3937381404174573
PROBE1,7.3500000000000005,0.3939753320683112
PROBE1,7.3500000000000005,0.3942125237191651
PROBE1,7.3500000000000005,0.394449715370019
PROBE1,7.3500000000000005,0.3946869070208729
PROBE1,7.3500000000000005,0.39492409867172673
PROBE1,7.3500000000000005,0.3951612903225806
PROBE1,7.3500000000000005,0.3953984819734345
PROBE1,7.3500000000000005,0.3956356736242884
PROBE1,7.3500000000000005,0.3958728652751423
PROBE1,7.3500000000000005,0.3961100569259962
PROBE1,7.3500000000000005,0.3963472485768501
PROBE1,7.3500000000000005,0.396584440227704
PROBE1,7.3500000000000005,0.3968216318785579
PROBE1,7.3500000000000005,0.39705882352941174
PROBE1,7.3500000000000005,0.39729601518026564
PROBE1,7.3500000000000005,0.39753320683111953
PROBE1,7.3500000000000005,0.39777039848197343
PROBE1,7.3500000000000005,0.3980075901328273
PROBE1,7.3500000000000005,0.3982447817836812
PROBE1,7.3500000000000005,0.3984819734345351
PROBE1,7.3500000000000005,0.398719165085389
PROBE1,7.3500000000000005,0.3989563567362429
PROBE1,7.3500000000000005,0.39919354838709675
PROBE1,7.3500000000000005,0.39943074003795065
PROBE1,7.3500000000000005,0.39966793168880455
PROBE1,7.3500000000000005,0.39990512333965844
PROBE1,7.3500000000000005,0.40014231499051234
PROBE1,7.3500000000000005,0.40037950664136623
PROBE1,7.3500000000000005,0.40061669829222013
PROBE1,7.3500000000000005,0.400853889943074
PROBE1,7.3500000000000005,0.40109108159392787
PROBE1,7.3500000000000005,0.40132827324478176
PROBE1,7.3500000000000005,0.40156546489563566
PROBE1,7.3500000000000005,0.40180265654648956
PROBE1,7.3500000000000005,0.40203984819734345
PROBE1,7.3500000000000005,0.40227703984819735
PROBE1,7.3500000000000005,0.40251423149905124
PROBE1,7.3500000000000005,0.40275142314990514
PROBE1,7.3500000000000005,0.40298861480075904
PROBE1,7.3500000000000005,0.4032258064516129
PROBE1,7.3500000000000005,0.4034629981024668
PROBE1,7.3500000000000005,0.40370018975332067
PROBE1,7.3500000000000005,0.40393738140417457
PROBE1,7.3500000000000005,0.40417457305502846
PROBE1,7.3500000000000005,0.40441176470588236
PROBE1,7.3500000000000005,0.40464895635673626
PROBE1,7.3500000000000005,0.40488614800759015
PROBE1,7.3500000000000005,0.40512333965844405
PROBE1,7.3500000000000005,0.4053605313092979
PROBE1,7.3500000000000005,0.4055977229601518
PROBE1,7.3500000000000005,0.4058349146110057
PROBE1,7.3500000000000005,0.4060721062618596
PROBE1,7.3500000000000005,0.4063092979127135
PROBE1,7.3500000000000005,0.40654648956356737
PROBE1,7.3500000000000005,0.40678368121442127
PROBE1,7.3500000000000005,0.40702087286527516
PROBE1,7.3500000000000005,0.40725806451612906
PROBE1,7.3500000000000005,0.4074952561669829
PROBE1,7.3500000000000005,0.4077324478178368
PROBE1,7.3500000000000005,0.4079696394686907
PROBE1,7.3500000000000005,0.4082068311195446
PROBE1,7.3500000000000005,0.4084440227703985
PROBE1,7.3500000000000005,0.4086812144212524
PROBE1,7.3500000000000005,0.4089184060721063
PROBE1,7.3500000000000005,0.4091555977229602
PROBE1,7.3500000000000005,0.409392789373814
PROBE1,7.3500000000000005,0.4096299810246679
PROBE1,7.3500000000000005,0.4098671726755218
PROBE1,7.3500000000000005,0.4101043643263757
PROBE1,7.3500000000000005,0.4103415559772296
PROBE1,7.3500000000000005,0.4105787476280835
PROBE1,7.3500000000000005,0.4108159392789374
PROBE1,7.3500000000000005,0.4110531309297913
PROBE1,7.3500000000000005,0.4112903225806452
PROBE1,7.3500000000000005,0.411527514231499
PROBE1,7.3500000000000005,0.4117647058823529
PROBE1,8.399999999999999,0.4120018975332068
PROBE1,8.399999999999999,0.4122390891840607
PROBE1,8.399999999999999,0.4124762808349146
PROBE1,8.399999999999999,0.4127134724857685
PROBE1,8.399999999999999,0.4129506641366224
PROBE1,8.399999999999999,0.4131878557874763
PROBE1,8.399999999999999,0.4134250474383302
PROBE1,8.399999999999999,0.41366223908918404
PROBE1,8.399999999999999,0.41389943074003793
PROBE1,8.399999999999999,0.41413662239089183
PROBE1,8.399999999999999,0.4143738140417457
PROBE1,8.399999999999999,0.4146110056925996
PROBE1,8.399999999999999,0.4148481973434535
PROBE1,8.399999999999999,0.4150853889943074
PROBE1,8.399999999999999,0.4153225806451613
PROBE1,8.399999999999999,0.4155597722960152
PROBE1,8.399999999999999,0.41579696394686905
PROBE1,8.399999999999999,0.41603415559772294
PROBE1,8.399999999999999,0.41627134724857684
PROBE1,8.399999999999999,0.41650853889943074
PROBE1,8.399999999999999,0.41674573055028463
PROBE1,8.399999999999999,0.41698292220113853
PROBE1,8.399999999999999,0.4172201138519924
PROBE1,8.399999999999999,0.4174573055028463
PROBE1,8.399999999999999,0.4176944971537002
PROBE1,8.399999999999999,0.41793168880455406
PROBE1,8.399999999999999,0.41816888045540795
PROBE1,8.399999999999999,0.41840607210626185
PROBE1,8.399999999999999,0.41864326375711575
PROBE1,8.399999999999999,0.41888045540796964
PROBE1,8.399999999999999,0.41911764705882354
PROBE1,8.399999999999999,0.41935483870967744
PROBE1,8.399999999999999,0.41959203036053133
PROBE1,8.399999999999999,0.4198292220113852
PROBE1,8.399999999999999,0.42006641366223907
PROBE1,8.399999999999999,0.42030360531309297
PROBE1,8.399999999999999,0.42054079696394686
PROBE1,8.399999999999999,0.42077798861480076
PROBE1,8.399999999999999,0.42101518026565465
PROBE1,8.399999999999999,0.42125237191650855
PROBE1,8.399999999999999,0.42148956356736245
PROBE1,8.399999999999999,0.42172675521821634
PROBE1,8.399999999999999,0.4219639468690702
PROBE1,8.399999999999999,0.4222011385199241
PROBE1,8.399999999999999,0.422438330170778
PROBE1,8.399999999999999,0.42267552182163187
PROBE1,8.399999999999999,0.42291271347248577
PROBE1,8.399999999999999,0.42314990512333966
PROBE1,8.399999999999999,0.42338709677419356
PROBE1,8.399999999999999,0.42362428842504746
PROBE1,8.399999999999999,0.42386148007590135
PROBE1,8.399999999999999,0.4240986717267552
PROBE1,8.399999999999999,0.4243358633776091
PROBE1,8.399999999999999,0.424573055028463
PROBE1,8.399999999999999,0.4248102466793169
PROBE1,8.399999999999999,0.4250474383301708
PROBE1,8.399999999999999,0.4252846299810247
PROBE1,8.399999999999999,0.42552182163187857
PROBE1,8.399999999999999,0.42575901328273247
PROBE1,8.399999999999999,0.42599620493358636
PROBE1,8.399999999999999,0.4262333965844402
PROBE1,8.399999999999999,0.4264705882352941
PROBE1,8.399999999999999,0.426707779886148
PROBE1,8.399999999999999,0.4269449715370019
PROBE1,8.399999999999999,0.4271821631878558
PROBE1,8.399999999999999,0.4274193548387097
PROBE1,8.399999999999999,0.4276565464895636
PROBE1,8.399999999999999,0.4278937381404175
PROBE1,8.399999999999999,0.4281309297912713
PROBE1,8.399999999999999,0.4283681214421252
PROBE1,8.399999999999999,0.4286053130929791
PROBE1,8.399999999999999,0.428842504743833
PROBE1,8.399999999999999,0.4290796963946869
PROBE1,8.399999999999999,0.4293168880455408
PROBE1,8.399999999999999,0.4295540796963947
PROBE1,8.399999999999999,0.4297912713472486
PROBE1,8.399999999999999,0.4300284629981025
PROBE1,8.399999999999999,0.43026565464895633
PROBE1,8.399999999999999,0.4305028462998102
PROBE1,8.399999999999999,0.4307400379506641
PROBE1,8.399999999999999,0.430977229601518
PROBE1,8.399999999999999,0.4312144212523719
PROBE1,8.399999999999999,0.4314516129032258
PROBE1,8.399999999999999,0.4316888045540797
PROBE1,8.399999999999999,0.4319259962049336
PROBE1,8.399999999999999,0.4321631878557875
PROBE1,8.399999999999999,0.43240037950664134
PROBE1,8.399999999999999,0.43263757115749524
PROBE1,8.399999999999999,0.43287476280834913
PROBE1,8.399999999999999,0.43311195445920303
PROBE1,8.399999999999999,0.4333491461100569
PROBE1,8.399999999999999,0.4335863377609108
PROBE1,8.399999999999999,0.4338235294117647
PROBE1,8.399999999999999,0.4340607210626186
PROBE1,8.399999999999999,0.4342979127134725
PROBE1,8.399999999999999,0.43453510436432635
PROBE1,8.399999999999999,0.43477229601518025
PROBE1,8.399999999999999,0.43500948766603414
PROBE1,8.399999999999999,0.43524667931688804
PROBE1,8.399999999999999,0.43548387096774194
PROBE1,8.399999999999999,0.43572106261859583
PROBE1,8.399999999999999,0.43595825426944973
PROBE1,8.399999999999999,0.4361954459203036
PROBE1,8.399999999999999,0.4364326375711575
PROBE1,8.399999999999999,0.43666982922201136
PROBE1,8.399999999999999,0.43690702087286526
PROBE1,8.399999999999999,0.43714421252371916
PROBE1,8.399999999999999,0.43738140417457305
PROBE1,8.399999999999999,0.43761859582542695
PROBE1,8.399999999999999,0.43785578747628084
PROBE1,8.399999999999999,0.43809297912713474
PROBE1,8.399999999999999,0.43833017077798864
PROBE1,8.399999999999999,0.4385673624288425
PROBE1,8.399999999999999,0.4388045540796964
PROBE1,8.399999999999999,0.43904174573055027
PROBE1,8.399999999999999,0.43927893738140417
PROBE1,8.399999999999999,0.43951612903225806
PROBE1,8.399999999999999,0.43975332068311196
PROBE1,8.399999999999999,0.43999051233396586
PROBE1,8.399999999999999,0.44022770398481975
PROBE1,8.399999999999999,0.44046489563567365
PROBE1,8.399999999999999,0.4407020872865275
PROBE1,8.399999999999999,0.4409392789373814
PROBE1,8.399999999999999,0.4411764705882353
PROBE1,8.399999999999999,0.4414136622390892
PROBE1,8.399999999999999,0.4416508538899431
PROBE1,8.399999999999999,0.44188804554079697
PROBE1,8.399999999999999,0.44212523719165087
PROBE1,8.399999999999999,0.44236242884250476
PROBE1,8.399999999999999,0.44259962049335866
PROBE1,8.399999999999999,0.4428368121442125
PROBE1,8.399999999999999,0.4430740037950664
PROBE1,8.399999999999999,0.4433111954459203
PROBE1,8.399999999999999,0.4435483870967742
PROBE1,8.399999999999999,0.4437855787476281
PROBE1,8.399999999999999,0.444022770398482
PROBE1,8.399999999999999,0.4442599620493359
PROBE1,8.399999999999999,0.4444971537001898
PROBE1,8.399999999999999,0.44473434535104367
PROBE1,8.399999999999999,0.4449715370018975
PROBE1,8.399999999999999,0.4452087286527514
PROBE1,8.399999999999999,0.4454459203036053
PROBE1,8.399999999999999,0.4456831119544592
PROBE1,8.399999999999999,0.4459203036053131
PROBE1,8.399999999999999,0.446157495256167
PROBE1,8.399999999999999,0.4463946869070209
PROBE1,8.399999999999999,0.4466318785578748
PROBE1,8.399999999999999,0.4468690702087287
PROBE1,8.399999999999999,0.4471062618595825
PROBE1,8.399999999999999,0.4473434535104364
PROBE1,8.399999999999999,0.4475806451612903
PROBE1,8.399999999999999,0.4478178368121442
PROBE1,8.399999999999999,0.4480550284629981
PROBE1,8.399999999999999,0.448292220113852
PROBE1,8.399999999999999,0.4485294117647059
PROBE1,8.399999999999999,0.4487666034155598
PROBE1,8.399999999999999,0.44900379506641364
PROBE1,8.399999999999999,0.44924098671726753
PROBE1,8.399999999999999,0.44947817836812143
PROBE1,8.399999999999999,0.4497153700189753
PROBE1,8.399999999999999,0.4499525616698292
PROBE1,8.399999999999999,0.4501897533206831
PROBE1,8.399999999999999,0.450426944971537
PROBE1,8.399999999999999,0.4506641366223909
PROBE1,8.399999999999999,0.4509013282732448
PROBE1,8.399999999999999,0.45113851992409865
PROBE1,8.399999999999999,0.45137571157495254
PROBE1,8.399999999999999,0.45161290322580644
PROBE1,8.399999999999999,0.45185009487666034
PROBE1,8.399999999999999,0.45208728652751423
PROBE1,8.399999999999999,0.45232447817836813
PROBE1,8.399999999999999,0.452561669829222
PROBE1,8.399999999999999,0.4527988614800759
PROBE1,8.399999999999999,0.4530360531309298
PROBE1,8.399999999999999,0.45327324478178366
PROBE1,8.399999999999999,0.45351043643263755
PROBE1,8.399999999999999,0.45374762808349145
PROBE1,8.399999999999999,0.45398481973434535
PROBE1,8.399999999999999,0.45422201138519924
PROBE1,8.399999999999999,0.45445920303605314
PROBE1,8.399999999999999,0.45469639468690703
PROBE1,8.399999999999999,0.45493358633776093
PROBE1,8.399999999999999,0.4551707779886148
PROBE1,8.399999999999999,0.45540796963946867
PROBE1,8.399999999999999,0.45564516129032256
PROBE1,8.399999999999999,0.45588235294117646
PROBE1,8.399999999999999,0.45611954459203036
PROBE1,8.399999999999999,0.45635673624288425
PROBE1,8.399999999999999,0.45659392789373815
PROBE1,8.399999999999999,0.45683111954459205
PROBE1,8.399999999999999,0.45706831119544594
PROBE1,8.399999999999999,0.4573055028462998
PROBE1,8.399999999999999,0.4575426944971537
PROBE1,8.399999999999999,0.4577798861480076
PROBE1,8.399999999999999,0.45801707779886147
PROBE1,8.399999999999999,0.45825426944971537
PROBE1,8.399999999999999,0.45849146110056926
PROBE1,8.399999999999999,0.45872865275142316
PROBE1,8.399999999999999,0.45896584440227706
PROBE1,8.399999999999999,0.45920303605313095
PROBE1,8.399999999999999,0.4594402277039848
PROBE1,8.399999999999999,0.4596774193548387
PROBE1,8.399999999999999,0.4599146110056926
PROBE1,8.399999999999999,0.4601518026565465
PROBE1,8.399999999999999,0.4603889943074004
PROBE1,8.399999999999999,0.4606261859582543
PROBE1,8.399999999999999,0.46086337760910817
PROBE1,8.399999999999999,0.46110056925996207
PROBE1,8.399999999999999,0.46133776091081596
PROBE1,8.399999999999999,0.4615749525616698
PROBE1,8.399999999999999,0.4618121442125237
PROBE1,8.399999999999999,0.4620493358633776
PROBE1,8.399999999999999,0.4622865275142315
PROBE1,8.399999999999999,0.4625237191650854
PROBE1,8.399999999999999,0.4627609108159393
PROBE1,8.399999999999999,0.4629981024667932
PROBE1,8.399999999999999,0.4632352941176471
PROBE1,8.399999999999999,0.463472485768501
PROBE1,8.399999999999999,0.4637096774193548
PROBE1,8.399999999999999,0.4639468690702087
PROBE1,8.399999999999999,0.4641840607210626
PROBE1,8.399999999999999,0.4644212523719165
PROBE1,8.399999999999999,0.4646584440227704
PROBE1,8.399999999999999,0.4648956356736243
PROBE1,8.399999999999999,0.4651328273244782
PROBE1,8.399999999999999,0.4653700189753321
PROBE1,8.399999999999999,0.465607210626186
PROBE1,8.399999999999999,0.4658444022770398
PROBE1,8.399999999999999,0.4660815939278937
PROBE1,8.399999999999999,0.4663187855787476
PROBE1,8.399999999999999,0.4665559772296015
PROBE1,8.399999999999999,0.4667931688804554
PROBE1,8.399999999999999,0.4670303605313093
PROBE1,8.399999999999999,0.4672675521821632
PROBE1,8.399999999999999,0.4675047438330171
PROBE1,8.399999999999999,0.46774193548387094
PROBE1,8.399999999999999,0.46797912713472484
PROBE1,8.399999999999999,0.46821631878557873
PROBE1,8.399999999999999,0.46845351043643263
PROBE1,8.399999999999999,0.4686907020872865
PROBE1,8.399999999999999,0.4689278937381404
PROBE1,8.399999999999999,0.4691650853889943
PROBE1,8.399999999999999,0.4694022770398482
PROBE1,8.399999999999999,0.4696394686907021
PROBE1,8.399999999999999,0.46987666034155595
PROBE1,8.399999999999999,0.47011385199240985
PROBE1,8.399999999999999,0.47035104364326374
PROBE1,8.399999999999999,0.47058823529411764
PROBE1,9.45,0.47082542694497154
PROBE1,9.45,0.47106261859582543
PROBE1,9.45,0.47129981024667933
PROBE1,9.45,0.4715370018975332
PROBE1,9.45,0.4717741935483871
PROBE1,9.45,0.47201138519924096
PROBE1,9.45,0.47224857685009486
PROBE1,9.45,0.47248576850094876
PROBE1,9.45,0.47272296015180265
PROBE1,9.45,0.47296015180265655
PROBE1,9.45,0.47319734345351044
PROBE1,9.45,0.47343453510436434
PROBE1,9.45,0.47367172675521824
PROBE1,9.45,0.47390891840607213
PROBE1,9.45,0.474146110056926
PROBE1,9.45,0.47438330170777987
PROBE1,9.45,0.47462049335863377
PROBE1,9.45,0.47485768500948766
PROBE1,9.45,0.47509487666034156
PROBE1,9.45,0.47533206831119545
PROBE1,9.45,0.47556925996204935
PROBE1,9.45,0.47580645161290325
PROBE1,9.45,0.4760436432637571
PROBE1,9.45,0.476280834914611
PROBE1,9.45,0.4765180265654649
PROBE1,9.45,0.4767552182163188
PROBE1,9.45,0.4769924098671727
PROBE1,9.45,0.47722960151802657
PROBE1,9.45,0.47746679316888047
PROBE1,9.45,0.47770398481973436
PROBE1,9.45,0.47794117647058826
PROBE1,9.45,0.4781783681214421
PROBE1,9.45,0.478415559772296
PROBE1,9.45,0.4786527514231499
PROBE1,9.45,0.4788899430740038
PROBE1,9.45,0.4791271347248577
PROBE1,9.45,0.4793643263757116
PROBE1,9.45,0.4796015180265655
PROBE1,9.45,0.4798387096774194
PROBE1,9.45,0.48007590132827327
PROBE1,9.45,0.4803130929791271
PROBE1,9.45,0.480550284629981
PROBE1,9.45,0.4807874762808349
PROBE1,9.45,0.4810246679316888
PROBE1,9.45,0.4812618595825427
PROBE1,9.45,0.4814990512333966
PROBE1,9.45,0.4817362428842505
PROBE1,9.45,0.4819734345351044
PROBE1,9.45,0.4822106261859583
PROBE1,9.45,0.4824478178368121
PROBE1,9.45,0.482685009487666
PROBE1,9.45,0.4829222011385199
PROBE1,9.45,0.4831593927893738
PROBE1,9.45,0.4833965844402277
PROBE1,9.45,0.4836337760910816
PROBE1,9.45,0.4838709677419355
PROBE1,9.45,0.4841081593927894
PROBE1,9.45,0.4843453510436433
PROBE1,9.45,0.48458254269449713
PROBE1,9.45,0.484819734345351
PROBE1,9.45,0.4850569259962049
PROBE1,9.45,0.4852941176470588
PROBE1,9.45,0.4855313092979127
PROBE1,9.45,0.4857685009487666
PROBE1,9.45,0.4860056925996205
PROBE1,9.45,0.4862428842504744
PROBE1,9.45,0.48648007590132825
PROBE1,9.45,0.48671726755218214
PROBE1,9.45,0.48695445920303604
PROBE1,9.45,0.48719165085388993
PROBE1,9.45,0.48742884250474383
PROBE1,9.45,0.4876660341555977
PROBE1,9.45,0.4879032258064516
PROBE1,9.45,0.4881404174573055
PROBE1,9.45,0.4883776091081594
PROBE1,9.45,0.48861480075901326
PROBE1,9.45,0.48885199240986715
PROBE1,9.45,0.48908918406072105
PROBE1,9.45,0.48932637571157495
PROBE1,9.45,0.48956356736242884
PROBE1,9.45,0.48980075901328274
PROBE1,9.45,0.49003795066413663
PROBE1,9.45,0.49027514231499053
PROBE1,9.45,0.4905123339658444
PROBE1,9.45,0.49074952561669827
PROBE1,9.45,0.49098671726755216
PROBE1,9.45,0.49122390891840606
PROBE1,9.45,0.49146110056925996
PROBE1,9.45,0.49169829222011385
PROBE1,9.45,0.49193548387096775
PROBE1,9.45,0.49217267552182165
PROBE1,9.45,0.49240986717267554
PROBE1,9.45,0.49264705882352944
PROBE1,9.45,0.4928842504743833
PROBE1,9.45,0.4931214421252372
PROBE1,9.45,0.49335863377609107
PROBE1,9.45,0.49359582542694497
PROBE1,9.45,0.49383301707779886
PROBE1,9.45,0.49407020872865276
PROBE1,9.45,0.49430740037950666
PROBE1,9.45,0.49454459203036055
PROBE1,9.45,0.49478178368121445
PROBE1,9.45,0.4950189753320683
PROBE1,9.45,0.4952561669829222
PROBE1,9.45,0.4954933586337761
PROBE1,9.45,0.49573055028463
PROBE1,9.45,0.4959677419354839
PROBE1,9.45,0.49620493358633777
PROBE1,9.45,0.49644212523719167
PROBE1,9.45,0.49667931688804556
PROBE1,9.45,0.4969165085388994
PROBE1,9.45,0.4971537001897533
PROBE1,9.45,0.4973908918406072
PROBE1,9.45,0.4976280834914611
PROBE1,9.45,0.497865275142315
PROBE1,9.45,0.4981024667931689
PROBE1,9.45,0.4983396584440228
PROBE1,9.45,0.4985768500948767
PROBE1,9.45,0.4988140417457306
PROBE1,9.45,0.4990512333965844
PROBE1,9.45,0.4992884250474383
PROBE1,9.45,0.4995256166982922
PROBE1,9.45,0.4997628083491461
PROBE1,9.45,0.5
PROBE1,9.45,0.5002371916508539
PROBE1,9.45,0.5004743833017078
PROBE1,9.45,0.5007115749525617
PROBE1,9.45,0.5009487666034156
PROBE1,9.45,0.5011859582542695
PROBE1,9.45,0.5014231499051234
PROBE1,9.45,0.5016603415559773
PROBE1,9.45,0.5018975332068312
PROBE1,9.45,0.502134724857685
PROBE1,9.45,0.5023719165085389
PROBE1,9.45,0.5026091081593927
PROBE1,9.45,0.5028462998102466
PROBE1,9.45,0.5030834914611005
PROBE1,9.45,0.5033206831119544
PROBE1,9.45,0.5035578747628083
PROBE1,9.45,0.5037950664136622
PROBE1,9.45,0.5040322580645161
PROBE1,9.45,0.50426944971537
PROBE1,9.45,0.5045066413662239
PROBE1,9.45,0.5047438330170778
PROBE1,9.45,0.5049810246679317
PROBE1,9.45,0.5052182163187856
PROBE1,9.45,0.5054554079696395
PROBE1,9.45,0.5056925996204934
PROBE1,9.45,0.5059297912713473
PROBE1,9.45,0.5061669829222012
PROBE1,9.45,0.506404174573055
PROBE1,9.45,0.5066413662239089
PROBE1,9.45,0.5068785578747628
PROBE1,9.45,0.5071157495256167
PROBE1,9.45,0.5073529411764706
PROBE1,9.45,0.5075901328273245
PROBE1,9.45,0.5078273244781784
PROBE1,9.45,0.5080645161290323
PROBE1,9.45,0.5083017077798861
PROBE1,9.45,0.50853889943074
PROBE1,9.45,0.5087760910815939
PROBE1,9.45,0.5090132827324478
PROBE1,9.45,0.5092504743833017
PROBE1,9.45,0.5094876660341556
PROBE1,9.45,0.5097248576850095
PROBE1,9.45,0.5099620493358634
PROBE1,9.45,0.5101992409867173
PROBE1,9.45,0.5104364326375711
PROBE1,9.45,0.510673624288425
PROBE1,9.45,0.5109108159392789
PROBE1,9.45,0.5111480075901328
PROBE1,9.45,0.5113851992409867
PROBE1,9.45,0.5116223908918406
PROBE1,9.45,0.5118595825426945
PROBE1,9.45,0.5120967741935484
PROBE1,9.45,0.5123339658444023
PROBE1,9.45,0.5125711574952562
PROBE1,9.45,0.5128083491461101
PROBE1,9.45,0.513045540796964
PROBE1,9.45,0.5132827324478179
PROBE1,9.45,0.5135199240986718
PROBE1,9.45,0.5137571157495257
PROBE1,9.45,0.5139943074003795
PROBE1,9.45,0.5142314990512334
PROBE1,9.45,0.5144686907020873
PROBE1,9.45,0.5147058823529411
PROBE1,9.45,0.514943074003795
PROBE1,9.45,0.5151802656546489
PROBE1,9.45,0.5154174573055028
PROBE1,9.45,0.5156546489563567
PROBE1,9.45,0.5158918406072106
PROBE1,9.45,0.5161290322580645
PROBE1,9.45,0.5163662239089184
PROBE1,9.45,0.5166034155597723
PROBE1,9.45,0.5168406072106262
PROBE1,9.45,0.5170777988614801
PROBE1,9.45,0.517314990512334
PROBE1,9.45,0.5175521821631879
PROBE1,9.45,0.5177893738140418
PROBE1,9.45,0.5180265654648957
PROBE1,9.45,0.5182637571157496
PROBE1,9.45,0.5185009487666035
PROBE1,9.45,0.5187381404174574
PROBE1,9.45,0.5189753320683111
PROBE1,9.45,0.519212523719165
PROBE1,9.45,0.5194497153700189
PROBE1,9.45,0.5196869070208728
PROBE1,9.45,0.5199240986717267
PROBE1,9.45,0.5201612903225806
PROBE1,9.45,0.5203984819734345
PROBE1,9.45,0.5206356736242884
PROBE1,9.45,0.5208728652751423
PROBE1,9.45,0.5211100569259962
PROBE1,9.45,0.5213472485768501
PROBE1,9.45,0.521584440227704
PROBE1,9.45,0.5218216318785579
PROBE1,9.45,0.5220588235294118
PROBE1,9.45,0.5222960151802657
PROBE1,9.45,0.5225332068311196
PROBE1,9.45,0.5227703984819735
PROBE1,9.45,0.5230075901328273
PROBE1,9.45,0.5232447817836812
PROBE1,9.45,0.5234819734345351
PROBE1,9.45,0.523719165085389
PROBE1,9.45,0.5239563567362429
PROBE1,9.45,0.5241935483870968
PROBE1,9.45,0.5244307400379506
PROBE1,9.45,0.5246679316888045
PROBE1,9.45,0.5249051233396584
PROBE1,9.45,0.5251423149905123
PROBE1,9.45,0.5253795066413662
PROBE1,9.45,0.5256166982922201
PROBE1,9.45,0.525853889943074
PROBE1,9.45,0.5260910815939279
PROBE1,9.45,0.5263282732447818
PROBE1,9.45,0.5265654648956357
PROBE1,9.45,0.5268026565464896
PROBE1,9.45,0.5270398481973435
PROBE1,9.45,0.5272770398481973
PROBE1,9.45,0.5275142314990512
PROBE1,9.45,0.5277514231499051
PROBE1,9.45,0.527988614800759
PROBE1,9.45,0.5282258064516129
PROBE1,9.45,0.5284629981024668
PROBE1,9.45,0.5287001897533207
PROBE1,9.45,0.5289373814041746
PROBE1,9.45,0.5291745730550285
PROBE1,9.45,0.5294117647058824
PROBE1,10.5,0.5296489563567363
PROBE1,10.5,0.5298861480075902
PROBE1,10.5,0.530123339658444
PROBE1,10.5,0.530360531309298
PROBE1,10.5,0.5305977229601518
PROBE1,10.5,0.5308349146110057
PROBE1,10.5,0.5310721062618596
PROBE1,10.5,0.5313092979127134
PROBE1,10.5,0.5315464895635673
PROBE1,10.5,0.5317836812144212
PROBE1,10.5,0.5320208728652751
PROBE1,10.5,0.532258064516129
PROBE1,10.5,0.5324952561669829
PROBE1,10.5,0.5327324478178368
PROBE1,10.5,0.5329696394686907
PROBE1,10.5,0.5332068311195446
PROBE1,10.5,0.5334440227703985
PROBE1,10.5,0.5336812144212524
PROBE1,10.5,0.5339184060721063
PROBE1,10.5,0.5341555977229602
PROBE1,10.5,0.5343927893738141
PROBE1,10.5,0.534629981024668
PROBE1,10.5,0.5348671726755219
PROBE1,10.5,0.5351043643263758
PROBE1,10.5,0.5353415559772297
PROBE1,10.5,0.5355787476280834
PROBE1,10.5,0.5358159392789373
PROBE1,10.5,0.5360531309297912
PROBE1,10.5,0.5362903225806451
PROBE1,10.5,0.536527514231499
PROBE1,10.5,0.5367647058823529
PROBE1,10.5,0.5370018975332068
PROBE1,10.5,0.5372390891840607
PROBE1,10.5,0.5374762808349146
PROBE1,10.5,0.5377134724857685
PROBE1,10.5,0.5379506641366224
PROBE1,10.5,0.5381878557874763
PROBE1,10.5,0.5384250474383302
PROBE1,10.5,0.5386622390891841
PROBE1,10.5,0.538899430740038
PROBE1,10.5,0.5391366223908919
PROBE1,10.5,0.5393738140417458
PROBE1,10.5,0.5396110056925996
PROBE1,10.5,0.5398481973434535
PROBE1,10.5,0.5400853889943074
PROBE1,10.5,0.5403225806451613
PROBE1,10.5,0.5405597722960152
PROBE1,10.5,0.540796963946869
PROBE1,10.5,0.5410341555977229
PROBE1,10.5,0.5412713472485768
PROBE1,10.5,0.5415085388994307
PROBE1,10.5,0.5417457305502846
PROBE1,10.5,0.5419829222011385
PROBE1,10.5,0.5422201138519924
PROBE1,10.5,0.5424573055028463
PROBE1,10.5,0.5426944971537002
PROBE1,10.5,0.5429316888045541
PROBE1,10.5,0.543168880455408
PROBE1,10.5,0.5434060721062619
PROBE1,10.5,0.5436432637571158
PROBE1,10.5,0.5438804554079696
PROBE1,10.5,0.5441176470588235
PROBE1,10.5,0.5443548387096774
PROBE1,10.5,0.5445920303605313
PROBE1,10.5,0.5448292220113852
PROBE1,10.5,0.5450664136622391
PROBE1,10.5,0.545303605313093
PROBE1,10.5,0.5455407969639469
PROBE1,10.5,0.5457779886148008
PROBE1,10.5,0.5460151802656547
PROBE1,10.5,0.5462523719165086
PROBE1,10.5,0.5464895635673624
PROBE1,10.5,0.5467267552182163
PROBE1,10.5,0.5469639468690702
PROBE1,10.5,0.5472011385199241
PROBE1,10.5,0.547438330170778
PROBE1,10.5,0.5476755218216319
PROBE1,10.5,0.5479127134724858
PROBE1,10.5,0.5481499051233396
PROBE1,10.5,0.5483870967741935
PROBE1,10.5,0.5486242884250474
PROBE1,10.5,0.5488614800759013
PROBE1,10.5,0.5490986717267552
PROBE1,10.5,0.5493358633776091
PROBE1,10.5,0.549573055028463
PROBE1,10.5,0.5498102466793169
PROBE1,10.5,0.5500474383301708
PROBE1,10.5,0.5502846299810247
PROBE1,10.5,0.5505218216318786
PROBE1,10.5,0.5507590132827325
PROBE1,10.5,0.5509962049335864
PROBE1,10.5,0.5512333965844403
PROBE1,10.5,0.5514705882352942
PROBE1,10.5,0.551707779886148
PROBE1,10.5,0.551944971537002
PROBE1,10.5,0.5521821631878557
PROBE1,10.5,0.5524193548387096
PROBE1,10.5,0.5526565464895635
PROBE1,10.5,0.5528937381404174
PROBE1,10.5,0.5531309297912713
PROBE1,10.5,0.5533681214421252
PROBE1,10.5,0.5536053130929791
PROBE1,10.5,0.553842504743833
PROBE1,10.5,0.5540796963946869
PROBE1,10.5,0.5543168880455408
PROBE1,10.5,0.5545540796963947
PROBE1,10.5,0.5547912713472486
PROBE1,10.5,0.5550284629981025
PROBE1,10.5,0.5552656546489564
PROBE1,10.5,0.5555028462998103
PROBE1,10.5,0.5557400379506642
PROBE1,10.5,0.5559772296015181
PROBE1,10.5,0.556214421252372
PROBE1,10.5,0.5564516129032258
PROBE1,10.5,0.5566888045540797
PROBE1,10.5,0.5569259962049335
PROBE1,10.5,0.5571631878557874
PROBE1,10.5,0.5574003795066413
PROBE1,10.5,0.5576375711574952
PROBE1,10.5,0.5578747628083491
PROBE1,10.5,0.558111954459203
PROBE1,10.5,0.5583491461100569
PROBE1,10.5,0.5585863377609108
PROBE1,10.5,0.5588235294117647
PROBE1,10.5,0.5590607210626186
PROBE1,10.5,0.5592979127134725
PROBE1,10.5,0.5595351043643264
PROBE1,10.5,0.5597722960151803
PROBE1,10.5,0.5600094876660342
PROBE1,10.5,0.5602466793168881
PROBE1,10.5,0.5604838709677419
PROBE1,10.5,0.5607210626185958
PROBE1,10.5,0.5609582542694497
PROBE1,10.5,0.5611954459203036
PROBE1,10.5,0.5614326375711575
PROBE1,10.5,0.5616698292220114
PROBE1,10.5,0.5619070208728653
PROBE1,10.5,0.5621442125237192
PROBE1,10.5,0.562381404174573
PROBE1,10.5,0.562618595825427
PROBE1,10.5,0.5628557874762808
PROBE1,10.5,0.5630929791271347
PROBE1,10.5,0.5633301707779886
PROBE1,10.5,0.5635673624288425
PROBE1,10.5,0.5638045540796964
PROBE1,10.5,0.5640417457305503
PROBE1,10.5,0.5642789373814042
PROBE1,10.5,0.5645161290322581
PROBE1,10.5,0.5647533206831119
PROBE1,10.5,0.5649905123339658
PROBE1,10.5,0.5652277039848197
PROBE1,10.5,0.5654648956356736
PROBE1,10.5,0.5657020872865275
PROBE1,10.5,0.5659392789373814
PROBE1,10.5,0.5661764705882353
PROBE1,10.5,0.5664136622390892
PROBE1,10.5,0.5666508538899431
PROBE1,10.5,0.566888045540797
PROBE1,10.5,0.5671252371916509
PROBE1,10.5,0.5673624288425048
PROBE1,10.5,0.5675996204933587
PROBE1,10.5,0.5678368121442126
PROBE1,10.5,0.5680740037950665
PROBE1,10.5,0.5683111954459203
PROBE1,10.5,0.5685483870967742
PROBE1,10.5,0.568785578747628
PROBE1,10.5,0.5690227703984819
PROBE1,10.5,0.5692599620493358
PROBE1,10.5,0.5694971537001897
PROBE1,10.5,0.5697343453510436
PROBE1,10.5,0.5699715370018975
PROBE1,10.5,0.5702087286527514
PROBE1,10.5,0.5704459203036053
PROBE1,10.5,0.5706831119544592
PROBE1,10.5,0.5709203036053131
PROBE1,10.5,0.571157495256167
PROBE1,10.5,0.5713946869070209
PROBE1,10.5,0.5716318785578748
PROBE1,10.5,0.5718690702087287
PROBE1,10.5,0.5721062618595826
PROBE1,10.5,0.5723434535104365
PROBE1,10.5,0.5725806451612904
PROBE1,10.5,0.5728178368121443
PROBE1,10.5,0.573055028462998
PROBE1,10.5,0.573292220113852
PROBE1,10.5,0.5735294117647058
PROBE1,10.5,0.5737666034155597
PROBE1,10.5,0.5740037950664136
PROBE1,10.5,0.5742409867172675
PROBE1,10.5,0.5744781783681214
PROBE1,10.5,0.5747153700189753
PROBE1,10.5,0.5749525616698292
PROBE1,10.5,0.5751897533206831
PROBE1,10.5,0.575426944971537
PROBE1,10.5,0.5756641366223909
PROBE1,10.5,0.5759013282732448
PROBE1,10.5,0.5761385199240987
PROBE1,10.5,0.5763757115749526
PROBE1,10.5,0.5766129032258065
PROBE1,10.5,0.5768500948766604
PROBE1,10.5,0.5770872865275142
PROBE1,10.5,0.5773244781783681
PROBE1,10.5,0.577561669829222
PROBE1,10.5,0.5777988614800759
PROBE1,10.5,0.5780360531309298
PROBE1,10.5,0.5782732447817837
PROBE1,10.5,0.5785104364326376
PROBE1,10.5,0.5787476280834914
PROBE1,10.5,0.5789848197343453
PROBE1,10.5,0.5792220113851992
PROBE1,10.5,0.5794592030360531
PROBE1,10.5,0.579696394686907
PROBE1,10.5,0.5799335863377609
PROBE1,10.5,0.5801707779886148
PROBE1,10.5,0.5804079696394687
PROBE1,10.5,0.5806451612903226
PROBE1,10.5,0.5808823529411765
PROBE1,10.5,0.5811195445920304
PROBE1,10.5,0.5813567362428842
PROBE1,10.5,0.5815939278937381
PROBE1,10.5,0.581831119544592
PROBE1,10.5,0.5820683111954459
PROBE1,10.5,0.5823055028462998
PROBE1,10.5,0.5825426944971537
PROBE1,10.5,0.5827798861480076
PROBE1,10.5,0.5830170777988615
PROBE1,10.5,0.5832542694497154
PROBE1,10.5,0.5834914611005693
PROBE1,10.5,0.5837286527514232
PROBE1,10.5,0.5839658444022771
PROBE1,10.5,0.584203036053131
PROBE1,10.5,0.5844402277039848
PROBE1,10.5,0.5846774193548387
PROBE1,10.5,0.5849146110056926
PROBE1,10.5,0.5851518026565465
PROBE1,10.5,0.5853889943074004
PROBE1,10.5,0.5856261859582542
PROBE1,10.5,0.5858633776091081
PROBE1,10.5,0.586100569259962
PROBE1,10.5,0.5863377609108159
PROBE1,10.5,0.5865749525616698
PROBE1,10.5,0.5868121442125237
PROBE1,10.5,0.5870493358633776
PROBE1,10.5,0.5872865275142315
PROBE1,10.5,0.5875237191650854
PROBE1,10.5,0.5877609108159393
PROBE1,10.5,0.5879981024667932
PROBE1,10.5,0.5882352941176471
PROBE1,11.55,0.588472485768501
PROBE1,11.55,0.5887096774193549
PROBE1,11.55,0.5889468690702088
PROBE1,11.55,0.5891840607210627
PROBE1,11.55,0.5894212523719166
PROBE1,11.55,0.5896584440227703
PROBE1,11.55,0.5898956356736242
PROBE1,11.55,0.5901328273244781
PROBE1,11.55,0.590370018975332
PROBE1,11.55,0.5906072106261859
PROBE1,11.55,0.5908444022770398
PROBE1,11.55,0.5910815939278937
PROBE1,11.55,0.5913187855787476
PROBE1,11.55,0.5915559772296015
PROBE1,11.55,0.5917931688804554
PROBE1,11.55,0.5920303605313093
PROBE1,11.55,0.5922675521821632
PROBE1,11.55,0.5925047438330171
PROBE1,11.55,0.592741935483871
PROBE1,11.55,0.5929791271347249
PROBE1,11.55,0.5932163187855788
PROBE1,11.55,0.5934535104364327
PROBE1,11.55,0.5936907020872866
PROBE1,11.55,0.5939278937381404
PROBE1,11.55,0.5941650853889943
PROBE1,11.55,0.5944022770398482
PROBE1,11.55,0.594639468690702
PROBE1,11.55,0.594876660341556
PROBE1,11.55,0.5951138519924098
PROBE1,11.55,0.5953510436432637
PROBE1,11.55,0.5955882352941176
PROBE1,11.55,0.5958254269449715
PROBE1,11.55,0.5960626185958254
PROBE1,11.55,0.5962998102466793
PROBE1,11.55,0.5965370018975332
PROBE1,11.55,0.5967741935483871
PROBE1,11.55,0.597011385199241
PROBE1,11.55,0.5972485768500949
PROBE1,11.55,0.5974857685009488
PROBE1,11.55,0.5977229601518027
PROBE1,11.55,0.5979601518026565
PROBE1,11.55,0.5981973434535104
PROBE1,11.55,0.5984345351043643
PROBE1,11.55,0.5986717267552182
PROBE1,11.55,0.5989089184060721
PROBE1,11.55,0.599146110056926
PROBE1,11.55,0.5993833017077799
PROBE1,11.55,0.5996204933586338
PROBE1,11.55,0.5998576850094877
PROBE1,11.55,0.6000948766603416
PROBE1,11.55,0.6003320683111955
PROBE1,11.55,0.6005692599620494
PROBE1,11.55,0.6008064516129032
PROBE1,11.55,0.6010436432637571
PROBE1,11.55,0.601280834914611
PROBE1,11.55,0.6015180265654649
PROBE1,11.55,0.6017552182163188
PROBE1,11.55,0.6019924098671727
PROBE1,11.55,0.6022296015180265
PROBE1,11.55,0.6024667931688804
PROBE1,11.55,0.6027039848197343
PROBE1,11.55,0.6029411764705882
PROBE1,11.55,0.6031783681214421
PROBE1,11.55,0.603415559772296
PROBE1,11.55,0.6036527514231499
PROBE1,11.55,0.6038899430740038
PROBE1,11.55,0.6041271347248577
PROBE1,11.55,0.6043643263757116
PROBE1,11.55,0.6046015180265655
PROBE1,11.55,0.6048387096774194
PROBE1,11.55,0.6050759013282733
PROBE1,11.55,0.6053130929791272
PROBE1,11.55,0.6055502846299811
PROBE1,11.55,0.605787476280835
PROBE1,11.55,0.6060246679316889
PROBE1,11.55,0.6062618595825426
PROBE1,11.55,0.6064990512333965
PROBE1,11.55,0.6067362428842504
PROBE1,11.55,0.6069734345351043
PROBE1,11.55,0.6072106261859582
PROBE1,11.55,0.6074478178368121
PROBE1,11.55,0.607685009487666
PROBE1,11.55,0.6079222011385199
PROBE1,11.55,0.6081593927893738
PROBE1,11.55,0.6083965844402277
PROBE1,11.55,0.6086337760910816
PROBE1,11.55,0.6088709677419355
PROBE1,11.55,0.6091081593927894
PROBE1,11.55,0.6093453510436433
PROBE1,11.55,0.6095825426944972
PROBE1,11.55,0.6098197343453511
PROBE1,11.55,0.610056925996205
PROBE1,11.55,0.6102941176470589
PROBE1,11.55,0.6105313092979127
PROBE1,11.55,0.6107685009487666
PROBE1,11.55,0.6110056925996205
PROBE1,11.55,0.6112428842504743
PROBE1,11.55,0.6114800759013282
PROBE1,11.55,0.6117172675521821
PROBE1,11.55,0.611954459203036
PROBE1,11.55,0.6121916508538899
PROBE1,11.55,0.6124288425047438
PROBE1,11.55,0.6126660341555977
PROBE1,11.55,0.6129032258064516
PROBE1,11.55,0.6131404174573055
PROBE1,11.55,0.6133776091081594
PROBE1,11.55,0.6136148007590133
PROBE1,11.55,0.6138519924098672
PROBE1,11.55,0.6140891840607211
PROBE1,11.55,0.614326375711575
PROBE1,11.55,0.6145635673624289
PROBE1,11.55,0.6148007590132827
PROBE1,11.55,0.6150379506641366
PROBE1,11.55,0.6152751423149905
PROBE1,11.55,0.6155123339658444
PROBE1,11.55,0.6157495256166983
PROBE1,11.55,0.6159867172675522
PROBE1,11.55,0.6162239089184061
PROBE1,11.55,0.61646110056926
PROBE1,11.55,0.6166982922201139
PROBE1,11.55,0.6169354838709677
PROBE1,11.55,0.6171726755218216
PROBE1,11.55,0.6174098671726755
PROBE1,11.55,0.6176470588235294
PROBE1,11.55,0.6178842504743833
PROBE1,11.55,0.6181214421252372
PROBE1,11.55,0.6183586337760911
PROBE1,11.55,0.618595825426945
PROBE1,11.55,0.6188330170777988
PROBE1,11.55,0.6190702087286527
PROBE1,11.55,0.6193074003795066
PROBE1,11.55,0.6195445920303605
PROBE1,11.55,0.6197817836812144
PROBE1,11.55,0.6200189753320683
PROBE1,11.55,0.6202561669829222
PROBE1,11.55,0.6204933586337761
PROBE1,11.55,0.62073055028463
PROBE1,11.55,0.6209677419354839
PROBE1,11.55,0.6212049335863378
PROBE1,11.55,0.6214421252371917
PROBE1,11.55,0.6216793168880456
PROBE1,11.55,0.6219165085388995
PROBE1,11.55,0.6221537001897534
PROBE1,11.55,0.6223908918406073
PROBE1,11.55,0.6226280834914611
PROBE1,11.55,0.622865275142315
PROBE1,11.55,0.6231024667931688
PROBE1,11.55,0.6233396584440227
PROBE1,11.55,0.6235768500948766
PROBE1,11.55,0.6238140417457305
PROBE1,11.55,0.6240512333965844
PROBE1,11.55,0.6242884250474383
PROBE1,11.55,0.6245256166982922
PROBE1,11.55,0.6247628083491461
PROBE1,11.55,0.625
PROBE1,11.55,0.6252371916508539
PROBE1,11.55,0.6254743833017078
PROBE1,11.55,0.6257115749525617
PROBE1,11.55,0.6259487666034156
PROBE1,11.55,0.6261859582542695
PROBE1,11.55,0.6264231499051234
PROBE1,11.55,0.6266603415559773
PROBE1,11.55,0.6268975332068312
PROBE1,11.55,0.627134724857685
PROBE1,11.55,0.6273719165085389
PROBE1,11.55,0.6276091081593927
PROBE1,11.55,0.6278462998102466
PROBE1,11.55,0.6280834914611005
PROBE1,11.55,0.6283206831119544
PROBE1,11.55,0.6285578747628083
PROBE1,11.55,0.6287950664136622
PROBE1,11.55,0.6290322580645161
PROBE1,11.55,0.62926944971537
PROBE1,11.55,0.6295066413662239
PROBE1,11.55,0.6297438330170778
PROBE1,11.55,0.6299810246679317
PROBE1,11.55,0.6302182163187856
PROBE1,11.55,0.6304554079696395
PROBE1,11.55,0.6306925996204934
PROBE1,11.55,0.6309297912713473
PROBE1,11.55,0.6311669829222012
PROBE1,11.55,0.631404174573055
PROBE1,11.55,0.6316413662239089
PROBE1,11.55,0.6318785578747628
PROBE1,11.55,0.6321157495256167
PROBE1,11.55,0.6323529411764706
PROBE1,11.55,0.6325901328273245
PROBE1,11.55,0.6328273244781784
PROBE1,11.55,0.6330645161290323
PROBE1,11.55,0.6333017077798861
PROBE1,11.55,0.63353889943074
PROBE1,11.55,0.6337760910815939
PROBE1,11.55,0.6340132827324478
PROBE1,11.55,0.6342504743833017
PROBE1,11.55,0.6344876660341556
PROBE1,11.55,0.6347248576850095
PROBE1,11.55,0.6349620493358634
PROBE1,11.55,0.6351992409867173
PROBE1,11.55,0.6354364326375711
PROBE1,11.55,0.635673624288425
PROBE1,11.55,0.6359108159392789
PROBE1,11.55,0.6361480075901328
PROBE1,11.55,0.6363851992409867
PROBE1,11.55,0.6366223908918406
PROBE1,11.55,0.6368595825426945
PROBE1,11.55,0.6370967741935484
PROBE1,11.55,0.6373339658444023
PROBE1,11.55,0.6375711574952562
PROBE1,11.55,0.6378083491461101
PROBE1,11.55,0.638045540796964
PROBE1,11.55,0.6382827324478179
PROBE1,11.55,0.6385199240986718
PROBE1,11.55,0.6387571157495257
PROBE1,11.55,0.6389943074003795
PROBE1,11.55,0.6392314990512334
PROBE1,11.55,0.6394686907020873
PROBE1,11.55,0.6397058823529411
PROBE1,11.55,0.639943074003795
PROBE1,11.55,0.6401802656546489
PROBE1,11.55,0.6404174573055028
PROBE1,11.55,0.6406546489563567
PROBE1,11.55,0.6408918406072106
PROBE1,11.55,0.6411290322580645
PROBE1,11.55,0.6413662239089184
PROBE1,11.55,0.6416034155597723
PROBE1,11.55,0.6418406072106262
PROBE1,11.55,0.6420777988614801
PROBE1,11.55,0.642314990512334
PROBE1,11.55,0.6425521821631879
PROBE1,11.55,0.6427893738140418
PROBE1,11.55,0.6430265654648957
PROBE1,11.55,0.6432637571157496
PROBE1,11.55,0.6435009487666035
PROBE1,11.55,0.6437381404174574
PROBE1,11.55,0.6439753320683111
PROBE1,11.55,0.644212523719165
PROBE1,11.55,0.6444497153700189
PROBE1,11.55,0.6446869070208728
PROBE1,11.55,0.6449240986717267
PROBE1,11.55,0.6451612903225806
PROBE1,11.55,0.6453984819734345
PROBE1,11.55,0.6456356736242884
PROBE1,11.55,0.6458728652751423
PROBE1,11.55,0.6461100569259962
PROBE1,11.55,0.6463472485768501
PROBE1,11.55,0.646584440227704
PROBE1,11.55,0.6468216318785579
PROBE1,11.55,0.6470588235294118
PROBE1,12.599999999999998,0.6472960151802657
PROBE1,12.599999999999998,0.6475332068311196
PROBE1,12.599999999999998,0.6477703984819735
PROBE1,12.599999999999998,0.6480075901328273
PROBE1,12.599999999999998,0.6482447817836812
PROBE1,12.599999999999998,0.6484819734345351
PROBE1,12.599999999999998,0.648719165085389
PROBE1,12.599999999999998,0.6489563567362429
PROBE1,12.599999999999998,0.6491935483870968
PROBE1,12.599999999999998,0.6494307400379506
PROBE1,12.599999999999998,0.6496679316888045
PROBE1,12.599999999999998,0.6499051233396584
PROBE1,12.599999999999998,0.6501423149905123
PROBE1,12.599999999999998,0.6503795066413662
PROBE1,12.599999999999998,0.6506166982922201
PROBE1,12.599999999999998,0.650853889943074
PROBE1,12.599999999999998,0.6510910815939279
PROBE1,12.599999999999998,0.6513282732447818
PROBE1,12.599999999999998,0.6515654648956357
PROBE1,12.599999999999998,0.6518026565464896
PROBE1,12.599999999999998,0.6520398481973435
PROBE1,12.599999999999998,0.6522770398481973
PROBE1,12.599999999999998,0.6525142314990512
PROBE1,12.599999999999998,0.6527514231499051
PROBE1,12.599999999999998,0.652988614800759
PROBE1,12.599999999999998,0.6532258064516129
PROBE1,12.599999999999998,0.6534629981024668
PROBE1,12.599999999999998,0.6537001897533207
PROBE1,12.599999999999998,0.6539373814041746
PROBE1,12.599999999999998,0.6541745730550285
PROBE1,12.599999999999998,0.6544117647058824
PROBE1,12.599999999999998,0.6546489563567363
PROBE1,12.599999999999998,0.6548861480075902
PROBE1,12.599999999999998,0.655123339658444
PROBE1,12.599999999999998,0.655360531309298
PROBE1,12.599999999999998,0.6555977229601518
PROBE1,12.599999999999998,0.6558349146110057
PROBE1,12.599999999999998,0.6560721062618596
PROBE1,12.599999999999998,0.6563092979127134
PROBE1,12.599999999999998,0.6565464895635673
PROBE1,12.599999999999998,0.6567836812144212
PROBE1,12.599999999999998,0.6570208728652751
PROBE1,12.599999999999998,0.657258064516129
PROBE1,12.599999999999998,0.6574952561669829
PROBE1,12.599999999999998,0.6577324478178368
PROBE1,12.599999999999998,0.6579696394686907
PROBE1,12.599999999999998,0.6582068311195446
PROBE1,12.599999999999998,0.6584440227703985
PROBE1,12.599999999999998,0.6586812144212524
PROBE1,12.599999999999998,0.6589184060721063
PROBE1,12.599999999999998,0.6591555977229602
PROBE1,12.599999999999998,0.6593927893738141
PROBE1,12.599999999999998,0.659629981024668
PROBE1,12.599999999999998,0.6598671726755219
PROBE1,12.599999999999998,0.6601043643263758
PROBE1,12.599999999999998,0.6603415559772297
PROBE1,12.599999999999998,0.6605787476280834
PROBE1,12.599999999999998,0.6608159392789373
PROBE1,12.599999999999998,0.6610531309297912
PROBE1,12.599999999999998,0.6612903225806451
PROBE1,12.599999999999998,0.661527514231499
PROBE1,12.599999999999998,0.6617647058823529
PROBE1,12.599999999999998,0.6620018975332068
PROBE1,12.599999999999998,0.6622390891840607
PROBE1,12.599999999999998,0.6624762808349146
PROBE1,12.599999999999998,0.6627134724857685
PROBE1,12.599999999999998,0.6629506641366224
PROBE1,12.599999999999998,0.6631878557874763
PROBE1,12.599999999999998,0.6634250474383302
PROBE1,12.599999999999998,0.6636622390891841
PROBE1,12.599999999999998,0.663899430740038
PROBE1,12.599999999999998,0.6641366223908919
PROBE1,12.599999999999998,0.6643738140417458
PROBE1,12.599999999999998,0.6646110056925996
PROBE1,12.599999999999998,0.6648481973434535
PROBE1,12.599999999999998,0.6650853889943074
PROBE1,12.599999999999998,0.6653225806451613
PROBE1,12.599999999999998,0.6655597722960152
PROBE1,12.599999999999998,0.665796963946869
PROBE1,12.599999999999998,0.6660341555977229
PROBE1,12.599999999999998,0.6662713472485768
PROBE1,12.599999999999998,0.6665085388994307
PROBE1,12.599999999999998,0.6667457305502846
PROBE1,12.599999999999998,0.6669829222011385
PROBE1,12.599999999999998,0.6672201138519924
PROBE1,12.599999999999998,0.6674573055028463
PROBE1,12.599999999999998,0.6676944971537002
PROBE1,12.599999999999998,0.6679316888045541
PROBE1,12.599999999999998,0.668168880455408
PROBE1,12.599999999999998,0.6684060721062619
PROBE1,12.599999999999998,0.6686432637571158
PROBE1,12.599999999999998,0.6688804554079696
PROBE1,12.599999999999998,0.6691176470588235
PROBE1,12.599999999999998,0.6693548387096774
PROBE1,12.599999999999998,0.6695920303605313
PROBE1,12.599999999999998,0.6698292220113852
PROBE1,12.599999999999998,0.6700664136622391
PROBE1,12.599999999999998,0.670303605313093
PROBE1,12.599999999999998,0.6705407969639469
PROBE1,12.599999999999998,0.6707779886148008
PROBE1,12.599999999999998,0.6710151802656547
PROBE1,12.599999999999998,0.6712523719165086
PROBE1,12.599999999999998,0.6714895635673624
PROBE1,12.599999999999998,0.6717267552182163
PROBE1,12.599999999999998,0.6719639468690702
PROBE1,12.599999999999998,0.6722011385199241
PROBE1,12.599999999999998,0.672438330170778
PROBE1,12.599999999999998,0.6726755218216319
PROBE1,12.599999999999998,0.6729127134724858
PROBE1,12.599999999999998,0.6731499051233396
PROBE1,12.599999999999998,0.6733870967741935
PROBE1,12.599999999999998,0.6736242884250474
PROBE1,12.599999999999998,0.6738614800759013
PROBE1,12.599999999999998,0.6740986717267552
PROBE1,12.599999999999998,0.6743358633776091
PROBE1,12.599999999999998,0.674573055028463
PROBE1,12.599999999999998,0.6748102466793169
PROBE1,12.599999999999998,0.6750474383301708
PROBE1,12.599999999999998,0.6752846299810247
PROBE1,12.599999999999998,0.6755218216318786
PROBE1,12.599999999999998,0.6757590132827325
PROBE1,12.599999999999998,0.6759962049335864
PROBE1,12.599999999999998,0.6762333965844403
PROBE1,12.599999999999998,0.6764705882352942
PROBE1,12.599999999999998,0.676707779886148
PROBE1,12.599999999999998,0.676944971537002
PROBE1,12.599999999999998,0.6771821631878557
PROBE1,12.599999999999998,0.6774193548387096
PROBE1,12.599999999999998,0.6776565464895635
PROBE1,12.599999999999998,0.6778937381404174
PROBE1,12.599999999999998,0.6781309297912713
PROBE1,12.599999999999998,0.6783681214421252
PROBE1,12.599999999999998,0.6786053130929791
PROBE1,12.599999999999998,0.678842504743833
PROBE1,12.599999999999998,0.6790796963946869
PROBE1,12.599999999999998,0.6793168880455408
PROBE1,12.599999999999998,0.6795540796963947
PROBE1,12.599999999999998,0.6797912713472486
PROBE1,12.599999999999998,0.6800284629981025
PROBE1,12.599999999999998,0.6802656546489564
PROBE1,12.599999999999998,0.6805028462998103
PROBE1,12.599999999999998,0.6807400379506642
PROBE1,12.599999999999998,0.6809772296015181
PROBE1,12.599999999999998,0.681214421252372
PROBE1,12.599999999999998,0.6814516129032258
PROBE1,12.599999999999998,0.6816888045540797
PROBE1,12.599999999999998,0.6819259962049335
PROBE1,12.599999999999998,0.6821631878557874
PROBE1,12.599999999999998,0.6824003795066413
PROBE1,12.599999999999998,0.6826375711574952
PROBE1,12.599999999999998,0.6828747628083491
PROBE1,12.599999999999998,0.683111954459203
PROBE1,12.599999999999998,0.6833491461100569
PROBE1,12.599999999999998,0.6835863377609108
PROBE1,12.599999999999998,0.6838235294117647
PROBE1,12.599999999999998,0.6840607210626186
PROBE1,12.599999999999998,0.6842979127134725
PROBE1,12.599999999999998,0.6845351043643264
PROBE1,12.599999999999998,0.6847722960151803
PROBE1,12.599999999999998,0.6850094876660342
PROBE1,12.599999999999998,0.6852466793168881
PROBE1,12.599999999999998,0.6854838709677419
PROBE1,12.599999999999998,0.6857210626185958
PROBE1,12.599999999999998,0.6859582542694497
PROBE1,12.599999999999998,0.6861954459203036
PROBE1,12.599999999999998,0.6864326375711575
PROBE1,12.599999999999998,0.6866698292220114
PROBE1,12.599999999999998,0.6869070208728653
PROBE1,12.599999999999998,0.6871442125237192
PROBE1,12.599999999999998,0.687381404174573
PROBE1,12.599999999999998,0.687618595825427
PROBE1,12.599999999999998,0.6878557874762808
PROBE1,12.599999999999998,0.6880929791271347
PROBE1,12.599999999999998,0.6883301707779886
PROBE1,12.599999999999998,0.6885673624288425
PROBE1,12.599999999999998,0.6888045540796964
PROBE1,12.599999999999998,0.6890417457305503
PROBE1,12.599999999999998,0.6892789373814042
PROBE1,12.599999999999998,0.6895161290322581
PROBE1,12.599999999999998,0.6897533206831119
PROBE1,12.599999999999998,0.6899905123339658
PROBE1,12.599999999999998,0.6902277039848197
PROBE1,12.599999999999998,0.6904648956356736
PROBE1,12.599999999999998,0.6907020872865275
PROBE1,12.599999999999998,0.6909392789373814
PROBE1,12.599999999999998,0.6911764705882353
PROBE1,12.599999999999998,0.6914136622390892
PROBE1,12.599999999999998,0.6916508538899431
PROBE1,12.599999999999998,0.691888045540797
PROBE1,12.599999999999998,0.6921252371916509
PROBE1,12.599999999999998,0.6923624288425048
PROBE1,12.599999999999998,0.6925996204933587
PROBE1,12.599999999999998,0.6928368121442126
PROBE1,12.599999999999998,0.6930740037950665
PROBE1,12.599999999999998,0.6933111954459203
PROBE1,12.599999999999998,0.6935483870967742
PROBE1,12.599999999999998,0.693785578747628
PROBE1,12.599999999999998,0.6940227703984819
PROBE1,12.599999999999998,0.6942599620493358
PROBE1,12.599999999999998,0.6944971537001897
PROBE1,12.599999999999998,0.6947343453510436
PROBE1,12.599999999999998,0.6949715370018975
PROBE1,12.599999999999998,0.6952087286527514
PROBE1,12.599999999999998,0.6954459203036053
PROBE1,12.599999999999998,0.6956831119544592
PROBE1,12.599999999999998,0.6959203036053131
PROBE1,12.599999999999998,0.696157495256167
PROBE1,12.599999999999998,0.6963946869070209
PROBE1,12.599999999999998,0.6966318785578748
PROBE1,12.599999999999998,0.6968690702087287
PROBE1,12.599999999999998,0.6971062618595826
PROBE1,12.599999999999998,0.6973434535104365
PROBE1,12.599999999999998,0.6975806451612904
PROBE1,12.599999999999998,0.6978178368121443
PROBE1,12.599999999999998,0.698055028462998
PROBE1,12.599999999999998,0.698292220113852
PROBE1,12.599999999999998,0.6985294117647058
PROBE1,12.599999999999998,0.6987666034155597
PROBE1,12.599999999999998,0.6990037950664136
PROBE1,12.599999999999998,0.6992409867172675
PROBE1,12.599999999999998,0.6994781783681214
PROBE1,12.599999999999998,0.6997153700189753
PROBE1,12.599999999999998,0.6999525616698292
PROBE1,12.599999999999998,0.7001897533206831
PROBE1,12.599999999999998,0.700426944971537
PROBE1,12.599999999999998,0.7006641366223909
PROBE1,12.599999999999998,0.7009013282732448
PROBE1,12.599999999999998,0.7011385199240987
PROBE1,12.599999999999998,0.7013757115749526
PROBE1,12.599999999999998,0.7016129032258065
PROBE1,12.599999999999998,0.7018500948766604
PROBE1,12.599999999999998,0.7020872865275142
PROBE1,12.599999999999998,0.7023244781783681
PROBE1,12.599999999999998,0.702561669829222
PROBE1,12.599999999999998,0.7027988614800759
PROBE1,12.599999999999998,0.7030360531309298
PROBE1,12.599999999999998,0.7032732447817837
PROBE1,12.599999999999998,0.7035104364326376
PROBE1,12.599999999999998,0.7037476280834914
PROBE1,12.599999999999998,0.7039848197343453
PROBE1,12.599999999999998,0.7042220113851992
PROBE1,12.599999999999998,0.7044592030360531
PROBE1,12.599999999999998,0.704696394686907
PROBE1,12.599999999999998,0.7049335863377609
PROBE1,12.599999999999998,0.7051707779886148
PROBE1,12.599999999999998,0.7054079696394687
PROBE1,12.599999999999998,0.7056451612903226
PROBE1,12.599999999999998,0.7058823529411765
PROBE1,13.649999999999999,0.7061195445920304
PROBE1,13.649999999999999,0.7063567362428842
PROBE1,13.649999999999999,0.7065939278937381
PROBE1,13.649999999999999,0.706831119544592
PROBE1,13.649999999999999,0.7070683111954459
PROBE1,13.649999999999999,0.7073055028462998
PROBE1,13.649999999999999,0.7075426944971537
PROBE1,13.649999999999999,0.7077798861480076
PROBE1,13.649999999999999,0.7080170777988615
PROBE1,13.649999999999999,0.7082542694497154
PROBE1,13.649999999999999,0.7084914611005693
PROBE1,13.649999999999999,0.7087286527514232
PROBE1,13.649999999999999,0.7089658444022771
PROBE1,13.649999999999999,0.709203036053131
PROBE1,13.649999999999999,0.7094402277039848
PROBE1,13.649999999999999,0.7096774193548387
PROBE1,13.649999999999999,0.7099146110056926
PROBE1,13.649999999999999,0.7101518026565465
PROBE1,13.649999999999999,0.7103889943074004
PROBE1,13.649999999999999,0.7106261859582542
PROBE1,13.649999999999999,0.7108633776091081
PROBE1,13.649999999999999,0.711100569259962
PROBE1,13.649999999999999,0.7113377609108159
PROBE1,13.649999999999999,0.7115749525616698
PROBE1,13.649999999999999,0.7118121442125237
PROBE1,13.649999999999999,0.7120493358633776
PROBE1,13.649999999999999,0.7122865275142315
PROBE1,13.649999999999999,0.7125237191650854
PROBE1,13.649999999999999,0.7127609108159393
PROBE1,13.649999999999999,0.7129981024667932
PROBE1,13.649999999999999,0.7132352941176471
PROBE1,13.649999999999999,0.713472485768501
PROBE1,13.649999999999999,0.7137096774193549
PROBE1,13.649999999999999,0.7139468690702088
PROBE1,13.649999999999999,0.7141840607210627
PROBE1,13.649999999999999,0.7144212523719166
PROBE1,13.649999999999999,0.7146584440227703
PROBE1,13.649999999999999,0.7148956356736242
PROBE1,13.649999999999999,0.7151328273244781
PROBE1,13.649999999999999,0.715370018975332
PROBE1,13.649999999999999,0.7156072106261859
PROBE1,13.649999999999999,0.7158444022770398
PROBE1,13.649999999999999,0.7160815939278937
PROBE1,13.649999999999999,0.7163187855787476
PROBE1,13.649999999999999,0.7165559772296015
PROBE1,13.649999999999999,0.7167931688804554
PROBE1,13.649999999999999,0.7170303605313093
PROBE1,13.649999999999999,0.7172675521821632
PROBE1,13.649999999999999,0.7175047438330171
PROBE1,13.649999999999999,0.717741935483871
PROBE1,13.649999999999999,0.7179791271347249
PROBE1,13.649999999999999,0.7182163187855788
PROBE1,13.649999999999999,0.7184535104364327
PROBE1,13.649999999999999,0.7186907020872866
PROBE1,13.649999999999999,0.7189278937381404
PROBE1,13.649999999999999,0.7191650853889943
PROBE1,13.649999999999999,0.7194022770398482
PROBE1,13.649999999999999,0.719639468690702
PROBE1,13.649999999999999,0.719876660341556
PROBE1,13.649999999999999,0.7201138519924098
PROBE1,13.649999999999999,0.7203510436432637
PROBE1,13.649999999999999,0.7205882352941176
PROBE1,13.649999999999999,0.7208254269449715
PROBE1,13.649999999999999,0.7210626185958254
PROBE1,13.649999999999999,0.7212998102466793
PROBE1,13.649999999999999,0.7215370018975332
PROBE1,13.649999999999999,0.7217741935483871
PROBE1,13.649999999999999,0.722011385199241
PROBE1,13.649999999999999,0.7222485768500949
PROBE1,13.649999999999999,0.7224857685009488
PROBE1,13.649999999999999,0.7227229601518027
PROBE1,13.649999999999999,0.7229601518026565
PROBE1,13.649999999999999,0.7231973434535104
PROBE1,13.649999999999999,0.7234345351043643
PROBE1,13.649999999999999,0.7236717267552182
PROBE1,13.649999999999999,0.7239089184060721
PROBE1,13.649999999999999,0.724146110056926
PROBE1,13.649999999999999,0.7243833017077799
PROBE1,13.649999999999999,0.7246204933586338
PROBE1,13.649999999999999,0.7248576850094877
PROBE1,13.649999999999999,0.7250948766603416
PROBE1,13.649999999999999,0.7253320683111955
PROBE1,13.649999999999999,0.7255692599620494
PROBE1,13.649999999999999,0.7258064516129032
PROBE1,13.649999999999999,0.7260436432637571
PROBE1,13.649999999999999,0.726280834914611
PROBE1,13.649999999999999,0.7265180265654649
PROBE1,13.649999999999999,0.7267552182163188
PROBE1,13.649999999999999,0.7269924098671727
PROBE1,13.649999999999999,0.7272296015180265
PROBE1,13.649999999999999,0.7274667931688804
PROBE1,13.649999999999999,0.7277039848197343
PROBE1,13.649999999999999,0.7279411764705882
PROBE1,13.649999999999999,0.7281783681214421
PROBE1,13.649999999999999,0.728415559772296
PROBE1,13.649999999999999,0.7286527514231499
PROBE1,13.649999999999999,0.7288899430740038
PROBE1,13.649999999999999,0.7291271347248577
PROBE1,13.649999999999999,0.7293643263757116
PROBE1,13.649999999999999,0.7296015180265655
PROBE1,13.649999999999999,0.7298387096774194
PROBE1,13.649999999999999,0.7300759013282733
PROBE1,13.649999999999999,0.7303130929791272
PROBE1,13.649999999999999,0.7305502846299811
PROBE1,13.649999999999999,0.730787476280835
PROBE1,13.649999999999999,0.7310246679316889
PROBE1,13.649999999999999,0.7312618595825426
PROBE1,13.649999999999999,0.7314990512333965
PROBE1,13.649999999999999,0.7317362428842504
PROBE1,13.649999999999999,0.7319734345351043
PROBE1,13.649999999999999,0.7322106261859582
PROBE1,13.649999999999999,0.7324478178368121
PROBE1,13.649999999999999,0.732685009487666
PROBE1,13.649999999999999,0.7329222011385199
PROBE1,13.649999999999999,0.7331593927893738
PROBE1,13.649999999999999,0.7333965844402277
PROBE1,13.649999999999999,0.7336337760910816
PROBE1,13.649999999999999,0.7338709677419355
PROBE1,13.649999999999999,0.7341081593927894
PROBE1,13.649999999999999,0.7343453510436433
PROBE1,13.649999999999999,0.7345825426944972
PROBE1,13.649999999999999,0.7348197343453511
PROBE1,13.649999999999999,0.735056925996205
PROBE1,13.649999999999999,0.7352941176470589
PROBE1,13.649999999999999,0.7355313092979127
PROBE1,13.649999999999999,0.7357685009487666
PROBE1,13.649999999999999,0.7360056925996205
PROBE1,13.649999999999999,0.7362428842504743
PROBE1,13.649999999999999,0.7364800759013282
PROBE1,13.649999999999999,0.7367172675521821
PROBE1,13.649999999999999,0.736954459203036
PROBE1,13.649999999999999,0.7371916508538899
PROBE1,13.649999999999999,0.7374288425047438
PROBE1,13.649999999999999,0.7376660341555977
PROBE1,13.649999999999999,0.7379032258064516
PROBE1,13.649999999999999,0.7381404174573055
PROBE1,13.649999999999999,0.7383776091081594
PROBE1,13.649999999999999,0.7386148007590133
PROBE1,13.649999999999999,0.7388519924098672
PROBE1,13.649999999999999,0.7390891840607211
PROBE1,13.649999999999999,0.739326375711575
PROBE1,13.649999999999999,0.7395635673624289
PROBE1,13.649999999999999,0.7398007590132827
PROBE1,13.649999999999999,0.7400379506641366
PROBE1,13.649999999999999,0.7402751423149905
PROBE1,13.649999999999999,0.7405123339658444
PROBE1,13.649999999999999,0.7407495256166983
PROBE1,13.649999999999999,0.7409867172675522
PROBE1,13.649999999999999,0.7412239089184061
PROBE1,13.649999999999999,0.74146110056926
PROBE1,13.649999999999999,0.7416982922201139
PROBE1,13.649999999999999,0.7419354838709677
PROBE1,13.649999999999999,0.7421726755218216
PROBE1,13.649999999999999,0.7424098671726755
PROBE1,13.649999999999999,0.7426470588235294
PROBE1,13.649999999999999,0.7428842504743833
PROBE1,13.649999999999999,0.7431214421252372
PROBE1,13.649999999999999,0.7433586337760911
PROBE1,13.649999999999999,0.743595825426945
PROBE1,13.649999999999999,0.7438330170777988
PROBE1,13.649999999999999,0.7440702087286527
PROBE1,13.649999999999999,0.7443074003795066
PROBE1,13.649999999999999,0.7445445920303605
PROBE1,13.649999999999999,0.7447817836812144
PROBE1,13.649999999999999,0.7450189753320683
PROBE1,13.649999999999999,0.7452561669829222
PROBE1,13.649999999999999,0.7454933586337761
PROBE1,13.649999999999999,0.74573055028463
PROBE1,13.649999999999999,0.7459677419354839
PROBE1,13.649999999999999,0.7462049335863378
PROBE1,13.649999999999999,0.7464421252371917
PROBE1,13.649999999999999,0.7466793168880456
PROBE1,13.649999999999999,0.7469165085388995
PROBE1,13.649999999999999,0.7471537001897534
PROBE1,13.649999999999999,0.7473908918406073
PROBE1,13.649999999999999,0.7476280834914611
PROBE1,13.649999999999999,0.747865275142315
PROBE1,13.649999999999999,0.7481024667931688
PROBE1,13.649999999999999,0.7483396584440227
PROBE1,13.649999999999999,0.7485768500948766
PROBE1,13.649999999999999,0.7488140417457305
PROBE1,13.649999999999999,0.7490512333965844
PROBE1,13.649999999999999,0.7492884250474383
PROBE1,13.649999999999999,0.7495256166982922
PROBE1,13.649999999999999,0.7497628083491461
PROBE1,13.649999999999999,0.75
PROBE1,13.649999999999999,0.7502371916508539
PROBE1,13.649999999999999,0.7504743833017078
PROBE1,13.649999999999999,0.7507115749525617
PROBE1,13.649999999999999,0.7509487666034156
PROBE1,13.649999999999999,0.7511859582542695
PROBE1,13.649999999999999,0.7514231499051234
PROBE1,13.649999999999999,0.7516603415559773
PROBE1,13.649999999999999,0.7518975332068312
PROBE1,13.649999999999999,0.752134724857685
PROBE1,13.649999999999999,0.7523719165085389
PROBE1,13.649999999999999,0.7526091081593927
PROBE1,13.649999999999999,0.7528462998102466
PROBE1,13.649999999999999,0.7530834914611005
PROBE1,13.649999999999999,0.7533206831119544
PROBE1,13.649999999999999,0.7535578747628083
PROBE1,13.649999999999999,0.7537950664136622
PROBE1,13.649999999999999,0.7540322580645161
PROBE1,13.649999999999999,0.75426944971537
PROBE1,13.649999999999999,0.7545066413662239
PROBE1,13.649999999999999,0.7547438330170778
PROBE1,13.649999999999999,0.7549810246679317
PROBE1,13.649999999999999,0.7552182163187856
PROBE1,13.649999999999999,0.7554554079696395
PROBE1,13.649999999999999,0.7556925996204934
PROBE1,13.649999999999999,0.7559297912713473
PROBE1,13.649999999999999,0.7561669829222012
PROBE1,13.649999999999999,0.756404174573055
PROBE1,13.649999999999999,0.7566413662239089
PROBE1,13.649999999999999,0.7568785578747628
PROBE1,13.649999999999999,0.7571157495256167
PROBE1,13.649999999999999,0.7573529411764706
PROBE1,13.649999999999999,0.7575901328273245
PROBE1,13.649999999999999,0.7578273244781784
PROBE1,13.649999999999999,0.7580645161290323
PROBE1,13.649999999999999,0.7583017077798861
PROBE1,13.649999999999999,0.75853889943074
PROBE1,13.649999999999999,0.7587760910815939
PROBE1,13.649999999999999,0.7590132827324478
PROBE1,13.649999999999999,0.7592504743833017
PROBE1,13.649999999999999,0.7594876660341556
PROBE1,13.649999999999999,0.7597248576850095
PROBE1,13.649999999999999,0.7599620493358634
PROBE1,13.649999999999999,0.7601992409867173
PROBE1,13.649999999999999,0.7604364326375711
PROBE1,13.649999999999999,0.760673624288425
PROBE1,13.649999999999999,0.7609108159392789
PROBE1,13.649999999999999,0.7611480075901328
PROBE1,13.649999999999999,0.7613851992409867
PROBE1,13.649999999999999,0.7616223908918406
PROBE1,13.649999999999999,0.7618595825426945
PROBE1,13.649999999999999,0.7620967741935484
PROBE1,13.649999999999999,0.7623339658444023
PROBE1,13.649999999999999,0.7625711574952562
PROBE1,13.649999999999999,0.7628083491461101
PROBE1,13.649999999999999,0.763045540796964
PROBE1,13.649999999999999,0.7632827324478179
PROBE1,13.649999999999999,0.7635199240986718
PROBE1,13.649999999999999,0.7637571157495257
PROBE1,13.649999999999999,0.7639943074003795
PROBE1,13.649999999999999,0.7642314990512334
PROBE1,13.649999999999999,0.7644686907020873
PROBE1,13.649999999999999,0.7647058823529411
PROBE1,14.675,0.764943074003795
PROBE1,14.675,0.7651802656546489
PROBE1,14.675,0.7654174573055028
PROBE1,14.675,0.7656546489563567
PROBE1,14.675,0.7658918406072106
PROBE1,14.675,0.7661290322580645
PROBE1,14.675,0.7663662239089184
PROBE1,14.675,0.7666034155597723
PROBE1,14.675,0.7668406072106262
PROBE1,14.675,0.7670777988614801
PROBE1,14.675,0.767314990512334
PROBE1,14.675,0.7675521821631879
PROBE1,14.675,0.7677893738140418
PROBE1,14.675,0.7680265654648957
PROBE1,14.675,0.7682637571157496
PROBE1,14.675,0.7685009487666035
PROBE1,14.675,0.7687381404174574
PROBE1,14.675,0.7689753320683111
PROBE1,14.675,0.769212523719165
PROBE1,14.675,0.7694497153700189
PROBE1,14.675,0.7696869070208728
PROBE1,14.675,0.7699240986717267
PROBE1,14.675,0.7701612903225806
PROBE1,14.675,0.7703984819734345
PROBE1,14.675,0.7706356736242884
PROBE1,14.675,0.7708728652751423
PROBE1,14.675,0.7711100569259962
PROBE1,14.675,0.7713472485768501
PROBE1,14.675,0.771584440227704
PROBE1,14.675,0.7718216318785579
PROBE1,14.675,0.7720588235294118
PROBE1,14.675,0.7722960151802657
PROBE1,14.675,0.7725332068311196
PROBE1,14.675,0.7727703984819735
PROBE1,14.675,0.7730075901328273
PROBE1,14.675,0.7732447817836812
PROBE1,14.675,0.7734819734345351
PROBE1,14.675,0.773719165085389
PROBE1,14.675,0.7739563567362429
PROBE1,14.675,0.7741935483870968
PROBE1,14.675,0.7744307400379506
PROBE1,14.675,0.7746679316888045
PROBE1,14.675,0.7749051233396584
PROBE1,14.675,0.7751423149905123
PROBE1,14.675,0.7753795066413662
PROBE1,14.675,0.7756166982922201
PROBE1,14.675,0.775853889943074
PROBE1,14.675,0.7760910815939279
PROBE1,14.675,0.7763282732447818
PROBE1,14.675,0.7765654648956357
PROBE1,14.675,0.7768026565464896
PROBE1,14.675,0.7770398481973435
PROBE1,14.675,0.7772770398481973
PROBE1,14.675,0.7775142314990512
PROBE1,14.675,0.7777514231499051
PROBE1,14.675,0.777988614800759
PROBE1,14.675,0.7782258064516129
PROBE1,14.675,0.7784629981024668
PROBE1,14.675,0.7787001897533207
PROBE1,14.675,0.7789373814041746
PROBE1,14.675,0.7791745730550285
PROBE1,14.675,0.7794117647058824
PROBE1,14.675,0.7796489563567363
PROBE1,14.675,0.7798861480075902
PROBE1,14.675,0.780123339658444
PROBE1,14.675,0.780360531309298
PROBE1,14.675,0.7805977229601518
PROBE1,14.675,0.7808349146110057
PROBE1,14.675,0.7810721062618596
PROBE1,14.675,0.7813092979127134
PROBE1,14.675,0.7815464895635673
PROBE1,14.675,0.7817836812144212
PROBE1,14.675,0.7820208728652751
PROBE1,14.675,0.782258064516129
PROBE1,14.675,0.7824952561669829
PROBE1,14.675,0.7827324478178368
PROBE1,14.675,0.7829696394686907
PROBE1,14.675,0.7832068311195446
PROBE1,14.675,0.7834440227703985
PROBE1,14.675,0.7836812144212524
PROBE1,14.675,0.7839184060721063
PROBE1,14.675,0.7841555977229602
PROBE1,14.675,0.7843927893738141
PROBE1,14.675,0.784629981024668
PROBE1,14.675,0.7848671726755219
PROBE1,14.675,0.7851043643263758
PROBE1,14.675,0.7853415559772297
PROBE1,14.675,0.7855787476280834
PROBE1,14.675,0.7858159392789373
PROBE1,14.675,0.7860531309297912
PROBE1,14.675,0.7862903225806451
PROBE1,14.675,0.786527514231499
PROBE1,14.675,0.7867647058823529
PROBE1,14.675,0.7870018975332068
PROBE1,14.675,0.7872390891840607
PROBE1,14.675,0.7874762808349146
PROBE1,14.675,0.7877134724857685
PROBE1,14.675,0.7879506641366224
PROBE1,14.675,0.7881878557874763
PROBE1,14.675,0.7884250474383302
PROBE1,14.675,0.7886622390891841
PROBE1,14.675,0.788899430740038
PROBE1,14.675,0.7891366223908919
PROBE1,14.675,0.7893738140417458
PROBE1,14.675,0.7896110056925996
PROBE1,14.675,0.7898481973434535
PROBE1,14.675,0.7900853889943074
PROBE1,14.675,0.7903225806451613
PROBE1,14.675,0.7905597722960152
PROBE1,14.675,0.790796963946869
PROBE1,14.675,0.7910341555977229
PROBE1,14.675,0.7912713472485768
PROBE1,14.675,0.7915085388994307
PROBE1,14.675,0.7917457305502846
PROBE1,14.675,0.7919829222011385
PROBE1,14.675,0.7922201138519924
PROBE1,14.675,0.7924573055028463
PROBE1,14.675,0.7926944971537002
PROBE1,14.675,0.7929316888045541
PROBE1,14.675,0.793168880455408
PROBE1,14.675,0.7934060721062619
PROBE1,14.675,0.7936432637571158
PROBE1,14.675,0.7938804554079696
PROBE1,14.675,0.7941176470588235
PROBE1,14.675,0.7943548387096774
PROBE1,14.675,0.7945920303605313
PROBE1,14.675,0.7948292220113852
PROBE1,14.675,0.7950664136622391
PROBE1,14.675,0.795303605313093
PROBE1,14.675,0.7955407969639469
PROBE1,14.675,0.7957779886148008
PROBE1,14.675,0.7960151802656547
PROBE1,14.675,0.7962523719165086
PROBE1,14.675,0.7964895635673624
PROBE1,14.675,0.7967267552182163
PROBE1,14.675,0.7969639468690702
PROBE1,14.675,0.7972011385199241
PROBE1,14.675,0.797438330170778
PROBE1,14.675,0.7976755218216319
PROBE1,14.675,0.7979127134724858
PROBE1,14.675,0.7981499051233396
PROBE1,14.675,0.7983870967741935
PROBE1,14.675,0.7986242884250474
PROBE1,14.675,0.7988614800759013
PROBE1,14.675,0.7990986717267552
PROBE1,14.675,0.7993358633776091
PROBE1,14.675,0.799573055028463
PROBE1,14.675,0.7998102466793169
PROBE1,14.675,0.8000474383301708
PROBE1,14.675,0.8002846299810247
PROBE1,14.675,0.8005218216318786
PROBE1,14.675,0.8007590132827325
PROBE1,14.675,0.8009962049335864
PROBE1,14.675,0.8012333965844403
PROBE1,14.675,0.8014705882352942
PROBE1,14.675,0.801707779886148
PROBE1,14.675,0.801944971537002
PROBE1,14.675,0.8021821631878557
PROBE1,14.675,0.8024193548387096
PROBE1,14.675,0.8026565464895635
PROBE1,14.675,0.8028937381404174
PROBE1,14.675,0.8031309297912713
PROBE1,14.675,0.8033681214421252
PROBE1,14.675,0.8036053130929791
PROBE1,14.675,0.803842504743833
PROBE1,14.675,0.8040796963946869
PROBE1,14.675,0.8043168880455408
PROBE1,14.675,0.8045540796963947
PROBE1,14.675,0.8047912713472486
PROBE1,14.675,0.8050284629981025
PROBE1,14.675,0.8052656546489564
PROBE1,14.675,0.8055028462998103
PROBE1,14.675,0.8057400379506642
PROBE1,14.675,0.8059772296015181
PROBE1,14.675,0.806214421252372
PROBE1,14.675,0.8064516129032258
PROBE1,14.675,0.8066888045540797
PROBE1,14.675,0.8069259962049335
PROBE1,14.675,0.8071631878557874
PROBE1,14.675,0.8074003795066413
PROBE1,14.675,0.8076375711574952
PROBE1,14.675,0.8078747628083491
PROBE1,14.675,0.808111954459203
PROBE1,14.675,0.8083491461100569
PROBE1,14.675,0.8085863377609108
PROBE1,14.675,0.8088235294117647
PROBE1,14.675,0.8090607210626186
PROBE1,14.675,0.8092979127134725
PROBE1,14.675,0.8095351043643264
PROBE1,14.675,0.8097722960151803
PROBE1,14.675,0.8100094876660342
PROBE1,14.675,0.8102466793168881
PROBE1,14.675,0.8104838709677419
PROBE1,14.675,0.8107210626185958
PROBE1,14.675,0.8109582542694497
PROBE1,14.675,0.8111954459203036
PROBE1,14.675,0.8114326375711575
PROBE1,14.675,0.8116698292220114
PROBE1,14.675,0.8119070208728653
PROBE1,14.675,0.8121442125237192
PROBE1,14.675,0.812381404174573
PROBE1,14.675,0.812618595825427
PROBE1,14.675,0.8128557874762808
PROBE1,14.675,0.8130929791271347
PROBE1,14.675,0.8133301707779886
PROBE1,14.675,0.8135673624288425
PROBE1,14.675,0.8138045540796964
PROBE1,14.675,0.8140417457305503
PROBE1,14.675,0.8142789373814042
PROBE1,14.675,0.8145161290322581
PROBE1,14.675,0.8147533206831119
PROBE1,14.675,0.8149905123339658
PROBE1,14.675,0.8152277039848197
PROBE1,14.675,0.8154648956356736
PROBE1,14.675,0.8157020872865275
PROBE1,14.675,0.8159392789373814
PROBE1,14.675,0.8161764705882353
PROBE1,14.675,0.8164136622390892
PROBE1,14.675,0.8166508538899431
PROBE1,14.675,0.816888045540797
PROBE1,14.675,0.8171252371916509
PROBE1,14.675,0.8173624288425048
PROBE1,14.675,0.8175996204933587
PROBE1,14.675,0.8178368121442126
PROBE1,14.675,0.8180740037950665
PROBE1,14.675,0.8183111954459203
PROBE1,14.675,0.8185483870967742
PROBE1,14.675,0.818785578747628
PROBE1,14.675,0.8190227703984819
PROBE1,14.675,0.8192599620493358
PROBE1,14.675,0.8194971537001897
PROBE1,14.675,0.8197343453510436
PROBE1,14.675,0.8199715370018975
PROBE1,14.675,0.8202087286527514
PROBE1,14.675,0.8204459203036053
PROBE1,14.675,0.8206831119544592
PROBE1,14.675,0.8209203036053131
PROBE1,14.675,0.821157495256167
PROBE1,14.675,0.8213946869070209
PROBE1,14.675,0.8216318785578748
PROBE1,14.675,0.8218690702087287
PROBE1,14.675,0.8221062618595826
PROBE1,14.675,0.8223434535104365
PROBE1,14.675,0.8225806451612904
PROBE1,14.675,0.8228178368121443
PROBE1,14.675,0.823055028462998
PROBE1,14.675,0.823292220113852
PROBE1,14.675,0.8235294117647058
PROBE1,16.275,0.8237666034155597
PROBE1,16.275,0.8240037950664136
PROBE1,16.275,0.8242409867172675
PROBE1,16.275,0.8244781783681214
PROBE1,16.275,0.8247153700189753
PROBE1,16.275,0.8249525616698292
PROBE1,16.275,0.8251897533206831
PROBE1,16.275,0.825426944971537
PROBE1,16.275,0.8256641366223909
PROBE1,16.275,0.8259013282732448
PROBE1,16.275,0.8261385199240987
PROBE1,16.275,0.8263757115749526
PROBE1,16.275,0.8266129032258065
PROBE1,16.275,0.8268500948766604
PROBE1,16.275,0.8270872865275142
PROBE1,16.275,0.8273244781783681
PROBE1,16.275,0.827561669829222
PROBE1,16.275,0.8277988614800759
PROBE1,16.275,0.8280360531309298
PROBE1,16.275,0.8282732447817837
PROBE1,16.275,0.8285104364326376
PROBE1,16.275,0.8287476280834914
PROBE1,16.275,0.8289848197343453
PROBE1,16.275,0.8292220113851992
PROBE1,16.275,0.8294592030360531
PROBE1,16.275,0.829696394686907
PROBE1,16.275,0.8299335863377609
PROBE1,16.275,0.8301707779886148
PROBE1,16.275,0.8304079696394687
PROBE1,16.275,0.8306451612903226
PROBE1,16.275,0.8308823529411765
PROBE1,16.275,0.8311195445920304
PROBE1,16.275,0.8313567362428842
PROBE1,16.275,0.8315939278937381
PROBE1,16.275,0.831831119544592
PROBE1,16.275,0.8320683111954459
PROBE1,16.275,0.8323055028462998
PROBE1,16.275,0.8325426944971537
PROBE1,16.275,0.8327798861480076
PROBE1,16.275,0.8330170777988615
PROBE1,16.275,0.8332542694497154
PROBE1,16.275,0.8334914611005693
PROBE1,16.275,0.8337286527514232
PROBE1,16.275,0.8339658444022771
PROBE1,16.275,0.834203036053131
PROBE1,16.275,0.8344402277039848
PROBE1,16.275,0.8346774193548387
PROBE1,16.275,0.8349146110056926
PROBE1,16.275,0.8351518026565465
PROBE1,16.275,0.8353889943074004
PROBE1,16.275,0.8356261859582542
PROBE1,16.275,0.8358633776091081
PROBE1,16.275,0.836100569259962
PROBE1,16.275,0.8363377609108159
PROBE1,16.275,0.8365749525616698
PROBE1,16.275,0.8368121442125237
PROBE1,16.275,0.8370493358633776
PROBE1,16.275,0.8372865275142315
PROBE1,16.275,0.8375237191650854
PROBE1,16.275,0.8377609108159393
PROBE1,16.275,0.8379981024667932
PROBE1,16.275,0.8382352941176471
PROBE1,16.275,0.838472485768501
PROBE1,16.275,0.8387096774193549
PROBE1,16.275,0.8389468690702088
PROBE1,16.275,0.8391840607210627
PROBE1,16.275,0.8394212523719166
PROBE1,16.275,0.8396584440227703
PROBE1,16.275,0.8398956356736242
PROBE1,16.275,0.8401328273244781
PROBE1,16.275,0.840370018975332
PROBE1,16.275,0.8406072106261859
PROBE1,16.275,0.8408444022770398
PROBE1,16.275,0.8410815939278937
PROBE1,16.275,0.8413187855787476
PROBE1,16.275,0.8415559772296015
PROBE1,16.275,0.8417931688804554
PROBE1,16.275,0.8420303605313093
PROBE1,16.275,0.8422675521821632
PROBE1,16.275,0.8425047438330171
PROBE1,16.275,0.842741935483871
PROBE1,16.275,0.8429791271347249
PROBE1,16.275,0.8432163187855788
PROBE1,16.275,0.8434535104364327
PROBE1,16.275,0.8436907020872866
PROBE1,16.275,0.8439278937381404
PROBE1,16.275,0.8441650853889943
PROBE1,16.275,0.8444022770398482
PROBE1,16.275,0.844639468690702
PROBE1,16.275,0.844876660341556
PROBE1,16.275,0.8451138519924098
PROBE1,16.275,0.8453510436432637
PROBE1,16.275,0.8455882352941176
PROBE1,16.275,0.8458254269449715
PROBE1,16.275,0.8460626185958254
PROBE1,16.275,0.8462998102466793
PROBE1,16.275,0.8465370018975332
PROBE1,16.275,0.8467741935483871
PROBE1,16.275,0.847011385199241
PROBE1,16.275,0.8472485768500949
PROBE1,16.275,0.8474857685009488
PROBE1,16.275,0.8477229601518027
PROBE1,16.275,0.8479601518026565
PROBE1,16.275,0.8481973434535104
PROBE1,16.275,0.8484345351043643
PROBE1,16.275,0.8486717267552182
PROBE1,16.275,0.8489089184060721
PROBE1,16.275,0.849146110056926
PROBE1,16.275,0.8493833017077799
PROBE1,16.275,0.8496204933586338
PROBE1,16.275,0.8498576850094877
PROBE1,16.275,0.8500948766603416
PROBE1,16.275,0.8503320683111955
PROBE1,16.275,0.8505692599620494
PROBE1,16.275,0.8508064516129032
PROBE1,16.275,0.8510436432637571
PROBE1,16.275,0.851280834914611
PROBE1,16.275,0.8515180265654649
PROBE1,16.275,0.8517552182163188
PROBE1,16.275,0.8519924098671727
PROBE1,16.275,0.8522296015180265
PROBE1,16.275,0.8524667931688804
PROBE1,16.275,0.8527039848197343
PROBE1,16.275,0.8529411764705882
PROBE1,16.275,0.8531783681214421
PROBE1,16.275,0.853415559772296
PROBE1,16.275,0.8536527514231499
PROBE1,16.275,0.8538899430740038
PROBE1,16.275,0.8541271347248577
PROBE1,16.275,0.8543643263757116
PROBE1,16.275,0.8546015180265655
PROBE1,16.275,0.8548387096774194
PROBE1,16.275,0.8550759013282733
PROBE1,16.275,0.8553130929791272
PROBE1,16.275,0.8555502846299811
PROBE1,16.275,0.855787476280835
PROBE1,16.275,0.8560246679316889
PROBE1,16.275,0.8562618595825426
PROBE1,16.275,0.8564990512333965
PROBE1,16.275,0.8567362428842504
PROBE1,16.275,0.8569734345351043
PROBE1,16.275,0.8572106261859582
PROBE1,16.275,0.8574478178368121
PROBE1,16.275,0.857685009487666
PROBE1,16.275,0.8579222011385199
PROBE1,16.275,0.8581593927893738
PROBE1,16.275,0.8583965844402277
PROBE1,16.275,0.8586337760910816
PROBE1,16.275,0.8588709677419355
PROBE1,16.275,0.8591081593927894
PROBE1,16.275,0.8593453510436433
PROBE1,16.275,0.8595825426944972
PROBE1,16.275,0.8598197343453511
PROBE1,16.275,0.860056925996205
PROBE1,16.275,0.8602941176470589
PROBE1,16.275,0.8605313092979127
PROBE1,16.275,0.8607685009487666
PROBE1,16.275,0.8610056925996205
PROBE1,16.275,0.8612428842504743
PROBE1,16.275,0.8614800759013282
PROBE1,16.275,0.8617172675521821
PROBE1,16.275,0.861954459203036
PROBE1,16.275,0.8621916508538899
PROBE1,16.275,0.8624288425047438
PROBE1,16.275,0.8626660341555977
PROBE1,16.275,0.8629032258064516
PROBE1,16.275,0.8631404174573055
PROBE1,16.275,0.8633776091081594
PROBE1,16.275,0.8636148007590133
PROBE1,16.275,0.8638519924098672
PROBE1,16.275,0.8640891840607211
PROBE1,16.275,0.864326375711575
PROBE1,16.275,0.8645635673624289
PROBE1,16.275,0.8648007590132827
PROBE1,16.275,0.8650379506641366
PROBE1,16.275,0.8652751423149905
PROBE1,16.275,0.8655123339658444
PROBE1,16.275,0.8657495256166983
PROBE1,16.275,0.8659867172675522
PROBE1,16.275,0.8662239089184061
PROBE1,16.275,0.86646110056926
PROBE1,16.275,0.8666982922201139
PROBE1,16.275,0.8669354838709677
PROBE1,16.275,0.8671726755218216
PROBE1,16.275,0.8674098671726755
PROBE1,16.275,0.8676470588235294
PROBE1,16.275,0.8678842504743833
PROBE1,16.275,0.8681214421252372
PROBE1,16.275,0.8683586337760911
PROBE1,16.275,0.868595825426945
PROBE1,16.275,0.8688330170777988
PROBE1,16.275,0.8690702087286527
PROBE1,16.275,0.8693074003795066
PROBE1,16.275,0.8695445920303605
PROBE1,16.275,0.8697817836812144
PROBE1,16.275,0.8700189753320683
PROBE1,16.275,0.8702561669829222
PROBE1,16.275,0.8704933586337761
PROBE1,16.275,0.87073055028463
PROBE1,16.275,0.8709677419354839
PROBE1,16.275,0.8712049335863378
PROBE1,16.275,0.8714421252371917
PROBE1,16.275,0.8716793168880456
PROBE1,16.275,0.8719165085388995
PROBE1,16.275,0.8721537001897534
PROBE1,16.275,0.8723908918406073
PROBE1,16.275,0.8726280834914611
PROBE1,16.275,0.872865275142315
PROBE1,16.275,0.8731024667931688
PROBE1,16.275,0.8733396584440227
PROBE1,16.275,0.8735768500948766
PROBE1,16.275,0.8738140417457305
PROBE1,16.275,0.8740512333965844
PROBE1,16.275,0.8742884250474383
PROBE1,16.275,0.8745256166982922
PROBE1,16.275,0.8747628083491461
PROBE1,16.275,0.875
PROBE1,16.275,0.8752371916508539
PROBE1,16.275,0.8754743833017078
PROBE1,16.275,0.8757115749525617
PROBE1,16.275,0.8759487666034156
PROBE1,16.275,0.8761859582542695
PROBE1,16.275,0.8764231499051234
PROBE1,16.275,0.8766603415559773
PROBE1,16.275,0.8768975332068312
PROBE1,16.275,0.877134724857685
PROBE1,16.275,0.8773719165085389
PROBE1,16.275,0.8776091081593927
PROBE1,16.275,0.8778462998102466
PROBE1,16.275,0.8780834914611005
PROBE1,16.275,0.8783206831119544
PROBE1,16.275,0.8785578747628083
PROBE1,16.275,0.8787950664136622
PROBE1,16.275,0.8790322580645161
PROBE1,16.275,0.87926944971537
PROBE1,16.275,0.8795066413662239
PROBE1,16.275,0.8797438330170778
PROBE1,16.275,0.8799810246679317
PROBE1,16.275,0.8802182163187856
PROBE1,16.275,0.8804554079696395
PROBE1,16.275,0.8806925996204934
PROBE1,16.275,0.8809297912713473
PROBE1,16.275,0.8811669829222012
PROBE1,16.275,0.881404174573055
PROBE1,16.275,0.8816413662239089
PROBE1,16.275,0.8818785578747628
PROBE1,16.275,0.8821157495256167
PROBE1,16.275,0.8823529411764706
PROBE1,17.325,0.8825901328273245
PROBE1,17.325,0.8828273244781784
PROBE1,17.325,0.8830645161290323
PROBE1,17.325,0.8833017077798861
PROBE1,17.325,0.88353889943074
PROBE1,17.325,0.8837760910815939
PROBE1,17.325,0.8840132827324478
PROBE1,17.325,0.8842504743833017
PROBE1,17.325,0.8844876660341556
PROBE1,17.325,0.8847248576850095
PROBE1,17.325,0.8849620493358634
PROBE1,17.325,0.8851992409867173
PROBE1,17.325,0.8854364326375711
PROBE1,17.325,0.885673624288425
PROBE1,17.325,0.8859108159392789
PROBE1,17.325,0.8861480075901328
PROBE1,17.325,0.8863851992409867
PROBE1,17.325,0.8866223908918406
PROBE1,17.325,0.8868595825426945
PROBE1,17.325,0.8870967741935484
PROBE1,17.325,0.8873339658444023
PROBE1,17.325,0.8875711574952562
PROBE1,17.325,0.8878083491461101
PROBE1,17.325,0.888045540796964
PROBE1,17.325,0.8882827324478179
PROBE1,17.325,0.8885199240986718
PROBE1,17.325,0.8887571157495257
PROBE1,17.325,0.8889943074003795
PROBE1,17.325,0.8892314990512334
PROBE1,17.325,0.8894686907020873
PROBE1,17.325,0.8897058823529411
PROBE1,17.325,0.889943074003795
PROBE1,17.325,0.8901802656546489
PROBE1,17.325,0.8904174573055028
PROBE1,17.325,0.8906546489563567
PROBE1,17.325,0.8908918406072106
PROBE1,17.325,0.8911290322580645
PROBE1,17.325,0.8913662239089184
PROBE1,17.325,0.8916034155597723
PROBE1,17.325,0.8918406072106262
PROBE1,17.325,0.8920777988614801
PROBE1,17.325,0.892314990512334
PROBE1,17.325,0.8925521821631879
PROBE1,17.325,0.8927893738140418
PROBE1,17.325,0.8930265654648957
PROBE1,17.325,0.8932637571157496
PROBE1,17.325,0.8935009487666035
PROBE1,17.325,0.8937381404174574
PROBE1,17.325,0.8939753320683111
PROBE1,17.325,0.894212523719165
PROBE1,17.325,0.8944497153700189
PROBE1,17.325,0.8946869070208728
PROBE1,17.325,0.8949240986717267
PROBE1,17.325,0.8951612903225806
PROBE1,17.325,0.8953984819734345
PROBE1,17.325,0.8956356736242884
PROBE1,17.325,0.8958728652751423
PROBE1,17.325,0.8961100569259962
PROBE1,17.325,0.8963472485768501
PROBE1,17.325,0.896584440227704
PROBE1,17.325,0.8968216318785579
PROBE1,17.325,0.8970588235294118
PROBE1,17.325,0.8972960151802657
PROBE1,17.325,0.8975332068311196
PROBE1,17.325,0.8977703984819735
PROBE1,17.325,0.8980075901328273
PROBE1,17.325,0.8982447817836812
PROBE1,17.325,0.8984819734345351
PROBE1,17.325,0.898719165085389
PROBE1,17.325,0.8989563567362429
PROBE1,17.325,0.8991935483870968
PROBE1,17.325,0.8994307400379506
PROBE1,17.325,0.8996679316888045
PROBE1,17.325,0.8999051233396584
PROBE1,17.325,0.9001423149905123
PROBE1,17.325,0.9003795066413662
PROBE1,17.325,0.9006166982922201
PROBE1,17.325,0.900853889943074
PROBE1,17.325,0.9010910815939279
PROBE1,17.325,0.9013282732447818
PROBE1,17.325,0.9015654648956357
PROBE1,17.325,0.9018026565464896
PROBE1,17.325,0.9020398481973435
PROBE1,17.325,0.9022770398481973
PROBE1,17.325,0.9025142314990512
PROBE1,17.325,0.9027514231499051
PROBE1,17.325,0.902988614800759
PROBE1,17.325,0.9032258064516129
PROBE1,17.325,0.9034629981024668
PROBE1,17.325,0.9037001897533207
PROBE1,17.325,0.9039373814041746
PROBE1,17.325,0.9041745730550285
PROBE1,17.325,0.9044117647058824
PROBE1,17.325,0.9046489563567363
PROBE1,17.325,0.9048861480075902
PROBE1,17.325,0.905123339658444
PROBE1,17.325,0.905360531309298
PROBE1,17.325,0.9055977229601518
PROBE1,17.325,0.9058349146110057
PROBE1,17.325,0.9060721062618596
PROBE1,17.325,0.9063092979127134
PROBE1,17.325,0.9065464895635673
PROBE1,17.325,0.9067836812144212
PROBE1,17.325,0.9070208728652751
PROBE1,17.325,0.907258064516129
PROBE1,17.325,0.9074952561669829
PROBE1,17.325,0.9077324478178368
PROBE1,17.325,0.9079696394686907
PROBE1,17.325,0.9082068311195446
PROBE1,17.325,0.9084440227703985
PROBE1,17.325,0.9086812144212524
PROBE1,17.325,0.9089184060721063
PROBE1,17.325,0.9091555977229602
PROBE1,17.325,0.9093927893738141
PROBE1,17.325,0.909629981024668
PROBE1,17.325,0.9098671726755219
PROBE1,17.325,0.9101043643263758
PROBE1,17.325,0.9103415559772297
PROBE1,17.325,0.9105787476280834
PROBE1,17.325,0.9108159392789373
PROBE1,17.325,0.9110531309297912
PROBE1,17.325,0.9112903225806451
PROBE1,17.325,0.911527514231499
PROBE1,17.325,0.9117647058823529
PROBE1,17.325,0.9120018975332068
PROBE1,17.325,0.9122390891840607
PROBE1,17.325,0.9124762808349146
PROBE1,17.325,0.9127134724857685
PROBE1,17.325,0.9129506641366224
PROBE1,17.325,0.9131878557874763
PROBE1,17.325,0.9134250474383302
PROBE1,17.325,0.9136622390891841
PROBE1,17.325,0.913899430740038
PROBE1,17.325,0.9141366223908919
PROBE1,17.325,0.9143738140417458
PROBE1,17.325,0.9146110056925996
PROBE1,17.325,0.9148481973434535
PROBE1,17.325,0.9150853889943074
PROBE1,17.325,0.9153225806451613
PROBE1,17.325,0.9155597722960152
PROBE1,17.325,0.915796963946869
PROBE1,17.325,0.9160341555977229
PROBE1,17.325,0.9162713472485768
PROBE1,17.325,0.9165085388994307
PROBE1,17.325,0.9167457305502846
PROBE1,17.325,0.9169829222011385
PROBE1,17.325,0.9172201138519924
PROBE1,17.325,0.9174573055028463
PROBE1,17.325,0.9176944971537002
PROBE1,17.325,0.9179316888045541
PROBE1,17.325,0.918168880455408
PROBE1,17.325,0.9184060721062619
PROBE1,17.325,0.9186432637571158
PROBE1,17.325,0.9188804554079696
PROBE1,17.325,0.9191176470588235
PROBE1,17.325,0.9193548387096774
PROBE1,17.325,0.9195920303605313
PROBE1,17.325,0.9198292220113852
PROBE1,17.325,0.9200664136622391
PROBE1,17.325,0.920303605313093
PROBE1,17.325,0.9205407969639469
PROBE1,17.325,0.9207779886148008
PROBE1,17.325,0.9210151802656547
PROBE1,17.325,0.9212523719165086
PROBE1,17.325,0.9214895635673624
PROBE1,17.325,0.9217267552182163
PROBE1,17.325,0.9219639468690702
PROBE1,17.325,0.9222011385199241
PROBE1,17.325,0.922438330170778
PROBE1,17.325,0.9226755218216319
PROBE1,17.325,0.9229127134724858
PROBE1,17.325,0.9231499051233396
PROBE1,17.325,0.9233870967741935
PROBE1,17.325,0.9236242884250474
PROBE1,17.325,0.9238614800759013
PROBE1,17.325,0.9240986717267552
PROBE1,17.325,0.9243358633776091
PROBE1,17.325,0.924573055028463
PROBE1,17.325,0.9248102466793169
PROBE1,17.325,0.9250474383301708
PROBE1,17.325,0.9252846299810247
PROBE1,17.325,0.9255218216318786
PROBE1,17.325,0.9257590132827325
PROBE1,17.325,0.9259962049335864
PROBE1,17.325,0.9262333965844403
PROBE1,17.325,0.9264705882352942
PROBE1,17.325,0.926707779886148
PROBE1,17.325,0.926944971537002
PROBE1,17.325,0.9271821631878557
PROBE1,17.325,0.9274193548387096
PROBE1,17.325,0.9276565464895635
PROBE1,17.325,0.9278937381404174
PROBE1,17.325,0.9281309297912713
PROBE1,17.325,0.9283681214421252
PROBE1,17.325,0.9286053130929791
PROBE1,17.325,0.928842504743833
PROBE1,17.325,0.9290796963946869
PROBE1,17.325,0.9293168880455408
PROBE1,17.325,0.9295540796963947
PROBE1,17.325,0.9297912713472486
PROBE1,17.325,0.9300284629981025
PROBE1,17.325,0.9302656546489564
PROBE1,17.325,0.9305028462998103
PROBE1,17.325,0.9307400379506642
PROBE1,17.325,0.9309772296015181
PROBE1,17.325,0.931214421252372
PROBE1,17.325,0.9314516129032258
PROBE1,17.325,0.9316888045540797
PROBE1,17.325,0.9319259962049335
PROBE1,17.325,0.9321631878557874
PROBE1,17.325,0.9324003795066413
PROBE1,17.325,0.9326375711574952
PROBE1,17.325,0.9328747628083491
PROBE1,17.325,0.933111954459203
PROBE1,17.325,0.9333491461100569
PROBE1,17.325,0.9335863377609108
PROBE1,17.325,0.9338235294117647
PROBE1,17.325,0.9340607210626186
PROBE1,17.325,0.9342979127134725
PROBE1,17.325,0.9345351043643264
PROBE1,17.325,0.9347722960151803
PROBE1,17.325,0.9350094876660342
PROBE1,17.325,0.9352466793168881
PROBE1,17.325,0.9354838709677419
PROBE1,17.325,0.9357210626185958
PROBE1,17.325,0.9359582542694497
PROBE1,17.325,0.9361954459203036
PROBE1,17.325,0.9364326375711575
PROBE1,17.325,0.9366698292220114
PROBE1,17.325,0.9369070208728653
PROBE1,17.325,0.9371442125237192
PROBE1,17.325,0.937381404174573
PROBE1,17.325,0.937618595825427
PROBE1,17.325,0.9378557874762808
PROBE1,17.325,0.9380929791271347
PROBE1,17.325,0.9383301707779886
PROBE1,17.325,0.9385673624288425
PROBE1,17.325,0.9388045540796964
PROBE1,17.325,0.9390417457305503
PROBE1,17.325,0.9392789373814042
PROBE1,17.325,0.9395161290322581
PROBE1,17.325,0.9397533206831119
PROBE1,17.325,0.9399905123339658
PROBE1,17.325,0.9402277039848197
PROBE1,17.325,0.9404648956356736
PROBE1,17.325,0.9407020872865275
PROBE1,17.325,0.9409392789373814
PROBE1,17.325,0.9411764705882353
PROBE1,18.349999999999998,0.9414136622390892
PROBE1,18.349999999999998,0.9416508538899431
PROBE1,18.349999999999998,0.941888045540797
PROBE1,18.349999999999998,0.9421252371916509
PROBE1,18.349999999999998,0.9423624288425048
PROBE1,18.349999999999998,0.9425996204933587
PROBE1,18.349999999999998,0.9428368121442126
PROBE1,18.349999999999998,0.9430740037950665
PROBE1,18.349999999999998,0.9433111954459203
PROBE1,18.349999999999998,0.9435483870967742
PROBE1,18.349999999999998,0.943785578747628
PROBE1,18.349999999999998,0.9440227703984819
PROBE1,18.349999999999998,0.9442599620493358
PROBE1,18.349999999999998,0.9444971537001897
PROBE1,18.349999999999998,0.9447343453510436
PROBE1,18.349999999999998,0.9449715370018975
PROBE1,18.349999999999998,0.9452087286527514
PROBE1,18.349999999999998,0.9454459203036053
PROBE1,18.349999999999998,0.9456831119544592
PROBE1,18.349999999999998,0.9459203036053131
PROBE1,18.349999999999998,0.946157495256167
PROBE1,18.349999999999998,0.9463946869070209
PROBE1,18.349999999999998,0.9466318785578748
PROBE1,18.349999999999998,0.9468690702087287
PROBE1,18.349999999999998,0.9471062618595826
PROBE1,18.349999999999998,0.9473434535104365
PROBE1,18.349999999999998,0.9475806451612904
PROBE1,18.349999999999998,0.9478178368121443
PROBE1,18.349999999999998,0.948055028462998
PROBE1,18.349999999999998,0.948292220113852
PROBE1,18.349999999999998,0.9485294117647058
PROBE1,18.349999999999998,0.9487666034155597
PROBE1,18.349999999999998,0.9490037950664136
PROBE1,18.349999999999998,0.9492409867172675
PROBE1,18.349999999999998,0.9494781783681214
PROBE1,18.349999999999998,0.9497153700189753
PROBE1,18.349999999999998,0.9499525616698292
PROBE1,18.349999999999998,0.9501897533206831
PROBE1,18.349999999999998,0.950426944971537
PROBE1,18.349999999999998,0.9506641366223909
PROBE1,18.349999999999998,0.9509013282732448
PROBE1,18.349999999999998,0.9511385199240987
PROBE1,18.349999999999998,0.9513757115749526
PROBE1,18.349999999999998,0.9516129032258065
PROBE1,18.349999999999998,0.9518500948766604
PROBE1,18.349999999999998,0.9520872865275142
PROBE1,18.349999999999998,0.9523244781783681
PROBE1,18.349999999999998,0.952561669829222
PROBE1,18.349999999999998,0.9527988614800759
PROBE1,18.349999999999998,0.9530360531309298
PROBE1,18.349999999999998,0.9532732447817837
PROBE1,18.349999999999998,0.9535104364326376
PROBE1,18.349999999999998,0.9537476280834914
PROBE1,18.349999999999998,0.9539848197343453
PROBE1,18.349999999999998,0.9542220113851992
PROBE1,18.349999999999998,0.9544592030360531
PROBE1,18.349999999999998,0.954696394686907
PROBE1,18.349999999999998,0.9549335863377609
PROBE1,18.349999999999998,0.9551707779886148
PROBE1,18.349999999999998,0.9554079696394687
PROBE1,18.349999999999998,0.9556451612903226
PROBE1,18.349999999999998,0.9558823529411765
PROBE1,18.349999999999998,0.9561195445920304
PROBE1,18.349999999999998,0.9563567362428842
PROBE1,18.349999999999998,0.9565939278937381
PROBE1,18.349999999999998,0.956831119544592
PROBE1,18.349999999999998,0.9570683111954459
PROBE1,18.349999999999998,0.9573055028462998
PROBE1,18.349999999999998,0.9575426944971537
PROBE1,18.349999999999998,0.9577798861480076
PROBE1,18.349999999999998,0.9580170777988615
PROBE1,18.349999999999998,0.9582542694497154
PROBE1,18.349999999999998,0.9584914611005693
PROBE1,18.349999999999998,0.9587286527514232
PROBE1,18.349999999999998,0.9589658444022771
PROBE1,18.349999999999998,0.959203036053131
PROBE1,18.349999999999998,0.9594402277039848
PROBE1,18.349999999999998,0.9596774193548387
PROBE1,18.349999999999998,0.9599146110056926
PROBE1,18.349999999999998,0.9601518026565465
PROBE1,18.349999999999998,0.9603889943074004
PROBE1,18.349999999999998,0.9606261859582542
PROBE1,18.349999999999998,0.9608633776091081
PROBE1,18.349999999999998,0.961100569259962
PROBE1,18.349999999999998,0.9613377609108159
PROBE1,18.349999999999998,0.9615749525616698
PROBE1,18.349999999999998,0.9618121442125237
PROBE1,18.349999999999998,0.9620493358633776
PROBE1,18.349999999999998,0.9622865275142315
PROBE1,18.349999999999998,0.9625237191650854
PROBE1,18.349999999999998,0.9627609108159393
PROBE1,18.349999999999998,0.9629981024667932
PROBE1,18.349999999999998,0.9632352941176471
PROBE1,18.349999999999998,0.963472485768501
PROBE1,18.349999999999998,0.9637096774193549
PROBE1,18.349999999999998,0.9639468690702088
PROBE1,18.349999999999998,0.9641840607210627
PROBE1,18.349999999999998,0.9644212523719166
PROBE1,18.349999999999998,0.9646584440227703
PROBE1,18.349999999999998,0.9648956356736242
PROBE1,18.349999999999998,0.9651328273244781
PROBE1,18.349999999999998,0.965370018975332
PROBE1,18.349999999999998,0.9656072106261859
PROBE1,18.349999999999998,0.9658444022770398
PROBE1,18.349999999999998,0.9660815939278937
PROBE1,18.349999999999998,0.9663187855787476
PROBE1,18.349999999999998,0.9665559772296015
PROBE1,18.349999999999998,0.9667931688804554
PROBE1,18.349999999999998,0.9670303605313093
PROBE1,18.349999999999998,0.9672675521821632
PROBE1,18.349999999999998,0.9675047438330171
PROBE1,18.349999999999998,0.967741935483871
PROBE1,18.349999999999998,0.9679791271347249
PROBE1,18.349999999999998,0.9682163187855788
PROBE1,18.349999999999998,0.9684535104364327
PROBE1,18.349999999999998,0.9686907020872866
PROBE1,18.349999999999998,0.9689278937381404
PROBE1,18.349999999999998,0.9691650853889943
PROBE1,18.349999999999998,0.9694022770398482
PROBE1,18.349999999999998,0.969639468690702
PROBE1,18.349999999999998,0.969876660341556
PROBE1,18.349999999999998,0.9701138519924098
PROBE1,18.349999999999998,0.9703510436432637
PROBE1,18.349999999999998,0.9705882352941176
PROBE1,18.349999999999998,0.9708254269449715
PROBE1,18.349999999999998,0.9710626185958254
PROBE1,18.349999999999998,0.9712998102466793
PROBE1,18.349999999999998,0.9715370018975332
PROBE1,18.349999999999998,0.9717741935483871
PROBE1,18.349999999999998,0.972011385199241
PROBE1,18.349999999999998,0.9722485768500949
PROBE1,18.349999999999998,0.9724857685009488
PROBE1,18.349999999999998,0.9727229601518027
PROBE1,18.349999999999998,0.9729601518026565
PROBE1,18.349999999999998,0.9731973434535104
PROBE1,18.349999999999998,0.9734345351043643
PROBE1,18.349999999999998,0.9736717267552182
PROBE1,18.349999999999998,0.9739089184060721
PROBE1,18.349999999999998,0.974146110056926
PROBE1,18.349999999999998,0.9743833017077799
PROBE1,18.349999999999998,0.9746204933586338
PROBE1,18.349999999999998,0.9748576850094877
PROBE1,18.349999999999998,0.9750948766603416
PROBE1,18.349999999999998,0.9753320683111955
PROBE1,18.349999999999998,0.9755692599620494
PROBE1,18.349999999999998,0.9758064516129032
PROBE1,18.349999999999998,0.9760436432637571
PROBE1,18.349999999999998,0.976280834914611
PROBE1,18.349999999999998,0.9765180265654649
PROBE1,18.349999999999998,0.9767552182163188
PROBE1,18.349999999999998,0.9769924098671727
PROBE1,18.349999999999998,0.9772296015180265
PROBE1,18.349999999999998,0.9774667931688804
PROBE1,18.349999999999998,0.9777039848197343
PROBE1,18.349999999999998,0.9779411764705882
PROBE1,18.349999999999998,0.9781783681214421
PROBE1,18.349999999999998,0.978415559772296
PROBE1,18.349999999999998,0.9786527514231499
PROBE1,18.349999999999998,0.9788899430740038
PROBE1,18.349999999999998,0.9791271347248577
PROBE1,18.349999999999998,0.9793643263757116
PROBE1,18.349999999999998,0.9796015180265655
PROBE1,18.349999999999998,0.9798387096774194
PROBE1,18.349999999999998,0.9800759013282733
PROBE1,18.349999999999998,0.9803130929791272
PROBE1,18.349999999999998,0.9805502846299811
PROBE1,18.349999999999998,0.980787476280835
PROBE1,18.349999999999998,0.9810246679316889
PROBE1,18.349999999999998,0.9812618595825426
PROBE1,18.349999999999998,0.9814990512333965
PROBE1,18.349999999999998,0.9817362428842504
PROBE1,18.349999999999998,0.9819734345351043
PROBE1,18.349999999999998,0.9822106261859582
PROBE1,18.349999999999998,0.9824478178368121
PROBE1,18.349999999999998,0.982685009487666
PROBE1,18.349999999999998,0.9829222011385199
PROBE1,18.349999999999998,0.9831593927893738
PROBE1,18.349999999999998,0.9833965844402277
PROBE1,18.349999999999998,0.9836337760910816
PROBE1,18.349999999999998,0.9838709677419355
PROBE1,18.349999999999998,0.9841081593927894
PROBE1,18.349999999999998,0.9843453510436433
PROBE1,18.349999999999998,0.9845825426944972
PROBE1,18.349999999999998,0.9848197343453511
PROBE1,18.349999999999998,0.985056925996205
PROBE1,18.349999999999998,0.9852941176470589
PROBE1,18.349999999999998,0.9855313092979127
PROBE1,18.349999999999998,0.9857685009487666
PROBE1,18.349999999999998,0.9860056925996205
PROBE1,18.349999999999998,0.9862428842504743
PROBE1,18.349999999999998,0.9864800759013282
PROBE1,18.349999999999998,0.9867172675521821
PROBE1,18.349999999999998,0.986954459203036
PROBE1,18.349999999999998,0.9871916508538899
PROBE1,18.349999999999998,0.9874288425047438
PROBE1,18.349999999999998,0.9876660341555977
PROBE1,18.349999999999998,0.9879032258064516
PROBE1,18.349999999999998,0.9881404174573055
PROBE1,18.349999999999998,0.9883776091081594
PROBE1,18.349999999999998,0.9886148007590133
PROBE1,18.349999999999998,0.9888519924098672
PROBE1,18.349999999999998,0.9890891840607211
PROBE1,18.349999999999998,0.989326375711575
PROBE1,18.349999999999998,0.9895635673624289
PROBE1,18.349999999999998,0.9898007590132827
PROBE1,18.349999999999998,0.9900379506641366
PROBE1,18.349999999999998,0.9902751423149905
PROBE1,18.349999999999998,0.9905123339658444
PROBE1,18.349999999999998,0.9907495256166983
PROBE1,18.349999999999998,0.9909867172675522
PROBE1,18.349999999999998,0.9912239089184061
PROBE1,18.349999999999998,0.99146110056926
PROBE1,18.349999999999998,0.9916982922201139
PROBE1,18.349999999999998,0.9919354838709677
PROBE1,18.349999999999998,0.9921726755218216
PROBE1,18.349999999999998,0.9924098671726755
PROBE1,18.349999999999998,0.9926470588235294
PROBE1,18.349999999999998,0.9928842504743833
PROBE1,18.349999999999998,0.9931214421252372
PROBE1,18.349999999999998,0.9933586337760911
PROBE1,18.349999999999998,0.993595825426945
PROBE1,18.349999999999998,0.9938330170777988
PROBE1,18.349999999999998,0.9940702087286527
PROBE1,18.349999999999998,0.9943074003795066
PROBE1,18.349999999999998,0.9945445920303605
PROBE1,18.349999999999998,0.9947817836812144
PROBE1,18.349999999999998,0.9950189753320683
PROBE1,18.349999999999998,0.9952561669829222
PROBE1,18.349999999999998,0.9954933586337761
PROBE1,18.349999999999998,0.99573055028463
PROBE1,18.349999999999998,0.9959677419354839
PROBE1,18.349999999999998,0.9962049335863378
PROBE1,18.349999999999998,0.9964421252371917
PROBE1,18.349999999999998,0.9966793168880456
PROBE1,18.349999999999998,0.9969165085388995
PROBE1,18.349999999999998,0.9971537001897534
PROBE1,18.349999999999998,0.9973908918406073
PROBE1,18.349999999999998,0.9976280834914611
PROBE1,18.349999999999998,0.997865275142315
PROBE1,18.349999999999998,0.9981024667931688
PROBE1,18.349999999999998,0.9983396584440227
PROBE1,18.349999999999998,0.9985768500948766
PROBE1,18.349999999999998,0.9988140417457305
PROBE1,18.349999999999998,0.9990512333965844
PROBE1,18.349999999999998,0.9992884250474383
PROBE1,18.349999999999998,0.9995256166982922
PROBE1,18.349999999999998,0.9997628083491461
PROBE1,18.349999999999998,1.0
