time_s,event,details
0,BLOCK_MINE_START,block_next=1
0.05,BLOCK_COMMIT_DONE,block=1,items=0,lat_s=0.050000
1,REPORT_SENT,by=0,about=4,delta=-0.050000
1,REPORT_SENT,by=1,about=2,delta=0.020000
1,REPORT_SENT,by=2,about=2,delta=-0.050000
1,REPORT_SENT,by=3,about=1,delta=-0.050000
1,REPORT_SENT,by=4,about=2,delta=-0.050000
1,REPORT_SENT,by=5,about=8,delta=-0.050000
1,REPORT_SENT,by=6,about=6,delta=-0.050000
1,REPORT_SENT,by=7,about=0,delta=-0.050000
1,REPORT_SENT,by=8,about=8,delta=-0.050000
1,REPORT_SENT,by=9,about=3,delta=-0.050000
1.00084,DATA_RX_OK,rx=1,sender=0,delay_s=0.000841
1.00084,DATA_RX_OK,rx=11,sender=0,delay_s=0.000841
1.00084,DATA_RX_OK,rx=2,sender=0,delay_s=0.000841
1.00084,DATA_RX_OK,rx=3,sender=0,delay_s=0.000841
1.00084,DATA_RX_OK,rx=5,sender=0,delay_s=0.000841
1.00084,DATA_RX_OK,rx=8,sender=0,delay_s=0.000841
1.00084,DATA_RX_OK,rx=10,sender=0,delay_s=0.000841
1.00084,DATA_RX_OK,rx=4,sender=0,delay_s=0.000841
1.00084,DATA_RX_OK,rx=9,sender=0,delay_s=0.000841
1.00084,DATA_RX_OK,rx=7,sender=0,delay_s=0.000841
1.00084,DATA_RX_OK,rx=6,sender=0,delay_s=0.000841
1.00085,REPORT_RX_RSU,rsu=10,by=0,about=4,delta=-0.050000
1.00153,REPORT_RX_RSU,rsu=10,by=5,about=8,delta=-0.050000
1.00258,REPORT_RX_RSU,rsu=10,by=8,about=8,delta=-0.050000
1.00366,REPORT_RX_RSU,rsu=10,by=1,about=2,delta=0.020000
1.00466,REPORT_RX_RSU,rsu=10,by=4,about=2,delta=-0.050000
1.00665,REPORT_RX_RSU,rsu=10,by=7,about=0,delta=-0.050000
1.00862,REPORT_RX_RSU,rsu=10,by=9,about=3,delta=-0.050000
1.05,BLOCK_MINE_START,block_next=2
1.1,BLOCK_COMMIT_ITEM,accused=4,delta=-0.050000,trust=0.650000
1.1,BLOCK_COMMIT_ITEM,accused=8,delta=-0.050000,trust=0.650000
1.1,BLOCK_COMMIT_ITEM,accused=8,delta=-0.050000,trust=0.600000
1.1,BLOCK_COMMIT_ITEM,accused=2,delta=0.020000,trust=0.720000
1.1,BLOCK_COMMIT_ITEM,accused=2,delta=-0.050000,trust=0.670000
1.1,BLOCK_COMMIT_ITEM,accused=0,delta=-0.050000,trust=0.650000
1.1,BLOCK_COMMIT_ITEM,accused=3,delta=-0.050000,trust=0.650000
1.1,BLOCK_COMMIT_DONE,block=2,items=7,lat_s=0.050000
1.10066,DATA_DROP_SIG,rx=1,sender=0,nonce=1100000000
1.10066,DATA_DROP_SIG,rx=11,sender=0,nonce=1100000000
1.10066,DATA_DROP_SIG,rx=2,sender=0,nonce=1100000000
1.10066,DATA_DROP_SIG,rx=3,sender=0,nonce=1100000000
1.10066,DATA_DROP_SIG,rx=5,sender=0,nonce=1100000000
1.10066,DATA_DROP_SIG,rx=8,sender=0,nonce=1100000000
1.10066,DATA_DROP_SIG,rx=10,sender=0,nonce=1100000000
1.10066,DATA_DROP_SIG,rx=4,sender=0,nonce=1100000000
1.10066,DATA_DROP_SIG,rx=9,sender=0,nonce=1100000000
1.10066,DATA_DROP_SIG,rx=7,sender=0,nonce=1100000000
1.10066,DATA_DROP_SIG,rx=6,sender=0,nonce=1100000000
1.20066,DATA_DROP_SIG,rx=11,sender=0,nonce=1200000000
1.20066,DATA_DROP_SIG,rx=1,sender=0,nonce=1200000000
1.20066,DATA_DROP_SIG,rx=2,sender=0,nonce=1200000000
1.20066,DATA_DROP_SIG,rx=3,sender=0,nonce=1200000000
1.20066,DATA_DROP_SIG,rx=5,sender=0,nonce=1200000000
1.20066,DATA_DROP_SIG,rx=8,sender=0,nonce=1200000000
1.20066,DATA_DROP_SIG,rx=10,sender=0,nonce=1200000000
1.20066,DATA_DROP_SIG,rx=4,sender=0,nonce=1200000000
1.20066,DATA_DROP_SIG,rx=9,sender=0,nonce=1200000000
1.20066,DATA_DROP_SIG,rx=7,sender=0,nonce=1200000000
1.20066,DATA_DROP_SIG,rx=6,sender=0,nonce=1200000000
1.30066,DATA_DROP_SIG,rx=11,sender=0,nonce=1300000000
1.30066,DATA_DROP_SIG,rx=1,sender=0,nonce=1300000000
1.30066,DATA_DROP_SIG,rx=2,sender=0,nonce=1300000000
1.30066,DATA_DROP_SIG,rx=3,sender=0,nonce=1300000000
1.30066,DATA_DROP_SIG,rx=5,sender=0,nonce=1300000000
1.30066,DATA_DROP_SIG,rx=8,sender=0,nonce=1300000000
1.30066,DATA_DROP_SIG,rx=10,sender=0,nonce=1300000000
1.30066,DATA_DROP_SIG,rx=4,sender=0,nonce=1300000000
1.30066,DATA_DROP_SIG,rx=9,sender=0,nonce=1300000000
1.30066,DATA_DROP_SIG,rx=7,sender=0,nonce=1300000000
1.30066,DATA_DROP_SIG,rx=6,sender=0,nonce=1300000000
1.40066,DATA_DROP_SIG,rx=11,sender=0,nonce=1400000000
1.40066,DATA_DROP_SIG,rx=1,sender=0,nonce=1400000000
1.40066,DATA_DROP_SIG,rx=2,sender=0,nonce=1400000000
1.40066,DATA_DROP_SIG,rx=3,sender=0,nonce=1400000000
1.40066,DATA_DROP_SIG,rx=5,sender=0,nonce=1400000000
1.40066,DATA_DROP_SIG,rx=8,sender=0,nonce=1400000000
1.40066,DATA_DROP_SIG,rx=10,sender=0,nonce=1400000000
1.40066,DATA_DROP_SIG,rx=4,sender=0,nonce=1400000000
1.40066,DATA_DROP_SIG,rx=9,sender=0,nonce=1400000000
1.40066,DATA_DROP_SIG,rx=7,sender=0,nonce=1400000000
1.40066,DATA_DROP_SIG,rx=6,sender=0,nonce=1400000000
1.50066,DATA_DROP_SIG,rx=11,sender=0,nonce=1500000000
1.50066,DATA_DROP_SIG,rx=1,sender=0,nonce=1500000000
1.50066,DATA_DROP_SIG,rx=2,sender=0,nonce=1500000000
1.50066,DATA_DROP_SIG,rx=3,sender=0,nonce=1500000000
1.50066,DATA_DROP_SIG,rx=5,sender=0,nonce=1500000000
1.50066,DATA_DROP_SIG,rx=8,sender=0,nonce=1500000000
1.50066,DATA_DROP_SIG,rx=10,sender=0,nonce=1500000000
1.50066,DATA_DROP_SIG,rx=4,sender=0,nonce=1500000000
1.50066,DATA_DROP_SIG,rx=9,sender=0,nonce=1500000000
1.50066,DATA_DROP_SIG,rx=7,sender=0,nonce=1500000000
1.50066,DATA_DROP_SIG,rx=6,sender=0,nonce=1500000000
1.60066,DATA_DROP_SIG,rx=11,sender=0,nonce=1600000000
1.60066,DATA_DROP_SIG,rx=1,sender=0,nonce=1600000000
1.60066,DATA_DROP_SIG,rx=2,sender=0,nonce=1600000000
1.60066,DATA_DROP_SIG,rx=3,sender=0,nonce=1600000000
1.60066,DATA_DROP_SIG,rx=5,sender=0,nonce=1600000000
1.60066,DATA_DROP_SIG,rx=8,sender=0,nonce=1600000000
1.60066,DATA_DROP_SIG,rx=10,sender=0,nonce=1600000000
1.60066,DATA_DROP_SIG,rx=4,sender=0,nonce=1600000000
1.60066,DATA_DROP_SIG,rx=9,sender=0,nonce=1600000000
1.60066,DATA_DROP_SIG,rx=7,sender=0,nonce=1600000000
1.60066,DATA_DROP_SIG,rx=6,sender=0,nonce=1600000000
1.70066,DATA_DROP_SIG,rx=11,sender=0,nonce=1700000000
1.70066,DATA_DROP_SIG,rx=1,sender=0,nonce=1700000000
1.70066,DATA_DROP_SIG,rx=2,sender=0,nonce=1700000000
1.70066,DATA_DROP_SIG,rx=3,sender=0,nonce=1700000000
1.70066,DATA_DROP_SIG,rx=5,sender=0,nonce=1700000000
1.70066,DATA_DROP_SIG,rx=8,sender=0,nonce=1700000000
1.70066,DATA_DROP_SIG,rx=10,sender=0,nonce=1700000000
1.70066,DATA_DROP_SIG,rx=4,sender=0,nonce=1700000000
1.70066,DATA_DROP_SIG,rx=9,sender=0,nonce=1700000000
1.70066,DATA_DROP_SIG,rx=7,sender=0,nonce=1700000000
1.70066,DATA_DROP_SIG,rx=6,sender=0,nonce=1700000000
1.80066,DATA_DROP_SIG,rx=11,sender=0,nonce=1800000000
1.80066,DATA_DROP_SIG,rx=1,sender=0,nonce=1800000000
1.80066,DATA_DROP_SIG,rx=2,sender=0,nonce=1800000000
1.80066,DATA_DROP_SIG,rx=5,sender=0,nonce=1800000000
1.80066,DATA_DROP_SIG,rx=3,sender=0,nonce=1800000000
1.80066,DATA_DROP_SIG,rx=8,sender=0,nonce=1800000000
1.80066,DATA_DROP_SIG,rx=10,sender=0,nonce=1800000000
1.80066,DATA_DROP_SIG,rx=4,sender=0,nonce=1800000000
1.80066,DATA_DROP_SIG,rx=7,sender=0,nonce=1800000000
1.80066,DATA_DROP_SIG,rx=9,sender=0,nonce=1800000000
1.80066,DATA_DROP_SIG,rx=6,sender=0,nonce=1800000000
1.90066,DATA_RX_OK,rx=11,sender=0,delay_s=0.000662
1.90066,DATA_RX_OK,rx=1,sender=0,delay_s=0.000662
1.90066,DATA_RX_OK,rx=2,sender=0,delay_s=0.000662
1.90066,DATA_RX_OK,rx=5,sender=0,delay_s=0.000662
1.90066,DATA_RX_OK,rx=3,sender=0,delay_s=0.000662
1.90066,DATA_RX_OK,rx=8,sender=0,delay_s=0.000662
1.90066,DATA_RX_OK,rx=10,sender=0,delay_s=0.000662
1.90066,DATA_RX_OK,rx=4,sender=0,delay_s=0.000662
1.90066,DATA_RX_OK,rx=7,sender=0,delay_s=0.000662
1.90066,DATA_RX_OK,rx=9,sender=0,delay_s=0.000662
1.90066,DATA_RX_OK,rx=6,sender=0,delay_s=0.000662
2,REPLAY_SENT,nonce=1900000000
2,REPORT_SENT,by=0,about=7,delta=-0.050000
2,REPORT_SENT,by=1,about=3,delta=-0.050000
2,REPORT_SENT,by=2,about=5,delta=0.020000
2,REPORT_SENT,by=3,about=8,delta=-0.050000
2,REPORT_SENT,by=4,about=0,delta=-0.050000
2,REPORT_SENT,by=5,about=5,delta=-0.050000
2,REPORT_SENT,by=6,about=4,delta=-0.050000
2,REPORT_SENT,by=7,about=2,delta=-0.050000
2,REPORT_SENT,by=8,about=1,delta=-0.050000
2,REPORT_SENT,by=9,about=4,delta=-0.050000
2.00019,REPORT_RX_RSU,rsu=10,by=4,about=0,delta=-0.050000
2.00047,REPORT_RX_RSU,rsu=10,by=5,about=5,delta=-0.050000
2.00067,REPORT_RX_RSU,rsu=10,by=0,about=7,delta=-0.050000
2.00086,REPORT_RX_RSU,rsu=10,by=8,about=1,delta=-0.050000
2.00127,REPORT_RX_RSU,rsu=10,by=9,about=4,delta=-0.050000
2.00139,DATA_DROP_REPLAY,rx=11,sender=0,nonce=1900000000
2.00139,DATA_DROP_REPLAY,rx=1,sender=0,nonce=1900000000
2.00139,DATA_DROP_REPLAY,rx=2,sender=0,nonce=1900000000
2.00139,DATA_DROP_REPLAY,rx=5,sender=0,nonce=1900000000
2.00139,DATA_DROP_REPLAY,rx=3,sender=0,nonce=1900000000
2.00139,DATA_DROP_REPLAY,rx=8,sender=0,nonce=1900000000
2.00139,DATA_DROP_REPLAY,rx=10,sender=0,nonce=1900000000
2.00139,DATA_DROP_REPLAY,rx=4,sender=0,nonce=1900000000
2.00139,DATA_DROP_REPLAY,rx=7,sender=0,nonce=1900000000
2.00139,DATA_DROP_REPLAY,rx=9,sender=0,nonce=1900000000
2.00139,DATA_DROP_REPLAY,rx=6,sender=0,nonce=1900000000
2.00172,REPORT_RX_RSU,rsu=10,by=1,about=3,delta=-0.050000
2.00182,DATA_RX_OK,rx=11,sender=0,delay_s=0.001825
2.00182,DATA_RX_OK,rx=1,sender=0,delay_s=0.001825
2.00182,DATA_RX_OK,rx=2,sender=0,delay_s=0.001825
2.00182,DATA_RX_OK,rx=5,sender=0,delay_s=0.001825
2.00182,DATA_RX_OK,rx=3,sender=0,delay_s=0.001825
2.00182,DATA_RX_OK,rx=8,sender=0,delay_s=0.001825
2.00182,DATA_RX_OK,rx=10,sender=0,delay_s=0.001825
2.00182,DATA_RX_OK,rx=4,sender=0,delay_s=0.001825
2.00183,DATA_RX_OK,rx=7,sender=0,delay_s=0.001825
2.00183,DATA_RX_OK,rx=9,sender=0,delay_s=0.001825
2.00183,DATA_RX_OK,rx=6,sender=0,delay_s=0.001825
2.00199,REPORT_RX_RSU,rsu=10,by=7,about=2,delta=-0.050000
2.1,BLOCK_MINE_START,block_next=3
2.10066,DATA_DROP_SIG,rx=11,sender=0,nonce=2100000000
2.10066,DATA_DROP_SIG,rx=1,sender=0,nonce=2100000000
2.10066,DATA_DROP_SIG,rx=5,sender=0,nonce=2100000000
2.10066,DATA_DROP_SIG,rx=2,sender=0,nonce=2100000000
2.10066,DATA_DROP_SIG,rx=3,sender=0,nonce=2100000000
2.10066,DATA_DROP_SIG,rx=8,sender=0,nonce=2100000000
2.10066,DATA_DROP_SIG,rx=10,sender=0,nonce=2100000000
2.10066,DATA_DROP_SIG,rx=4,sender=0,nonce=2100000000
2.10066,DATA_DROP_SIG,rx=7,sender=0,nonce=2100000000
2.10066,DATA_DROP_SIG,rx=9,sender=0,nonce=2100000000
2.10066,DATA_DROP_SIG,rx=6,sender=0,nonce=2100000000
2.15,BLOCK_COMMIT_ITEM,accused=0,delta=-0.050000,trust=0.600000
2.15,BLOCK_COMMIT_ITEM,accused=5,delta=-0.050000,trust=0.650000
2.15,BLOCK_COMMIT_ITEM,accused=7,delta=-0.050000,trust=0.650000
2.15,BLOCK_COMMIT_ITEM,accused=1,delta=-0.050000,trust=0.650000
2.15,BLOCK_COMMIT_ITEM,accused=4,delta=-0.050000,trust=0.600000
2.15,BLOCK_COMMIT_ITEM,accused=3,delta=-0.050000,trust=0.600000
2.15,BLOCK_COMMIT_ITEM,accused=2,delta=-0.050000,trust=0.620000
2.15,BLOCK_COMMIT_DONE,block=3,items=7,lat_s=0.050000
2.20066,DATA_DROP_SIG,rx=11,sender=0,nonce=2200000000
2.20066,DATA_DROP_SIG,rx=1,sender=0,nonce=2200000000
2.20066,DATA_DROP_SIG,rx=5,sender=0,nonce=2200000000
2.20066,DATA_DROP_SIG,rx=2,sender=0,nonce=2200000000
2.20066,DATA_DROP_SIG,rx=3,sender=0,nonce=2200000000
2.20066,DATA_DROP_SIG,rx=8,sender=0,nonce=2200000000
2.20066,DATA_DROP_SIG,rx=10,sender=0,nonce=2200000000
2.20066,DATA_DROP_SIG,rx=4,sender=0,nonce=2200000000
2.20066,DATA_DROP_SIG,rx=7,sender=0,nonce=2200000000
2.20066,DATA_DROP_SIG,rx=9,sender=0,nonce=2200000000
2.20066,DATA_DROP_SIG,rx=6,sender=0,nonce=2200000000
2.3,REPLAY_SENT,nonce=2200000000
2.30066,DATA_DROP_SIG,rx=11,sender=0,nonce=2200000000
2.30066,DATA_DROP_SIG,rx=1,sender=0,nonce=2200000000
2.30066,DATA_DROP_SIG,rx=5,sender=0,nonce=2200000000
2.30066,DATA_DROP_SIG,rx=2,sender=0,nonce=2200000000
2.30066,DATA_DROP_SIG,rx=3,sender=0,nonce=2200000000
2.30066,DATA_DROP_SIG,rx=8,sender=0,nonce=2200000000
2.30066,DATA_DROP_SIG,rx=10,sender=0,nonce=2200000000
2.30066,DATA_DROP_SIG,rx=4,sender=0,nonce=2200000000
2.30066,DATA_DROP_SIG,rx=7,sender=0,nonce=2200000000
2.30066,DATA_DROP_SIG,rx=9,sender=0,nonce=2200000000
2.30066,DATA_DROP_SIG,rx=6,sender=0,nonce=2200000000
2.30104,DATA_DROP_SIG,rx=11,sender=0,nonce=2300000000
2.30104,DATA_DROP_SIG,rx=1,sender=0,nonce=2300000000
2.30104,DATA_DROP_SIG,rx=5,sender=0,nonce=2300000000
2.30104,DATA_DROP_SIG,rx=2,sender=0,nonce=2300000000
2.30104,DATA_DROP_SIG,rx=3,sender=0,nonce=2300000000
2.30104,DATA_DROP_SIG,rx=8,sender=0,nonce=2300000000
2.30104,DATA_DROP_SIG,rx=10,sender=0,nonce=2300000000
2.30104,DATA_DROP_SIG,rx=4,sender=0,nonce=2300000000
2.30104,DATA_DROP_SIG,rx=7,sender=0,nonce=2300000000
2.30104,DATA_DROP_SIG,rx=9,sender=0,nonce=2300000000
2.30104,DATA_DROP_SIG,rx=6,sender=0,nonce=2300000000
2.40066,DATA_DROP_SIG,rx=11,sender=0,nonce=2400000000
2.40066,DATA_DROP_SIG,rx=1,sender=0,nonce=2400000000
2.40066,DATA_DROP_SIG,rx=5,sender=0,nonce=2400000000
2.40066,DATA_DROP_SIG,rx=2,sender=0,nonce=2400000000
2.40066,DATA_DROP_SIG,rx=3,sender=0,nonce=2400000000
2.40066,DATA_DROP_SIG,rx=8,sender=0,nonce=2400000000
2.40066,DATA_DROP_SIG,rx=10,sender=0,nonce=2400000000
2.40066,DATA_DROP_SIG,rx=4,sender=0,nonce=2400000000
2.40066,DATA_DROP_SIG,rx=7,sender=0,nonce=2400000000
2.40066,DATA_DROP_SIG,rx=9,sender=0,nonce=2400000000
2.40066,DATA_DROP_SIG,rx=6,sender=0,nonce=2400000000
2.50066,DATA_DROP_SIG,rx=11,sender=0,nonce=2500000000
2.50066,DATA_DROP_SIG,rx=1,sender=0,nonce=2500000000
2.50066,DATA_DROP_SIG,rx=5,sender=0,nonce=2500000000
2.50066,DATA_DROP_SIG,rx=2,sender=0,nonce=2500000000
2.50066,DATA_DROP_SIG,rx=3,sender=0,nonce=2500000000
2.50066,DATA_DROP_SIG,rx=8,sender=0,nonce=2500000000
2.50066,DATA_DROP_SIG,rx=10,sender=0,nonce=2500000000
2.50066,DATA_DROP_SIG,rx=4,sender=0,nonce=2500000000
2.50066,DATA_DROP_SIG,rx=7,sender=0,nonce=2500000000
2.50066,DATA_DROP_SIG,rx=9,sender=0,nonce=2500000000
2.50066,DATA_DROP_SIG,rx=6,sender=0,nonce=2500000000
2.6,REPLAY_SENT,nonce=2500000000
2.60066,DATA_DROP_SIG,rx=11,sender=0,nonce=2500000000
2.60066,DATA_DROP_SIG,rx=1,sender=0,nonce=2500000000
2.60066,DATA_DROP_SIG,rx=5,sender=0,nonce=2500000000
2.60066,DATA_DROP_SIG,rx=2,sender=0,nonce=2500000000
2.60066,DATA_DROP_SIG,rx=3,sender=0,nonce=2500000000
2.60066,DATA_DROP_SIG,rx=8,sender=0,nonce=2500000000
2.60066,DATA_DROP_SIG,rx=10,sender=0,nonce=2500000000
2.60066,DATA_DROP_SIG,rx=4,sender=0,nonce=2500000000
2.60066,DATA_DROP_SIG,rx=7,sender=0,nonce=2500000000
2.60066,DATA_DROP_SIG,rx=9,sender=0,nonce=2500000000
2.60066,DATA_DROP_SIG,rx=6,sender=0,nonce=2500000000
2.60101,DATA_DROP_SIG,rx=11,sender=0,nonce=2600000000
2.60101,DATA_DROP_SIG,rx=1,sender=0,nonce=2600000000
2.60101,DATA_DROP_SIG,rx=5,sender=0,nonce=2600000000
2.60101,DATA_DROP_SIG,rx=2,sender=0,nonce=2600000000
2.60101,DATA_DROP_SIG,rx=3,sender=0,nonce=2600000000
2.60101,DATA_DROP_SIG,rx=8,sender=0,nonce=2600000000
2.60101,DATA_DROP_SIG,rx=10,sender=0,nonce=2600000000
2.60101,DATA_DROP_SIG,rx=4,sender=0,nonce=2600000000
2.60101,DATA_DROP_SIG,rx=7,sender=0,nonce=2600000000
2.60101,DATA_DROP_SIG,rx=9,sender=0,nonce=2600000000
2.60101,DATA_DROP_SIG,rx=6,sender=0,nonce=2600000000
2.70066,DATA_DROP_SIG,rx=11,sender=0,nonce=2700000000
2.70066,DATA_DROP_SIG,rx=1,sender=0,nonce=2700000000
2.70066,DATA_DROP_SIG,rx=5,sender=0,nonce=2700000000
2.70066,DATA_DROP_SIG,rx=2,sender=0,nonce=2700000000
2.70066,DATA_DROP_SIG,rx=3,sender=0,nonce=2700000000
2.70066,DATA_DROP_SIG,rx=8,sender=0,nonce=2700000000
2.70066,DATA_DROP_SIG,rx=10,sender=0,nonce=2700000000
2.70066,DATA_DROP_SIG,rx=4,sender=0,nonce=2700000000
2.70066,DATA_DROP_SIG,rx=7,sender=0,nonce=2700000000
2.70066,DATA_DROP_SIG,rx=9,sender=0,nonce=2700000000
2.70066,DATA_DROP_SIG,rx=6,sender=0,nonce=2700000000
2.80066,DATA_DROP_SIG,rx=11,sender=0,nonce=2800000000
2.80066,DATA_DROP_SIG,rx=1,sender=0,nonce=2800000000
2.80066,DATA_DROP_SIG,rx=5,sender=0,nonce=2800000000
2.80066,DATA_DROP_SIG,rx=2,sender=0,nonce=2800000000
2.80066,DATA_DROP_SIG,rx=8,sender=0,nonce=2800000000
2.80066,DATA_DROP_SIG,rx=3,sender=0,nonce=2800000000
2.80066,DATA_DROP_SIG,rx=10,sender=0,nonce=2800000000
2.80066,DATA_DROP_SIG,rx=4,sender=0,nonce=2800000000
2.80066,DATA_DROP_SIG,rx=7,sender=0,nonce=2800000000
2.80066,DATA_DROP_SIG,rx=9,sender=0,nonce=2800000000
2.80066,DATA_DROP_SIG,rx=6,sender=0,nonce=2800000000
2.9,REPLAY_SENT,nonce=2800000000
2.90066,DATA_DROP_SIG,rx=11,sender=0,nonce=2800000000
2.90066,DATA_DROP_SIG,rx=1,sender=0,nonce=2800000000
2.90066,DATA_DROP_SIG,rx=5,sender=0,nonce=2800000000
2.90066,DATA_DROP_SIG,rx=2,sender=0,nonce=2800000000
2.90066,DATA_DROP_SIG,rx=8,sender=0,nonce=2800000000
2.90066,DATA_DROP_SIG,rx=3,sender=0,nonce=2800000000
2.90066,DATA_DROP_SIG,rx=10,sender=0,nonce=2800000000
2.90066,DATA_DROP_SIG,rx=4,sender=0,nonce=2800000000
2.90066,DATA_DROP_SIG,rx=7,sender=0,nonce=2800000000
2.90066,DATA_DROP_SIG,rx=9,sender=0,nonce=2800000000
2.90066,DATA_DROP_SIG,rx=6,sender=0,nonce=2800000000
2.90095,DATA_DROP_SIG,rx=11,sender=0,nonce=2900000000
2.90095,DATA_DROP_SIG,rx=1,sender=0,nonce=2900000000
2.90095,DATA_DROP_SIG,rx=5,sender=0,nonce=2900000000
2.90095,DATA_DROP_SIG,rx=2,sender=0,nonce=2900000000
2.90095,DATA_DROP_SIG,rx=8,sender=0,nonce=2900000000
2.90095,DATA_DROP_SIG,rx=3,sender=0,nonce=2900000000
2.90095,DATA_DROP_SIG,rx=10,sender=0,nonce=2900000000
2.90095,DATA_DROP_SIG,rx=4,sender=0,nonce=2900000000
2.90095,DATA_DROP_SIG,rx=7,sender=0,nonce=2900000000
2.90095,DATA_DROP_SIG,rx=9,sender=0,nonce=2900000000
2.90095,DATA_DROP_SIG,rx=6,sender=0,nonce=2900000000
3,REPORT_SENT,by=0,about=3,delta=-0.050000
3,REPORT_SENT,by=1,about=6,delta=0.020000
3,REPORT_SENT,by=2,about=8,delta=-0.050000
3,REPORT_SENT,by=3,about=4,delta=-0.050000
3,REPORT_SENT,by=4,about=6,delta=0.020000
3,REPORT_SENT,by=5,about=8,delta=-0.050000
3,REPORT_SENT,by=6,about=6,delta=-0.050000
3,REPORT_SENT,by=7,about=2,delta=-0.050000
3,REPORT_SENT,by=8,about=8,delta=-0.050000
3,REPORT_SENT,by=9,about=8,delta=-0.050000
3.00021,REPORT_RX_RSU,rsu=10,by=7,about=2,delta=-0.050000
3.00038,REPORT_RX_RSU,rsu=10,by=5,about=8,delta=-0.050000
3.0005,REPORT_RX_RSU,rsu=10,by=8,about=8,delta=-0.050000
3.00065,REPORT_RX_RSU,rsu=10,by=4,about=6,delta=0.020000
3.00078,REPORT_RX_RSU,rsu=10,by=1,about=6,delta=0.020000
3.00095,REPORT_RX_RSU,rsu=10,by=0,about=3,delta=-0.050000
3.00109,REPORT_RX_RSU,rsu=10,by=9,about=8,delta=-0.050000
3.0017,DATA_DROP_SIG,rx=11,sender=0,nonce=3000000000
3.0017,DATA_DROP_SIG,rx=1,sender=0,nonce=3000000000
3.0017,DATA_DROP_SIG,rx=5,sender=0,nonce=3000000000
3.0017,DATA_DROP_SIG,rx=2,sender=0,nonce=3000000000
3.0017,DATA_DROP_SIG,rx=8,sender=0,nonce=3000000000
3.0017,DATA_DROP_SIG,rx=3,sender=0,nonce=3000000000
3.0017,DATA_DROP_SIG,rx=10,sender=0,nonce=3000000000
3.0017,DATA_DROP_SIG,rx=4,sender=0,nonce=3000000000
3.0017,DATA_DROP_SIG,rx=7,sender=0,nonce=3000000000
3.0017,DATA_DROP_SIG,rx=9,sender=0,nonce=3000000000
3.0017,DATA_DROP_SIG,rx=6,sender=0,nonce=3000000000
3.10066,DATA_DROP_SIG,rx=11,sender=0,nonce=3100000000
3.10066,DATA_DROP_SIG,rx=1,sender=0,nonce=3100000000
3.10066,DATA_DROP_SIG,rx=8,sender=0,nonce=3100000000
3.10066,DATA_DROP_SIG,rx=2,sender=0,nonce=3100000000
3.10066,DATA_DROP_SIG,rx=5,sender=0,nonce=3100000000
3.10066,DATA_DROP_SIG,rx=3,sender=0,nonce=3100000000
3.10066,DATA_DROP_SIG,rx=10,sender=0,nonce=3100000000
3.10066,DATA_DROP_SIG,rx=4,sender=0,nonce=3100000000
3.10066,DATA_DROP_SIG,rx=7,sender=0,nonce=3100000000
3.10066,DATA_DROP_SIG,rx=9,sender=0,nonce=3100000000
3.10066,DATA_DROP_SIG,rx=6,sender=0,nonce=3100000000
3.15,BLOCK_MINE_START,block_next=4
3.2,REPLAY_SENT,nonce=3100000000
3.2,BLOCK_COMMIT_ITEM,accused=2,delta=-0.050000,trust=0.570000
3.2,BLOCK_COMMIT_ITEM,accused=8,delta=-0.050000,trust=0.550000
3.2,BLOCK_COMMIT_ITEM,accused=8,delta=-0.050000,trust=0.500000
3.2,BLOCK_COMMIT_ITEM,accused=6,delta=0.020000,trust=0.720000
3.2,BLOCK_COMMIT_ITEM,accused=6,delta=0.020000,trust=0.740000
3.2,BLOCK_COMMIT_ITEM,accused=3,delta=-0.050000,trust=0.550000
3.2,BLOCK_COMMIT_ITEM,accused=8,delta=-0.050000,trust=0.450000
3.2,BLOCK_COMMIT_DONE,block=4,items=7,lat_s=0.050000
3.20066,DATA_DROP_SIG,rx=11,sender=0,nonce=3100000000
3.20066,DATA_DROP_SIG,rx=1,sender=0,nonce=3100000000
3.20066,DATA_DROP_SIG,rx=8,sender=0,nonce=3100000000
3.20066,DATA_DROP_SIG,rx=2,sender=0,nonce=3100000000
3.20066,DATA_DROP_SIG,rx=5,sender=0,nonce=3100000000
3.20066,DATA_DROP_SIG,rx=3,sender=0,nonce=3100000000
3.20066,DATA_DROP_SIG,rx=10,sender=0,nonce=3100000000
3.20066,DATA_DROP_SIG,rx=4,sender=0,nonce=3100000000
3.20066,DATA_DROP_SIG,rx=7,sender=0,nonce=3100000000
3.20066,DATA_DROP_SIG,rx=9,sender=0,nonce=3100000000
3.20066,DATA_DROP_SIG,rx=6,sender=0,nonce=3100000000
3.20099,DATA_DROP_SIG,rx=11,sender=0,nonce=3200000000
3.20099,DATA_DROP_SIG,rx=1,sender=0,nonce=3200000000
3.20099,DATA_DROP_SIG,rx=8,sender=0,nonce=3200000000
3.20099,DATA_DROP_SIG,rx=2,sender=0,nonce=3200000000
3.20099,DATA_DROP_SIG,rx=5,sender=0,nonce=3200000000
3.20099,DATA_DROP_SIG,rx=3,sender=0,nonce=3200000000
3.20099,DATA_DROP_SIG,rx=10,sender=0,nonce=3200000000
3.20099,DATA_DROP_SIG,rx=4,sender=0,nonce=3200000000
3.20099,DATA_DROP_SIG,rx=7,sender=0,nonce=3200000000
3.20099,DATA_DROP_SIG,rx=9,sender=0,nonce=3200000000
3.20099,DATA_DROP_SIG,rx=6,sender=0,nonce=3200000000
3.30066,DATA_DROP_SIG,rx=11,sender=0,nonce=3300000000
3.30066,DATA_DROP_SIG,rx=1,sender=0,nonce=3300000000
3.30066,DATA_DROP_SIG,rx=8,sender=0,nonce=3300000000
3.30066,DATA_DROP_SIG,rx=2,sender=0,nonce=3300000000
3.30066,DATA_DROP_SIG,rx=5,sender=0,nonce=3300000000
3.30066,DATA_DROP_SIG,rx=10,sender=0,nonce=3300000000
3.30066,DATA_DROP_SIG,rx=3,sender=0,nonce=3300000000
3.30066,DATA_DROP_SIG,rx=4,sender=0,nonce=3300000000
3.30066,DATA_DROP_SIG,rx=7,sender=0,nonce=3300000000
3.30066,DATA_DROP_SIG,rx=9,sender=0,nonce=3300000000
3.30066,DATA_DROP_SIG,rx=6,sender=0,nonce=3300000000
3.40066,DATA_DROP_SIG,rx=11,sender=0,nonce=3400000000
3.40066,DATA_DROP_SIG,rx=1,sender=0,nonce=3400000000
3.40066,DATA_DROP_SIG,rx=8,sender=0,nonce=3400000000
3.40066,DATA_DROP_SIG,rx=2,sender=0,nonce=3400000000
3.40066,DATA_DROP_SIG,rx=5,sender=0,nonce=3400000000
3.40066,DATA_DROP_SIG,rx=10,sender=0,nonce=3400000000
3.40066,DATA_DROP_SIG,rx=3,sender=0,nonce=3400000000
3.40066,DATA_DROP_SIG,rx=4,sender=0,nonce=3400000000
3.40066,DATA_DROP_SIG,rx=7,sender=0,nonce=3400000000
3.40066,DATA_DROP_SIG,rx=9,sender=0,nonce=3400000000
3.40066,DATA_DROP_SIG,rx=6,sender=0,nonce=3400000000
3.5,REPLAY_SENT,nonce=3400000000
3.50066,DATA_DROP_SIG,rx=11,sender=0,nonce=3400000000
3.50066,DATA_DROP_SIG,rx=1,sender=0,nonce=3400000000
3.50066,DATA_DROP_SIG,rx=8,sender=0,nonce=3400000000
3.50066,DATA_DROP_SIG,rx=2,sender=0,nonce=3400000000
3.50066,DATA_DROP_SIG,rx=5,sender=0,nonce=3400000000
3.50066,DATA_DROP_SIG,rx=10,sender=0,nonce=3400000000
3.50066,DATA_DROP_SIG,rx=3,sender=0,nonce=3400000000
3.50066,DATA_DROP_SIG,rx=4,sender=0,nonce=3400000000
3.50066,DATA_DROP_SIG,rx=7,sender=0,nonce=3400000000
3.50066,DATA_DROP_SIG,rx=9,sender=0,nonce=3400000000
3.50066,DATA_DROP_SIG,rx=6,sender=0,nonce=3400000000
3.50094,DATA_DROP_SIG,rx=11,sender=0,nonce=3500000000
3.50094,DATA_DROP_SIG,rx=1,sender=0,nonce=3500000000
3.50094,DATA_DROP_SIG,rx=8,sender=0,nonce=3500000000
3.50094,DATA_DROP_SIG,rx=2,sender=0,nonce=3500000000
3.50094,DATA_DROP_SIG,rx=5,sender=0,nonce=3500000000
3.50094,DATA_DROP_SIG,rx=10,sender=0,nonce=3500000000
3.50094,DATA_DROP_SIG,rx=3,sender=0,nonce=3500000000
3.50094,DATA_DROP_SIG,rx=4,sender=0,nonce=3500000000
3.50094,DATA_DROP_SIG,rx=7,sender=0,nonce=3500000000
3.50094,DATA_DROP_SIG,rx=9,sender=0,nonce=3500000000
3.50094,DATA_DROP_SIG,rx=6,sender=0,nonce=3500000000
3.60066,DATA_RX_OK,rx=11,sender=0,delay_s=0.000662
3.60066,DATA_RX_OK,rx=1,sender=0,delay_s=0.000662
3.60066,DATA_RX_OK,rx=2,sender=0,delay_s=0.000662
3.60066,DATA_RX_OK,rx=8,sender=0,delay_s=0.000662
3.60066,DATA_RX_OK,rx=5,sender=0,delay_s=0.000662
3.60066,DATA_RX_OK,rx=10,sender=0,delay_s=0.000662
3.60066,DATA_RX_OK,rx=3,sender=0,delay_s=0.000662
3.60066,DATA_RX_OK,rx=4,sender=0,delay_s=0.000662
3.60066,DATA_RX_OK,rx=7,sender=0,delay_s=0.000662
3.60066,DATA_RX_OK,rx=9,sender=0,delay_s=0.000662
3.60066,DATA_RX_OK,rx=6,sender=0,delay_s=0.000662
3.70066,DATA_DROP_SIG,rx=11,sender=0,nonce=3700000000
3.70066,DATA_DROP_SIG,rx=1,sender=0,nonce=3700000000
3.70066,DATA_DROP_SIG,rx=2,sender=0,nonce=3700000000
3.70066,DATA_DROP_SIG,rx=8,sender=0,nonce=3700000000
3.70066,DATA_DROP_SIG,rx=5,sender=0,nonce=3700000000
3.70066,DATA_DROP_SIG,rx=10,sender=0,nonce=3700000000
3.70066,DATA_DROP_SIG,rx=3,sender=0,nonce=3700000000
3.70066,DATA_DROP_SIG,rx=4,sender=0,nonce=3700000000
3.70066,DATA_DROP_SIG,rx=7,sender=0,nonce=3700000000
3.70066,DATA_DROP_SIG,rx=9,sender=0,nonce=3700000000
3.70066,DATA_DROP_SIG,rx=6,sender=0,nonce=3700000000
3.8,REPLAY_SENT,nonce=3700000000
3.80066,DATA_DROP_SIG,rx=11,sender=0,nonce=3700000000
3.80066,DATA_DROP_SIG,rx=1,sender=0,nonce=3700000000
3.80066,DATA_DROP_SIG,rx=2,sender=0,nonce=3700000000
3.80066,DATA_DROP_SIG,rx=8,sender=0,nonce=3700000000
3.80066,DATA_DROP_SIG,rx=5,sender=0,nonce=3700000000
3.80066,DATA_DROP_SIG,rx=10,sender=0,nonce=3700000000
3.80066,DATA_DROP_SIG,rx=4,sender=0,nonce=3700000000
3.80066,DATA_DROP_SIG,rx=3,sender=0,nonce=3700000000
3.80066,DATA_DROP_SIG,rx=7,sender=0,nonce=3700000000
3.80066,DATA_DROP_SIG,rx=9,sender=0,nonce=3700000000
3.80066,DATA_DROP_SIG,rx=6,sender=0,nonce=3700000000
3.80101,DATA_DROP_SIG,rx=11,sender=0,nonce=3800000000
3.80101,DATA_DROP_SIG,rx=1,sender=0,nonce=3800000000
3.80101,DATA_DROP_SIG,rx=2,sender=0,nonce=3800000000
3.80101,DATA_DROP_SIG,rx=8,sender=0,nonce=3800000000
3.80101,DATA_DROP_SIG,rx=5,sender=0,nonce=3800000000
3.80101,DATA_DROP_SIG,rx=10,sender=0,nonce=3800000000
3.80101,DATA_DROP_SIG,rx=4,sender=0,nonce=3800000000
3.80101,DATA_DROP_SIG,rx=3,sender=0,nonce=3800000000
3.80101,DATA_DROP_SIG,rx=7,sender=0,nonce=3800000000
3.80101,DATA_DROP_SIG,rx=9,sender=0,nonce=3800000000
3.80101,DATA_DROP_SIG,rx=6,sender=0,nonce=3800000000
3.90066,DATA_DROP_SIG,rx=11,sender=0,nonce=3900000000
3.90066,DATA_DROP_SIG,rx=1,sender=0,nonce=3900000000
3.90066,DATA_DROP_SIG,rx=2,sender=0,nonce=3900000000
3.90066,DATA_DROP_SIG,rx=8,sender=0,nonce=3900000000
3.90066,DATA_DROP_SIG,rx=5,sender=0,nonce=3900000000
3.90066,DATA_DROP_SIG,rx=10,sender=0,nonce=3900000000
3.90066,DATA_DROP_SIG,rx=4,sender=0,nonce=3900000000
3.90066,DATA_DROP_SIG,rx=3,sender=0,nonce=3900000000
3.90066,DATA_DROP_SIG,rx=7,sender=0,nonce=3900000000
3.90066,DATA_DROP_SIG,rx=9,sender=0,nonce=3900000000
3.90066,DATA_DROP_SIG,rx=6,sender=0,nonce=3900000000
4,REPORT_SENT,by=0,about=4,delta=0.020000
4,REPORT_SENT,by=1,about=3,delta=0.020000
4,REPORT_SENT,by=2,about=4,delta=-0.050000
4,REPORT_SENT,by=3,about=1,delta=-0.050000
4,REPORT_SENT,by=4,about=6,delta=0.020000
4,REPORT_SENT,by=5,about=9,delta=-0.050000
4,REPORT_SENT,by=6,about=9,delta=0.020000
4,REPORT_SENT,by=7,about=6,delta=-0.050000
4,REPORT_SENT,by=8,about=9,delta=0.020000
4,REPORT_SENT,by=9,about=5,delta=-0.050000
4.00007,REPORT_RX_RSU,rsu=10,by=4,about=6,delta=0.020000
4.00022,REPORT_RX_RSU,rsu=10,by=1,about=3,delta=0.020000
4.00053,REPORT_RX_RSU,rsu=10,by=5,about=9,delta=-0.050000
4.00077,REPORT_RX_RSU,rsu=10,by=8,about=9,delta=0.020000
4.00092,REPORT_RX_RSU,rsu=10,by=0,about=4,delta=0.020000
4.00105,REPORT_RX_RSU,rsu=10,by=9,about=5,delta=-0.050000
4.00151,REPORT_RX_RSU,rsu=10,by=7,about=6,delta=-0.050000
4.00163,DATA_DROP_SIG,rx=11,sender=0,nonce=4000000000
4.00163,DATA_DROP_SIG,rx=2,sender=0,nonce=4000000000
4.00163,DATA_DROP_SIG,rx=1,sender=0,nonce=4000000000
4.00163,DATA_DROP_SIG,rx=8,sender=0,nonce=4000000000
4.00163,DATA_DROP_SIG,rx=5,sender=0,nonce=4000000000
4.00163,DATA_DROP_SIG,rx=10,sender=0,nonce=4000000000
4.00163,DATA_DROP_SIG,rx=4,sender=0,nonce=4000000000
4.00163,DATA_DROP_SIG,rx=3,sender=0,nonce=4000000000
4.00163,DATA_DROP_SIG,rx=7,sender=0,nonce=4000000000
4.00163,DATA_DROP_SIG,rx=9,sender=0,nonce=4000000000
4.00164,DATA_DROP_SIG,rx=6,sender=0,nonce=4000000000
4.1,REPLAY_SENT,nonce=4000000000
4.10066,DATA_DROP_SIG,rx=11,sender=0,nonce=4000000000
4.10066,DATA_DROP_SIG,rx=2,sender=0,nonce=4000000000
4.10066,DATA_DROP_SIG,rx=1,sender=0,nonce=4000000000
4.10066,DATA_DROP_SIG,rx=5,sender=0,nonce=4000000000
4.10066,DATA_DROP_SIG,rx=8,sender=0,nonce=4000000000
4.10066,DATA_DROP_SIG,rx=10,sender=0,nonce=4000000000
4.10066,DATA_DROP_SIG,rx=4,sender=0,nonce=4000000000
4.10066,DATA_DROP_SIG,rx=3,sender=0,nonce=4000000000
4.10066,DATA_DROP_SIG,rx=7,sender=0,nonce=4000000000
4.10066,DATA_DROP_SIG,rx=9,sender=0,nonce=4000000000
4.10066,DATA_DROP_SIG,rx=6,sender=0,nonce=4000000000
4.10097,DATA_DROP_SIG,rx=11,sender=0,nonce=4100000000
4.10097,DATA_DROP_SIG,rx=2,sender=0,nonce=4100000000
4.10097,DATA_DROP_SIG,rx=1,sender=0,nonce=4100000000
4.10097,DATA_DROP_SIG,rx=5,sender=0,nonce=4100000000
4.10097,DATA_DROP_SIG,rx=8,sender=0,nonce=4100000000
4.10097,DATA_DROP_SIG,rx=10,sender=0,nonce=4100000000
4.10097,DATA_DROP_SIG,rx=4,sender=0,nonce=4100000000
4.10097,DATA_DROP_SIG,rx=3,sender=0,nonce=4100000000
4.10097,DATA_DROP_SIG,rx=7,sender=0,nonce=4100000000
4.10097,DATA_DROP_SIG,rx=9,sender=0,nonce=4100000000
4.10097,DATA_DROP_SIG,rx=6,sender=0,nonce=4100000000
4.2,BLOCK_MINE_START,block_next=5
4.20066,DATA_RX_OK,rx=11,sender=0,delay_s=0.000662
4.20066,DATA_RX_OK,rx=2,sender=0,delay_s=0.000662
4.20066,DATA_RX_OK,rx=1,sender=0,delay_s=0.000662
4.20066,DATA_RX_OK,rx=5,sender=0,delay_s=0.000662
4.20066,DATA_RX_OK,rx=8,sender=0,delay_s=0.000662
4.20066,DATA_RX_OK,rx=10,sender=0,delay_s=0.000662
4.20066,DATA_RX_OK,rx=4,sender=0,delay_s=0.000662
4.20066,DATA_RX_OK,rx=3,sender=0,delay_s=0.000662
4.20066,DATA_RX_OK,rx=7,sender=0,delay_s=0.000662
4.20066,DATA_RX_OK,rx=9,sender=0,delay_s=0.000662
4.20066,DATA_RX_OK,rx=6,sender=0,delay_s=0.000662
4.25,BLOCK_COMMIT_ITEM,accused=6,delta=0.020000,trust=0.760000
4.25,BLOCK_COMMIT_ITEM,accused=3,delta=0.020000,trust=0.570000
4.25,BLOCK_COMMIT_ITEM,accused=9,delta=-0.050000,trust=0.650000
4.25,BLOCK_COMMIT_ITEM,accused=9,delta=0.020000,trust=0.670000
4.25,BLOCK_COMMIT_ITEM,accused=4,delta=0.020000,trust=0.620000
4.25,BLOCK_COMMIT_ITEM,accused=5,delta=-0.050000,trust=0.600000
4.25,BLOCK_COMMIT_ITEM,accused=6,delta=-0.050000,trust=0.710000
4.25,BLOCK_COMMIT_DONE,block=5,items=7,lat_s=0.050000
4.30066,DATA_DROP_SIG,rx=11,sender=0,nonce=4300000000
4.30066,DATA_DROP_SIG,rx=2,sender=0,nonce=4300000000
4.30066,DATA_DROP_SIG,rx=1,sender=0,nonce=4300000000
4.30066,DATA_DROP_SIG,rx=8,sender=0,nonce=4300000000
4.30066,DATA_DROP_SIG,rx=5,sender=0,nonce=4300000000
4.30066,DATA_DROP_SIG,rx=10,sender=0,nonce=4300000000
4.30066,DATA_DROP_SIG,rx=4,sender=0,nonce=4300000000
4.30066,DATA_DROP_SIG,rx=3,sender=0,nonce=4300000000
4.30066,DATA_DROP_SIG,rx=7,sender=0,nonce=4300000000
4.30066,DATA_DROP_SIG,rx=9,sender=0,nonce=4300000000
4.30066,DATA_DROP_SIG,rx=6,sender=0,nonce=4300000000
4.4,REPLAY_SENT,nonce=4300000000
4.40066,DATA_DROP_SIG,rx=11,sender=0,nonce=4300000000
4.40066,DATA_DROP_SIG,rx=2,sender=0,nonce=4300000000
4.40066,DATA_DROP_SIG,rx=1,sender=0,nonce=4300000000
4.40066,DATA_DROP_SIG,rx=8,sender=0,nonce=4300000000
4.40066,DATA_DROP_SIG,rx=5,sender=0,nonce=4300000000
4.40066,DATA_DROP_SIG,rx=10,sender=0,nonce=4300000000
4.40066,DATA_DROP_SIG,rx=4,sender=0,nonce=4300000000
4.40066,DATA_DROP_SIG,rx=3,sender=0,nonce=4300000000
4.40066,DATA_DROP_SIG,rx=7,sender=0,nonce=4300000000
4.40066,DATA_DROP_SIG,rx=9,sender=0,nonce=4300000000
4.40066,DATA_DROP_SIG,rx=6,sender=0,nonce=4300000000
4.40101,DATA_DROP_SIG,rx=11,sender=0,nonce=4400000000
4.40101,DATA_DROP_SIG,rx=2,sender=0,nonce=4400000000
4.40101,DATA_DROP_SIG,rx=1,sender=0,nonce=4400000000
4.40101,DATA_DROP_SIG,rx=8,sender=0,nonce=4400000000
4.40101,DATA_DROP_SIG,rx=5,sender=0,nonce=4400000000
4.40101,DATA_DROP_SIG,rx=10,sender=0,nonce=4400000000
4.40101,DATA_DROP_SIG,rx=4,sender=0,nonce=4400000000
4.40101,DATA_DROP_SIG,rx=3,sender=0,nonce=4400000000
4.40101,DATA_DROP_SIG,rx=7,sender=0,nonce=4400000000
4.40101,DATA_DROP_SIG,rx=9,sender=0,nonce=4400000000
4.40101,DATA_DROP_SIG,rx=6,sender=0,nonce=4400000000
4.50066,DATA_DROP_SIG,rx=11,sender=0,nonce=4500000000
4.50066,DATA_DROP_SIG,rx=2,sender=0,nonce=4500000000
4.50066,DATA_DROP_SIG,rx=1,sender=0,nonce=4500000000
4.50066,DATA_DROP_SIG,rx=8,sender=0,nonce=4500000000
4.50066,DATA_DROP_SIG,rx=5,sender=0,nonce=4500000000
4.50066,DATA_DROP_SIG,rx=10,sender=0,nonce=4500000000
4.50066,DATA_DROP_SIG,rx=4,sender=0,nonce=4500000000
4.50066,DATA_DROP_SIG,rx=3,sender=0,nonce=4500000000
4.50066,DATA_DROP_SIG,rx=7,sender=0,nonce=4500000000
4.50066,DATA_DROP_SIG,rx=9,sender=0,nonce=4500000000
4.50066,DATA_DROP_SIG,rx=6,sender=0,nonce=4500000000
4.60066,DATA_DROP_SIG,rx=11,sender=0,nonce=4600000000
4.60066,DATA_DROP_SIG,rx=2,sender=0,nonce=4600000000
4.60066,DATA_DROP_SIG,rx=1,sender=0,nonce=4600000000
4.60066,DATA_DROP_SIG,rx=8,sender=0,nonce=4600000000
4.60066,DATA_DROP_SIG,rx=5,sender=0,nonce=4600000000
4.60066,DATA_DROP_SIG,rx=10,sender=0,nonce=4600000000
4.60066,DATA_DROP_SIG,rx=3,sender=0,nonce=4600000000
4.60066,DATA_DROP_SIG,rx=4,sender=0,nonce=4600000000
4.60066,DATA_DROP_SIG,rx=7,sender=0,nonce=4600000000
4.60066,DATA_DROP_SIG,rx=9,sender=0,nonce=4600000000
4.60066,DATA_DROP_SIG,rx=6,sender=0,nonce=4600000000
4.7,REPLAY_SENT,nonce=4600000000
4.70066,DATA_DROP_SIG,rx=11,sender=0,nonce=4600000000
4.70066,DATA_DROP_SIG,rx=2,sender=0,nonce=4600000000
4.70066,DATA_DROP_SIG,rx=1,sender=0,nonce=4600000000
4.70066,DATA_DROP_SIG,rx=8,sender=0,nonce=4600000000
4.70066,DATA_DROP_SIG,rx=5,sender=0,nonce=4600000000
4.70066,DATA_DROP_SIG,rx=10,sender=0,nonce=4600000000
4.70066,DATA_DROP_SIG,rx=3,sender=0,nonce=4600000000
4.70066,DATA_DROP_SIG,rx=4,sender=0,nonce=4600000000
4.70066,DATA_DROP_SIG,rx=7,sender=0,nonce=4600000000
4.70066,DATA_DROP_SIG,rx=9,sender=0,nonce=4600000000
4.70066,DATA_DROP_SIG,rx=6,sender=0,nonce=4600000000
4.70098,DATA_RX_OK,rx=11,sender=0,delay_s=0.000978
4.70098,DATA_RX_OK,rx=2,sender=0,delay_s=0.000978
4.70098,DATA_RX_OK,rx=1,sender=0,delay_s=0.000978
4.70098,DATA_RX_OK,rx=8,sender=0,delay_s=0.000978
4.70098,DATA_RX_OK,rx=5,sender=0,delay_s=0.000978
4.70098,DATA_RX_OK,rx=10,sender=0,delay_s=0.000978
4.70098,DATA_RX_OK,rx=3,sender=0,delay_s=0.000978
4.70098,DATA_RX_OK,rx=4,sender=0,delay_s=0.000978
4.70098,DATA_RX_OK,rx=7,sender=0,delay_s=0.000978
4.70098,DATA_RX_OK,rx=9,sender=0,delay_s=0.000978
4.70098,DATA_RX_OK,rx=6,sender=0,delay_s=0.000978
4.80066,DATA_DROP_SIG,rx=11,sender=0,nonce=4800000000
4.80066,DATA_DROP_SIG,rx=2,sender=0,nonce=4800000000
4.80066,DATA_DROP_SIG,rx=8,sender=0,nonce=4800000000
4.80066,DATA_DROP_SIG,rx=1,sender=0,nonce=4800000000
4.80066,DATA_DROP_SIG,rx=5,sender=0,nonce=4800000000
4.80066,DATA_DROP_SIG,rx=10,sender=0,nonce=4800000000
4.80066,DATA_DROP_SIG,rx=3,sender=0,nonce=4800000000
4.80066,DATA_DROP_SIG,rx=4,sender=0,nonce=4800000000
4.80066,DATA_DROP_SIG,rx=7,sender=0,nonce=4800000000
4.80066,DATA_DROP_SIG,rx=9,sender=0,nonce=4800000000
4.80066,DATA_DROP_SIG,rx=6,sender=0,nonce=4800000000
4.90066,DATA_DROP_SIG,rx=11,sender=0,nonce=4900000000
4.90066,DATA_DROP_SIG,rx=2,sender=0,nonce=4900000000
4.90066,DATA_DROP_SIG,rx=8,sender=0,nonce=4900000000
4.90066,DATA_DROP_SIG,rx=1,sender=0,nonce=4900000000
4.90066,DATA_DROP_SIG,rx=5,sender=0,nonce=4900000000
4.90066,DATA_DROP_SIG,rx=10,sender=0,nonce=4900000000
4.90066,DATA_DROP_SIG,rx=3,sender=0,nonce=4900000000
4.90066,DATA_DROP_SIG,rx=7,sender=0,nonce=4900000000
4.90066,DATA_DROP_SIG,rx=4,sender=0,nonce=4900000000
4.90066,DATA_DROP_SIG,rx=9,sender=0,nonce=4900000000
4.90066,DATA_DROP_SIG,rx=6,sender=0,nonce=4900000000
5,REPORT_SENT,by=0,about=1,delta=-0.050000
5,REPORT_SENT,by=1,about=6,delta=0.020000
5,REPORT_SENT,by=2,about=4,delta=-0.050000
5,REPORT_SENT,by=3,about=2,delta=-0.050000
5,REPORT_SENT,by=4,about=8,delta=0.020000
5,REPORT_SENT,by=5,about=8,delta=-0.050000
5,REPORT_SENT,by=6,about=0,delta=0.020000
5,REPORT_SENT,by=7,about=6,delta=-0.050000
5,REPORT_SENT,by=8,about=2,delta=-0.050000
5,REPORT_SENT,by=9,about=2,delta=0.020000
5,REPLAY_SENT,nonce=4900000000
5.00025,REPORT_RX_RSU,rsu=10,by=8,about=2,delta=-0.050000
5.00044,REPORT_RX_RSU,rsu=10,by=0,about=1,delta=-0.050000
5.00077,REPORT_RX_RSU,rsu=10,by=4,about=8,delta=0.020000
5.00105,REPORT_RX_RSU,rsu=10,by=9,about=2,delta=0.020000
5.00115,DATA_DROP_SIG,rx=11,sender=0,nonce=4900000000
5.00115,DATA_DROP_SIG,rx=2,sender=0,nonce=4900000000
5.00115,DATA_DROP_SIG,rx=8,sender=0,nonce=4900000000
5.00115,DATA_DROP_SIG,rx=1,sender=0,nonce=4900000000
5.00115,DATA_DROP_SIG,rx=5,sender=0,nonce=4900000000
5.00115,DATA_DROP_SIG,rx=3,sender=0,nonce=4900000000
5.0016,DATA_DROP_SIG,rx=11,sender=0,nonce=5000000000
5.0016,DATA_DROP_SIG,rx=2,sender=0,nonce=5000000000
5.0016,DATA_DROP_SIG,rx=8,sender=0,nonce=5000000000
5.0016,DATA_DROP_SIG,rx=1,sender=0,nonce=5000000000
5.0016,DATA_DROP_SIG,rx=5,sender=0,nonce=5000000000
5.0016,DATA_DROP_SIG,rx=10,sender=0,nonce=5000000000
5.0016,DATA_DROP_SIG,rx=7,sender=0,nonce=5000000000
5.0016,DATA_DROP_SIG,rx=3,sender=0,nonce=5000000000
5.0016,DATA_DROP_SIG,rx=4,sender=0,nonce=5000000000
5.0016,DATA_DROP_SIG,rx=9,sender=0,nonce=5000000000
5.0016,DATA_DROP_SIG,rx=6,sender=0,nonce=5000000000
5.00161,REPORT_RX_RSU,rsu=10,by=7,about=6,delta=-0.050000
5.00191,REPORT_RX_RSU,rsu=10,by=1,about=6,delta=0.020000
5.00216,REPORT_RX_RSU,rsu=10,by=5,about=8,delta=-0.050000
5.10066,DATA_DROP_SIG,rx=11,sender=0,nonce=5100000000
5.10066,DATA_DROP_SIG,rx=2,sender=0,nonce=5100000000
5.10066,DATA_DROP_SIG,rx=8,sender=0,nonce=5100000000
5.10066,DATA_DROP_SIG,rx=1,sender=0,nonce=5100000000
5.10066,DATA_DROP_SIG,rx=5,sender=0,nonce=5100000000
5.10066,DATA_DROP_SIG,rx=10,sender=0,nonce=5100000000
5.10066,DATA_DROP_SIG,rx=3,sender=0,nonce=5100000000
5.10066,DATA_DROP_SIG,rx=7,sender=0,nonce=5100000000
5.10066,DATA_DROP_SIG,rx=4,sender=0,nonce=5100000000
5.10066,DATA_DROP_SIG,rx=9,sender=0,nonce=5100000000
5.10066,DATA_DROP_SIG,rx=6,sender=0,nonce=5100000000
5.20066,DATA_DROP_SIG,rx=11,sender=0,nonce=5200000000
5.20066,DATA_DROP_SIG,rx=2,sender=0,nonce=5200000000
5.20066,DATA_DROP_SIG,rx=8,sender=0,nonce=5200000000
5.20066,DATA_DROP_SIG,rx=1,sender=0,nonce=5200000000
5.20066,DATA_DROP_SIG,rx=5,sender=0,nonce=5200000000
5.20066,DATA_DROP_SIG,rx=10,sender=0,nonce=5200000000
5.20066,DATA_DROP_SIG,rx=3,sender=0,nonce=5200000000
5.20066,DATA_DROP_SIG,rx=7,sender=0,nonce=5200000000
5.20066,DATA_DROP_SIG,rx=4,sender=0,nonce=5200000000
5.20066,DATA_DROP_SIG,rx=9,sender=0,nonce=5200000000
5.20066,DATA_DROP_SIG,rx=6,sender=0,nonce=5200000000
5.25,BLOCK_MINE_START,block_next=6
5.3,REPLAY_SENT,nonce=5200000000
5.3,BLOCK_COMMIT_ITEM,accused=2,delta=-0.050000,trust=0.520000
5.3,BLOCK_COMMIT_ITEM,accused=1,delta=-0.050000,trust=0.600000
5.3,BLOCK_COMMIT_ITEM,accused=8,delta=0.020000,trust=0.470000
5.3,BLOCK_COMMIT_ITEM,accused=2,delta=0.020000,trust=0.540000
5.3,BLOCK_COMMIT_ITEM,accused=6,delta=-0.050000,trust=0.660000
5.3,BLOCK_COMMIT_ITEM,accused=6,delta=0.020000,trust=0.680000
5.3,BLOCK_COMMIT_ITEM,accused=8,delta=-0.050000,trust=0.420000
5.3,BLOCK_COMMIT_DONE,block=6,items=7,lat_s=0.050000
5.30066,DATA_DROP_SIG,rx=11,sender=0,nonce=5200000000
5.30066,DATA_DROP_SIG,rx=2,sender=0,nonce=5200000000
5.30066,DATA_DROP_SIG,rx=8,sender=0,nonce=5200000000
5.30066,DATA_DROP_SIG,rx=1,sender=0,nonce=5200000000
5.30066,DATA_DROP_SIG,rx=5,sender=0,nonce=5200000000
5.30066,DATA_DROP_SIG,rx=10,sender=0,nonce=5200000000
5.30066,DATA_DROP_SIG,rx=3,sender=0,nonce=5200000000
5.30066,DATA_DROP_SIG,rx=7,sender=0,nonce=5200000000
5.30066,DATA_DROP_SIG,rx=4,sender=0,nonce=5200000000
5.30066,DATA_DROP_SIG,rx=9,sender=0,nonce=5200000000
5.30066,DATA_DROP_SIG,rx=6,sender=0,nonce=5200000000
5.30094,DATA_DROP_SIG,rx=11,sender=0,nonce=5300000000
5.30094,DATA_DROP_SIG,rx=2,sender=0,nonce=5300000000
5.30094,DATA_DROP_SIG,rx=8,sender=0,nonce=5300000000
5.30094,DATA_DROP_SIG,rx=1,sender=0,nonce=5300000000
5.30094,DATA_DROP_SIG,rx=5,sender=0,nonce=5300000000
5.30094,DATA_DROP_SIG,rx=10,sender=0,nonce=5300000000
5.30094,DATA_DROP_SIG,rx=3,sender=0,nonce=5300000000
5.30094,DATA_DROP_SIG,rx=7,sender=0,nonce=5300000000
5.30094,DATA_DROP_SIG,rx=4,sender=0,nonce=5300000000
5.30094,DATA_DROP_SIG,rx=9,sender=0,nonce=5300000000
5.30094,DATA_DROP_SIG,rx=6,sender=0,nonce=5300000000
5.40066,DATA_DROP_SIG,rx=11,sender=0,nonce=5400000000
5.40066,DATA_DROP_SIG,rx=2,sender=0,nonce=5400000000
5.40066,DATA_DROP_SIG,rx=1,sender=0,nonce=5400000000
5.40066,DATA_DROP_SIG,rx=8,sender=0,nonce=5400000000
5.40066,DATA_DROP_SIG,rx=5,sender=0,nonce=5400000000
5.40066,DATA_DROP_SIG,rx=10,sender=0,nonce=5400000000
5.40066,DATA_DROP_SIG,rx=3,sender=0,nonce=5400000000
5.40066,DATA_DROP_SIG,rx=7,sender=0,nonce=5400000000
5.40066,DATA_DROP_SIG,rx=4,sender=0,nonce=5400000000
5.40066,DATA_DROP_SIG,rx=9,sender=0,nonce=5400000000
5.40066,DATA_DROP_SIG,rx=6,sender=0,nonce=5400000000
5.50066,DATA_DROP_SIG,rx=11,sender=0,nonce=5500000000
5.50066,DATA_DROP_SIG,rx=2,sender=0,nonce=5500000000
5.50066,DATA_DROP_SIG,rx=1,sender=0,nonce=5500000000
5.50066,DATA_DROP_SIG,rx=5,sender=0,nonce=5500000000
5.50066,DATA_DROP_SIG,rx=8,sender=0,nonce=5500000000
5.50066,DATA_DROP_SIG,rx=10,sender=0,nonce=5500000000
5.50066,DATA_DROP_SIG,rx=3,sender=0,nonce=5500000000
5.50066,DATA_DROP_SIG,rx=7,sender=0,nonce=5500000000
5.50066,DATA_DROP_SIG,rx=4,sender=0,nonce=5500000000
5.50066,DATA_DROP_SIG,rx=9,sender=0,nonce=5500000000
5.50066,DATA_DROP_SIG,rx=6,sender=0,nonce=5500000000
5.6,REPLAY_SENT,nonce=5500000000
5.60066,DATA_DROP_SIG,rx=11,sender=0,nonce=5500000000
5.60066,DATA_DROP_SIG,rx=2,sender=0,nonce=5500000000
5.60066,DATA_DROP_SIG,rx=5,sender=0,nonce=5500000000
5.60066,DATA_DROP_SIG,rx=1,sender=0,nonce=5500000000
5.60066,DATA_DROP_SIG,rx=8,sender=0,nonce=5500000000
5.60066,DATA_DROP_SIG,rx=10,sender=0,nonce=5500000000
5.60066,DATA_DROP_SIG,rx=3,sender=0,nonce=5500000000
5.60066,DATA_DROP_SIG,rx=7,sender=0,nonce=5500000000
5.60066,DATA_DROP_SIG,rx=4,sender=0,nonce=5500000000
5.60066,DATA_DROP_SIG,rx=9,sender=0,nonce=5500000000
5.60066,DATA_DROP_SIG,rx=6,sender=0,nonce=5500000000
5.60097,DATA_DROP_SIG,rx=11,sender=0,nonce=5600000000
5.60097,DATA_DROP_SIG,rx=2,sender=0,nonce=5600000000
5.60097,DATA_DROP_SIG,rx=5,sender=0,nonce=5600000000
5.60097,DATA_DROP_SIG,rx=1,sender=0,nonce=5600000000
5.60097,DATA_DROP_SIG,rx=8,sender=0,nonce=5600000000
5.60097,DATA_DROP_SIG,rx=10,sender=0,nonce=5600000000
5.60097,DATA_DROP_SIG,rx=3,sender=0,nonce=5600000000
5.60097,DATA_DROP_SIG,rx=7,sender=0,nonce=5600000000
5.60097,DATA_DROP_SIG,rx=4,sender=0,nonce=5600000000
5.60097,DATA_DROP_SIG,rx=9,sender=0,nonce=5600000000
5.60097,DATA_DROP_SIG,rx=6,sender=0,nonce=5600000000
5.70066,DATA_DROP_SIG,rx=11,sender=0,nonce=5700000000
5.70066,DATA_DROP_SIG,rx=2,sender=0,nonce=5700000000
5.70066,DATA_DROP_SIG,rx=5,sender=0,nonce=5700000000
5.70066,DATA_DROP_SIG,rx=1,sender=0,nonce=5700000000
5.70066,DATA_DROP_SIG,rx=8,sender=0,nonce=5700000000
5.70066,DATA_DROP_SIG,rx=10,sender=0,nonce=5700000000
5.70066,DATA_DROP_SIG,rx=3,sender=0,nonce=5700000000
5.70066,DATA_DROP_SIG,rx=7,sender=0,nonce=5700000000
5.70066,DATA_DROP_SIG,rx=4,sender=0,nonce=5700000000
5.70066,DATA_DROP_SIG,rx=9,sender=0,nonce=5700000000
5.70066,DATA_DROP_SIG,rx=6,sender=0,nonce=5700000000
5.80066,DATA_DROP_SIG,rx=11,sender=0,nonce=5800000000
5.80066,DATA_DROP_SIG,rx=5,sender=0,nonce=5800000000
5.80066,DATA_DROP_SIG,rx=2,sender=0,nonce=5800000000
5.80066,DATA_DROP_SIG,rx=1,sender=0,nonce=5800000000
5.80066,DATA_DROP_SIG,rx=8,sender=0,nonce=5800000000
5.80066,DATA_DROP_SIG,rx=10,sender=0,nonce=5800000000
5.80066,DATA_DROP_SIG,rx=3,sender=0,nonce=5800000000
5.80066,DATA_DROP_SIG,rx=7,sender=0,nonce=5800000000
5.80066,DATA_DROP_SIG,rx=4,sender=0,nonce=5800000000
5.80066,DATA_DROP_SIG,rx=9,sender=0,nonce=5800000000
5.80066,DATA_DROP_SIG,rx=6,sender=0,nonce=5800000000
5.9,REPLAY_SENT,nonce=5800000000
5.90066,DATA_DROP_SIG,rx=11,sender=0,nonce=5800000000
5.90066,DATA_DROP_SIG,rx=5,sender=0,nonce=5800000000
5.90066,DATA_DROP_SIG,rx=2,sender=0,nonce=5800000000
5.90066,DATA_DROP_SIG,rx=1,sender=0,nonce=5800000000
5.90066,DATA_DROP_SIG,rx=8,sender=0,nonce=5800000000
5.90066,DATA_DROP_SIG,rx=10,sender=0,nonce=5800000000
5.90066,DATA_DROP_SIG,rx=3,sender=0,nonce=5800000000
5.90066,DATA_DROP_SIG,rx=7,sender=0,nonce=5800000000
5.90066,DATA_DROP_SIG,rx=4,sender=0,nonce=5800000000
5.90066,DATA_DROP_SIG,rx=9,sender=0,nonce=5800000000
5.90066,DATA_DROP_SIG,rx=6,sender=0,nonce=5800000000
5.90092,DATA_RX_OK,rx=11,sender=0,delay_s=0.000924
5.90092,DATA_RX_OK,rx=5,sender=0,delay_s=0.000924
5.90092,DATA_RX_OK,rx=2,sender=0,delay_s=0.000924
5.90092,DATA_RX_OK,rx=1,sender=0,delay_s=0.000924
5.90092,DATA_RX_OK,rx=8,sender=0,delay_s=0.000924
5.90092,DATA_RX_OK,rx=10,sender=0,delay_s=0.000924
5.90092,DATA_RX_OK,rx=3,sender=0,delay_s=0.000924
5.90092,DATA_RX_OK,rx=7,sender=0,delay_s=0.000924
5.90092,DATA_RX_OK,rx=4,sender=0,delay_s=0.000924
5.90092,DATA_RX_OK,rx=9,sender=0,delay_s=0.000924
5.90092,DATA_RX_OK,rx=6,sender=0,delay_s=0.000924
6,REPORT_SENT,by=0,about=9,delta=-0.050000
6,REPORT_SENT,by=1,about=7,delta=-0.050000
6,REPORT_SENT,by=2,about=0,delta=-0.050000
6,REPORT_SENT,by=3,about=4,delta=0.020000
6,REPORT_SENT,by=4,about=2,delta=-0.050000
6,REPORT_SENT,by=5,about=8,delta=-0.050000
6,REPORT_SENT,by=6,about=8,delta=-0.050000
6,REPORT_SENT,by=7,about=2,delta=-0.050000
6,REPORT_SENT,by=8,about=7,delta=-0.050000
6,REPORT_SENT,by=9,about=3,delta=-0.050000
6.00019,REPORT_RX_RSU,rsu=10,by=1,about=7,delta=-0.050000
6.00049,REPORT_RX_RSU,rsu=10,by=5,about=8,delta=-0.050000
6.00062,REPORT_RX_RSU,rsu=10,by=9,about=3,delta=-0.050000
6.00079,REPORT_RX_RSU,rsu=10,by=0,about=9,delta=-0.050000
6.00097,REPORT_RX_RSU,rsu=10,by=4,about=2,delta=-0.050000
6.00115,REPORT_RX_RSU,rsu=10,by=8,about=7,delta=-0.050000
6.00165,REPORT_RX_RSU,rsu=10,by=7,about=2,delta=-0.050000
6.00167,DATA_DROP_SIG,rx=11,sender=0,nonce=6000000000
6.00167,DATA_DROP_SIG,rx=5,sender=0,nonce=6000000000
6.00167,DATA_DROP_SIG,rx=2,sender=0,nonce=6000000000
6.00167,DATA_DROP_SIG,rx=1,sender=0,nonce=6000000000
6.00167,DATA_DROP_SIG,rx=8,sender=0,nonce=6000000000
6.00167,DATA_DROP_SIG,rx=10,sender=0,nonce=6000000000
6.00167,DATA_DROP_SIG,rx=3,sender=0,nonce=6000000000
6.00167,DATA_DROP_SIG,rx=7,sender=0,nonce=6000000000
6.00167,DATA_DROP_SIG,rx=4,sender=0,nonce=6000000000
6.00167,DATA_DROP_SIG,rx=9,sender=0,nonce=6000000000
6.00167,DATA_DROP_SIG,rx=6,sender=0,nonce=6000000000
6.10066,DATA_RX_OK,rx=11,sender=0,delay_s=0.000662
6.10066,DATA_RX_OK,rx=5,sender=0,delay_s=0.000662
6.10066,DATA_RX_OK,rx=1,sender=0,delay_s=0.000662
6.10066,DATA_RX_OK,rx=2,sender=0,delay_s=0.000662
6.10066,DATA_RX_OK,rx=8,sender=0,delay_s=0.000662
6.10066,DATA_RX_OK,rx=3,sender=0,delay_s=0.000662
6.10066,DATA_RX_OK,rx=10,sender=0,delay_s=0.000662
6.10066,DATA_RX_OK,rx=7,sender=0,delay_s=0.000662
6.10066,DATA_RX_OK,rx=9,sender=0,delay_s=0.000662
6.10066,DATA_RX_OK,rx=4,sender=0,delay_s=0.000662
6.10066,DATA_RX_OK,rx=6,sender=0,delay_s=0.000662
6.2,REPLAY_SENT,nonce=6100000000
6.20066,DATA_DROP_REPLAY,rx=11,sender=0,nonce=6100000000
6.20066,DATA_DROP_REPLAY,rx=5,sender=0,nonce=6100000000
6.20066,DATA_DROP_REPLAY,rx=1,sender=0,nonce=6100000000
6.20066,DATA_DROP_REPLAY,rx=2,sender=0,nonce=6100000000
6.20066,DATA_DROP_REPLAY,rx=8,sender=0,nonce=6100000000
6.20066,DATA_DROP_REPLAY,rx=3,sender=0,nonce=6100000000
6.20066,DATA_DROP_REPLAY,rx=10,sender=0,nonce=6100000000
6.20066,DATA_DROP_REPLAY,rx=7,sender=0,nonce=6100000000
6.20066,DATA_DROP_REPLAY,rx=9,sender=0,nonce=6100000000
6.20066,DATA_DROP_REPLAY,rx=4,sender=0,nonce=6100000000
6.20066,DATA_DROP_REPLAY,rx=6,sender=0,nonce=6100000000
6.20098,DATA_DROP_SIG,rx=11,sender=0,nonce=6200000000
6.20098,DATA_DROP_SIG,rx=5,sender=0,nonce=6200000000
6.20098,DATA_DROP_SIG,rx=1,sender=0,nonce=6200000000
6.20098,DATA_DROP_SIG,rx=2,sender=0,nonce=6200000000
6.20098,DATA_DROP_SIG,rx=8,sender=0,nonce=6200000000
6.20098,DATA_DROP_SIG,rx=3,sender=0,nonce=6200000000
6.20098,DATA_DROP_SIG,rx=10,sender=0,nonce=6200000000
6.20098,DATA_DROP_SIG,rx=7,sender=0,nonce=6200000000
6.20098,DATA_DROP_SIG,rx=9,sender=0,nonce=6200000000
6.20098,DATA_DROP_SIG,rx=4,sender=0,nonce=6200000000
6.20098,DATA_DROP_SIG,rx=6,sender=0,nonce=6200000000
6.3,BLOCK_MINE_START,block_next=7
6.30066,DATA_DROP_SIG,rx=11,sender=0,nonce=6300000000
6.30066,DATA_DROP_SIG,rx=5,sender=0,nonce=6300000000
6.30066,DATA_DROP_SIG,rx=1,sender=0,nonce=6300000000
6.30066,DATA_DROP_SIG,rx=2,sender=0,nonce=6300000000
6.30066,DATA_DROP_SIG,rx=8,sender=0,nonce=6300000000
6.30066,DATA_DROP_SIG,rx=3,sender=0,nonce=6300000000
6.30066,DATA_DROP_SIG,rx=10,sender=0,nonce=6300000000
6.30066,DATA_DROP_SIG,rx=7,sender=0,nonce=6300000000
6.30066,DATA_DROP_SIG,rx=9,sender=0,nonce=6300000000
6.30066,DATA_DROP_SIG,rx=4,sender=0,nonce=6300000000
6.30066,DATA_DROP_SIG,rx=6,sender=0,nonce=6300000000
6.35,BLOCK_COMMIT_ITEM,accused=7,delta=-0.050000,trust=0.600000
6.35,BLOCK_COMMIT_ITEM,accused=8,delta=-0.050000,trust=0.370000
6.35,BLOCK_COMMIT_ITEM,accused=3,delta=-0.050000,trust=0.520000
6.35,BLOCK_COMMIT_ITEM,accused=9,delta=-0.050000,trust=0.620000
6.35,BLOCK_COMMIT_ITEM,accused=2,delta=-0.050000,trust=0.490000
6.35,BLOCK_COMMIT_ITEM,accused=7,delta=-0.050000,trust=0.550000
6.35,BLOCK_COMMIT_ITEM,accused=2,delta=-0.050000,trust=0.440000
6.35,BLOCK_COMMIT_DONE,block=7,items=7,lat_s=0.050000
6.40066,DATA_DROP_SIG,rx=11,sender=0,nonce=6400000000
6.40066,DATA_DROP_SIG,rx=5,sender=0,nonce=6400000000
6.40066,DATA_DROP_SIG,rx=1,sender=0,nonce=6400000000
6.40066,DATA_DROP_SIG,rx=2,sender=0,nonce=6400000000
6.40066,DATA_DROP_SIG,rx=8,sender=0,nonce=6400000000
6.40066,DATA_DROP_SIG,rx=3,sender=0,nonce=6400000000
6.40066,DATA_DROP_SIG,rx=10,sender=0,nonce=6400000000
6.40066,DATA_DROP_SIG,rx=7,sender=0,nonce=6400000000
6.40066,DATA_DROP_SIG,rx=9,sender=0,nonce=6400000000
6.40066,DATA_DROP_SIG,rx=4,sender=0,nonce=6400000000
6.40066,DATA_DROP_SIG,rx=6,sender=0,nonce=6400000000
6.5,REPLAY_SENT,nonce=6400000000
6.50066,DATA_DROP_SIG,rx=11,sender=0,nonce=6400000000
6.50066,DATA_DROP_SIG,rx=5,sender=0,nonce=6400000000
6.50066,DATA_DROP_SIG,rx=1,sender=0,nonce=6400000000
6.50066,DATA_DROP_SIG,rx=2,sender=0,nonce=6400000000
6.50066,DATA_DROP_SIG,rx=8,sender=0,nonce=6400000000
6.50066,DATA_DROP_SIG,rx=3,sender=0,nonce=6400000000
6.50066,DATA_DROP_SIG,rx=10,sender=0,nonce=6400000000
6.50066,DATA_DROP_SIG,rx=7,sender=0,nonce=6400000000
6.50066,DATA_DROP_SIG,rx=9,sender=0,nonce=6400000000
6.50066,DATA_DROP_SIG,rx=4,sender=0,nonce=6400000000
6.50066,DATA_DROP_SIG,rx=6,sender=0,nonce=6400000000
6.50097,DATA_DROP_SIG,rx=11,sender=0,nonce=6500000000
6.50097,DATA_DROP_SIG,rx=5,sender=0,nonce=6500000000
6.50097,DATA_DROP_SIG,rx=1,sender=0,nonce=6500000000
6.50097,DATA_DROP_SIG,rx=2,sender=0,nonce=6500000000
6.50097,DATA_DROP_SIG,rx=8,sender=0,nonce=6500000000
6.50097,DATA_DROP_SIG,rx=3,sender=0,nonce=6500000000
6.50097,DATA_DROP_SIG,rx=10,sender=0,nonce=6500000000
6.50097,DATA_DROP_SIG,rx=7,sender=0,nonce=6500000000
6.50097,DATA_DROP_SIG,rx=9,sender=0,nonce=6500000000
6.50097,DATA_DROP_SIG,rx=4,sender=0,nonce=6500000000
6.50097,DATA_DROP_SIG,rx=6,sender=0,nonce=6500000000
6.60066,DATA_DROP_SIG,rx=11,sender=0,nonce=6600000000
6.60066,DATA_DROP_SIG,rx=5,sender=0,nonce=6600000000
6.60066,DATA_DROP_SIG,rx=1,sender=0,nonce=6600000000
6.60066,DATA_DROP_SIG,rx=2,sender=0,nonce=6600000000
6.60066,DATA_DROP_SIG,rx=8,sender=0,nonce=6600000000
6.60066,DATA_DROP_SIG,rx=3,sender=0,nonce=6600000000
6.60066,DATA_DROP_SIG,rx=10,sender=0,nonce=6600000000
6.60066,DATA_DROP_SIG,rx=7,sender=0,nonce=6600000000
6.60066,DATA_DROP_SIG,rx=9,sender=0,nonce=6600000000
6.60066,DATA_DROP_SIG,rx=4,sender=0,nonce=6600000000
6.60066,DATA_DROP_SIG,rx=6,sender=0,nonce=6600000000
6.70066,DATA_DROP_SIG,rx=11,sender=0,nonce=6700000000
6.70066,DATA_DROP_SIG,rx=5,sender=0,nonce=6700000000
6.70066,DATA_DROP_SIG,rx=1,sender=0,nonce=6700000000
6.70066,DATA_DROP_SIG,rx=2,sender=0,nonce=6700000000
6.70066,DATA_DROP_SIG,rx=8,sender=0,nonce=6700000000
6.70066,DATA_DROP_SIG,rx=3,sender=0,nonce=6700000000
6.70066,DATA_DROP_SIG,rx=10,sender=0,nonce=6700000000
6.70066,DATA_DROP_SIG,rx=7,sender=0,nonce=6700000000
6.70066,DATA_DROP_SIG,rx=9,sender=0,nonce=6700000000
6.70066,DATA_DROP_SIG,rx=4,sender=0,nonce=6700000000
6.70066,DATA_DROP_SIG,rx=6,sender=0,nonce=6700000000
6.8,REPLAY_SENT,nonce=6700000000
6.80066,DATA_DROP_SIG,rx=11,sender=0,nonce=6700000000
6.80066,DATA_DROP_SIG,rx=5,sender=0,nonce=6700000000
6.80066,DATA_DROP_SIG,rx=1,sender=0,nonce=6700000000
6.80066,DATA_DROP_SIG,rx=2,sender=0,nonce=6700000000
6.80066,DATA_DROP_SIG,rx=8,sender=0,nonce=6700000000
6.80066,DATA_DROP_SIG,rx=3,sender=0,nonce=6700000000
6.80066,DATA_DROP_SIG,rx=10,sender=0,nonce=6700000000
6.80066,DATA_DROP_SIG,rx=9,sender=0,nonce=6700000000
6.80066,DATA_DROP_SIG,rx=7,sender=0,nonce=6700000000
6.80066,DATA_DROP_SIG,rx=4,sender=0,nonce=6700000000
6.80066,DATA_DROP_SIG,rx=6,sender=0,nonce=6700000000
6.80094,DATA_DROP_SIG,rx=11,sender=0,nonce=6800000000
6.80094,DATA_DROP_SIG,rx=5,sender=0,nonce=6800000000
6.80094,DATA_DROP_SIG,rx=1,sender=0,nonce=6800000000
6.80094,DATA_DROP_SIG,rx=2,sender=0,nonce=6800000000
6.80094,DATA_DROP_SIG,rx=8,sender=0,nonce=6800000000
6.80094,DATA_DROP_SIG,rx=3,sender=0,nonce=6800000000
6.80094,DATA_DROP_SIG,rx=10,sender=0,nonce=6800000000
6.80094,DATA_DROP_SIG,rx=9,sender=0,nonce=6800000000
6.80094,DATA_DROP_SIG,rx=7,sender=0,nonce=6800000000
6.80094,DATA_DROP_SIG,rx=4,sender=0,nonce=6800000000
6.80094,DATA_DROP_SIG,rx=6,sender=0,nonce=6800000000
6.90066,DATA_RX_OK,rx=11,sender=0,delay_s=0.000662
6.90066,DATA_RX_OK,rx=1,sender=0,delay_s=0.000662
6.90066,DATA_RX_OK,rx=5,sender=0,delay_s=0.000662
6.90066,DATA_RX_OK,rx=2,sender=0,delay_s=0.000662
6.90066,DATA_RX_OK,rx=8,sender=0,delay_s=0.000662
6.90066,DATA_RX_OK,rx=3,sender=0,delay_s=0.000662
6.90066,DATA_RX_OK,rx=10,sender=0,delay_s=0.000662
6.90066,DATA_RX_OK,rx=9,sender=0,delay_s=0.000662
6.90066,DATA_RX_OK,rx=7,sender=0,delay_s=0.000662
6.90066,DATA_RX_OK,rx=4,sender=0,delay_s=0.000662
6.90066,DATA_RX_OK,rx=6,sender=0,delay_s=0.000662
7,REPORT_SENT,by=0,about=1,delta=-0.050000
7,REPORT_SENT,by=1,about=3,delta=-0.050000
7,REPORT_SENT,by=2,about=5,delta=-0.050000
7,REPORT_SENT,by=3,about=0,delta=-0.050000
7,REPORT_SENT,by=4,about=7,delta=-0.050000
7,REPORT_SENT,by=5,about=7,delta=-0.050000
7,REPORT_SENT,by=6,about=7,delta=-0.050000
7,REPORT_SENT,by=7,about=2,delta=-0.050000
7,REPORT_SENT,by=8,about=7,delta=0.020000
7,REPORT_SENT,by=9,about=6,delta=-0.050000
7.00019,REPORT_RX_RSU,rsu=10,by=7,about=2,delta=-0.050000
7.00033,REPORT_RX_RSU,rsu=10,by=5,about=7,delta=-0.050000
7.00059,REPORT_RX_RSU,rsu=10,by=9,about=6,delta=-0.050000
7.00073,REPORT_RX_RSU,rsu=10,by=4,about=7,delta=-0.050000
7.00085,REPORT_RX_RSU,rsu=10,by=0,about=1,delta=-0.050000
7.00125,REPORT_RX_RSU,rsu=10,by=1,about=3,delta=-0.050000
7.00136,DATA_RX_OK,rx=11,sender=0,delay_s=0.001364
7.00136,DATA_RX_OK,rx=1,sender=0,delay_s=0.001364
7.00136,DATA_RX_OK,rx=5,sender=0,delay_s=0.001364
7.00136,DATA_RX_OK,rx=2,sender=0,delay_s=0.001364
7.00136,DATA_RX_OK,rx=8,sender=0,delay_s=0.001364
7.00136,DATA_RX_OK,rx=3,sender=0,delay_s=0.001364
7.00136,DATA_RX_OK,rx=10,sender=0,delay_s=0.001364
7.00136,DATA_RX_OK,rx=9,sender=0,delay_s=0.001364
7.00136,DATA_RX_OK,rx=7,sender=0,delay_s=0.001364
7.00136,DATA_RX_OK,rx=4,sender=0,delay_s=0.001364
7.00136,DATA_RX_OK,rx=6,sender=0,delay_s=0.001364
7.00139,REPORT_RX_RSU,rsu=10,by=8,about=7,delta=0.020000
7.1,REPLAY_SENT,nonce=7000000000
7.10066,DATA_DROP_REPLAY,rx=1,sender=0,nonce=7000000000
7.10066,DATA_DROP_REPLAY,rx=11,sender=0,nonce=7000000000
7.10066,DATA_DROP_REPLAY,rx=2,sender=0,nonce=7000000000
7.10066,DATA_DROP_REPLAY,rx=5,sender=0,nonce=7000000000
7.10066,DATA_DROP_REPLAY,rx=8,sender=0,nonce=7000000000
7.10066,DATA_DROP_REPLAY,rx=3,sender=0,nonce=7000000000
7.10066,DATA_DROP_REPLAY,rx=10,sender=0,nonce=7000000000
7.10066,DATA_DROP_REPLAY,rx=9,sender=0,nonce=7000000000
7.10066,DATA_DROP_REPLAY,rx=7,sender=0,nonce=7000000000
7.10066,DATA_DROP_REPLAY,rx=4,sender=0,nonce=7000000000
7.10066,DATA_DROP_REPLAY,rx=6,sender=0,nonce=7000000000
7.10105,DATA_DROP_SIG,rx=1,sender=0,nonce=7100000000
7.10105,DATA_DROP_SIG,rx=11,sender=0,nonce=7100000000
7.10105,DATA_DROP_SIG,rx=2,sender=0,nonce=7100000000
7.10105,DATA_DROP_SIG,rx=5,sender=0,nonce=7100000000
7.10105,DATA_DROP_SIG,rx=8,sender=0,nonce=7100000000
7.10105,DATA_DROP_SIG,rx=3,sender=0,nonce=7100000000
7.10105,DATA_DROP_SIG,rx=10,sender=0,nonce=7100000000
7.10105,DATA_DROP_SIG,rx=9,sender=0,nonce=7100000000
7.10105,DATA_DROP_SIG,rx=7,sender=0,nonce=7100000000
7.10105,DATA_DROP_SIG,rx=4,sender=0,nonce=7100000000
7.10105,DATA_DROP_SIG,rx=6,sender=0,nonce=7100000000
7.20066,DATA_DROP_SIG,rx=1,sender=0,nonce=7200000000
7.20066,DATA_DROP_SIG,rx=11,sender=0,nonce=7200000000
7.20066,DATA_DROP_SIG,rx=2,sender=0,nonce=7200000000
7.20066,DATA_DROP_SIG,rx=5,sender=0,nonce=7200000000
7.20066,DATA_DROP_SIG,rx=8,sender=0,nonce=7200000000
7.20066,DATA_DROP_SIG,rx=3,sender=0,nonce=7200000000
7.20066,DATA_DROP_SIG,rx=10,sender=0,nonce=7200000000
7.20066,DATA_DROP_SIG,rx=9,sender=0,nonce=7200000000
7.20066,DATA_DROP_SIG,rx=7,sender=0,nonce=7200000000
7.20066,DATA_DROP_SIG,rx=4,sender=0,nonce=7200000000
7.20066,DATA_DROP_SIG,rx=6,sender=0,nonce=7200000000
7.30066,DATA_DROP_SIG,rx=1,sender=0,nonce=7300000000
7.30066,DATA_DROP_SIG,rx=11,sender=0,nonce=7300000000
7.30066,DATA_DROP_SIG,rx=2,sender=0,nonce=7300000000
7.30066,DATA_DROP_SIG,rx=5,sender=0,nonce=7300000000
7.30066,DATA_DROP_SIG,rx=8,sender=0,nonce=7300000000
7.30066,DATA_DROP_SIG,rx=3,sender=0,nonce=7300000000
7.30066,DATA_DROP_SIG,rx=10,sender=0,nonce=7300000000
7.30066,DATA_DROP_SIG,rx=9,sender=0,nonce=7300000000
7.30066,DATA_DROP_SIG,rx=7,sender=0,nonce=7300000000
7.30066,DATA_DROP_SIG,rx=4,sender=0,nonce=7300000000
7.30066,DATA_DROP_SIG,rx=6,sender=0,nonce=7300000000
7.35,BLOCK_MINE_START,block_next=8
7.4,REPLAY_SENT,nonce=7300000000
7.4,BLOCK_COMMIT_ITEM,accused=2,delta=-0.050000,trust=0.390000
7.4,BLOCK_COMMIT_ITEM,accused=7,delta=-0.050000,trust=0.500000
7.4,BLOCK_COMMIT_ITEM,accused=6,delta=-0.050000,trust=0.630000
7.4,BLOCK_COMMIT_ITEM,accused=7,delta=-0.050000,trust=0.450000
7.4,BLOCK_COMMIT_ITEM,accused=1,delta=-0.050000,trust=0.550000
7.4,BLOCK_COMMIT_ITEM,accused=3,delta=-0.050000,trust=0.470000
7.4,BLOCK_COMMIT_ITEM,accused=7,delta=0.020000,trust=0.470000
7.4,BLOCK_COMMIT_DONE,block=8,items=7,lat_s=0.050000
7.40066,DATA_DROP_SIG,rx=1,sender=0,nonce=7300000000
7.40066,DATA_DROP_SIG,rx=11,sender=0,nonce=7300000000
7.40066,DATA_DROP_SIG,rx=2,sender=0,nonce=7300000000
7.40066,DATA_DROP_SIG,rx=5,sender=0,nonce=7300000000
7.40066,DATA_DROP_SIG,rx=8,sender=0,nonce=7300000000
7.40066,DATA_DROP_SIG,rx=3,sender=0,nonce=7300000000
7.40066,DATA_DROP_SIG,rx=10,sender=0,nonce=7300000000
7.40066,DATA_DROP_SIG,rx=9,sender=0,nonce=7300000000
7.40066,DATA_DROP_SIG,rx=7,sender=0,nonce=7300000000
7.40066,DATA_DROP_SIG,rx=4,sender=0,nonce=7300000000
7.40066,DATA_DROP_SIG,rx=6,sender=0,nonce=7300000000
7.40099,DATA_RX_OK,rx=1,sender=0,delay_s=0.000987
7.40099,DATA_RX_OK,rx=11,sender=0,delay_s=0.000987
7.40099,DATA_RX_OK,rx=2,sender=0,delay_s=0.000987
7.40099,DATA_RX_OK,rx=5,sender=0,delay_s=0.000987
7.40099,DATA_RX_OK,rx=8,sender=0,delay_s=0.000987
7.40099,DATA_RX_OK,rx=3,sender=0,delay_s=0.000987
7.40099,DATA_RX_OK,rx=10,sender=0,delay_s=0.000987
7.40099,DATA_RX_OK,rx=9,sender=0,delay_s=0.000987
7.40099,DATA_RX_OK,rx=7,sender=0,delay_s=0.000987
7.40099,DATA_RX_OK,rx=4,sender=0,delay_s=0.000987
7.40099,DATA_RX_OK,rx=6,sender=0,delay_s=0.000987
7.50066,DATA_RX_OK,rx=1,sender=0,delay_s=0.000662
7.50066,DATA_RX_OK,rx=11,sender=0,delay_s=0.000662
7.50066,DATA_RX_OK,rx=2,sender=0,delay_s=0.000662
7.50066,DATA_RX_OK,rx=5,sender=0,delay_s=0.000662
7.50066,DATA_RX_OK,rx=8,sender=0,delay_s=0.000662
7.50066,DATA_RX_OK,rx=3,sender=0,delay_s=0.000662
7.50066,DATA_RX_OK,rx=10,sender=0,delay_s=0.000662
7.50066,DATA_RX_OK,rx=9,sender=0,delay_s=0.000662
7.50066,DATA_RX_OK,rx=7,sender=0,delay_s=0.000662
7.50066,DATA_RX_OK,rx=4,sender=0,delay_s=0.000662
7.50066,DATA_RX_OK,rx=6,sender=0,delay_s=0.000662
7.60066,DATA_DROP_SIG,rx=1,sender=0,nonce=7600000000
7.60066,DATA_DROP_SIG,rx=11,sender=0,nonce=7600000000
7.60066,DATA_DROP_SIG,rx=2,sender=0,nonce=7600000000
7.60066,DATA_DROP_SIG,rx=5,sender=0,nonce=7600000000
7.60066,DATA_DROP_SIG,rx=8,sender=0,nonce=7600000000
7.60066,DATA_DROP_SIG,rx=3,sender=0,nonce=7600000000
7.60066,DATA_DROP_SIG,rx=10,sender=0,nonce=7600000000
7.60066,DATA_DROP_SIG,rx=9,sender=0,nonce=7600000000
7.60066,DATA_DROP_SIG,rx=7,sender=0,nonce=7600000000
7.60066,DATA_DROP_SIG,rx=4,sender=0,nonce=7600000000
7.60066,DATA_DROP_SIG,rx=6,sender=0,nonce=7600000000
7.7,REPLAY_SENT,nonce=7600000000
7.70066,DATA_DROP_SIG,rx=1,sender=0,nonce=7600000000
7.70066,DATA_DROP_SIG,rx=11,sender=0,nonce=7600000000
7.70066,DATA_DROP_SIG,rx=2,sender=0,nonce=7600000000
7.70066,DATA_DROP_SIG,rx=5,sender=0,nonce=7600000000
7.70066,DATA_DROP_SIG,rx=8,sender=0,nonce=7600000000
7.70066,DATA_DROP_SIG,rx=3,sender=0,nonce=7600000000
7.70066,DATA_DROP_SIG,rx=10,sender=0,nonce=7600000000
7.70066,DATA_DROP_SIG,rx=9,sender=0,nonce=7600000000
7.70066,DATA_DROP_SIG,rx=4,sender=0,nonce=7600000000
7.70066,DATA_DROP_SIG,rx=7,sender=0,nonce=7600000000
7.70066,DATA_DROP_SIG,rx=6,sender=0,nonce=7600000000
7.70101,DATA_RX_OK,rx=1,sender=0,delay_s=0.001014
7.70101,DATA_RX_OK,rx=11,sender=0,delay_s=0.001014
7.70101,DATA_RX_OK,rx=2,sender=0,delay_s=0.001014
7.70101,DATA_RX_OK,rx=5,sender=0,delay_s=0.001014
7.70101,DATA_RX_OK,rx=8,sender=0,delay_s=0.001014
7.70101,DATA_RX_OK,rx=3,sender=0,delay_s=0.001014
7.70101,DATA_RX_OK,rx=10,sender=0,delay_s=0.001014
7.70101,DATA_RX_OK,rx=9,sender=0,delay_s=0.001014
7.70101,DATA_RX_OK,rx=4,sender=0,delay_s=0.001014
7.70101,DATA_RX_OK,rx=7,sender=0,delay_s=0.001014
7.70101,DATA_RX_OK,rx=6,sender=0,delay_s=0.001014
7.80066,DATA_DROP_SIG,rx=1,sender=0,nonce=7800000000
7.80066,DATA_DROP_SIG,rx=11,sender=0,nonce=7800000000
7.80066,DATA_DROP_SIG,rx=2,sender=0,nonce=7800000000
7.80066,DATA_DROP_SIG,rx=5,sender=0,nonce=7800000000
7.80066,DATA_DROP_SIG,rx=8,sender=0,nonce=7800000000
7.80066,DATA_DROP_SIG,rx=3,sender=0,nonce=7800000000
7.80066,DATA_DROP_SIG,rx=10,sender=0,nonce=7800000000
7.80066,DATA_DROP_SIG,rx=9,sender=0,nonce=7800000000
7.80066,DATA_DROP_SIG,rx=4,sender=0,nonce=7800000000
7.80066,DATA_DROP_SIG,rx=7,sender=0,nonce=7800000000
7.80066,DATA_DROP_SIG,rx=6,sender=0,nonce=7800000000
7.90066,DATA_DROP_SIG,rx=1,sender=0,nonce=7900000000
7.90066,DATA_DROP_SIG,rx=11,sender=0,nonce=7900000000
7.90066,DATA_DROP_SIG,rx=2,sender=0,nonce=7900000000
7.90066,DATA_DROP_SIG,rx=5,sender=0,nonce=7900000000
7.90066,DATA_DROP_SIG,rx=8,sender=0,nonce=7900000000
7.90066,DATA_DROP_SIG,rx=3,sender=0,nonce=7900000000
7.90066,DATA_DROP_SIG,rx=10,sender=0,nonce=7900000000
7.90066,DATA_DROP_SIG,rx=9,sender=0,nonce=7900000000
7.90066,DATA_DROP_SIG,rx=4,sender=0,nonce=7900000000
7.90066,DATA_DROP_SIG,rx=7,sender=0,nonce=7900000000
7.90066,DATA_DROP_SIG,rx=6,sender=0,nonce=7900000000
8,REPORT_SENT,by=0,about=8,delta=0.020000
8,REPORT_SENT,by=1,about=7,delta=-0.050000
8,REPORT_SENT,by=2,about=9,delta=-0.050000
8,REPORT_SENT,by=3,about=8,delta=-0.050000
8,REPORT_SENT,by=4,about=5,delta=-0.050000
8,REPORT_SENT,by=5,about=9,delta=-0.050000
8,REPORT_SENT,by=6,about=0,delta=-0.050000
8,REPORT_SENT,by=7,about=9,delta=-0.050000
8,REPORT_SENT,by=8,about=9,delta=-0.050000
8,REPORT_SENT,by=9,about=3,delta=-0.050000
8,REPLAY_SENT,nonce=7900000000
8.00021,REPORT_RX_RSU,rsu=10,by=7,about=9,delta=-0.050000
8.00044,REPORT_RX_RSU,rsu=10,by=0,about=8,delta=0.020000
8.00057,REPORT_RX_RSU,rsu=10,by=9,about=3,delta=-0.050000
8.00096,REPORT_RX_RSU,rsu=10,by=8,about=9,delta=-0.050000
8.00108,DATA_DROP_SIG,rx=1,sender=0,nonce=7900000000
8.00108,DATA_DROP_SIG,rx=11,sender=0,nonce=7900000000
8.00108,DATA_DROP_SIG,rx=2,sender=0,nonce=7900000000
8.00108,DATA_DROP_SIG,rx=8,sender=0,nonce=7900000000
8.00108,DATA_DROP_SIG,rx=5,sender=0,nonce=7900000000
8.00108,DATA_DROP_SIG,rx=3,sender=0,nonce=7900000000
8.00108,DATA_DROP_SIG,rx=10,sender=0,nonce=7900000000
8.00108,DATA_DROP_SIG,rx=9,sender=0,nonce=7900000000
8.00108,DATA_DROP_SIG,rx=4,sender=0,nonce=7900000000
8.00108,DATA_DROP_SIG,rx=7,sender=0,nonce=7900000000
8.00108,DATA_DROP_SIG,rx=6,sender=0,nonce=7900000000
8.0011,REPORT_RX_RSU,rsu=10,by=4,about=5,delta=-0.050000
8.00167,REPORT_RX_RSU,rsu=10,by=1,about=7,delta=-0.050000
8.00179,DATA_DROP_SIG,rx=1,sender=0,nonce=8000000000
8.00179,DATA_DROP_SIG,rx=11,sender=0,nonce=8000000000
8.00179,DATA_DROP_SIG,rx=2,sender=0,nonce=8000000000
8.00179,DATA_DROP_SIG,rx=8,sender=0,nonce=8000000000
8.00179,DATA_DROP_SIG,rx=5,sender=0,nonce=8000000000
8.00179,DATA_DROP_SIG,rx=3,sender=0,nonce=8000000000
8.00179,DATA_DROP_SIG,rx=10,sender=0,nonce=8000000000
8.00179,DATA_DROP_SIG,rx=9,sender=0,nonce=8000000000
8.00179,DATA_DROP_SIG,rx=4,sender=0,nonce=8000000000
8.00179,DATA_DROP_SIG,rx=7,sender=0,nonce=8000000000
8.00179,DATA_DROP_SIG,rx=6,sender=0,nonce=8000000000
8.00229,REPORT_RX_RSU,rsu=10,by=5,about=9,delta=-0.050000
8.10066,DATA_DROP_SIG,rx=1,sender=0,nonce=8100000000
8.10066,DATA_DROP_SIG,rx=11,sender=0,nonce=8100000000
8.10066,DATA_DROP_SIG,rx=2,sender=0,nonce=8100000000
8.10066,DATA_DROP_SIG,rx=8,sender=0,nonce=8100000000
8.10066,DATA_DROP_SIG,rx=5,sender=0,nonce=8100000000
8.10066,DATA_DROP_SIG,rx=3,sender=0,nonce=8100000000
8.10066,DATA_DROP_SIG,rx=10,sender=0,nonce=8100000000
8.10066,DATA_DROP_SIG,rx=4,sender=0,nonce=8100000000
8.10066,DATA_DROP_SIG,rx=9,sender=0,nonce=8100000000
8.10066,DATA_DROP_SIG,rx=7,sender=0,nonce=8100000000
8.10066,DATA_DROP_SIG,rx=6,sender=0,nonce=8100000000
8.20066,DATA_DROP_SIG,rx=1,sender=0,nonce=8200000000
8.20066,DATA_DROP_SIG,rx=11,sender=0,nonce=8200000000
8.20066,DATA_DROP_SIG,rx=2,sender=0,nonce=8200000000
8.20066,DATA_DROP_SIG,rx=8,sender=0,nonce=8200000000
8.20066,DATA_DROP_SIG,rx=5,sender=0,nonce=8200000000
8.20066,DATA_DROP_SIG,rx=3,sender=0,nonce=8200000000
8.20066,DATA_DROP_SIG,rx=10,sender=0,nonce=8200000000
8.20066,DATA_DROP_SIG,rx=4,sender=0,nonce=8200000000
8.20066,DATA_DROP_SIG,rx=9,sender=0,nonce=8200000000
8.20066,DATA_DROP_SIG,rx=7,sender=0,nonce=8200000000
8.20066,DATA_DROP_SIG,rx=6,sender=0,nonce=8200000000
8.3,REPLAY_SENT,nonce=8200000000
8.30066,DATA_DROP_SIG,rx=1,sender=0,nonce=8200000000
8.30066,DATA_DROP_SIG,rx=11,sender=0,nonce=8200000000
8.30066,DATA_DROP_SIG,rx=2,sender=0,nonce=8200000000
8.30066,DATA_DROP_SIG,rx=8,sender=0,nonce=8200000000
8.30066,DATA_DROP_SIG,rx=5,sender=0,nonce=8200000000
8.30066,DATA_DROP_SIG,rx=3,sender=0,nonce=8200000000
8.30066,DATA_DROP_SIG,rx=10,sender=0,nonce=8200000000
8.30066,DATA_DROP_SIG,rx=4,sender=0,nonce=8200000000
8.30066,DATA_DROP_SIG,rx=9,sender=0,nonce=8200000000
8.30066,DATA_DROP_SIG,rx=7,sender=0,nonce=8200000000
8.30066,DATA_DROP_SIG,rx=6,sender=0,nonce=8200000000
8.30094,DATA_DROP_SIG,rx=1,sender=0,nonce=8300000000
8.30094,DATA_DROP_SIG,rx=11,sender=0,nonce=8300000000
8.30094,DATA_DROP_SIG,rx=2,sender=0,nonce=8300000000
8.30094,DATA_DROP_SIG,rx=8,sender=0,nonce=8300000000
8.30094,DATA_DROP_SIG,rx=5,sender=0,nonce=8300000000
8.30094,DATA_DROP_SIG,rx=3,sender=0,nonce=8300000000
8.30094,DATA_DROP_SIG,rx=10,sender=0,nonce=8300000000
8.30094,DATA_DROP_SIG,rx=4,sender=0,nonce=8300000000
8.30094,DATA_DROP_SIG,rx=9,sender=0,nonce=8300000000
8.30094,DATA_DROP_SIG,rx=7,sender=0,nonce=8300000000
8.30094,DATA_DROP_SIG,rx=6,sender=0,nonce=8300000000
8.4,BLOCK_MINE_START,block_next=9
8.40066,DATA_DROP_SIG,rx=1,sender=0,nonce=8400000000
8.40066,DATA_DROP_SIG,rx=11,sender=0,nonce=8400000000
8.40066,DATA_DROP_SIG,rx=2,sender=0,nonce=8400000000
8.40066,DATA_DROP_SIG,rx=8,sender=0,nonce=8400000000
8.40066,DATA_DROP_SIG,rx=5,sender=0,nonce=8400000000
8.40066,DATA_DROP_SIG,rx=3,sender=0,nonce=8400000000
8.40066,DATA_DROP_SIG,rx=10,sender=0,nonce=8400000000
8.40066,DATA_DROP_SIG,rx=4,sender=0,nonce=8400000000
8.40066,DATA_DROP_SIG,rx=9,sender=0,nonce=8400000000
8.40066,DATA_DROP_SIG,rx=7,sender=0,nonce=8400000000
8.40066,DATA_DROP_SIG,rx=6,sender=0,nonce=8400000000
8.45,BLOCK_COMMIT_ITEM,accused=9,delta=-0.050000,trust=0.570000
8.45,BLOCK_COMMIT_ITEM,accused=8,delta=0.020000,trust=0.390000
8.45,BLOCK_COMMIT_ITEM,accused=3,delta=-0.050000,trust=0.420000
8.45,BLOCK_COMMIT_ITEM,accused=9,delta=-0.050000,trust=0.520000
8.45,BLOCK_COMMIT_ITEM,accused=5,delta=-0.050000,trust=0.550000
8.45,BLOCK_COMMIT_ITEM,accused=7,delta=-0.050000,trust=0.420000
8.45,BLOCK_COMMIT_ITEM,accused=9,delta=-0.050000,trust=0.470000
8.45,BLOCK_COMMIT_DONE,block=9,items=7,lat_s=0.050000
8.50066,DATA_DROP_SIG,rx=1,sender=0,nonce=8500000000
8.50066,DATA_DROP_SIG,rx=11,sender=0,nonce=8500000000
8.50066,DATA_DROP_SIG,rx=2,sender=0,nonce=8500000000
8.50066,DATA_DROP_SIG,rx=8,sender=0,nonce=8500000000
8.50066,DATA_DROP_SIG,rx=5,sender=0,nonce=8500000000
8.50066,DATA_DROP_SIG,rx=3,sender=0,nonce=8500000000
8.50066,DATA_DROP_SIG,rx=10,sender=0,nonce=8500000000
8.50066,DATA_DROP_SIG,rx=4,sender=0,nonce=8500000000
8.50066,DATA_DROP_SIG,rx=9,sender=0,nonce=8500000000
8.50066,DATA_DROP_SIG,rx=7,sender=0,nonce=8500000000
8.50066,DATA_DROP_SIG,rx=6,sender=0,nonce=8500000000
8.6,REPLAY_SENT,nonce=8500000000
8.60066,DATA_DROP_SIG,rx=1,sender=0,nonce=8500000000
8.60066,DATA_DROP_SIG,rx=11,sender=0,nonce=8500000000
8.60066,DATA_DROP_SIG,rx=2,sender=0,nonce=8500000000
8.60066,DATA_DROP_SIG,rx=8,sender=0,nonce=8500000000
8.60066,DATA_DROP_SIG,rx=3,sender=0,nonce=8500000000
8.60066,DATA_DROP_SIG,rx=5,sender=0,nonce=8500000000
8.60066,DATA_DROP_SIG,rx=10,sender=0,nonce=8500000000
8.60066,DATA_DROP_SIG,rx=4,sender=0,nonce=8500000000
8.60066,DATA_DROP_SIG,rx=9,sender=0,nonce=8500000000
8.60066,DATA_DROP_SIG,rx=7,sender=0,nonce=8500000000
8.60066,DATA_DROP_SIG,rx=6,sender=0,nonce=8500000000
8.60099,DATA_DROP_SIG,rx=1,sender=0,nonce=8600000000
8.60099,DATA_DROP_SIG,rx=11,sender=0,nonce=8600000000
8.60099,DATA_DROP_SIG,rx=2,sender=0,nonce=8600000000
8.60099,DATA_DROP_SIG,rx=8,sender=0,nonce=8600000000
8.60099,DATA_DROP_SIG,rx=3,sender=0,nonce=8600000000
8.60099,DATA_DROP_SIG,rx=5,sender=0,nonce=8600000000
8.60099,DATA_DROP_SIG,rx=10,sender=0,nonce=8600000000
8.60099,DATA_DROP_SIG,rx=4,sender=0,nonce=8600000000
8.60099,DATA_DROP_SIG,rx=9,sender=0,nonce=8600000000
8.60099,DATA_DROP_SIG,rx=7,sender=0,nonce=8600000000
8.60099,DATA_DROP_SIG,rx=6,sender=0,nonce=8600000000
8.70066,DATA_DROP_SIG,rx=1,sender=0,nonce=8700000000
8.70066,DATA_DROP_SIG,rx=11,sender=0,nonce=8700000000
8.70066,DATA_DROP_SIG,rx=2,sender=0,nonce=8700000000
8.70066,DATA_DROP_SIG,rx=8,sender=0,nonce=8700000000
8.70066,DATA_DROP_SIG,rx=3,sender=0,nonce=8700000000
8.70066,DATA_DROP_SIG,rx=5,sender=0,nonce=8700000000
8.70066,DATA_DROP_SIG,rx=10,sender=0,nonce=8700000000
8.70066,DATA_DROP_SIG,rx=4,sender=0,nonce=8700000000
8.70066,DATA_DROP_SIG,rx=9,sender=0,nonce=8700000000
8.70066,DATA_DROP_SIG,rx=6,sender=0,nonce=8700000000
8.70066,DATA_DROP_SIG,rx=7,sender=0,nonce=8700000000
8.80066,DATA_DROP_SIG,rx=1,sender=0,nonce=8800000000
8.80066,DATA_DROP_SIG,rx=11,sender=0,nonce=8800000000
8.80066,DATA_DROP_SIG,rx=2,sender=0,nonce=8800000000
8.80066,DATA_DROP_SIG,rx=8,sender=0,nonce=8800000000
8.80066,DATA_DROP_SIG,rx=3,sender=0,nonce=8800000000
8.80066,DATA_DROP_SIG,rx=5,sender=0,nonce=8800000000
8.80066,DATA_DROP_SIG,rx=10,sender=0,nonce=8800000000
8.80066,DATA_DROP_SIG,rx=4,sender=0,nonce=8800000000
8.80066,DATA_DROP_SIG,rx=9,sender=0,nonce=8800000000
8.80066,DATA_DROP_SIG,rx=6,sender=0,nonce=8800000000
8.80066,DATA_DROP_SIG,rx=7,sender=0,nonce=8800000000
8.9,REPLAY_SENT,nonce=8800000000
8.90066,DATA_DROP_SIG,rx=11,sender=0,nonce=8800000000
8.90066,DATA_DROP_SIG,rx=1,sender=0,nonce=8800000000
8.90066,DATA_DROP_SIG,rx=2,sender=0,nonce=8800000000
8.90066,DATA_DROP_SIG,rx=8,sender=0,nonce=8800000000
8.90066,DATA_DROP_SIG,rx=3,sender=0,nonce=8800000000
8.90066,DATA_DROP_SIG,rx=5,sender=0,nonce=8800000000
8.90066,DATA_DROP_SIG,rx=10,sender=0,nonce=8800000000
8.90066,DATA_DROP_SIG,rx=4,sender=0,nonce=8800000000
8.90066,DATA_DROP_SIG,rx=9,sender=0,nonce=8800000000
8.90066,DATA_DROP_SIG,rx=6,sender=0,nonce=8800000000
8.90066,DATA_DROP_SIG,rx=7,sender=0,nonce=8800000000
8.90101,DATA_RX_OK,rx=11,sender=0,delay_s=0.001014
8.90101,DATA_RX_OK,rx=1,sender=0,delay_s=0.001014
8.90101,DATA_RX_OK,rx=2,sender=0,delay_s=0.001014
8.90101,DATA_RX_OK,rx=8,sender=0,delay_s=0.001014
8.90101,DATA_RX_OK,rx=3,sender=0,delay_s=0.001014
8.90101,DATA_RX_OK,rx=5,sender=0,delay_s=0.001014
8.90101,DATA_RX_OK,rx=10,sender=0,delay_s=0.001014
8.90101,DATA_RX_OK,rx=4,sender=0,delay_s=0.001014
8.90101,DATA_RX_OK,rx=9,sender=0,delay_s=0.001014
8.90101,DATA_RX_OK,rx=6,sender=0,delay_s=0.001014
8.90101,DATA_RX_OK,rx=7,sender=0,delay_s=0.001014
9,REPORT_SENT,by=0,about=7,delta=-0.050000
9,REPORT_SENT,by=1,about=6,delta=-0.050000
9,REPORT_SENT,by=2,about=4,delta=-0.050000
9,REPORT_SENT,by=3,about=7,delta=-0.050000
9,REPORT_SENT,by=4,about=1,delta=-0.050000
9,REPORT_SENT,by=5,about=2,delta=-0.050000
9,REPORT_SENT,by=6,about=6,delta=-0.050000
9,REPORT_SENT,by=7,about=1,delta=-0.050000
9,REPORT_SENT,by=8,about=7,delta=-0.050000
9,REPORT_SENT,by=9,about=5,delta=-0.050000
9.00043,REPORT_RX_RSU,rsu=10,by=9,about=5,delta=-0.050000
9.00057,REPORT_RX_RSU,rsu=10,by=5,about=2,delta=-0.050000
9.0007,REPORT_RX_RSU,rsu=10,by=0,about=7,delta=-0.050000
9.00084,REPORT_RX_RSU,rsu=10,by=4,about=1,delta=-0.050000
9.00098,REPORT_RX_RSU,rsu=10,by=8,about=7,delta=-0.050000
9.00153,DATA_DROP_SIG,rx=11,sender=0,nonce=9000000000
9.00153,DATA_DROP_SIG,rx=1,sender=0,nonce=9000000000
9.00153,DATA_DROP_SIG,rx=2,sender=0,nonce=9000000000
9.00153,DATA_DROP_SIG,rx=8,sender=0,nonce=9000000000
9.00153,DATA_DROP_SIG,rx=3,sender=0,nonce=9000000000
9.00153,DATA_DROP_SIG,rx=10,sender=0,nonce=9000000000
9.00153,DATA_DROP_SIG,rx=5,sender=0,nonce=9000000000
9.00153,DATA_DROP_SIG,rx=4,sender=0,nonce=9000000000
9.00153,DATA_DROP_SIG,rx=9,sender=0,nonce=9000000000
9.00153,DATA_DROP_SIG,rx=6,sender=0,nonce=9000000000
9.00153,DATA_DROP_SIG,rx=7,sender=0,nonce=9000000000
9.00156,REPORT_RX_RSU,rsu=10,by=1,about=6,delta=-0.050000
9.00182,REPORT_RX_RSU,rsu=10,by=7,about=1,delta=-0.050000
9.10066,DATA_DROP_SIG,rx=11,sender=0,nonce=9100000000
9.10066,DATA_DROP_SIG,rx=1,sender=0,nonce=9100000000
9.10066,DATA_DROP_SIG,rx=2,sender=0,nonce=9100000000
9.10066,DATA_DROP_SIG,rx=8,sender=0,nonce=9100000000
9.10066,DATA_DROP_SIG,rx=3,sender=0,nonce=9100000000
9.10066,DATA_DROP_SIG,rx=10,sender=0,nonce=9100000000
9.10066,DATA_DROP_SIG,rx=5,sender=0,nonce=9100000000
9.10066,DATA_DROP_SIG,rx=4,sender=0,nonce=9100000000
9.10066,DATA_DROP_SIG,rx=9,sender=0,nonce=9100000000
9.10066,DATA_DROP_SIG,rx=6,sender=0,nonce=9100000000
9.10066,DATA_DROP_SIG,rx=7,sender=0,nonce=9100000000
9.2,REPLAY_SENT,nonce=9100000000
9.20066,DATA_DROP_SIG,rx=11,sender=0,nonce=9100000000
9.20066,DATA_DROP_SIG,rx=1,sender=0,nonce=9100000000
9.20066,DATA_DROP_SIG,rx=2,sender=0,nonce=9100000000
9.20066,DATA_DROP_SIG,rx=8,sender=0,nonce=9100000000
9.20066,DATA_DROP_SIG,rx=3,sender=0,nonce=9100000000
9.20066,DATA_DROP_SIG,rx=10,sender=0,nonce=9100000000
9.20066,DATA_DROP_SIG,rx=5,sender=0,nonce=9100000000
9.20066,DATA_DROP_SIG,rx=9,sender=0,nonce=9100000000
9.20066,DATA_DROP_SIG,rx=4,sender=0,nonce=9100000000
9.20066,DATA_DROP_SIG,rx=6,sender=0,nonce=9100000000
9.20066,DATA_DROP_SIG,rx=7,sender=0,nonce=9100000000
9.20106,DATA_RX_OK,rx=11,sender=0,delay_s=0.001059
9.20106,DATA_RX_OK,rx=1,sender=0,delay_s=0.001059
9.20106,DATA_RX_OK,rx=2,sender=0,delay_s=0.001059
9.20106,DATA_RX_OK,rx=8,sender=0,delay_s=0.001059
9.20106,DATA_RX_OK,rx=3,sender=0,delay_s=0.001059
9.20106,DATA_RX_OK,rx=10,sender=0,delay_s=0.001059
9.20106,DATA_RX_OK,rx=5,sender=0,delay_s=0.001059
9.20106,DATA_RX_OK,rx=9,sender=0,delay_s=0.001059
9.20106,DATA_RX_OK,rx=4,sender=0,delay_s=0.001059
9.20106,DATA_RX_OK,rx=6,sender=0,delay_s=0.001059
9.20106,DATA_RX_OK,rx=7,sender=0,delay_s=0.001059
9.30066,DATA_RX_OK,rx=11,sender=0,delay_s=0.000662
9.30066,DATA_RX_OK,rx=1,sender=0,delay_s=0.000662
9.30066,DATA_RX_OK,rx=2,sender=0,delay_s=0.000662
9.30066,DATA_RX_OK,rx=8,sender=0,delay_s=0.000662
9.30066,DATA_RX_OK,rx=3,sender=0,delay_s=0.000662
9.30066,DATA_RX_OK,rx=10,sender=0,delay_s=0.000662
9.30066,DATA_RX_OK,rx=5,sender=0,delay_s=0.000662
9.30066,DATA_RX_OK,rx=9,sender=0,delay_s=0.000662
9.30066,DATA_RX_OK,rx=4,sender=0,delay_s=0.000662
9.30066,DATA_RX_OK,rx=6,sender=0,delay_s=0.000662
9.30066,DATA_RX_OK,rx=7,sender=0,delay_s=0.000662
9.40066,DATA_DROP_SIG,rx=11,sender=0,nonce=9400000000
9.40066,DATA_DROP_SIG,rx=1,sender=0,nonce=9400000000
9.40066,DATA_DROP_SIG,rx=2,sender=0,nonce=9400000000
9.40066,DATA_DROP_SIG,rx=8,sender=0,nonce=9400000000
9.40066,DATA_DROP_SIG,rx=3,sender=0,nonce=9400000000
9.40066,DATA_DROP_SIG,rx=10,sender=0,nonce=9400000000
9.40066,DATA_DROP_SIG,rx=5,sender=0,nonce=9400000000
9.40066,DATA_DROP_SIG,rx=9,sender=0,nonce=9400000000
9.40066,DATA_DROP_SIG,rx=4,sender=0,nonce=9400000000
9.40066,DATA_DROP_SIG,rx=6,sender=0,nonce=9400000000
9.40066,DATA_DROP_SIG,rx=7,sender=0,nonce=9400000000
9.45,BLOCK_MINE_START,block_next=10
9.5,REPLAY_SENT,nonce=9400000000
9.5,BLOCK_COMMIT_ITEM,accused=5,delta=-0.050000,trust=0.500000
9.5,BLOCK_COMMIT_ITEM,accused=2,delta=-0.050000,trust=0.340000
9.5,BLOCK_COMMIT_ITEM,accused=7,delta=-0.050000,trust=0.370000
9.5,BLOCK_COMMIT_ITEM,accused=1,delta=-0.050000,trust=0.500000
9.5,BLOCK_COMMIT_ITEM,accused=7,delta=-0.050000,trust=0.320000
9.5,BLOCK_COMMIT_ITEM,accused=6,delta=-0.050000,trust=0.580000
9.5,BLOCK_COMMIT_ITEM,accused=1,delta=-0.050000,trust=0.450000
9.5,BLOCK_COMMIT_DONE,block=10,items=7,lat_s=0.050000
9.50066,DATA_DROP_SIG,rx=11,sender=0,nonce=9400000000
9.50066,DATA_DROP_SIG,rx=1,sender=0,nonce=9400000000
9.50066,DATA_DROP_SIG,rx=2,sender=0,nonce=9400000000
9.50066,DATA_DROP_SIG,rx=8,sender=0,nonce=9400000000
9.50066,DATA_DROP_SIG,rx=3,sender=0,nonce=9400000000
9.50066,DATA_DROP_SIG,rx=10,sender=0,nonce=9400000000
9.50066,DATA_DROP_SIG,rx=5,sender=0,nonce=9400000000
9.50066,DATA_DROP_SIG,rx=9,sender=0,nonce=9400000000
9.50066,DATA_DROP_SIG,rx=4,sender=0,nonce=9400000000
9.50066,DATA_DROP_SIG,rx=6,sender=0,nonce=9400000000
9.50066,DATA_DROP_SIG,rx=7,sender=0,nonce=9400000000
9.50102,DATA_DROP_SIG,rx=11,sender=0,nonce=9500000000
9.50102,DATA_DROP_SIG,rx=1,sender=0,nonce=9500000000
9.50102,DATA_DROP_SIG,rx=2,sender=0,nonce=9500000000
9.50102,DATA_DROP_SIG,rx=8,sender=0,nonce=9500000000
9.50102,DATA_DROP_SIG,rx=3,sender=0,nonce=9500000000
9.50102,DATA_DROP_SIG,rx=10,sender=0,nonce=9500000000
9.50102,DATA_DROP_SIG,rx=5,sender=0,nonce=9500000000
9.50102,DATA_DROP_SIG,rx=9,sender=0,nonce=9500000000
9.50102,DATA_DROP_SIG,rx=4,sender=0,nonce=9500000000
9.50102,DATA_DROP_SIG,rx=6,sender=0,nonce=9500000000
9.50102,DATA_DROP_SIG,rx=7,sender=0,nonce=9500000000
9.60066,DATA_DROP_SIG,rx=1,sender=0,nonce=9600000000
9.60066,DATA_DROP_SIG,rx=11,sender=0,nonce=9600000000
9.60066,DATA_DROP_SIG,rx=2,sender=0,nonce=9600000000
9.60066,DATA_DROP_SIG,rx=8,sender=0,nonce=9600000000
9.60066,DATA_DROP_SIG,rx=3,sender=0,nonce=9600000000
9.60066,DATA_DROP_SIG,rx=10,sender=0,nonce=9600000000
9.60066,DATA_DROP_SIG,rx=5,sender=0,nonce=9600000000
9.60066,DATA_DROP_SIG,rx=9,sender=0,nonce=9600000000
9.60066,DATA_DROP_SIG,rx=4,sender=0,nonce=9600000000
9.60066,DATA_DROP_SIG,rx=6,sender=0,nonce=9600000000
9.60066,DATA_DROP_SIG,rx=7,sender=0,nonce=9600000000
9.70066,DATA_RX_OK,rx=1,sender=0,delay_s=0.000662
9.70066,DATA_RX_OK,rx=11,sender=0,delay_s=0.000662
9.70066,DATA_RX_OK,rx=2,sender=0,delay_s=0.000662
9.70066,DATA_RX_OK,rx=8,sender=0,delay_s=0.000662
9.70066,DATA_RX_OK,rx=3,sender=0,delay_s=0.000662
9.70066,DATA_RX_OK,rx=10,sender=0,delay_s=0.000662
9.70066,DATA_RX_OK,rx=5,sender=0,delay_s=0.000662
9.70066,DATA_RX_OK,rx=9,sender=0,delay_s=0.000662
9.70066,DATA_RX_OK,rx=4,sender=0,delay_s=0.000662
9.70066,DATA_RX_OK,rx=6,sender=0,delay_s=0.000662
9.70066,DATA_RX_OK,rx=7,sender=0,delay_s=0.000662
9.8,REPLAY_SENT,nonce=9700000000
9.80066,DATA_DROP_REPLAY,rx=1,sender=0,nonce=9700000000
9.80066,DATA_DROP_REPLAY,rx=11,sender=0,nonce=9700000000
9.80066,DATA_DROP_REPLAY,rx=2,sender=0,nonce=9700000000
9.80066,DATA_DROP_REPLAY,rx=8,sender=0,nonce=9700000000
9.80066,DATA_DROP_REPLAY,rx=10,sender=0,nonce=9700000000
9.80066,DATA_DROP_REPLAY,rx=3,sender=0,nonce=9700000000
9.80066,DATA_DROP_REPLAY,rx=5,sender=0,nonce=9700000000
9.80066,DATA_DROP_REPLAY,rx=9,sender=0,nonce=9700000000
9.80066,DATA_DROP_REPLAY,rx=4,sender=0,nonce=9700000000
9.80066,DATA_DROP_REPLAY,rx=6,sender=0,nonce=9700000000
9.80066,DATA_DROP_REPLAY,rx=7,sender=0,nonce=9700000000
9.80105,DATA_DROP_SIG,rx=1,sender=0,nonce=9800000000
9.80105,DATA_DROP_SIG,rx=11,sender=0,nonce=9800000000
9.80105,DATA_DROP_SIG,rx=2,sender=0,nonce=9800000000
9.80105,DATA_DROP_SIG,rx=8,sender=0,nonce=9800000000
9.80105,DATA_DROP_SIG,rx=10,sender=0,nonce=9800000000
9.80105,DATA_DROP_SIG,rx=3,sender=0,nonce=9800000000
9.80105,DATA_DROP_SIG,rx=5,sender=0,nonce=9800000000
9.80105,DATA_DROP_SIG,rx=9,sender=0,nonce=9800000000
9.80105,DATA_DROP_SIG,rx=4,sender=0,nonce=9800000000
9.80105,DATA_DROP_SIG,rx=6,sender=0,nonce=9800000000
9.80105,DATA_DROP_SIG,rx=7,sender=0,nonce=9800000000
9.90066,DATA_DROP_SIG,rx=1,sender=0,nonce=9900000000
9.90066,DATA_DROP_SIG,rx=11,sender=0,nonce=9900000000
9.90066,DATA_DROP_SIG,rx=2,sender=0,nonce=9900000000
9.90066,DATA_DROP_SIG,rx=10,sender=0,nonce=9900000000
9.90066,DATA_DROP_SIG,rx=3,sender=0,nonce=9900000000
9.90066,DATA_DROP_SIG,rx=8,sender=0,nonce=9900000000
9.90066,DATA_DROP_SIG,rx=5,sender=0,nonce=9900000000
9.90066,DATA_DROP_SIG,rx=9,sender=0,nonce=9900000000
9.90066,DATA_DROP_SIG,rx=4,sender=0,nonce=9900000000
9.90066,DATA_DROP_SIG,rx=6,sender=0,nonce=9900000000
9.90066,DATA_DROP_SIG,rx=7,sender=0,nonce=9900000000
10,REPORT_SENT,by=0,about=2,delta=0.020000
10,REPORT_SENT,by=1,about=4,delta=-0.050000
10,REPORT_SENT,by=2,about=2,delta=0.020000
10,REPORT_SENT,by=3,about=3,delta=-0.050000
10,REPORT_SENT,by=4,about=1,delta=0.020000
10,REPORT_SENT,by=5,about=3,delta=-0.050000
10,REPORT_SENT,by=6,about=3,delta=-0.050000
10,REPORT_SENT,by=7,about=4,delta=-0.050000
10,REPORT_SENT,by=8,about=4,delta=-0.050000
10,REPORT_SENT,by=9,about=8,delta=-0.050000
10.0002,REPORT_RX_RSU,rsu=10,by=5,about=3,delta=-0.050000
10.0003,REPORT_RX_RSU,rsu=10,by=1,about=4,delta=-0.050000
10.0005,REPORT_RX_RSU,rsu=10,by=0,about=2,delta=0.020000
10.0006,REPORT_RX_RSU,rsu=10,by=9,about=8,delta=-0.050000
10.0008,REPORT_RX_RSU,rsu=10,by=7,about=4,delta=-0.050000
10.0013,REPORT_RX_RSU,rsu=10,by=4,about=1,delta=0.020000
10.0013,DATA_RX_OK,rx=1,sender=0,delay_s=0.001336
10.0013,DATA_RX_OK,rx=11,sender=0,delay_s=0.001336
10.0013,DATA_RX_OK,rx=2,sender=0,delay_s=0.001336
10.0013,DATA_RX_OK,rx=10,sender=0,delay_s=0.001336
10.0013,DATA_RX_OK,rx=3,sender=0,delay_s=0.001336
10.0013,DATA_RX_OK,rx=8,sender=0,delay_s=0.001336
10.0013,DATA_RX_OK,rx=5,sender=0,delay_s=0.001336
10.0013,DATA_RX_OK,rx=9,sender=0,delay_s=0.001336
10.0013,DATA_RX_OK,rx=4,sender=0,delay_s=0.001336
10.0013,DATA_RX_OK,rx=6,sender=0,delay_s=0.001336
10.0013,DATA_RX_OK,rx=7,sender=0,delay_s=0.001336
10.0014,REPORT_RX_RSU,rsu=10,by=8,about=4,delta=-0.050000
10.1,REPLAY_SENT,nonce=10000000000
10.1007,DATA_DROP_REPLAY,rx=1,sender=0,nonce=10000000000
10.1007,DATA_DROP_REPLAY,rx=11,sender=0,nonce=10000000000
10.1007,DATA_DROP_REPLAY,rx=2,sender=0,nonce=10000000000
10.1007,DATA_DROP_REPLAY,rx=3,sender=0,nonce=10000000000
10.1007,DATA_DROP_REPLAY,rx=10,sender=0,nonce=10000000000
10.1007,DATA_DROP_REPLAY,rx=8,sender=0,nonce=10000000000
10.1007,DATA_DROP_REPLAY,rx=5,sender=0,nonce=10000000000
10.1007,DATA_DROP_REPLAY,rx=9,sender=0,nonce=10000000000
10.1007,DATA_DROP_REPLAY,rx=4,sender=0,nonce=10000000000
10.1007,DATA_DROP_REPLAY,rx=6,sender=0,nonce=10000000000
10.1007,DATA_DROP_REPLAY,rx=7,sender=0,nonce=10000000000
10.1009,DATA_RX_OK,rx=1,sender=0,delay_s=0.000942
10.1009,DATA_RX_OK,rx=11,sender=0,delay_s=0.000942
10.1009,DATA_RX_OK,rx=2,sender=0,delay_s=0.000942
10.1009,DATA_RX_OK,rx=3,sender=0,delay_s=0.000942
10.1009,DATA_RX_OK,rx=10,sender=0,delay_s=0.000942
10.1009,DATA_RX_OK,rx=8,sender=0,delay_s=0.000942
10.1009,DATA_RX_OK,rx=5,sender=0,delay_s=0.000942
10.1009,DATA_RX_OK,rx=9,sender=0,delay_s=0.000942
10.1009,DATA_RX_OK,rx=4,sender=0,delay_s=0.000942
10.1009,DATA_RX_OK,rx=6,sender=0,delay_s=0.000942
10.1009,DATA_RX_OK,rx=7,sender=0,delay_s=0.000942
10.2007,DATA_DROP_SIG,rx=1,sender=0,nonce=10200000000
10.2007,DATA_DROP_SIG,rx=11,sender=0,nonce=10200000000
10.2007,DATA_DROP_SIG,rx=2,sender=0,nonce=10200000000
10.2007,DATA_DROP_SIG,rx=3,sender=0,nonce=10200000000
10.2007,DATA_DROP_SIG,rx=10,sender=0,nonce=10200000000
10.2007,DATA_DROP_SIG,rx=8,sender=0,nonce=10200000000
10.2007,DATA_DROP_SIG,rx=5,sender=0,nonce=10200000000
10.2007,DATA_DROP_SIG,rx=9,sender=0,nonce=10200000000
10.2007,DATA_DROP_SIG,rx=4,sender=0,nonce=10200000000
10.2007,DATA_DROP_SIG,rx=6,sender=0,nonce=10200000000
10.2007,DATA_DROP_SIG,rx=7,sender=0,nonce=10200000000
10.3007,DATA_RX_OK,rx=1,sender=0,delay_s=0.000662
10.3007,DATA_RX_OK,rx=11,sender=0,delay_s=0.000662
10.3007,DATA_RX_OK,rx=2,sender=0,delay_s=0.000662
10.3007,DATA_RX_OK,rx=3,sender=0,delay_s=0.000662
10.3007,DATA_RX_OK,rx=10,sender=0,delay_s=0.000662
10.3007,DATA_RX_OK,rx=8,sender=0,delay_s=0.000662
10.3007,DATA_RX_OK,rx=5,sender=0,delay_s=0.000662
10.3007,DATA_RX_OK,rx=9,sender=0,delay_s=0.000662
10.3007,DATA_RX_OK,rx=4,sender=0,delay_s=0.000662
10.3007,DATA_RX_OK,rx=6,sender=0,delay_s=0.000662
10.3007,DATA_RX_OK,rx=7,sender=0,delay_s=0.000662
10.4,REPLAY_SENT,nonce=10300000000
10.4007,DATA_DROP_REPLAY,rx=11,sender=0,nonce=10300000000
10.4007,DATA_DROP_REPLAY,rx=1,sender=0,nonce=10300000000
10.4007,DATA_DROP_REPLAY,rx=2,sender=0,nonce=10300000000
10.4007,DATA_DROP_REPLAY,rx=3,sender=0,nonce=10300000000
10.4007,DATA_DROP_REPLAY,rx=10,sender=0,nonce=10300000000
10.4007,DATA_DROP_REPLAY,rx=8,sender=0,nonce=10300000000
10.4007,DATA_DROP_REPLAY,rx=5,sender=0,nonce=10300000000
10.4007,DATA_DROP_REPLAY,rx=9,sender=0,nonce=10300000000
10.4007,DATA_DROP_REPLAY,rx=7,sender=0,nonce=10300000000
10.4007,DATA_DROP_REPLAY,rx=4,sender=0,nonce=10300000000
10.4007,DATA_DROP_REPLAY,rx=6,sender=0,nonce=10300000000
10.401,DATA_DROP_SIG,rx=11,sender=0,nonce=10400000000
10.401,DATA_DROP_SIG,rx=1,sender=0,nonce=10400000000
10.401,DATA_DROP_SIG,rx=2,sender=0,nonce=10400000000
10.401,DATA_DROP_SIG,rx=3,sender=0,nonce=10400000000
10.401,DATA_DROP_SIG,rx=10,sender=0,nonce=10400000000
10.401,DATA_DROP_SIG,rx=8,sender=0,nonce=10400000000
10.401,DATA_DROP_SIG,rx=5,sender=0,nonce=10400000000
10.401,DATA_DROP_SIG,rx=9,sender=0,nonce=10400000000
10.401,DATA_DROP_SIG,rx=7,sender=0,nonce=10400000000
10.401,DATA_DROP_SIG,rx=4,sender=0,nonce=10400000000
10.401,DATA_DROP_SIG,rx=6,sender=0,nonce=10400000000
10.5,BLOCK_MINE_START,block_next=11
10.5007,DATA_DROP_SIG,rx=11,sender=0,nonce=10500000000
10.5007,DATA_DROP_SIG,rx=1,sender=0,nonce=10500000000
10.5007,DATA_DROP_SIG,rx=2,sender=0,nonce=10500000000
10.5007,DATA_DROP_SIG,rx=3,sender=0,nonce=10500000000
10.5007,DATA_DROP_SIG,rx=10,sender=0,nonce=10500000000
10.5007,DATA_DROP_SIG,rx=8,sender=0,nonce=10500000000
10.5007,DATA_DROP_SIG,rx=5,sender=0,nonce=10500000000
10.5007,DATA_DROP_SIG,rx=7,sender=0,nonce=10500000000
10.5007,DATA_DROP_SIG,rx=9,sender=0,nonce=10500000000
10.5007,DATA_DROP_SIG,rx=6,sender=0,nonce=10500000000
10.5007,DATA_DROP_SIG,rx=4,sender=0,nonce=10500000000
10.55,BLOCK_COMMIT_ITEM,accused=3,delta=-0.050000,trust=0.370000
10.55,BLOCK_COMMIT_ITEM,accused=4,delta=-0.050000,trust=0.570000
10.55,BLOCK_COMMIT_ITEM,accused=2,delta=0.020000,trust=0.360000
10.55,BLOCK_COMMIT_ITEM,accused=8,delta=-0.050000,trust=0.340000
10.55,BLOCK_COMMIT_ITEM,accused=4,delta=-0.050000,trust=0.520000
10.55,BLOCK_COMMIT_ITEM,accused=1,delta=0.020000,trust=0.470000
10.55,BLOCK_COMMIT_ITEM,accused=4,delta=-0.050000,trust=0.470000
10.55,BLOCK_COMMIT_DONE,block=11,items=7,lat_s=0.050000
10.6007,DATA_DROP_SIG,rx=11,sender=0,nonce=10600000000
10.6007,DATA_DROP_SIG,rx=2,sender=0,nonce=10600000000
10.6007,DATA_DROP_SIG,rx=1,sender=0,nonce=10600000000
10.6007,DATA_DROP_SIG,rx=3,sender=0,nonce=10600000000
10.6007,DATA_DROP_SIG,rx=10,sender=0,nonce=10600000000
10.6007,DATA_DROP_SIG,rx=5,sender=0,nonce=10600000000
10.6007,DATA_DROP_SIG,rx=8,sender=0,nonce=10600000000
10.6007,DATA_DROP_SIG,rx=7,sender=0,nonce=10600000000
10.6007,DATA_DROP_SIG,rx=6,sender=0,nonce=10600000000
10.6007,DATA_DROP_SIG,rx=9,sender=0,nonce=10600000000
10.6007,DATA_DROP_SIG,rx=4,sender=0,nonce=10600000000
10.7,REPLAY_SENT,nonce=10600000000
10.7007,DATA_DROP_SIG,rx=11,sender=0,nonce=10600000000
10.7007,DATA_DROP_SIG,rx=2,sender=0,nonce=10600000000
10.7007,DATA_DROP_SIG,rx=1,sender=0,nonce=10600000000
10.7007,DATA_DROP_SIG,rx=3,sender=0,nonce=10600000000
10.7007,DATA_DROP_SIG,rx=5,sender=0,nonce=10600000000
10.7007,DATA_DROP_SIG,rx=10,sender=0,nonce=10600000000
10.7007,DATA_DROP_SIG,rx=8,sender=0,nonce=10600000000
10.7007,DATA_DROP_SIG,rx=7,sender=0,nonce=10600000000
10.7007,DATA_DROP_SIG,rx=6,sender=0,nonce=10600000000
10.7007,DATA_DROP_SIG,rx=9,sender=0,nonce=10600000000
10.7007,DATA_DROP_SIG,rx=4,sender=0,nonce=10600000000
10.701,DATA_RX_OK,rx=11,sender=0,delay_s=0.001032
10.701,DATA_RX_OK,rx=2,sender=0,delay_s=0.001032
10.701,DATA_RX_OK,rx=1,sender=0,delay_s=0.001032
10.701,DATA_RX_OK,rx=3,sender=0,delay_s=0.001032
10.701,DATA_RX_OK,rx=5,sender=0,delay_s=0.001032
10.701,DATA_RX_OK,rx=10,sender=0,delay_s=0.001032
10.701,DATA_RX_OK,rx=8,sender=0,delay_s=0.001032
10.701,DATA_RX_OK,rx=7,sender=0,delay_s=0.001032
10.701,DATA_RX_OK,rx=6,sender=0,delay_s=0.001032
10.701,DATA_RX_OK,rx=9,sender=0,delay_s=0.001032
10.701,DATA_RX_OK,rx=4,sender=0,delay_s=0.001032
10.8007,DATA_DROP_SIG,rx=11,sender=0,nonce=10800000000
10.8007,DATA_DROP_SIG,rx=2,sender=0,nonce=10800000000
10.8007,DATA_DROP_SIG,rx=1,sender=0,nonce=10800000000
10.8007,DATA_DROP_SIG,rx=3,sender=0,nonce=10800000000
10.8007,DATA_DROP_SIG,rx=5,sender=0,nonce=10800000000
10.8007,DATA_DROP_SIG,rx=10,sender=0,nonce=10800000000
10.8007,DATA_DROP_SIG,rx=8,sender=0,nonce=10800000000
10.8007,DATA_DROP_SIG,rx=7,sender=0,nonce=10800000000
10.8007,DATA_DROP_SIG,rx=6,sender=0,nonce=10800000000
10.8007,DATA_DROP_SIG,rx=9,sender=0,nonce=10800000000
10.8007,DATA_DROP_SIG,rx=4,sender=0,nonce=10800000000
10.9007,DATA_DROP_SIG,rx=11,sender=0,nonce=10900000000
10.9007,DATA_DROP_SIG,rx=2,sender=0,nonce=10900000000
10.9007,DATA_DROP_SIG,rx=1,sender=0,nonce=10900000000
10.9007,DATA_DROP_SIG,rx=3,sender=0,nonce=10900000000
10.9007,DATA_DROP_SIG,rx=5,sender=0,nonce=10900000000
10.9007,DATA_DROP_SIG,rx=10,sender=0,nonce=10900000000
10.9007,DATA_DROP_SIG,rx=8,sender=0,nonce=10900000000
10.9007,DATA_DROP_SIG,rx=7,sender=0,nonce=10900000000
10.9007,DATA_DROP_SIG,rx=6,sender=0,nonce=10900000000
10.9007,DATA_DROP_SIG,rx=9,sender=0,nonce=10900000000
10.9007,DATA_DROP_SIG,rx=4,sender=0,nonce=10900000000
11,REPORT_SENT,by=0,about=0,delta=-0.050000
11,REPORT_SENT,by=1,about=7,delta=0.020000
11,REPORT_SENT,by=2,about=2,delta=-0.050000
11,REPORT_SENT,by=3,about=5,delta=-0.050000
11,REPORT_SENT,by=4,about=8,delta=-0.050000
11,REPORT_SENT,by=5,about=3,delta=0.020000
11,REPORT_SENT,by=6,about=4,delta=0.020000
11,REPORT_SENT,by=7,about=7,delta=-0.050000
11,REPORT_SENT,by=8,about=8,delta=-0.050000
11,REPORT_SENT,by=9,about=2,delta=-0.050000
11,REPLAY_SENT,nonce=10900000000
11.0002,REPORT_RX_RSU,rsu=10,by=1,about=7,delta=0.020000
11.0004,REPORT_RX_RSU,rsu=10,by=9,about=2,delta=-0.050000
11.0006,REPORT_RX_RSU,rsu=10,by=4,about=8,delta=-0.050000
11.0008,REPORT_RX_RSU,rsu=10,by=0,about=0,delta=-0.050000
11.001,REPORT_RX_RSU,rsu=10,by=5,about=3,delta=0.020000
11.0015,DATA_DROP_SIG,rx=11,sender=0,nonce=10900000000
11.0015,DATA_DROP_SIG,rx=2,sender=0,nonce=10900000000
11.0015,DATA_DROP_SIG,rx=1,sender=0,nonce=10900000000
11.0015,DATA_DROP_SIG,rx=3,sender=0,nonce=10900000000
11.0015,DATA_DROP_SIG,rx=5,sender=0,nonce=10900000000
11.0015,DATA_DROP_SIG,rx=10,sender=0,nonce=10900000000
11.0015,DATA_DROP_SIG,rx=8,sender=0,nonce=10900000000
11.0015,DATA_DROP_SIG,rx=7,sender=0,nonce=10900000000
11.0015,DATA_DROP_SIG,rx=6,sender=0,nonce=10900000000
11.0015,DATA_DROP_SIG,rx=9,sender=0,nonce=10900000000
11.0015,DATA_DROP_SIG,rx=4,sender=0,nonce=10900000000
11.0019,REPORT_RX_RSU,rsu=10,by=8,about=8,delta=-0.050000
11.0019,DATA_DROP_SIG,rx=11,sender=0,nonce=11000000000
11.0019,DATA_DROP_SIG,rx=2,sender=0,nonce=11000000000
11.0019,DATA_DROP_SIG,rx=1,sender=0,nonce=11000000000
11.0019,DATA_DROP_SIG,rx=3,sender=0,nonce=11000000000
11.0019,DATA_DROP_SIG,rx=5,sender=0,nonce=11000000000
11.0019,DATA_DROP_SIG,rx=10,sender=0,nonce=11000000000
11.0019,DATA_DROP_SIG,rx=8,sender=0,nonce=11000000000
11.0019,DATA_DROP_SIG,rx=7,sender=0,nonce=11000000000
11.0019,DATA_DROP_SIG,rx=6,sender=0,nonce=11000000000
11.0019,DATA_DROP_SIG,rx=9,sender=0,nonce=11000000000
11.0019,DATA_DROP_SIG,rx=4,sender=0,nonce=11000000000
11.0021,REPORT_RX_RSU,rsu=10,by=7,about=7,delta=-0.050000
11.1007,DATA_DROP_SIG,rx=2,sender=0,nonce=11100000000
11.1007,DATA_DROP_SIG,rx=11,sender=0,nonce=11100000000
11.1007,DATA_DROP_SIG,rx=1,sender=0,nonce=11100000000
11.1007,DATA_DROP_SIG,rx=3,sender=0,nonce=11100000000
11.1007,DATA_DROP_SIG,rx=5,sender=0,nonce=11100000000
11.1007,DATA_DROP_SIG,rx=10,sender=0,nonce=11100000000
11.1007,DATA_DROP_SIG,rx=8,sender=0,nonce=11100000000
11.1007,DATA_DROP_SIG,rx=7,sender=0,nonce=11100000000
11.1007,DATA_DROP_SIG,rx=6,sender=0,nonce=11100000000
11.1007,DATA_DROP_SIG,rx=9,sender=0,nonce=11100000000
11.1007,DATA_DROP_SIG,rx=4,sender=0,nonce=11100000000
11.2007,DATA_DROP_SIG,rx=2,sender=0,nonce=11200000000
11.2007,DATA_DROP_SIG,rx=11,sender=0,nonce=11200000000
11.2007,DATA_DROP_SIG,rx=1,sender=0,nonce=11200000000
11.2007,DATA_DROP_SIG,rx=3,sender=0,nonce=11200000000
11.2007,DATA_DROP_SIG,rx=5,sender=0,nonce=11200000000
11.2007,DATA_DROP_SIG,rx=10,sender=0,nonce=11200000000
11.2007,DATA_DROP_SIG,rx=8,sender=0,nonce=11200000000
11.2007,DATA_DROP_SIG,rx=6,sender=0,nonce=11200000000
11.2007,DATA_DROP_SIG,rx=7,sender=0,nonce=11200000000
11.2007,DATA_DROP_SIG,rx=9,sender=0,nonce=11200000000
11.2007,DATA_DROP_SIG,rx=4,sender=0,nonce=11200000000
11.3,REPLAY_SENT,nonce=11200000000
11.3007,DATA_DROP_SIG,rx=2,sender=0,nonce=11200000000
11.3007,DATA_DROP_SIG,rx=11,sender=0,nonce=11200000000
11.3007,DATA_DROP_SIG,rx=1,sender=0,nonce=11200000000
11.3007,DATA_DROP_SIG,rx=3,sender=0,nonce=11200000000
11.3007,DATA_DROP_SIG,rx=10,sender=0,nonce=11200000000
11.3007,DATA_DROP_SIG,rx=5,sender=0,nonce=11200000000
11.3007,DATA_DROP_SIG,rx=8,sender=0,nonce=11200000000
11.3007,DATA_DROP_SIG,rx=6,sender=0,nonce=11200000000
11.3007,DATA_DROP_SIG,rx=9,sender=0,nonce=11200000000
11.3007,DATA_DROP_SIG,rx=7,sender=0,nonce=11200000000
11.3007,DATA_DROP_SIG,rx=4,sender=0,nonce=11200000000
11.3009,DATA_DROP_SIG,rx=2,sender=0,nonce=11300000000
11.3009,DATA_DROP_SIG,rx=11,sender=0,nonce=11300000000
11.3009,DATA_DROP_SIG,rx=1,sender=0,nonce=11300000000
11.3009,DATA_DROP_SIG,rx=3,sender=0,nonce=11300000000
11.3009,DATA_DROP_SIG,rx=10,sender=0,nonce=11300000000
11.3009,DATA_DROP_SIG,rx=5,sender=0,nonce=11300000000
11.3009,DATA_DROP_SIG,rx=8,sender=0,nonce=11300000000
11.3009,DATA_DROP_SIG,rx=6,sender=0,nonce=11300000000
11.3009,DATA_DROP_SIG,rx=9,sender=0,nonce=11300000000
11.3009,DATA_DROP_SIG,rx=7,sender=0,nonce=11300000000
11.3009,DATA_DROP_SIG,rx=4,sender=0,nonce=11300000000
11.4007,DATA_DROP_SIG,rx=2,sender=0,nonce=11400000000
11.4007,DATA_DROP_SIG,rx=11,sender=0,nonce=11400000000
11.4007,DATA_DROP_SIG,rx=1,sender=0,nonce=11400000000
11.4007,DATA_DROP_SIG,rx=3,sender=0,nonce=11400000000
11.4007,DATA_DROP_SIG,rx=10,sender=0,nonce=11400000000
11.4007,DATA_DROP_SIG,rx=5,sender=0,nonce=11400000000
11.4007,DATA_DROP_SIG,rx=8,sender=0,nonce=11400000000
11.4007,DATA_DROP_SIG,rx=6,sender=0,nonce=11400000000
11.4007,DATA_DROP_SIG,rx=9,sender=0,nonce=11400000000
11.4007,DATA_DROP_SIG,rx=7,sender=0,nonce=11400000000
11.4007,DATA_DROP_SIG,rx=4,sender=0,nonce=11400000000
11.5007,DATA_RX_OK,rx=2,sender=0,delay_s=0.000662
11.5007,DATA_RX_OK,rx=11,sender=0,delay_s=0.000662
11.5007,DATA_RX_OK,rx=1,sender=0,delay_s=0.000662
11.5007,DATA_RX_OK,rx=3,sender=0,delay_s=0.000662
11.5007,DATA_RX_OK,rx=10,sender=0,delay_s=0.000662
11.5007,DATA_RX_OK,rx=5,sender=0,delay_s=0.000662
11.5007,DATA_RX_OK,rx=8,sender=0,delay_s=0.000662
11.5007,DATA_RX_OK,rx=9,sender=0,delay_s=0.000662
11.5007,DATA_RX_OK,rx=6,sender=0,delay_s=0.000662
11.5007,DATA_RX_OK,rx=7,sender=0,delay_s=0.000662
11.5007,DATA_RX_OK,rx=4,sender=0,delay_s=0.000662
11.55,BLOCK_MINE_START,block_next=12
11.6,REPLAY_SENT,nonce=11500000000
11.6,BLOCK_COMMIT_ITEM,accused=7,delta=0.020000,trust=0.340000
11.6,BLOCK_COMMIT_ITEM,accused=2,delta=-0.050000,trust=0.310000
11.6,BLOCK_COMMIT_ITEM,accused=8,delta=-0.050000,trust=0.290000
11.6,BLOCK_COMMIT_ITEM,accused=0,delta=-0.050000,trust=0.550000
11.6,BLOCK_COMMIT_ITEM,accused=3,delta=0.020000,trust=0.390000
11.6,BLOCK_COMMIT_ITEM,accused=8,delta=-0.050000,trust=0.240000
11.6,BLOCK_COMMIT_ITEM,accused=7,delta=-0.050000,trust=0.290000
11.6,BLOCK_COMMIT_DONE,block=12,items=7,lat_s=0.050000
11.6007,DATA_DROP_REPLAY,rx=2,sender=0,nonce=11500000000
11.6007,DATA_DROP_REPLAY,rx=11,sender=0,nonce=11500000000
11.6007,DATA_DROP_REPLAY,rx=1,sender=0,nonce=11500000000
11.6007,DATA_DROP_REPLAY,rx=3,sender=0,nonce=11500000000
11.6007,DATA_DROP_REPLAY,rx=10,sender=0,nonce=11500000000
11.6007,DATA_DROP_REPLAY,rx=5,sender=0,nonce=11500000000
11.6007,DATA_DROP_REPLAY,rx=8,sender=0,nonce=11500000000
11.6007,DATA_DROP_REPLAY,rx=9,sender=0,nonce=11500000000
11.6007,DATA_DROP_REPLAY,rx=6,sender=0,nonce=11500000000
11.6007,DATA_DROP_REPLAY,rx=7,sender=0,nonce=11500000000
11.6007,DATA_DROP_REPLAY,rx=4,sender=0,nonce=11500000000
11.601,DATA_DROP_SIG,rx=2,sender=0,nonce=11600000000
11.601,DATA_DROP_SIG,rx=11,sender=0,nonce=11600000000
11.601,DATA_DROP_SIG,rx=1,sender=0,nonce=11600000000
11.601,DATA_DROP_SIG,rx=3,sender=0,nonce=11600000000
11.601,DATA_DROP_SIG,rx=10,sender=0,nonce=11600000000
11.601,DATA_DROP_SIG,rx=5,sender=0,nonce=11600000000
11.601,DATA_DROP_SIG,rx=8,sender=0,nonce=11600000000
11.601,DATA_DROP_SIG,rx=9,sender=0,nonce=11600000000
11.601,DATA_DROP_SIG,rx=6,sender=0,nonce=11600000000
11.601,DATA_DROP_SIG,rx=7,sender=0,nonce=11600000000
11.601,DATA_DROP_SIG,rx=4,sender=0,nonce=11600000000
11.7007,DATA_DROP_SIG,rx=2,sender=0,nonce=11700000000
11.7007,DATA_DROP_SIG,rx=1,sender=0,nonce=11700000000
11.7007,DATA_DROP_SIG,rx=11,sender=0,nonce=11700000000
11.7007,DATA_DROP_SIG,rx=10,sender=0,nonce=11700000000
11.7007,DATA_DROP_SIG,rx=3,sender=0,nonce=11700000000
11.7007,DATA_DROP_SIG,rx=5,sender=0,nonce=11700000000
11.7007,DATA_DROP_SIG,rx=8,sender=0,nonce=11700000000
11.7007,DATA_DROP_SIG,rx=9,sender=0,nonce=11700000000
11.7007,DATA_DROP_SIG,rx=6,sender=0,nonce=11700000000
11.7007,DATA_DROP_SIG,rx=7,sender=0,nonce=11700000000
11.7007,DATA_DROP_SIG,rx=4,sender=0,nonce=11700000000
11.8007,DATA_DROP_SIG,rx=2,sender=0,nonce=11800000000
11.8007,DATA_DROP_SIG,rx=11,sender=0,nonce=11800000000
11.8007,DATA_DROP_SIG,rx=1,sender=0,nonce=11800000000
11.8007,DATA_DROP_SIG,rx=3,sender=0,nonce=11800000000
11.8007,DATA_DROP_SIG,rx=10,sender=0,nonce=11800000000
11.8007,DATA_DROP_SIG,rx=5,sender=0,nonce=11800000000
11.8007,DATA_DROP_SIG,rx=8,sender=0,nonce=11800000000
11.8007,DATA_DROP_SIG,rx=6,sender=0,nonce=11800000000
11.8007,DATA_DROP_SIG,rx=9,sender=0,nonce=11800000000
11.8007,DATA_DROP_SIG,rx=7,sender=0,nonce=11800000000
11.8007,DATA_DROP_SIG,rx=4,sender=0,nonce=11800000000
11.9,REPLAY_SENT,nonce=11800000000
11.9007,DATA_DROP_SIG,rx=2,sender=0,nonce=11800000000
11.9007,DATA_DROP_SIG,rx=11,sender=0,nonce=11800000000
11.9007,DATA_DROP_SIG,rx=1,sender=0,nonce=11800000000
11.9007,DATA_DROP_SIG,rx=3,sender=0,nonce=11800000000
11.9007,DATA_DROP_SIG,rx=10,sender=0,nonce=11800000000
11.9007,DATA_DROP_SIG,rx=5,sender=0,nonce=11800000000
11.9007,DATA_DROP_SIG,rx=8,sender=0,nonce=11800000000
11.9007,DATA_DROP_SIG,rx=6,sender=0,nonce=11800000000
11.9007,DATA_DROP_SIG,rx=9,sender=0,nonce=11800000000
11.9007,DATA_DROP_SIG,rx=7,sender=0,nonce=11800000000
11.9007,DATA_DROP_SIG,rx=4,sender=0,nonce=11800000000
11.9009,DATA_DROP_SIG,rx=2,sender=0,nonce=11900000000
11.9009,DATA_DROP_SIG,rx=11,sender=0,nonce=11900000000
11.9009,DATA_DROP_SIG,rx=1,sender=0,nonce=11900000000
11.9009,DATA_DROP_SIG,rx=3,sender=0,nonce=11900000000
11.9009,DATA_DROP_SIG,rx=10,sender=0,nonce=11900000000
11.9009,DATA_DROP_SIG,rx=5,sender=0,nonce=11900000000
11.9009,DATA_DROP_SIG,rx=8,sender=0,nonce=11900000000
11.9009,DATA_DROP_SIG,rx=6,sender=0,nonce=11900000000
11.9009,DATA_DROP_SIG,rx=9,sender=0,nonce=11900000000
11.9009,DATA_DROP_SIG,rx=7,sender=0,nonce=11900000000
11.9009,DATA_DROP_SIG,rx=4,sender=0,nonce=11900000000
12,REPORT_SENT,by=0,about=9,delta=-0.050000
12,REPORT_SENT,by=1,about=0,delta=-0.050000
12,REPORT_SENT,by=2,about=4,delta=0.020000
12,REPORT_SENT,by=3,about=3,delta=-0.050000
12,REPORT_SENT,by=4,about=7,delta=0.020000
12,REPORT_SENT,by=5,about=5,delta=-0.050000
12,REPORT_SENT,by=6,about=3,delta=-0.050000
12,REPORT_SENT,by=7,about=5,delta=-0.050000
12,REPORT_SENT,by=8,about=0,delta=-0.050000
12,REPORT_SENT,by=9,about=8,delta=-0.050000
12.0002,REPORT_RX_RSU,rsu=10,by=5,about=5,delta=-0.050000
12.0005,REPORT_RX_RSU,rsu=10,by=7,about=5,delta=-0.050000
12.0007,REPORT_RX_RSU,rsu=10,by=8,about=0,delta=-0.050000
12.0008,REPORT_RX_RSU,rsu=10,by=4,about=7,delta=0.020000
12.001,REPORT_RX_RSU,rsu=10,by=9,about=8,delta=-0.050000
12.0011,REPORT_RX_RSU,rsu=10,by=0,about=9,delta=-0.050000
12.0018,DATA_DROP_SIG,rx=2,sender=0,nonce=12000000000
12.0018,DATA_DROP_SIG,rx=11,sender=0,nonce=12000000000
12.0018,DATA_DROP_SIG,rx=1,sender=0,nonce=12000000000
12.0018,DATA_DROP_SIG,rx=3,sender=0,nonce=12000000000
12.0018,DATA_DROP_SIG,rx=10,sender=0,nonce=12000000000
12.0018,DATA_DROP_SIG,rx=5,sender=0,nonce=12000000000
12.0018,DATA_DROP_SIG,rx=8,sender=0,nonce=12000000000
12.0018,DATA_DROP_SIG,rx=6,sender=0,nonce=12000000000
12.0018,DATA_DROP_SIG,rx=9,sender=0,nonce=12000000000
12.0018,DATA_DROP_SIG,rx=7,sender=0,nonce=12000000000
12.0018,DATA_DROP_SIG,rx=4,sender=0,nonce=12000000000
12.0018,REPORT_RX_RSU,rsu=10,by=1,about=0,delta=-0.050000
12.1007,DATA_DROP_SIG,rx=2,sender=0,nonce=12100000000
12.1007,DATA_DROP_SIG,rx=11,sender=0,nonce=12100000000
12.1007,DATA_DROP_SIG,rx=1,sender=0,nonce=12100000000
12.1007,DATA_DROP_SIG,rx=3,sender=0,nonce=12100000000
12.1007,DATA_DROP_SIG,rx=5,sender=0,nonce=12100000000
12.1007,DATA_DROP_SIG,rx=10,sender=0,nonce=12100000000
12.1007,DATA_DROP_SIG,rx=8,sender=0,nonce=12100000000
12.1007,DATA_DROP_SIG,rx=6,sender=0,nonce=12100000000
12.1007,DATA_DROP_SIG,rx=7,sender=0,nonce=12100000000
12.1007,DATA_DROP_SIG,rx=9,sender=0,nonce=12100000000
12.1007,DATA_DROP_SIG,rx=4,sender=0,nonce=12100000000
12.2,REPLAY_SENT,nonce=12100000000
12.2007,DATA_DROP_SIG,rx=2,sender=0,nonce=12100000000
12.2007,DATA_DROP_SIG,rx=11,sender=0,nonce=12100000000
12.2007,DATA_DROP_SIG,rx=1,sender=0,nonce=12100000000
12.2007,DATA_DROP_SIG,rx=5,sender=0,nonce=12100000000
12.2007,DATA_DROP_SIG,rx=3,sender=0,nonce=12100000000
12.2007,DATA_DROP_SIG,rx=10,sender=0,nonce=12100000000
12.2007,DATA_DROP_SIG,rx=8,sender=0,nonce=12100000000
12.2007,DATA_DROP_SIG,rx=6,sender=0,nonce=12100000000
12.2007,DATA_DROP_SIG,rx=7,sender=0,nonce=12100000000
12.2007,DATA_DROP_SIG,rx=9,sender=0,nonce=12100000000
12.2007,DATA_DROP_SIG,rx=4,sender=0,nonce=12100000000
12.2009,DATA_DROP_SIG,rx=2,sender=0,nonce=12200000000
12.2009,DATA_DROP_SIG,rx=11,sender=0,nonce=12200000000
12.2009,DATA_DROP_SIG,rx=1,sender=0,nonce=12200000000
12.2009,DATA_DROP_SIG,rx=5,sender=0,nonce=12200000000
12.2009,DATA_DROP_SIG,rx=3,sender=0,nonce=12200000000
12.2009,DATA_DROP_SIG,rx=10,sender=0,nonce=12200000000
12.2009,DATA_DROP_SIG,rx=8,sender=0,nonce=12200000000
12.2009,DATA_DROP_SIG,rx=6,sender=0,nonce=12200000000
12.2009,DATA_DROP_SIG,rx=7,sender=0,nonce=12200000000
12.2009,DATA_DROP_SIG,rx=9,sender=0,nonce=12200000000
12.2009,DATA_DROP_SIG,rx=4,sender=0,nonce=12200000000
12.3007,DATA_DROP_SIG,rx=2,sender=0,nonce=12300000000
12.3007,DATA_DROP_SIG,rx=11,sender=0,nonce=12300000000
12.3007,DATA_DROP_SIG,rx=1,sender=0,nonce=12300000000
12.3007,DATA_DROP_SIG,rx=5,sender=0,nonce=12300000000
12.3007,DATA_DROP_SIG,rx=3,sender=0,nonce=12300000000
12.3007,DATA_DROP_SIG,rx=10,sender=0,nonce=12300000000
12.3007,DATA_DROP_SIG,rx=8,sender=0,nonce=12300000000
12.3007,DATA_DROP_SIG,rx=6,sender=0,nonce=12300000000
12.3007,DATA_DROP_SIG,rx=7,sender=0,nonce=12300000000
12.3007,DATA_DROP_SIG,rx=9,sender=0,nonce=12300000000
12.3007,DATA_DROP_SIG,rx=4,sender=0,nonce=12300000000
12.4007,DATA_RX_OK,rx=2,sender=0,delay_s=0.000662
12.4007,DATA_RX_OK,rx=11,sender=0,delay_s=0.000662
12.4007,DATA_RX_OK,rx=1,sender=0,delay_s=0.000662
12.4007,DATA_RX_OK,rx=5,sender=0,delay_s=0.000662
12.4007,DATA_RX_OK,rx=3,sender=0,delay_s=0.000662
12.4007,DATA_RX_OK,rx=10,sender=0,delay_s=0.000662
12.4007,DATA_RX_OK,rx=8,sender=0,delay_s=0.000662
12.4007,DATA_RX_OK,rx=6,sender=0,delay_s=0.000662
12.4007,DATA_RX_OK,rx=7,sender=0,delay_s=0.000662
12.4007,DATA_RX_OK,rx=9,sender=0,delay_s=0.000662
12.4007,DATA_RX_OK,rx=4,sender=0,delay_s=0.000662
12.5,REPLAY_SENT,nonce=12400000000
12.5007,DATA_DROP_REPLAY,rx=2,sender=0,nonce=12400000000
12.5007,DATA_DROP_REPLAY,rx=11,sender=0,nonce=12400000000
12.5007,DATA_DROP_REPLAY,rx=1,sender=0,nonce=12400000000
12.5007,DATA_DROP_REPLAY,rx=5,sender=0,nonce=12400000000
12.5007,DATA_DROP_REPLAY,rx=3,sender=0,nonce=12400000000
12.5007,DATA_DROP_REPLAY,rx=10,sender=0,nonce=12400000000
12.5007,DATA_DROP_REPLAY,rx=8,sender=0,nonce=12400000000
12.5007,DATA_DROP_REPLAY,rx=6,sender=0,nonce=12400000000
12.5007,DATA_DROP_REPLAY,rx=7,sender=0,nonce=12400000000
12.5007,DATA_DROP_REPLAY,rx=9,sender=0,nonce=12400000000
12.5007,DATA_DROP_REPLAY,rx=4,sender=0,nonce=12400000000
12.501,DATA_DROP_SIG,rx=2,sender=0,nonce=12500000000
12.501,DATA_DROP_SIG,rx=11,sender=0,nonce=12500000000
12.501,DATA_DROP_SIG,rx=1,sender=0,nonce=12500000000
12.501,DATA_DROP_SIG,rx=5,sender=0,nonce=12500000000
12.501,DATA_DROP_SIG,rx=3,sender=0,nonce=12500000000
12.501,DATA_DROP_SIG,rx=10,sender=0,nonce=12500000000
12.501,DATA_DROP_SIG,rx=8,sender=0,nonce=12500000000
12.501,DATA_DROP_SIG,rx=6,sender=0,nonce=12500000000
12.501,DATA_DROP_SIG,rx=7,sender=0,nonce=12500000000
12.501,DATA_DROP_SIG,rx=9,sender=0,nonce=12500000000
12.501,DATA_DROP_SIG,rx=4,sender=0,nonce=12500000000
12.6,BLOCK_MINE_START,block_next=13
12.6007,DATA_DROP_SIG,rx=2,sender=0,nonce=12600000000
12.6007,DATA_DROP_SIG,rx=11,sender=0,nonce=12600000000
12.6007,DATA_DROP_SIG,rx=1,sender=0,nonce=12600000000
12.6007,DATA_DROP_SIG,rx=5,sender=0,nonce=12600000000
12.6007,DATA_DROP_SIG,rx=3,sender=0,nonce=12600000000
12.6007,DATA_DROP_SIG,rx=10,sender=0,nonce=12600000000
12.6007,DATA_DROP_SIG,rx=8,sender=0,nonce=12600000000
12.6007,DATA_DROP_SIG,rx=6,sender=0,nonce=12600000000
12.6007,DATA_DROP_SIG,rx=7,sender=0,nonce=12600000000
12.6007,DATA_DROP_SIG,rx=9,sender=0,nonce=12600000000
12.6007,DATA_DROP_SIG,rx=4,sender=0,nonce=12600000000
12.65,BLOCK_COMMIT_ITEM,accused=5,delta=-0.050000,trust=0.450000
12.65,BLOCK_COMMIT_ITEM,accused=5,delta=-0.050000,trust=0.400000
12.65,BLOCK_COMMIT_ITEM,accused=0,delta=-0.050000,trust=0.500000
12.65,BLOCK_COMMIT_ITEM,accused=7,delta=0.020000,trust=0.310000
12.65,BLOCK_COMMIT_ITEM,accused=8,delta=-0.050000,trust=0.190000
12.65,BLOCK_COMMIT_ITEM,accused=9,delta=-0.050000,trust=0.420000
12.65,BLOCK_COMMIT_ITEM,accused=0,delta=-0.050000,trust=0.450000
12.65,BLOCK_COMMIT_DONE,block=13,items=7,lat_s=0.050000
12.7007,DATA_RX_OK,rx=2,sender=0,delay_s=0.000662
12.7007,DATA_RX_OK,rx=11,sender=0,delay_s=0.000662
12.7007,DATA_RX_OK,rx=1,sender=0,delay_s=0.000662
12.7007,DATA_RX_OK,rx=5,sender=0,delay_s=0.000662
12.7007,DATA_RX_OK,rx=3,sender=0,delay_s=0.000662
12.7007,DATA_RX_OK,rx=10,sender=0,delay_s=0.000662
12.7007,DATA_RX_OK,rx=8,sender=0,delay_s=0.000662
12.7007,DATA_RX_OK,rx=6,sender=0,delay_s=0.000662
12.7007,DATA_RX_OK,rx=7,sender=0,delay_s=0.000662
12.7007,DATA_RX_OK,rx=9,sender=0,delay_s=0.000662
12.7007,DATA_RX_OK,rx=4,sender=0,delay_s=0.000662
12.8,REPLAY_SENT,nonce=12700000000
12.8007,DATA_DROP_REPLAY,rx=2,sender=0,nonce=12700000000
12.8007,DATA_DROP_REPLAY,rx=11,sender=0,nonce=12700000000
12.8007,DATA_DROP_REPLAY,rx=1,sender=0,nonce=12700000000
12.8007,DATA_DROP_REPLAY,rx=5,sender=0,nonce=12700000000
12.8007,DATA_DROP_REPLAY,rx=3,sender=0,nonce=12700000000
12.8007,DATA_DROP_REPLAY,rx=10,sender=0,nonce=12700000000
12.8007,DATA_DROP_REPLAY,rx=8,sender=0,nonce=12700000000
12.8007,DATA_DROP_REPLAY,rx=6,sender=0,nonce=12700000000
12.8007,DATA_DROP_REPLAY,rx=7,sender=0,nonce=12700000000
12.8007,DATA_DROP_REPLAY,rx=9,sender=0,nonce=12700000000
12.8007,DATA_DROP_REPLAY,rx=4,sender=0,nonce=12700000000
12.801,DATA_DROP_SIG,rx=2,sender=0,nonce=12800000000
12.801,DATA_DROP_SIG,rx=11,sender=0,nonce=12800000000
12.801,DATA_DROP_SIG,rx=1,sender=0,nonce=12800000000
12.801,DATA_DROP_SIG,rx=5,sender=0,nonce=12800000000
12.801,DATA_DROP_SIG,rx=3,sender=0,nonce=12800000000
12.801,DATA_DROP_SIG,rx=10,sender=0,nonce=12800000000
12.801,DATA_DROP_SIG,rx=8,sender=0,nonce=12800000000
12.801,DATA_DROP_SIG,rx=6,sender=0,nonce=12800000000
12.801,DATA_DROP_SIG,rx=7,sender=0,nonce=12800000000
12.801,DATA_DROP_SIG,rx=9,sender=0,nonce=12800000000
12.801,DATA_DROP_SIG,rx=4,sender=0,nonce=12800000000
12.9007,DATA_DROP_SIG,rx=11,sender=0,nonce=12900000000
12.9007,DATA_DROP_SIG,rx=2,sender=0,nonce=12900000000
12.9007,DATA_DROP_SIG,rx=1,sender=0,nonce=12900000000
12.9007,DATA_DROP_SIG,rx=5,sender=0,nonce=12900000000
12.9007,DATA_DROP_SIG,rx=3,sender=0,nonce=12900000000
12.9007,DATA_DROP_SIG,rx=10,sender=0,nonce=12900000000
12.9007,DATA_DROP_SIG,rx=8,sender=0,nonce=12900000000
12.9007,DATA_DROP_SIG,rx=6,sender=0,nonce=12900000000
12.9007,DATA_DROP_SIG,rx=7,sender=0,nonce=12900000000
12.9007,DATA_DROP_SIG,rx=9,sender=0,nonce=12900000000
12.9007,DATA_DROP_SIG,rx=4,sender=0,nonce=12900000000
13,REPORT_SENT,by=0,about=9,delta=-0.050000
13,REPORT_SENT,by=1,about=8,delta=0.020000
13,REPORT_SENT,by=2,about=0,delta=-0.050000
13,REPORT_SENT,by=3,about=8,delta=-0.050000
13,REPORT_SENT,by=4,about=1,delta=-0.050000
13,REPORT_SENT,by=5,about=4,delta=-0.050000
13,REPORT_SENT,by=6,about=4,delta=0.020000
13,REPORT_SENT,by=7,about=2,delta=0.020000
13,REPORT_SENT,by=8,about=8,delta=-0.050000
13,REPORT_SENT,by=9,about=8,delta=0.020000
13.0003,REPORT_RX_RSU,rsu=10,by=0,about=9,delta=-0.050000
13.0004,REPORT_RX_RSU,rsu=10,by=7,about=2,delta=0.020000
13.0006,REPORT_RX_RSU,rsu=10,by=4,about=1,delta=-0.050000
13.0007,REPORT_RX_RSU,rsu=10,by=9,about=8,delta=0.020000
13.0008,REPORT_RX_RSU,rsu=10,by=8,about=8,delta=-0.050000
13.0012,REPORT_RX_RSU,rsu=10,by=1,about=8,delta=0.020000
13.0014,DATA_DROP_SIG,rx=11,sender=0,nonce=13000000000
13.0014,DATA_DROP_SIG,rx=2,sender=0,nonce=13000000000
13.0014,DATA_DROP_SIG,rx=1,sender=0,nonce=13000000000
13.0014,DATA_DROP_SIG,rx=5,sender=0,nonce=13000000000
13.0014,DATA_DROP_SIG,rx=3,sender=0,nonce=13000000000
13.0014,DATA_DROP_SIG,rx=10,sender=0,nonce=13000000000
13.0014,DATA_DROP_SIG,rx=8,sender=0,nonce=13000000000
13.0014,DATA_DROP_SIG,rx=6,sender=0,nonce=13000000000
13.0014,DATA_DROP_SIG,rx=7,sender=0,nonce=13000000000
13.0014,DATA_DROP_SIG,rx=9,sender=0,nonce=13000000000
13.0014,DATA_DROP_SIG,rx=4,sender=0,nonce=13000000000
13.0014,REPORT_RX_RSU,rsu=10,by=5,about=4,delta=-0.050000
13.1,REPLAY_SENT,nonce=13000000000
13.1007,DATA_DROP_SIG,rx=11,sender=0,nonce=13000000000
13.1007,DATA_DROP_SIG,rx=2,sender=0,nonce=13000000000
13.1007,DATA_DROP_SIG,rx=1,sender=0,nonce=13000000000
13.1007,DATA_DROP_SIG,rx=5,sender=0,nonce=13000000000
13.1007,DATA_DROP_SIG,rx=10,sender=0,nonce=13000000000
13.1007,DATA_DROP_SIG,rx=3,sender=0,nonce=13000000000
13.1007,DATA_DROP_SIG,rx=6,sender=0,nonce=13000000000
13.1007,DATA_DROP_SIG,rx=8,sender=0,nonce=13000000000
13.1007,DATA_DROP_SIG,rx=7,sender=0,nonce=13000000000
13.1007,DATA_DROP_SIG,rx=9,sender=0,nonce=13000000000
13.1007,DATA_DROP_SIG,rx=4,sender=0,nonce=13000000000
13.101,DATA_RX_OK,rx=11,sender=0,delay_s=0.000996
13.101,DATA_RX_OK,rx=2,sender=0,delay_s=0.000996
13.101,DATA_RX_OK,rx=1,sender=0,delay_s=0.000996
13.101,DATA_RX_OK,rx=5,sender=0,delay_s=0.000996
13.101,DATA_RX_OK,rx=10,sender=0,delay_s=0.000996
13.101,DATA_RX_OK,rx=3,sender=0,delay_s=0.000996
13.101,DATA_RX_OK,rx=6,sender=0,delay_s=0.000996
13.101,DATA_RX_OK,rx=8,sender=0,delay_s=0.000996
13.101,DATA_RX_OK,rx=7,sender=0,delay_s=0.000996
13.101,DATA_RX_OK,rx=9,sender=0,delay_s=0.000996
13.101,DATA_RX_OK,rx=4,sender=0,delay_s=0.000996
13.2007,DATA_DROP_SIG,rx=11,sender=0,nonce=13200000000
13.2007,DATA_DROP_SIG,rx=2,sender=0,nonce=13200000000
13.2007,DATA_DROP_SIG,rx=1,sender=0,nonce=13200000000
13.2007,DATA_DROP_SIG,rx=5,sender=0,nonce=13200000000
13.2007,DATA_DROP_SIG,rx=10,sender=0,nonce=13200000000
13.2007,DATA_DROP_SIG,rx=3,sender=0,nonce=13200000000
13.2007,DATA_DROP_SIG,rx=6,sender=0,nonce=13200000000
13.2007,DATA_DROP_SIG,rx=7,sender=0,nonce=13200000000
13.2007,DATA_DROP_SIG,rx=8,sender=0,nonce=13200000000
13.2007,DATA_DROP_SIG,rx=9,sender=0,nonce=13200000000
13.2007,DATA_DROP_SIG,rx=4,sender=0,nonce=13200000000
13.3007,DATA_DROP_SIG,rx=11,sender=0,nonce=13300000000
13.3007,DATA_DROP_SIG,rx=2,sender=0,nonce=13300000000
13.3007,DATA_DROP_SIG,rx=1,sender=0,nonce=13300000000
13.3007,DATA_DROP_SIG,rx=5,sender=0,nonce=13300000000
13.3007,DATA_DROP_SIG,rx=10,sender=0,nonce=13300000000
13.3007,DATA_DROP_SIG,rx=3,sender=0,nonce=13300000000
13.3007,DATA_DROP_SIG,rx=6,sender=0,nonce=13300000000
13.3007,DATA_DROP_SIG,rx=7,sender=0,nonce=13300000000
13.3007,DATA_DROP_SIG,rx=8,sender=0,nonce=13300000000
13.3007,DATA_DROP_SIG,rx=9,sender=0,nonce=13300000000
13.3007,DATA_DROP_SIG,rx=4,sender=0,nonce=13300000000
13.4,REPLAY_SENT,nonce=13300000000
13.4007,DATA_DROP_SIG,rx=11,sender=0,nonce=13300000000
13.4007,DATA_DROP_SIG,rx=2,sender=0,nonce=13300000000
13.4007,DATA_DROP_SIG,rx=1,sender=0,nonce=13300000000
13.4007,DATA_DROP_SIG,rx=5,sender=0,nonce=13300000000
13.4007,DATA_DROP_SIG,rx=10,sender=0,nonce=13300000000
13.4007,DATA_DROP_SIG,rx=3,sender=0,nonce=13300000000
13.4007,DATA_DROP_SIG,rx=6,sender=0,nonce=13300000000
13.4007,DATA_DROP_SIG,rx=7,sender=0,nonce=13300000000
13.4007,DATA_DROP_SIG,rx=8,sender=0,nonce=13300000000
13.4007,DATA_DROP_SIG,rx=9,sender=0,nonce=13300000000
13.4007,DATA_DROP_SIG,rx=4,sender=0,nonce=13300000000
13.4011,DATA_DROP_SIG,rx=11,sender=0,nonce=13400000000
13.4011,DATA_DROP_SIG,rx=2,sender=0,nonce=13400000000
13.4011,DATA_DROP_SIG,rx=1,sender=0,nonce=13400000000
13.4011,DATA_DROP_SIG,rx=5,sender=0,nonce=13400000000
13.4011,DATA_DROP_SIG,rx=10,sender=0,nonce=13400000000
13.4011,DATA_DROP_SIG,rx=3,sender=0,nonce=13400000000
13.4011,DATA_DROP_SIG,rx=6,sender=0,nonce=13400000000
13.4011,DATA_DROP_SIG,rx=7,sender=0,nonce=13400000000
13.4011,DATA_DROP_SIG,rx=8,sender=0,nonce=13400000000
13.4011,DATA_DROP_SIG,rx=9,sender=0,nonce=13400000000
13.4011,DATA_DROP_SIG,rx=4,sender=0,nonce=13400000000
13.5007,DATA_DROP_SIG,rx=11,sender=0,nonce=13500000000
13.5007,DATA_DROP_SIG,rx=2,sender=0,nonce=13500000000
13.5007,DATA_DROP_SIG,rx=1,sender=0,nonce=13500000000
13.5007,DATA_DROP_SIG,rx=5,sender=0,nonce=13500000000
13.5007,DATA_DROP_SIG,rx=3,sender=0,nonce=13500000000
13.5007,DATA_DROP_SIG,rx=10,sender=0,nonce=13500000000
13.5007,DATA_DROP_SIG,rx=6,sender=0,nonce=13500000000
13.5007,DATA_DROP_SIG,rx=7,sender=0,nonce=13500000000
13.5007,DATA_DROP_SIG,rx=8,sender=0,nonce=13500000000
13.5007,DATA_DROP_SIG,rx=9,sender=0,nonce=13500000000
13.5007,DATA_DROP_SIG,rx=4,sender=0,nonce=13500000000
13.6007,DATA_DROP_SIG,rx=11,sender=0,nonce=13600000000
13.6007,DATA_DROP_SIG,rx=2,sender=0,nonce=13600000000
13.6007,DATA_DROP_SIG,rx=1,sender=0,nonce=13600000000
13.6007,DATA_DROP_SIG,rx=5,sender=0,nonce=13600000000
13.6007,DATA_DROP_SIG,rx=3,sender=0,nonce=13600000000
13.6007,DATA_DROP_SIG,rx=10,sender=0,nonce=13600000000
13.6007,DATA_DROP_SIG,rx=6,sender=0,nonce=13600000000
13.6007,DATA_DROP_SIG,rx=7,sender=0,nonce=13600000000
13.6007,DATA_DROP_SIG,rx=8,sender=0,nonce=13600000000
13.6007,DATA_DROP_SIG,rx=9,sender=0,nonce=13600000000
13.6007,DATA_DROP_SIG,rx=4,sender=0,nonce=13600000000
13.65,BLOCK_MINE_START,block_next=14
13.7,REPLAY_SENT,nonce=13600000000
13.7,BLOCK_COMMIT_ITEM,accused=9,delta=-0.050000,trust=0.370000
13.7,BLOCK_COMMIT_ITEM,accused=2,delta=0.020000,trust=0.330000
13.7,BLOCK_COMMIT_ITEM,accused=1,delta=-0.050000,trust=0.420000
13.7,BLOCK_COMMIT_ITEM,accused=8,delta=0.020000,trust=0.210000
13.7,BLOCK_COMMIT_ITEM,accused=8,delta=-0.050000,trust=0.160000
13.7,BLOCK_COMMIT_ITEM,accused=8,delta=0.020000,trust=0.180000
13.7,BLOCK_COMMIT_ITEM,accused=4,delta=-0.050000,trust=0.420000
13.7,BLOCK_COMMIT_DONE,block=14,items=7,lat_s=0.050000
13.7007,DATA_DROP_SIG,rx=11,sender=0,nonce=13600000000
13.7007,DATA_DROP_SIG,rx=2,sender=0,nonce=13600000000
13.7007,DATA_DROP_SIG,rx=1,sender=0,nonce=13600000000
13.7007,DATA_DROP_SIG,rx=5,sender=0,nonce=13600000000
13.7007,DATA_DROP_SIG,rx=3,sender=0,nonce=13600000000
13.7007,DATA_DROP_SIG,rx=10,sender=0,nonce=13600000000
13.7007,DATA_DROP_SIG,rx=6,sender=0,nonce=13600000000
13.7007,DATA_DROP_SIG,rx=7,sender=0,nonce=13600000000
13.7007,DATA_DROP_SIG,rx=8,sender=0,nonce=13600000000
13.7007,DATA_DROP_SIG,rx=9,sender=0,nonce=13600000000
13.7007,DATA_DROP_SIG,rx=4,sender=0,nonce=13600000000
13.701,DATA_RX_OK,rx=11,sender=0,delay_s=0.000978
13.701,DATA_RX_OK,rx=2,sender=0,delay_s=0.000978
13.701,DATA_RX_OK,rx=1,sender=0,delay_s=0.000978
13.701,DATA_RX_OK,rx=5,sender=0,delay_s=0.000978
13.701,DATA_RX_OK,rx=3,sender=0,delay_s=0.000978
13.701,DATA_RX_OK,rx=10,sender=0,delay_s=0.000978
13.701,DATA_RX_OK,rx=6,sender=0,delay_s=0.000978
13.701,DATA_RX_OK,rx=7,sender=0,delay_s=0.000978
13.701,DATA_RX_OK,rx=8,sender=0,delay_s=0.000978
13.701,DATA_RX_OK,rx=9,sender=0,delay_s=0.000978
13.701,DATA_RX_OK,rx=4,sender=0,delay_s=0.000978
13.8007,DATA_DROP_SIG,rx=11,sender=0,nonce=13800000000
13.8007,DATA_DROP_SIG,rx=2,sender=0,nonce=13800000000
13.8007,DATA_DROP_SIG,rx=1,sender=0,nonce=13800000000
13.8007,DATA_DROP_SIG,rx=5,sender=0,nonce=13800000000
13.8007,DATA_DROP_SIG,rx=3,sender=0,nonce=13800000000
13.8007,DATA_DROP_SIG,rx=10,sender=0,nonce=13800000000
13.8007,DATA_DROP_SIG,rx=6,sender=0,nonce=13800000000
13.8007,DATA_DROP_SIG,rx=7,sender=0,nonce=13800000000
13.8007,DATA_DROP_SIG,rx=8,sender=0,nonce=13800000000
13.8007,DATA_DROP_SIG,rx=9,sender=0,nonce=13800000000
13.8007,DATA_DROP_SIG,rx=4,sender=0,nonce=13800000000
13.9007,DATA_DROP_SIG,rx=11,sender=0,nonce=13900000000
13.9007,DATA_DROP_SIG,rx=2,sender=0,nonce=13900000000
13.9007,DATA_DROP_SIG,rx=1,sender=0,nonce=13900000000
13.9007,DATA_DROP_SIG,rx=5,sender=0,nonce=13900000000
13.9007,DATA_DROP_SIG,rx=3,sender=0,nonce=13900000000
13.9007,DATA_DROP_SIG,rx=10,sender=0,nonce=13900000000
13.9007,DATA_DROP_SIG,rx=6,sender=0,nonce=13900000000
13.9007,DATA_DROP_SIG,rx=7,sender=0,nonce=13900000000
13.9007,DATA_DROP_SIG,rx=8,sender=0,nonce=13900000000
13.9007,DATA_DROP_SIG,rx=9,sender=0,nonce=13900000000
13.9007,DATA_DROP_SIG,rx=4,sender=0,nonce=13900000000
14,REPORT_SENT,by=0,about=2,delta=-0.050000
14,REPORT_SENT,by=1,about=6,delta=-0.050000
14,REPORT_SENT,by=2,about=6,delta=-0.050000
14,REPORT_SENT,by=3,about=4,delta=-0.050000
14,REPORT_SENT,by=4,about=4,delta=0.020000
14,REPORT_SENT,by=5,about=6,delta=-0.050000
14,REPORT_SENT,by=6,about=9,delta=0.020000
14,REPORT_SENT,by=7,about=9,delta=-0.050000
14,REPORT_SENT,by=8,about=2,delta=-0.050000
14,REPORT_SENT,by=9,about=6,delta=0.020000
14,REPLAY_SENT,nonce=13900000000
14.0002,REPORT_RX_RSU,rsu=10,by=1,about=6,delta=-0.050000
14.0003,REPORT_RX_RSU,rsu=10,by=0,about=2,delta=-0.050000
14.0004,REPORT_RX_RSU,rsu=10,by=9,about=6,delta=0.020000
14.0006,REPORT_RX_RSU,rsu=10,by=7,about=9,delta=-0.050000
14.0011,REPORT_RX_RSU,rsu=10,by=5,about=6,delta=-0.050000
14.0012,DATA_DROP_SIG,rx=11,sender=0,nonce=13900000000
14.0012,DATA_DROP_SIG,rx=2,sender=0,nonce=13900000000
14.0012,DATA_DROP_SIG,rx=5,sender=0,nonce=13900000000
14.0012,DATA_DROP_SIG,rx=1,sender=0,nonce=13900000000
14.0012,DATA_DROP_SIG,rx=3,sender=0,nonce=13900000000
14.0012,DATA_DROP_SIG,rx=10,sender=0,nonce=13900000000
14.0012,DATA_DROP_SIG,rx=6,sender=0,nonce=13900000000
14.0012,DATA_DROP_SIG,rx=7,sender=0,nonce=13900000000
14.0012,DATA_DROP_SIG,rx=9,sender=0,nonce=13900000000
14.0012,DATA_DROP_SIG,rx=8,sender=0,nonce=13900000000
14.0012,DATA_DROP_SIG,rx=4,sender=0,nonce=13900000000
14.0015,REPORT_RX_RSU,rsu=10,by=8,about=2,delta=-0.050000
14.0017,DATA_DROP_SIG,rx=11,sender=0,nonce=14000000000
14.0017,DATA_DROP_SIG,rx=2,sender=0,nonce=14000000000
14.0017,DATA_DROP_SIG,rx=5,sender=0,nonce=14000000000
14.0017,DATA_DROP_SIG,rx=1,sender=0,nonce=14000000000
14.0017,DATA_DROP_SIG,rx=3,sender=0,nonce=14000000000
14.0019,REPORT_RX_RSU,rsu=10,by=4,about=4,delta=0.020000
14.1007,DATA_DROP_SIG,rx=11,sender=0,nonce=14100000000
14.1007,DATA_DROP_SIG,rx=2,sender=0,nonce=14100000000
14.1007,DATA_DROP_SIG,rx=3,sender=0,nonce=14100000000
14.1007,DATA_DROP_SIG,rx=5,sender=0,nonce=14100000000
14.1007,DATA_DROP_SIG,rx=1,sender=0,nonce=14100000000
14.1007,DATA_DROP_SIG,rx=10,sender=0,nonce=14100000000
14.1007,DATA_DROP_SIG,rx=6,sender=0,nonce=14100000000
14.1007,DATA_DROP_SIG,rx=7,sender=0,nonce=14100000000
14.1007,DATA_DROP_SIG,rx=9,sender=0,nonce=14100000000
14.1007,DATA_DROP_SIG,rx=8,sender=0,nonce=14100000000
14.1007,DATA_DROP_SIG,rx=4,sender=0,nonce=14100000000
14.2007,DATA_DROP_SIG,rx=11,sender=0,nonce=14200000000
14.2007,DATA_DROP_SIG,rx=2,sender=0,nonce=14200000000
14.2007,DATA_DROP_SIG,rx=3,sender=0,nonce=14200000000
14.2007,DATA_DROP_SIG,rx=5,sender=0,nonce=14200000000
14.2007,DATA_DROP_SIG,rx=1,sender=0,nonce=14200000000
14.2007,DATA_DROP_SIG,rx=10,sender=0,nonce=14200000000
14.2007,DATA_DROP_SIG,rx=6,sender=0,nonce=14200000000
14.2007,DATA_DROP_SIG,rx=7,sender=0,nonce=14200000000
14.2007,DATA_DROP_SIG,rx=9,sender=0,nonce=14200000000
14.2007,DATA_DROP_SIG,rx=8,sender=0,nonce=14200000000
14.2007,DATA_DROP_SIG,rx=4,sender=0,nonce=14200000000
14.3,REPLAY_SENT,nonce=14200000000
14.3007,DATA_DROP_SIG,rx=11,sender=0,nonce=14200000000
14.3007,DATA_DROP_SIG,rx=2,sender=0,nonce=14200000000
14.3007,DATA_DROP_SIG,rx=5,sender=0,nonce=14200000000
14.3007,DATA_DROP_SIG,rx=3,sender=0,nonce=14200000000
14.3007,DATA_DROP_SIG,rx=1,sender=0,nonce=14200000000
14.3007,DATA_DROP_SIG,rx=10,sender=0,nonce=14200000000
14.3007,DATA_DROP_SIG,rx=6,sender=0,nonce=14200000000
14.3007,DATA_DROP_SIG,rx=7,sender=0,nonce=14200000000
14.3007,DATA_DROP_SIG,rx=9,sender=0,nonce=14200000000
14.3007,DATA_DROP_SIG,rx=8,sender=0,nonce=14200000000
14.3007,DATA_DROP_SIG,rx=4,sender=0,nonce=14200000000
14.301,DATA_RX_OK,rx=11,sender=0,delay_s=0.000969
14.301,DATA_RX_OK,rx=2,sender=0,delay_s=0.000969
14.301,DATA_RX_OK,rx=5,sender=0,delay_s=0.000969
14.301,DATA_RX_OK,rx=3,sender=0,delay_s=0.000969
14.301,DATA_RX_OK,rx=1,sender=0,delay_s=0.000969
14.301,DATA_RX_OK,rx=10,sender=0,delay_s=0.000969
14.301,DATA_RX_OK,rx=6,sender=0,delay_s=0.000969
14.301,DATA_RX_OK,rx=7,sender=0,delay_s=0.000969
14.301,DATA_RX_OK,rx=9,sender=0,delay_s=0.000969
14.301,DATA_RX_OK,rx=8,sender=0,delay_s=0.000969
14.301,DATA_RX_OK,rx=4,sender=0,delay_s=0.000969
14.4007,DATA_DROP_SIG,rx=11,sender=0,nonce=14400000000
14.4007,DATA_DROP_SIG,rx=2,sender=0,nonce=14400000000
14.4007,DATA_DROP_SIG,rx=5,sender=0,nonce=14400000000
14.4007,DATA_DROP_SIG,rx=3,sender=0,nonce=14400000000
14.4007,DATA_DROP_SIG,rx=1,sender=0,nonce=14400000000
14.4007,DATA_DROP_SIG,rx=10,sender=0,nonce=14400000000
14.4007,DATA_DROP_SIG,rx=6,sender=0,nonce=14400000000
14.4007,DATA_DROP_SIG,rx=7,sender=0,nonce=14400000000
14.4007,DATA_DROP_SIG,rx=9,sender=0,nonce=14400000000
14.4007,DATA_DROP_SIG,rx=8,sender=0,nonce=14400000000
14.4007,DATA_DROP_SIG,rx=4,sender=0,nonce=14400000000
14.5007,DATA_DROP_SIG,rx=11,sender=0,nonce=14500000000
14.5007,DATA_DROP_SIG,rx=2,sender=0,nonce=14500000000
14.5007,DATA_DROP_SIG,rx=5,sender=0,nonce=14500000000
14.5007,DATA_DROP_SIG,rx=3,sender=0,nonce=14500000000
14.5007,DATA_DROP_SIG,rx=1,sender=0,nonce=14500000000
14.5007,DATA_DROP_SIG,rx=10,sender=0,nonce=14500000000
14.5007,DATA_DROP_SIG,rx=6,sender=0,nonce=14500000000
14.5007,DATA_DROP_SIG,rx=7,sender=0,nonce=14500000000
14.5007,DATA_DROP_SIG,rx=9,sender=0,nonce=14500000000
14.5007,DATA_DROP_SIG,rx=8,sender=0,nonce=14500000000
14.5007,DATA_DROP_SIG,rx=4,sender=0,nonce=14500000000
14.6,REPLAY_SENT,nonce=14500000000
14.6007,DATA_DROP_SIG,rx=11,sender=0,nonce=14500000000
14.6007,DATA_DROP_SIG,rx=2,sender=0,nonce=14500000000
14.6007,DATA_DROP_SIG,rx=5,sender=0,nonce=14500000000
14.6007,DATA_DROP_SIG,rx=3,sender=0,nonce=14500000000
14.6007,DATA_DROP_SIG,rx=1,sender=0,nonce=14500000000
14.6007,DATA_DROP_SIG,rx=10,sender=0,nonce=14500000000
14.6007,DATA_DROP_SIG,rx=6,sender=0,nonce=14500000000
14.6007,DATA_DROP_SIG,rx=7,sender=0,nonce=14500000000
14.6007,DATA_DROP_SIG,rx=9,sender=0,nonce=14500000000
14.6007,DATA_DROP_SIG,rx=8,sender=0,nonce=14500000000
14.6007,DATA_DROP_SIG,rx=4,sender=0,nonce=14500000000
14.6011,DATA_DROP_SIG,rx=11,sender=0,nonce=14600000000
14.6011,DATA_DROP_SIG,rx=2,sender=0,nonce=14600000000
14.6011,DATA_DROP_SIG,rx=5,sender=0,nonce=14600000000
14.6011,DATA_DROP_SIG,rx=3,sender=0,nonce=14600000000
14.6011,DATA_DROP_SIG,rx=1,sender=0,nonce=14600000000
14.6011,DATA_DROP_SIG,rx=10,sender=0,nonce=14600000000
14.6011,DATA_DROP_SIG,rx=6,sender=0,nonce=14600000000
14.6011,DATA_DROP_SIG,rx=7,sender=0,nonce=14600000000
14.6011,DATA_DROP_SIG,rx=9,sender=0,nonce=14600000000
14.6011,DATA_DROP_SIG,rx=8,sender=0,nonce=14600000000
14.6011,DATA_DROP_SIG,rx=4,sender=0,nonce=14600000000
14.7,BLOCK_MINE_START,block_next=15
14.7007,DATA_DROP_SIG,rx=2,sender=0,nonce=14700000000
14.7007,DATA_DROP_SIG,rx=11,sender=0,nonce=14700000000
14.7007,DATA_DROP_SIG,rx=5,sender=0,nonce=14700000000
14.7007,DATA_DROP_SIG,rx=3,sender=0,nonce=14700000000
14.7007,DATA_DROP_SIG,rx=1,sender=0,nonce=14700000000
14.7007,DATA_DROP_SIG,rx=6,sender=0,nonce=14700000000
14.7007,DATA_DROP_SIG,rx=10,sender=0,nonce=14700000000
14.7007,DATA_DROP_SIG,rx=7,sender=0,nonce=14700000000
14.7007,DATA_DROP_SIG,rx=9,sender=0,nonce=14700000000
14.7007,DATA_DROP_SIG,rx=8,sender=0,nonce=14700000000
14.7007,DATA_DROP_SIG,rx=4,sender=0,nonce=14700000000
14.75,BLOCK_COMMIT_ITEM,accused=6,delta=-0.050000,trust=0.530000
14.75,BLOCK_COMMIT_ITEM,accused=2,delta=-0.050000,trust=0.280000
14.75,BLOCK_COMMIT_ITEM,accused=6,delta=0.020000,trust=0.550000
14.75,BLOCK_COMMIT_ITEM,accused=9,delta=-0.050000,trust=0.320000
14.75,BLOCK_COMMIT_ITEM,accused=6,delta=-0.050000,trust=0.500000
14.75,BLOCK_COMMIT_ITEM,accused=2,delta=-0.050000,trust=0.230000
14.75,BLOCK_COMMIT_ITEM,accused=4,delta=0.020000,trust=0.440000
14.75,BLOCK_COMMIT_DONE,block=15,items=7,lat_s=0.050000
14.8007,DATA_DROP_SIG,rx=2,sender=0,nonce=14800000000
14.8007,DATA_DROP_SIG,rx=11,sender=0,nonce=14800000000
14.8007,DATA_DROP_SIG,rx=5,sender=0,nonce=14800000000
14.8007,DATA_DROP_SIG,rx=3,sender=0,nonce=14800000000
14.8007,DATA_DROP_SIG,rx=1,sender=0,nonce=14800000000
14.8007,DATA_DROP_SIG,rx=6,sender=0,nonce=14800000000
14.8007,DATA_DROP_SIG,rx=10,sender=0,nonce=14800000000
14.8007,DATA_DROP_SIG,rx=7,sender=0,nonce=14800000000
14.8007,DATA_DROP_SIG,rx=9,sender=0,nonce=14800000000
14.8007,DATA_DROP_SIG,rx=8,sender=0,nonce=14800000000
14.8007,DATA_DROP_SIG,rx=4,sender=0,nonce=14800000000
14.9,REPLAY_SENT,nonce=14800000000
14.9007,DATA_DROP_SIG,rx=2,sender=0,nonce=14800000000
14.9007,DATA_DROP_SIG,rx=11,sender=0,nonce=14800000000
14.9007,DATA_DROP_SIG,rx=5,sender=0,nonce=14800000000
14.9007,DATA_DROP_SIG,rx=3,sender=0,nonce=14800000000
14.9007,DATA_DROP_SIG,rx=1,sender=0,nonce=14800000000
14.9007,DATA_DROP_SIG,rx=6,sender=0,nonce=14800000000
14.9007,DATA_DROP_SIG,rx=10,sender=0,nonce=14800000000
14.9007,DATA_DROP_SIG,rx=7,sender=0,nonce=14800000000
14.9007,DATA_DROP_SIG,rx=9,sender=0,nonce=14800000000
14.9007,DATA_DROP_SIG,rx=8,sender=0,nonce=14800000000
14.9007,DATA_DROP_SIG,rx=4,sender=0,nonce=14800000000
14.901,DATA_DROP_SIG,rx=2,sender=0,nonce=14900000000
14.901,DATA_DROP_SIG,rx=11,sender=0,nonce=14900000000
14.901,DATA_DROP_SIG,rx=5,sender=0,nonce=14900000000
14.901,DATA_DROP_SIG,rx=3,sender=0,nonce=14900000000
14.901,DATA_DROP_SIG,rx=1,sender=0,nonce=14900000000
14.901,DATA_DROP_SIG,rx=6,sender=0,nonce=14900000000
14.901,DATA_DROP_SIG,rx=10,sender=0,nonce=14900000000
14.901,DATA_DROP_SIG,rx=7,sender=0,nonce=14900000000
14.901,DATA_DROP_SIG,rx=9,sender=0,nonce=14900000000
14.901,DATA_DROP_SIG,rx=8,sender=0,nonce=14900000000
14.901,DATA_DROP_SIG,rx=4,sender=0,nonce=14900000000
15,REPORT_SENT,by=0,about=7,delta=-0.050000
15,REPORT_SENT,by=1,about=9,delta=-0.050000
15,REPORT_SENT,by=2,about=1,delta=-0.050000
15,REPORT_SENT,by=3,about=7,delta=-0.050000
15,REPORT_SENT,by=4,about=6,delta=-0.050000
15,REPORT_SENT,by=5,about=4,delta=-0.050000
15,REPORT_SENT,by=6,about=9,delta=-0.050000
15,REPORT_SENT,by=7,about=4,delta=-0.050000
15,REPORT_SENT,by=8,about=9,delta=-0.050000
15,REPORT_SENT,by=9,about=2,delta=-0.050000
15.0002,REPORT_RX_RSU,rsu=10,by=8,about=9,delta=-0.050000
15.0004,REPORT_RX_RSU,rsu=10,by=9,about=2,delta=-0.050000
15.0007,REPORT_RX_RSU,rsu=10,by=1,about=9,delta=-0.050000
15.0008,REPORT_RX_RSU,rsu=10,by=7,about=4,delta=-0.050000
15.001,REPORT_RX_RSU,rsu=10,by=0,about=7,delta=-0.050000
15.0011,REPORT_RX_RSU,rsu=10,by=5,about=4,delta=-0.050000
15.0017,DATA_DROP_SIG,rx=2,sender=0,nonce=15000000000
15.0017,DATA_DROP_SIG,rx=11,sender=0,nonce=15000000000
15.0017,DATA_DROP_SIG,rx=5,sender=0,nonce=15000000000
15.0017,DATA_DROP_SIG,rx=3,sender=0,nonce=15000000000
15.0017,DATA_DROP_SIG,rx=1,sender=0,nonce=15000000000
15.0017,DATA_DROP_SIG,rx=6,sender=0,nonce=15000000000
15.0017,DATA_DROP_SIG,rx=10,sender=0,nonce=15000000000
15.0017,DATA_DROP_SIG,rx=7,sender=0,nonce=15000000000
15.0017,DATA_DROP_SIG,rx=9,sender=0,nonce=15000000000
15.0017,DATA_DROP_SIG,rx=8,sender=0,nonce=15000000000
15.0017,DATA_DROP_SIG,rx=4,sender=0,nonce=15000000000
15.0017,REPORT_RX_RSU,rsu=10,by=4,about=6,delta=-0.050000
15.1007,DATA_RX_OK,rx=2,sender=0,delay_s=0.000662
15.1007,DATA_RX_OK,rx=11,sender=0,delay_s=0.000662
15.1007,DATA_RX_OK,rx=5,sender=0,delay_s=0.000662
15.1007,DATA_RX_OK,rx=3,sender=0,delay_s=0.000662
15.1007,DATA_RX_OK,rx=1,sender=0,delay_s=0.000662
15.1007,DATA_RX_OK,rx=6,sender=0,delay_s=0.000662
15.1007,DATA_RX_OK,rx=10,sender=0,delay_s=0.000662
15.1007,DATA_RX_OK,rx=7,sender=0,delay_s=0.000662
15.1007,DATA_RX_OK,rx=9,sender=0,delay_s=0.000662
15.1007,DATA_RX_OK,rx=8,sender=0,delay_s=0.000662
15.1007,DATA_RX_OK,rx=4,sender=0,delay_s=0.000662
15.2,REPLAY_SENT,nonce=15100000000
15.2007,DATA_DROP_REPLAY,rx=2,sender=0,nonce=15100000000
15.2007,DATA_DROP_REPLAY,rx=11,sender=0,nonce=15100000000
15.2007,DATA_DROP_REPLAY,rx=5,sender=0,nonce=15100000000
15.2007,DATA_DROP_REPLAY,rx=3,sender=0,nonce=15100000000
15.2007,DATA_DROP_REPLAY,rx=1,sender=0,nonce=15100000000
15.2007,DATA_DROP_REPLAY,rx=6,sender=0,nonce=15100000000
15.2007,DATA_DROP_REPLAY,rx=10,sender=0,nonce=15100000000
15.2007,DATA_DROP_REPLAY,rx=7,sender=0,nonce=15100000000
15.2007,DATA_DROP_REPLAY,rx=9,sender=0,nonce=15100000000
15.2007,DATA_DROP_REPLAY,rx=4,sender=0,nonce=15100000000
15.2007,DATA_DROP_REPLAY,rx=8,sender=0,nonce=15100000000
15.201,DATA_DROP_SIG,rx=2,sender=0,nonce=15200000000
15.201,DATA_DROP_SIG,rx=11,sender=0,nonce=15200000000
15.201,DATA_DROP_SIG,rx=5,sender=0,nonce=15200000000
15.201,DATA_DROP_SIG,rx=3,sender=0,nonce=15200000000
15.201,DATA_DROP_SIG,rx=1,sender=0,nonce=15200000000
15.201,DATA_DROP_SIG,rx=6,sender=0,nonce=15200000000
15.201,DATA_DROP_SIG,rx=10,sender=0,nonce=15200000000
15.201,DATA_DROP_SIG,rx=7,sender=0,nonce=15200000000
15.201,DATA_DROP_SIG,rx=9,sender=0,nonce=15200000000
15.201,DATA_DROP_SIG,rx=4,sender=0,nonce=15200000000
15.201,DATA_DROP_SIG,rx=8,sender=0,nonce=15200000000
15.3007,DATA_DROP_SIG,rx=2,sender=0,nonce=15300000000
15.3007,DATA_DROP_SIG,rx=11,sender=0,nonce=15300000000
15.3007,DATA_DROP_SIG,rx=5,sender=0,nonce=15300000000
15.3007,DATA_DROP_SIG,rx=3,sender=0,nonce=15300000000
15.3007,DATA_DROP_SIG,rx=1,sender=0,nonce=15300000000
15.3007,DATA_DROP_SIG,rx=10,sender=0,nonce=15300000000
15.3007,DATA_DROP_SIG,rx=6,sender=0,nonce=15300000000
15.3007,DATA_DROP_SIG,rx=7,sender=0,nonce=15300000000
15.3007,DATA_DROP_SIG,rx=9,sender=0,nonce=15300000000
15.3007,DATA_DROP_SIG,rx=4,sender=0,nonce=15300000000
15.3007,DATA_DROP_SIG,rx=8,sender=0,nonce=15300000000
15.4007,DATA_DROP_SIG,rx=2,sender=0,nonce=15400000000
15.4007,DATA_DROP_SIG,rx=11,sender=0,nonce=15400000000
15.4007,DATA_DROP_SIG,rx=5,sender=0,nonce=15400000000
15.4007,DATA_DROP_SIG,rx=3,sender=0,nonce=15400000000
15.4007,DATA_DROP_SIG,rx=1,sender=0,nonce=15400000000
15.4007,DATA_DROP_SIG,rx=10,sender=0,nonce=15400000000
15.4007,DATA_DROP_SIG,rx=6,sender=0,nonce=15400000000
15.4007,DATA_DROP_SIG,rx=7,sender=0,nonce=15400000000
15.4007,DATA_DROP_SIG,rx=9,sender=0,nonce=15400000000
15.4007,DATA_DROP_SIG,rx=4,sender=0,nonce=15400000000
15.4007,DATA_DROP_SIG,rx=8,sender=0,nonce=15400000000
15.5,REPLAY_SENT,nonce=15400000000
15.5007,DATA_DROP_SIG,rx=2,sender=0,nonce=15400000000
15.5007,DATA_DROP_SIG,rx=11,sender=0,nonce=15400000000
15.5007,DATA_DROP_SIG,rx=5,sender=0,nonce=15400000000
15.5007,DATA_DROP_SIG,rx=3,sender=0,nonce=15400000000
15.5007,DATA_DROP_SIG,rx=1,sender=0,nonce=15400000000
15.5007,DATA_DROP_SIG,rx=10,sender=0,nonce=15400000000
15.5007,DATA_DROP_SIG,rx=7,sender=0,nonce=15400000000
15.5007,DATA_DROP_SIG,rx=6,sender=0,nonce=15400000000
15.5007,DATA_DROP_SIG,rx=9,sender=0,nonce=15400000000
15.5007,DATA_DROP_SIG,rx=4,sender=0,nonce=15400000000
15.5007,DATA_DROP_SIG,rx=8,sender=0,nonce=15400000000
15.501,DATA_RX_OK,rx=2,sender=0,delay_s=0.001014
15.501,DATA_RX_OK,rx=11,sender=0,delay_s=0.001014
15.501,DATA_RX_OK,rx=5,sender=0,delay_s=0.001014
15.501,DATA_RX_OK,rx=3,sender=0,delay_s=0.001014
15.501,DATA_RX_OK,rx=1,sender=0,delay_s=0.001014
15.501,DATA_RX_OK,rx=10,sender=0,delay_s=0.001014
15.501,DATA_RX_OK,rx=7,sender=0,delay_s=0.001014
15.501,DATA_RX_OK,rx=6,sender=0,delay_s=0.001014
15.501,DATA_RX_OK,rx=9,sender=0,delay_s=0.001014
15.501,DATA_RX_OK,rx=4,sender=0,delay_s=0.001014
15.501,DATA_RX_OK,rx=8,sender=0,delay_s=0.001014
15.6007,DATA_RX_OK,rx=2,sender=0,delay_s=0.000662
15.6007,DATA_RX_OK,rx=11,sender=0,delay_s=0.000662
15.6007,DATA_RX_OK,rx=5,sender=0,delay_s=0.000662
15.6007,DATA_RX_OK,rx=3,sender=0,delay_s=0.000662
15.6007,DATA_RX_OK,rx=1,sender=0,delay_s=0.000662
15.6007,DATA_RX_OK,rx=10,sender=0,delay_s=0.000662
15.6007,DATA_RX_OK,rx=7,sender=0,delay_s=0.000662
15.6007,DATA_RX_OK,rx=6,sender=0,delay_s=0.000662
15.6007,DATA_RX_OK,rx=9,sender=0,delay_s=0.000662
15.6007,DATA_RX_OK,rx=4,sender=0,delay_s=0.000662
15.6007,DATA_RX_OK,rx=8,sender=0,delay_s=0.000662
15.7007,DATA_RX_OK,rx=2,sender=0,delay_s=0.000662
15.7007,DATA_RX_OK,rx=11,sender=0,delay_s=0.000662
15.7007,DATA_RX_OK,rx=5,sender=0,delay_s=0.000662
15.7007,DATA_RX_OK,rx=3,sender=0,delay_s=0.000662
15.7007,DATA_RX_OK,rx=1,sender=0,delay_s=0.000662
15.7007,DATA_RX_OK,rx=10,sender=0,delay_s=0.000662
15.7007,DATA_RX_OK,rx=7,sender=0,delay_s=0.000662
15.7007,DATA_RX_OK,rx=6,sender=0,delay_s=0.000662
15.7007,DATA_RX_OK,rx=9,sender=0,delay_s=0.000662
15.7007,DATA_RX_OK,rx=4,sender=0,delay_s=0.000662
15.7007,DATA_RX_OK,rx=8,sender=0,delay_s=0.000662
15.75,BLOCK_MINE_START,block_next=16
15.8,REPLAY_SENT,nonce=15700000000
15.8,BLOCK_COMMIT_ITEM,accused=9,delta=-0.050000,trust=0.270000
15.8,BLOCK_COMMIT_ITEM,accused=2,delta=-0.050000,trust=0.180000
15.8,BLOCK_COMMIT_ITEM,accused=9,delta=-0.050000,trust=0.220000
15.8,BLOCK_COMMIT_ITEM,accused=4,delta=-0.050000,trust=0.390000
15.8,BLOCK_COMMIT_ITEM,accused=7,delta=-0.050000,trust=0.260000
15.8,BLOCK_COMMIT_ITEM,accused=4,delta=-0.050000,trust=0.340000
15.8,BLOCK_COMMIT_ITEM,accused=6,delta=-0.050000,trust=0.450000
15.8,BLOCK_COMMIT_DONE,block=16,items=7,lat_s=0.050000
15.8007,DATA_DROP_REPLAY,rx=2,sender=0,nonce=15700000000
15.8007,DATA_DROP_REPLAY,rx=11,sender=0,nonce=15700000000
15.8007,DATA_DROP_REPLAY,rx=5,sender=0,nonce=15700000000
15.8007,DATA_DROP_REPLAY,rx=3,sender=0,nonce=15700000000
15.8007,DATA_DROP_REPLAY,rx=1,sender=0,nonce=15700000000
15.8007,DATA_DROP_REPLAY,rx=10,sender=0,nonce=15700000000
15.8007,DATA_DROP_REPLAY,rx=7,sender=0,nonce=15700000000
15.8007,DATA_DROP_REPLAY,rx=6,sender=0,nonce=15700000000
15.8007,DATA_DROP_REPLAY,rx=9,sender=0,nonce=15700000000
15.8007,DATA_DROP_REPLAY,rx=4,sender=0,nonce=15700000000
15.8007,DATA_DROP_REPLAY,rx=8,sender=0,nonce=15700000000
15.8009,DATA_DROP_SIG,rx=2,sender=0,nonce=15800000000
15.8009,DATA_DROP_SIG,rx=11,sender=0,nonce=15800000000
15.8009,DATA_DROP_SIG,rx=5,sender=0,nonce=15800000000
15.8009,DATA_DROP_SIG,rx=3,sender=0,nonce=15800000000
15.8009,DATA_DROP_SIG,rx=1,sender=0,nonce=15800000000
15.8009,DATA_DROP_SIG,rx=10,sender=0,nonce=15800000000
15.8009,DATA_DROP_SIG,rx=7,sender=0,nonce=15800000000
15.8009,DATA_DROP_SIG,rx=6,sender=0,nonce=15800000000
15.8009,DATA_DROP_SIG,rx=9,sender=0,nonce=15800000000
15.8009,DATA_DROP_SIG,rx=4,sender=0,nonce=15800000000
15.8009,DATA_DROP_SIG,rx=8,sender=0,nonce=15800000000
15.9007,DATA_DROP_SIG,rx=2,sender=0,nonce=15900000000
15.9007,DATA_DROP_SIG,rx=11,sender=0,nonce=15900000000
15.9007,DATA_DROP_SIG,rx=5,sender=0,nonce=15900000000
15.9007,DATA_DROP_SIG,rx=3,sender=0,nonce=15900000000
15.9007,DATA_DROP_SIG,rx=1,sender=0,nonce=15900000000
15.9007,DATA_DROP_SIG,rx=10,sender=0,nonce=15900000000
15.9007,DATA_DROP_SIG,rx=7,sender=0,nonce=15900000000
15.9007,DATA_DROP_SIG,rx=6,sender=0,nonce=15900000000
15.9007,DATA_DROP_SIG,rx=9,sender=0,nonce=15900000000
15.9007,DATA_DROP_SIG,rx=4,sender=0,nonce=15900000000
15.9007,DATA_DROP_SIG,rx=8,sender=0,nonce=15900000000
16,REPORT_SENT,by=0,about=1,delta=-0.050000
16,REPORT_SENT,by=1,about=9,delta=-0.050000
16,REPORT_SENT,by=2,about=6,delta=-0.050000
16,REPORT_SENT,by=3,about=7,delta=-0.050000
16,REPORT_SENT,by=4,about=8,delta=-0.050000
16,REPORT_SENT,by=5,about=4,delta=-0.050000
16,REPORT_SENT,by=6,about=6,delta=-0.050000
16,REPORT_SENT,by=7,about=7,delta=-0.050000
16,REPORT_SENT,by=8,about=6,delta=-0.050000
16,REPORT_SENT,by=9,about=2,delta=-0.050000
16.0002,REPORT_RX_RSU,rsu=10,by=7,about=7,delta=-0.050000
16.0004,REPORT_RX_RSU,rsu=10,by=0,about=1,delta=-0.050000
16.0005,REPORT_RX_RSU,rsu=10,by=4,about=8,delta=-0.050000
16.001,REPORT_RX_RSU,rsu=10,by=9,about=2,delta=-0.050000
16.0011,DATA_DROP_SIG,rx=2,sender=0,nonce=16000000000
16.0011,DATA_DROP_SIG,rx=11,sender=0,nonce=16000000000
16.0011,DATA_DROP_SIG,rx=5,sender=0,nonce=16000000000
16.0011,DATA_DROP_SIG,rx=3,sender=0,nonce=16000000000
16.0011,DATA_DROP_SIG,rx=1,sender=0,nonce=16000000000
16.0011,DATA_DROP_SIG,rx=10,sender=0,nonce=16000000000
16.0011,DATA_DROP_SIG,rx=7,sender=0,nonce=16000000000
16.0011,DATA_DROP_SIG,rx=6,sender=0,nonce=16000000000
16.0011,DATA_DROP_SIG,rx=9,sender=0,nonce=16000000000
16.0011,DATA_DROP_SIG,rx=4,sender=0,nonce=16000000000
16.0011,DATA_DROP_SIG,rx=8,sender=0,nonce=16000000000
16.0012,REPORT_RX_RSU,rsu=10,by=8,about=6,delta=-0.050000
16.0013,REPORT_RX_RSU,rsu=10,by=1,about=9,delta=-0.050000
16.0016,REPORT_RX_RSU,rsu=10,by=5,about=4,delta=-0.050000
16.1,REPLAY_SENT,nonce=16000000000
16.1007,DATA_DROP_SIG,rx=2,sender=0,nonce=16000000000
16.1007,DATA_DROP_SIG,rx=11,sender=0,nonce=16000000000
16.1007,DATA_DROP_SIG,rx=5,sender=0,nonce=16000000000
16.1007,DATA_DROP_SIG,rx=3,sender=0,nonce=16000000000
16.1007,DATA_DROP_SIG,rx=1,sender=0,nonce=16000000000
16.1007,DATA_DROP_SIG,rx=10,sender=0,nonce=16000000000
16.1007,DATA_DROP_SIG,rx=7,sender=0,nonce=16000000000
16.1007,DATA_DROP_SIG,rx=6,sender=0,nonce=16000000000
16.1007,DATA_DROP_SIG,rx=9,sender=0,nonce=16000000000
16.1007,DATA_DROP_SIG,rx=4,sender=0,nonce=16000000000
16.101,DATA_DROP_SIG,rx=2,sender=0,nonce=16100000000
16.101,DATA_DROP_SIG,rx=11,sender=0,nonce=16100000000
16.101,DATA_DROP_SIG,rx=5,sender=0,nonce=16100000000
16.101,DATA_DROP_SIG,rx=3,sender=0,nonce=16100000000
16.101,DATA_DROP_SIG,rx=1,sender=0,nonce=16100000000
16.101,DATA_DROP_SIG,rx=10,sender=0,nonce=16100000000
16.101,DATA_DROP_SIG,rx=7,sender=0,nonce=16100000000
16.101,DATA_DROP_SIG,rx=6,sender=0,nonce=16100000000
16.101,DATA_DROP_SIG,rx=9,sender=0,nonce=16100000000
16.101,DATA_DROP_SIG,rx=4,sender=0,nonce=16100000000
16.2007,DATA_RX_OK,rx=2,sender=0,delay_s=0.000662
16.2007,DATA_RX_OK,rx=11,sender=0,delay_s=0.000662
16.2007,DATA_RX_OK,rx=3,sender=0,delay_s=0.000662
16.2007,DATA_RX_OK,rx=5,sender=0,delay_s=0.000662
16.2007,DATA_RX_OK,rx=1,sender=0,delay_s=0.000662
16.2007,DATA_RX_OK,rx=10,sender=0,delay_s=0.000662
16.2007,DATA_RX_OK,rx=7,sender=0,delay_s=0.000662
16.2007,DATA_RX_OK,rx=6,sender=0,delay_s=0.000662
16.2007,DATA_RX_OK,rx=9,sender=0,delay_s=0.000662
16.2007,DATA_RX_OK,rx=4,sender=0,delay_s=0.000662
16.3007,DATA_DROP_SIG,rx=2,sender=0,nonce=16300000000
16.3007,DATA_DROP_SIG,rx=11,sender=0,nonce=16300000000
16.3007,DATA_DROP_SIG,rx=3,sender=0,nonce=16300000000
16.3007,DATA_DROP_SIG,rx=5,sender=0,nonce=16300000000
16.3007,DATA_DROP_SIG,rx=1,sender=0,nonce=16300000000
16.3007,DATA_DROP_SIG,rx=10,sender=0,nonce=16300000000
16.3007,DATA_DROP_SIG,rx=7,sender=0,nonce=16300000000
16.3007,DATA_DROP_SIG,rx=6,sender=0,nonce=16300000000
16.3007,DATA_DROP_SIG,rx=9,sender=0,nonce=16300000000
16.3007,DATA_DROP_SIG,rx=4,sender=0,nonce=16300000000
16.4,REPLAY_SENT,nonce=16300000000
16.4007,DATA_DROP_SIG,rx=2,sender=0,nonce=16300000000
16.4007,DATA_DROP_SIG,rx=11,sender=0,nonce=16300000000
16.4007,DATA_DROP_SIG,rx=3,sender=0,nonce=16300000000
16.4007,DATA_DROP_SIG,rx=5,sender=0,nonce=16300000000
16.4007,DATA_DROP_SIG,rx=1,sender=0,nonce=16300000000
16.4007,DATA_DROP_SIG,rx=10,sender=0,nonce=16300000000
16.4007,DATA_DROP_SIG,rx=7,sender=0,nonce=16300000000
16.4007,DATA_DROP_SIG,rx=6,sender=0,nonce=16300000000
16.4007,DATA_DROP_SIG,rx=9,sender=0,nonce=16300000000
16.4007,DATA_DROP_SIG,rx=4,sender=0,nonce=16300000000
16.4009,DATA_RX_OK,rx=2,sender=0,delay_s=0.000942
16.4009,DATA_RX_OK,rx=11,sender=0,delay_s=0.000942
16.4009,DATA_RX_OK,rx=3,sender=0,delay_s=0.000942
16.4009,DATA_RX_OK,rx=5,sender=0,delay_s=0.000942
16.4009,DATA_RX_OK,rx=1,sender=0,delay_s=0.000942
16.4009,DATA_RX_OK,rx=10,sender=0,delay_s=0.000942
16.4009,DATA_RX_OK,rx=7,sender=0,delay_s=0.000942
16.4009,DATA_RX_OK,rx=6,sender=0,delay_s=0.000942
16.4009,DATA_RX_OK,rx=9,sender=0,delay_s=0.000942
16.4009,DATA_RX_OK,rx=4,sender=0,delay_s=0.000942
16.5007,DATA_DROP_SIG,rx=2,sender=0,nonce=16500000000
16.5007,DATA_DROP_SIG,rx=11,sender=0,nonce=16500000000
16.5007,DATA_DROP_SIG,rx=3,sender=0,nonce=16500000000
16.5007,DATA_DROP_SIG,rx=5,sender=0,nonce=16500000000
16.5007,DATA_DROP_SIG,rx=1,sender=0,nonce=16500000000
16.5007,DATA_DROP_SIG,rx=10,sender=0,nonce=16500000000
16.5007,DATA_DROP_SIG,rx=7,sender=0,nonce=16500000000
16.5007,DATA_DROP_SIG,rx=6,sender=0,nonce=16500000000
16.5007,DATA_DROP_SIG,rx=9,sender=0,nonce=16500000000
16.5007,DATA_DROP_SIG,rx=4,sender=0,nonce=16500000000
16.6007,DATA_DROP_SIG,rx=2,sender=0,nonce=16600000000
16.6007,DATA_DROP_SIG,rx=11,sender=0,nonce=16600000000
16.6007,DATA_DROP_SIG,rx=3,sender=0,nonce=16600000000
16.6007,DATA_DROP_SIG,rx=5,sender=0,nonce=16600000000
16.6007,DATA_DROP_SIG,rx=1,sender=0,nonce=16600000000
16.6007,DATA_DROP_SIG,rx=10,sender=0,nonce=16600000000
16.6007,DATA_DROP_SIG,rx=7,sender=0,nonce=16600000000
16.6007,DATA_DROP_SIG,rx=6,sender=0,nonce=16600000000
16.6007,DATA_DROP_SIG,rx=4,sender=0,nonce=16600000000
16.6007,DATA_DROP_SIG,rx=9,sender=0,nonce=16600000000
16.7,REPLAY_SENT,nonce=16600000000
16.7007,DATA_DROP_SIG,rx=2,sender=0,nonce=16600000000
16.7007,DATA_DROP_SIG,rx=3,sender=0,nonce=16600000000
16.7007,DATA_DROP_SIG,rx=11,sender=0,nonce=16600000000
16.7007,DATA_DROP_SIG,rx=5,sender=0,nonce=16600000000
16.7007,DATA_DROP_SIG,rx=1,sender=0,nonce=16600000000
16.7007,DATA_DROP_SIG,rx=10,sender=0,nonce=16600000000
16.7007,DATA_DROP_SIG,rx=7,sender=0,nonce=16600000000
16.7007,DATA_DROP_SIG,rx=6,sender=0,nonce=16600000000
16.7007,DATA_DROP_SIG,rx=4,sender=0,nonce=16600000000
16.7007,DATA_DROP_SIG,rx=9,sender=0,nonce=16600000000
16.701,DATA_DROP_SIG,rx=2,sender=0,nonce=16700000000
16.701,DATA_DROP_SIG,rx=3,sender=0,nonce=16700000000
16.701,DATA_DROP_SIG,rx=11,sender=0,nonce=16700000000
16.701,DATA_DROP_SIG,rx=5,sender=0,nonce=16700000000
16.701,DATA_DROP_SIG,rx=1,sender=0,nonce=16700000000
16.701,DATA_DROP_SIG,rx=10,sender=0,nonce=16700000000
16.701,DATA_DROP_SIG,rx=7,sender=0,nonce=16700000000
16.701,DATA_DROP_SIG,rx=6,sender=0,nonce=16700000000
16.701,DATA_DROP_SIG,rx=4,sender=0,nonce=16700000000
16.701,DATA_DROP_SIG,rx=9,sender=0,nonce=16700000000
16.8,BLOCK_MINE_START,block_next=17
16.8007,DATA_DROP_SIG,rx=2,sender=0,nonce=16800000000
16.8007,DATA_DROP_SIG,rx=3,sender=0,nonce=16800000000
16.8007,DATA_DROP_SIG,rx=11,sender=0,nonce=16800000000
16.8007,DATA_DROP_SIG,rx=5,sender=0,nonce=16800000000
16.8007,DATA_DROP_SIG,rx=1,sender=0,nonce=16800000000
16.8007,DATA_DROP_SIG,rx=10,sender=0,nonce=16800000000
16.8007,DATA_DROP_SIG,rx=7,sender=0,nonce=16800000000
16.8007,DATA_DROP_SIG,rx=6,sender=0,nonce=16800000000
16.8007,DATA_DROP_SIG,rx=4,sender=0,nonce=16800000000
16.8007,DATA_DROP_SIG,rx=9,sender=0,nonce=16800000000
16.85,BLOCK_COMMIT_ITEM,accused=7,delta=-0.050000,trust=0.210000
16.85,BLOCK_COMMIT_ITEM,accused=1,delta=-0.050000,trust=0.370000
16.85,BLOCK_COMMIT_ITEM,accused=8,delta=-0.050000,trust=0.130000
16.85,BLOCK_COMMIT_ITEM,accused=2,delta=-0.050000,trust=0.130000
16.85,BLOCK_COMMIT_ITEM,accused=6,delta=-0.050000,trust=0.400000
16.85,BLOCK_COMMIT_ITEM,accused=9,delta=-0.050000,trust=0.170000
16.85,BLOCK_COMMIT_ITEM,accused=4,delta=-0.050000,trust=0.290000
16.85,BLOCK_COMMIT_DONE,block=17,items=7,lat_s=0.050000
16.9007,DATA_DROP_SIG,rx=2,sender=0,nonce=16900000000
16.9007,DATA_DROP_SIG,rx=3,sender=0,nonce=16900000000
16.9007,DATA_DROP_SIG,rx=11,sender=0,nonce=16900000000
16.9007,DATA_DROP_SIG,rx=5,sender=0,nonce=16900000000
16.9007,DATA_DROP_SIG,rx=1,sender=0,nonce=16900000000
16.9007,DATA_DROP_SIG,rx=10,sender=0,nonce=16900000000
16.9007,DATA_DROP_SIG,rx=6,sender=0,nonce=16900000000
16.9007,DATA_DROP_SIG,rx=7,sender=0,nonce=16900000000
16.9007,DATA_DROP_SIG,rx=4,sender=0,nonce=16900000000
16.9007,DATA_DROP_SIG,rx=9,sender=0,nonce=16900000000
17,REPORT_SENT,by=0,about=5,delta=0.020000
17,REPORT_SENT,by=1,about=6,delta=-0.050000
17,REPORT_SENT,by=2,about=8,delta=-0.050000
17,REPORT_SENT,by=3,about=4,delta=-0.050000
17,REPORT_SENT,by=4,about=1,delta=-0.050000
17,REPORT_SENT,by=5,about=4,delta=-0.050000
17,REPORT_SENT,by=6,about=3,delta=-0.050000
17,REPORT_SENT,by=7,about=9,delta=0.020000
17,REPORT_SENT,by=8,about=1,delta=-0.050000
17,REPORT_SENT,by=9,about=3,delta=-0.050000
17,REPLAY_SENT,nonce=16900000000
17.0004,REPORT_RX_RSU,rsu=10,by=0,about=5,delta=0.020000
17.0005,REPORT_RX_RSU,rsu=10,by=5,about=4,delta=-0.050000
17.001,REPORT_RX_RSU,rsu=10,by=7,about=9,delta=0.020000
17.001,DATA_DROP_SIG,rx=2,sender=0,nonce=16900000000
17.001,DATA_DROP_SIG,rx=3,sender=0,nonce=16900000000
17.001,DATA_DROP_SIG,rx=11,sender=0,nonce=16900000000
17.001,DATA_DROP_SIG,rx=5,sender=0,nonce=16900000000
17.0014,REPORT_RX_RSU,rsu=10,by=4,about=1,delta=-0.050000
17.0015,DATA_DROP_SIG,rx=2,sender=0,nonce=17000000000
17.0015,DATA_DROP_SIG,rx=3,sender=0,nonce=17000000000
17.0015,DATA_DROP_SIG,rx=11,sender=0,nonce=17000000000
17.0015,DATA_DROP_SIG,rx=5,sender=0,nonce=17000000000
17.0015,DATA_DROP_SIG,rx=1,sender=0,nonce=17000000000
17.0015,DATA_DROP_SIG,rx=10,sender=0,nonce=17000000000
17.0015,DATA_DROP_SIG,rx=6,sender=0,nonce=17000000000
17.0018,REPORT_RX_RSU,rsu=10,by=1,about=6,delta=-0.050000
17.0019,REPORT_RX_RSU,rsu=10,by=9,about=3,delta=-0.050000
17.0023,REPORT_RX_RSU,rsu=10,by=8,about=1,delta=-0.050000
17.1007,DATA_DROP_SIG,rx=2,sender=0,nonce=17100000000
17.1007,DATA_DROP_SIG,rx=3,sender=0,nonce=17100000000
17.1007,DATA_DROP_SIG,rx=11,sender=0,nonce=17100000000
17.1007,DATA_DROP_SIG,rx=5,sender=0,nonce=17100000000
17.1007,DATA_DROP_SIG,rx=1,sender=0,nonce=17100000000
17.1007,DATA_DROP_SIG,rx=10,sender=0,nonce=17100000000
17.1007,DATA_DROP_SIG,rx=6,sender=0,nonce=17100000000
17.1007,DATA_DROP_SIG,rx=7,sender=0,nonce=17100000000
17.1007,DATA_DROP_SIG,rx=9,sender=0,nonce=17100000000
17.1007,DATA_DROP_SIG,rx=4,sender=0,nonce=17100000000
17.2007,DATA_DROP_SIG,rx=2,sender=0,nonce=17200000000
17.2007,DATA_DROP_SIG,rx=3,sender=0,nonce=17200000000
17.2007,DATA_DROP_SIG,rx=11,sender=0,nonce=17200000000
17.2007,DATA_DROP_SIG,rx=5,sender=0,nonce=17200000000
17.2007,DATA_DROP_SIG,rx=1,sender=0,nonce=17200000000
17.2007,DATA_DROP_SIG,rx=10,sender=0,nonce=17200000000
17.2007,DATA_DROP_SIG,rx=6,sender=0,nonce=17200000000
17.2007,DATA_DROP_SIG,rx=7,sender=0,nonce=17200000000
17.2007,DATA_DROP_SIG,rx=4,sender=0,nonce=17200000000
17.2007,DATA_DROP_SIG,rx=9,sender=0,nonce=17200000000
17.3,REPLAY_SENT,nonce=17200000000
17.3007,DATA_DROP_SIG,rx=2,sender=0,nonce=17200000000
17.3007,DATA_DROP_SIG,rx=3,sender=0,nonce=17200000000
17.3007,DATA_DROP_SIG,rx=11,sender=0,nonce=17200000000
17.3007,DATA_DROP_SIG,rx=5,sender=0,nonce=17200000000
17.3007,DATA_DROP_SIG,rx=1,sender=0,nonce=17200000000
17.3007,DATA_DROP_SIG,rx=10,sender=0,nonce=17200000000
17.3007,DATA_DROP_SIG,rx=6,sender=0,nonce=17200000000
17.3007,DATA_DROP_SIG,rx=7,sender=0,nonce=17200000000
17.3007,DATA_DROP_SIG,rx=9,sender=0,nonce=17200000000
17.3007,DATA_DROP_SIG,rx=4,sender=0,nonce=17200000000
17.3011,DATA_DROP_SIG,rx=2,sender=0,nonce=17300000000
17.3011,DATA_DROP_SIG,rx=3,sender=0,nonce=17300000000
17.3011,DATA_DROP_SIG,rx=11,sender=0,nonce=17300000000
17.3011,DATA_DROP_SIG,rx=5,sender=0,nonce=17300000000
17.3011,DATA_DROP_SIG,rx=1,sender=0,nonce=17300000000
17.3011,DATA_DROP_SIG,rx=10,sender=0,nonce=17300000000
17.3011,DATA_DROP_SIG,rx=6,sender=0,nonce=17300000000
17.3011,DATA_DROP_SIG,rx=7,sender=0,nonce=17300000000
17.3011,DATA_DROP_SIG,rx=9,sender=0,nonce=17300000000
17.3011,DATA_DROP_SIG,rx=4,sender=0,nonce=17300000000
17.4007,DATA_DROP_SIG,rx=3,sender=0,nonce=17400000000
17.4007,DATA_DROP_SIG,rx=2,sender=0,nonce=17400000000
17.4007,DATA_DROP_SIG,rx=11,sender=0,nonce=17400000000
17.4007,DATA_DROP_SIG,rx=5,sender=0,nonce=17400000000
17.4007,DATA_DROP_SIG,rx=1,sender=0,nonce=17400000000
17.4007,DATA_DROP_SIG,rx=10,sender=0,nonce=17400000000
17.4007,DATA_DROP_SIG,rx=6,sender=0,nonce=17400000000
17.4007,DATA_DROP_SIG,rx=7,sender=0,nonce=17400000000
17.4007,DATA_DROP_SIG,rx=9,sender=0,nonce=17400000000
17.4007,DATA_DROP_SIG,rx=4,sender=0,nonce=17400000000
17.5007,DATA_DROP_SIG,rx=3,sender=0,nonce=17500000000
17.5007,DATA_DROP_SIG,rx=2,sender=0,nonce=17500000000
17.5007,DATA_DROP_SIG,rx=11,sender=0,nonce=17500000000
17.5007,DATA_DROP_SIG,rx=5,sender=0,nonce=17500000000
17.5007,DATA_DROP_SIG,rx=1,sender=0,nonce=17500000000
17.5007,DATA_DROP_SIG,rx=10,sender=0,nonce=17500000000
17.5007,DATA_DROP_SIG,rx=6,sender=0,nonce=17500000000
17.5007,DATA_DROP_SIG,rx=7,sender=0,nonce=17500000000
17.5007,DATA_DROP_SIG,rx=9,sender=0,nonce=17500000000
17.5007,DATA_DROP_SIG,rx=4,sender=0,nonce=17500000000
17.6,REPLAY_SENT,nonce=17500000000
17.6007,DATA_DROP_SIG,rx=3,sender=0,nonce=17500000000
17.6007,DATA_DROP_SIG,rx=2,sender=0,nonce=17500000000
17.6007,DATA_DROP_SIG,rx=11,sender=0,nonce=17500000000
17.6007,DATA_DROP_SIG,rx=5,sender=0,nonce=17500000000
17.6007,DATA_DROP_SIG,rx=1,sender=0,nonce=17500000000
17.6007,DATA_DROP_SIG,rx=10,sender=0,nonce=17500000000
17.6007,DATA_DROP_SIG,rx=6,sender=0,nonce=17500000000
17.6007,DATA_DROP_SIG,rx=7,sender=0,nonce=17500000000
17.6007,DATA_DROP_SIG,rx=4,sender=0,nonce=17500000000
17.6007,DATA_DROP_SIG,rx=9,sender=0,nonce=17500000000
17.6009,DATA_DROP_SIG,rx=3,sender=0,nonce=17600000000
17.6009,DATA_DROP_SIG,rx=2,sender=0,nonce=17600000000
17.6009,DATA_DROP_SIG,rx=11,sender=0,nonce=17600000000
17.6009,DATA_DROP_SIG,rx=5,sender=0,nonce=17600000000
17.6009,DATA_DROP_SIG,rx=1,sender=0,nonce=17600000000
17.6009,DATA_DROP_SIG,rx=10,sender=0,nonce=17600000000
17.6009,DATA_DROP_SIG,rx=6,sender=0,nonce=17600000000
17.6009,DATA_DROP_SIG,rx=7,sender=0,nonce=17600000000
17.6009,DATA_DROP_SIG,rx=4,sender=0,nonce=17600000000
17.6009,DATA_DROP_SIG,rx=9,sender=0,nonce=17600000000
17.7007,DATA_DROP_SIG,rx=2,sender=0,nonce=17700000000
17.7007,DATA_DROP_SIG,rx=3,sender=0,nonce=17700000000
17.7007,DATA_DROP_SIG,rx=11,sender=0,nonce=17700000000
17.7007,DATA_DROP_SIG,rx=5,sender=0,nonce=17700000000
17.7007,DATA_DROP_SIG,rx=1,sender=0,nonce=17700000000
17.7007,DATA_DROP_SIG,rx=6,sender=0,nonce=17700000000
17.7007,DATA_DROP_SIG,rx=10,sender=0,nonce=17700000000
17.7007,DATA_DROP_SIG,rx=7,sender=0,nonce=17700000000
17.7007,DATA_DROP_SIG,rx=4,sender=0,nonce=17700000000
17.7007,DATA_DROP_SIG,rx=9,sender=0,nonce=17700000000
17.8007,DATA_RX_OK,rx=2,sender=0,delay_s=0.000662
17.8007,DATA_RX_OK,rx=3,sender=0,delay_s=0.000662
17.8007,DATA_RX_OK,rx=11,sender=0,delay_s=0.000662
17.8007,DATA_RX_OK,rx=5,sender=0,delay_s=0.000662
17.8007,DATA_RX_OK,rx=1,sender=0,delay_s=0.000662
17.8007,DATA_RX_OK,rx=6,sender=0,delay_s=0.000662
17.8007,DATA_RX_OK,rx=10,sender=0,delay_s=0.000662
17.8007,DATA_RX_OK,rx=7,sender=0,delay_s=0.000662
17.8007,DATA_RX_OK,rx=4,sender=0,delay_s=0.000662
17.8007,DATA_RX_OK,rx=9,sender=0,delay_s=0.000662
17.85,BLOCK_MINE_START,block_next=18
17.9,REPLAY_SENT,nonce=17800000000
17.9,BLOCK_COMMIT_ITEM,accused=5,delta=0.020000,trust=0.420000
17.9,BLOCK_COMMIT_ITEM,accused=4,delta=-0.050000,trust=0.240000
17.9,BLOCK_COMMIT_ITEM,accused=9,delta=0.020000,trust=0.190000
17.9,BLOCK_COMMIT_ITEM,accused=1,delta=-0.050000,trust=0.320000
17.9,BLOCK_COMMIT_ITEM,accused=6,delta=-0.050000,trust=0.350000
17.9,BLOCK_COMMIT_ITEM,accused=3,delta=-0.050000,trust=0.340000
17.9,BLOCK_COMMIT_ITEM,accused=1,delta=-0.050000,trust=0.270000
17.9,BLOCK_COMMIT_DONE,block=18,items=7,lat_s=0.050000
17.9007,DATA_DROP_REPLAY,rx=2,sender=0,nonce=17800000000
17.9007,DATA_DROP_REPLAY,rx=3,sender=0,nonce=17800000000
17.9007,DATA_DROP_REPLAY,rx=11,sender=0,nonce=17800000000
17.9007,DATA_DROP_REPLAY,rx=5,sender=0,nonce=17800000000
17.9007,DATA_DROP_REPLAY,rx=1,sender=0,nonce=17800000000
17.9007,DATA_DROP_REPLAY,rx=6,sender=0,nonce=17800000000
17.9007,DATA_DROP_REPLAY,rx=7,sender=0,nonce=17800000000
17.9007,DATA_DROP_REPLAY,rx=10,sender=0,nonce=17800000000
17.9007,DATA_DROP_REPLAY,rx=4,sender=0,nonce=17800000000
17.9007,DATA_DROP_REPLAY,rx=9,sender=0,nonce=17800000000
17.901,DATA_DROP_SIG,rx=2,sender=0,nonce=17900000000
17.901,DATA_DROP_SIG,rx=3,sender=0,nonce=17900000000
17.901,DATA_DROP_SIG,rx=11,sender=0,nonce=17900000000
17.901,DATA_DROP_SIG,rx=5,sender=0,nonce=17900000000
17.901,DATA_DROP_SIG,rx=1,sender=0,nonce=17900000000
17.901,DATA_DROP_SIG,rx=6,sender=0,nonce=17900000000
17.901,DATA_DROP_SIG,rx=7,sender=0,nonce=17900000000
17.901,DATA_DROP_SIG,rx=10,sender=0,nonce=17900000000
17.901,DATA_DROP_SIG,rx=4,sender=0,nonce=17900000000
17.901,DATA_DROP_SIG,rx=9,sender=0,nonce=17900000000
18,REPORT_SENT,by=0,about=1,delta=-0.050000
18,REPORT_SENT,by=1,about=5,delta=-0.050000
18,REPORT_SENT,by=2,about=7,delta=-0.050000
18,REPORT_SENT,by=3,about=5,delta=-0.050000
18,REPORT_SENT,by=4,about=8,delta=-0.050000
18,REPORT_SENT,by=5,about=2,delta=-0.050000
18,REPORT_SENT,by=6,about=5,delta=0.020000
18,REPORT_SENT,by=7,about=5,delta=-0.050000
18,REPORT_SENT,by=8,about=5,delta=-0.050000
18,REPORT_SENT,by=9,about=8,delta=0.020000
18.0002,REPORT_RX_RSU,rsu=10,by=4,about=8,delta=-0.050000
18.0004,REPORT_RX_RSU,rsu=10,by=5,about=2,delta=-0.050000
18.0005,REPORT_RX_RSU,rsu=10,by=1,about=5,delta=-0.050000
18.0006,REPORT_RX_RSU,rsu=10,by=9,about=8,delta=0.020000
18.0008,REPORT_RX_RSU,rsu=10,by=7,about=5,delta=-0.050000
18.001,REPORT_RX_RSU,rsu=10,by=8,about=5,delta=-0.050000
18.0011,REPORT_RX_RSU,rsu=10,by=0,about=1,delta=-0.050000
18.0017,DATA_DROP_SIG,rx=2,sender=0,nonce=18000000000
18.0017,DATA_DROP_SIG,rx=3,sender=0,nonce=18000000000
18.0017,DATA_DROP_SIG,rx=11,sender=0,nonce=18000000000
18.0017,DATA_DROP_SIG,rx=5,sender=0,nonce=18000000000
18.0017,DATA_DROP_SIG,rx=1,sender=0,nonce=18000000000
18.0017,DATA_DROP_SIG,rx=6,sender=0,nonce=18000000000
18.0017,DATA_DROP_SIG,rx=7,sender=0,nonce=18000000000
18.0017,DATA_DROP_SIG,rx=10,sender=0,nonce=18000000000
18.0017,DATA_DROP_SIG,rx=4,sender=0,nonce=18000000000
18.0017,DATA_DROP_SIG,rx=9,sender=0,nonce=18000000000
18.0017,DATA_DROP_SIG,rx=8,sender=0,nonce=18000000000
18.1007,DATA_DROP_SIG,rx=2,sender=0,nonce=18100000000
18.1007,DATA_DROP_SIG,rx=3,sender=0,nonce=18100000000
18.1007,DATA_DROP_SIG,rx=11,sender=0,nonce=18100000000
18.1007,DATA_DROP_SIG,rx=5,sender=0,nonce=18100000000
18.1007,DATA_DROP_SIG,rx=1,sender=0,nonce=18100000000
18.1007,DATA_DROP_SIG,rx=6,sender=0,nonce=18100000000
18.1007,DATA_DROP_SIG,rx=7,sender=0,nonce=18100000000
18.1007,DATA_DROP_SIG,rx=10,sender=0,nonce=18100000000
18.1007,DATA_DROP_SIG,rx=4,sender=0,nonce=18100000000
18.1007,DATA_DROP_SIG,rx=9,sender=0,nonce=18100000000
18.1007,DATA_DROP_SIG,rx=8,sender=0,nonce=18100000000
18.2,REPLAY_SENT,nonce=18100000000
18.2007,DATA_DROP_SIG,rx=3,sender=0,nonce=18100000000
18.2007,DATA_DROP_SIG,rx=2,sender=0,nonce=18100000000
18.2007,DATA_DROP_SIG,rx=11,sender=0,nonce=18100000000
18.2007,DATA_DROP_SIG,rx=5,sender=0,nonce=18100000000
18.2007,DATA_DROP_SIG,rx=1,sender=0,nonce=18100000000
18.2007,DATA_DROP_SIG,rx=6,sender=0,nonce=18100000000
18.2007,DATA_DROP_SIG,rx=7,sender=0,nonce=18100000000
18.2007,DATA_DROP_SIG,rx=10,sender=0,nonce=18100000000
18.2007,DATA_DROP_SIG,rx=4,sender=0,nonce=18100000000
18.2007,DATA_DROP_SIG,rx=9,sender=0,nonce=18100000000
18.2007,DATA_DROP_SIG,rx=8,sender=0,nonce=18100000000
18.2009,DATA_RX_OK,rx=3,sender=0,delay_s=0.000933
18.2009,DATA_RX_OK,rx=2,sender=0,delay_s=0.000933
18.2009,DATA_RX_OK,rx=11,sender=0,delay_s=0.000933
18.2009,DATA_RX_OK,rx=5,sender=0,delay_s=0.000933
18.2009,DATA_RX_OK,rx=1,sender=0,delay_s=0.000933
18.2009,DATA_RX_OK,rx=6,sender=0,delay_s=0.000933
18.2009,DATA_RX_OK,rx=7,sender=0,delay_s=0.000933
18.2009,DATA_RX_OK,rx=10,sender=0,delay_s=0.000933
18.2009,DATA_RX_OK,rx=4,sender=0,delay_s=0.000933
18.2009,DATA_RX_OK,rx=9,sender=0,delay_s=0.000933
18.2009,DATA_RX_OK,rx=8,sender=0,delay_s=0.000933
18.3007,DATA_RX_OK,rx=3,sender=0,delay_s=0.000662
18.3007,DATA_RX_OK,rx=2,sender=0,delay_s=0.000662
18.3007,DATA_RX_OK,rx=11,sender=0,delay_s=0.000662
18.3007,DATA_RX_OK,rx=5,sender=0,delay_s=0.000662
18.3007,DATA_RX_OK,rx=1,sender=0,delay_s=0.000662
18.3007,DATA_RX_OK,rx=6,sender=0,delay_s=0.000662
18.3007,DATA_RX_OK,rx=7,sender=0,delay_s=0.000662
18.3007,DATA_RX_OK,rx=10,sender=0,delay_s=0.000662
18.3007,DATA_RX_OK,rx=4,sender=0,delay_s=0.000662
18.3007,DATA_RX_OK,rx=9,sender=0,delay_s=0.000662
18.3007,DATA_RX_OK,rx=8,sender=0,delay_s=0.000662
18.4007,DATA_DROP_SIG,rx=3,sender=0,nonce=18400000000
18.4007,DATA_DROP_SIG,rx=11,sender=0,nonce=18400000000
18.4007,DATA_DROP_SIG,rx=2,sender=0,nonce=18400000000
18.4007,DATA_DROP_SIG,rx=5,sender=0,nonce=18400000000
18.4007,DATA_DROP_SIG,rx=1,sender=0,nonce=18400000000
18.4007,DATA_DROP_SIG,rx=6,sender=0,nonce=18400000000
18.4007,DATA_DROP_SIG,rx=7,sender=0,nonce=18400000000
18.4007,DATA_DROP_SIG,rx=10,sender=0,nonce=18400000000
18.4007,DATA_DROP_SIG,rx=4,sender=0,nonce=18400000000
18.4007,DATA_DROP_SIG,rx=9,sender=0,nonce=18400000000
18.4007,DATA_DROP_SIG,rx=8,sender=0,nonce=18400000000
18.5,REPLAY_SENT,nonce=18400000000
18.5007,DATA_DROP_SIG,rx=3,sender=0,nonce=18400000000
18.5007,DATA_DROP_SIG,rx=2,sender=0,nonce=18400000000
18.5007,DATA_DROP_SIG,rx=11,sender=0,nonce=18400000000
18.5007,DATA_DROP_SIG,rx=5,sender=0,nonce=18400000000
18.5007,DATA_DROP_SIG,rx=1,sender=0,nonce=18400000000
18.5007,DATA_DROP_SIG,rx=6,sender=0,nonce=18400000000
18.5007,DATA_DROP_SIG,rx=7,sender=0,nonce=18400000000
18.5007,DATA_DROP_SIG,rx=10,sender=0,nonce=18400000000
18.5007,DATA_DROP_SIG,rx=4,sender=0,nonce=18400000000
18.5007,DATA_DROP_SIG,rx=9,sender=0,nonce=18400000000
18.5007,DATA_DROP_SIG,rx=8,sender=0,nonce=18400000000
18.501,DATA_RX_OK,rx=3,sender=0,delay_s=0.000996
18.501,DATA_RX_OK,rx=2,sender=0,delay_s=0.000996
18.501,DATA_RX_OK,rx=11,sender=0,delay_s=0.000996
18.501,DATA_RX_OK,rx=5,sender=0,delay_s=0.000996
18.501,DATA_RX_OK,rx=1,sender=0,delay_s=0.000996
18.501,DATA_RX_OK,rx=6,sender=0,delay_s=0.000996
18.501,DATA_RX_OK,rx=7,sender=0,delay_s=0.000996
18.501,DATA_RX_OK,rx=10,sender=0,delay_s=0.000996
18.501,DATA_RX_OK,rx=4,sender=0,delay_s=0.000996
18.501,DATA_RX_OK,rx=9,sender=0,delay_s=0.000996
18.501,DATA_RX_OK,rx=8,sender=0,delay_s=0.000996
18.6007,DATA_DROP_SIG,rx=2,sender=0,nonce=18600000000
18.6007,DATA_DROP_SIG,rx=3,sender=0,nonce=18600000000
18.6007,DATA_DROP_SIG,rx=11,sender=0,nonce=18600000000
18.6007,DATA_DROP_SIG,rx=5,sender=0,nonce=18600000000
18.6007,DATA_DROP_SIG,rx=1,sender=0,nonce=18600000000
18.6007,DATA_DROP_SIG,rx=6,sender=0,nonce=18600000000
18.6007,DATA_DROP_SIG,rx=7,sender=0,nonce=18600000000
18.6007,DATA_DROP_SIG,rx=10,sender=0,nonce=18600000000
18.6007,DATA_DROP_SIG,rx=4,sender=0,nonce=18600000000
18.6007,DATA_DROP_SIG,rx=9,sender=0,nonce=18600000000
18.6007,DATA_DROP_SIG,rx=8,sender=0,nonce=18600000000
18.7007,DATA_DROP_SIG,rx=2,sender=0,nonce=18700000000
18.7007,DATA_DROP_SIG,rx=3,sender=0,nonce=18700000000
18.7007,DATA_DROP_SIG,rx=11,sender=0,nonce=18700000000
18.7007,DATA_DROP_SIG,rx=5,sender=0,nonce=18700000000
18.7007,DATA_DROP_SIG,rx=1,sender=0,nonce=18700000000
18.7007,DATA_DROP_SIG,rx=6,sender=0,nonce=18700000000
18.7007,DATA_DROP_SIG,rx=7,sender=0,nonce=18700000000
18.7007,DATA_DROP_SIG,rx=10,sender=0,nonce=18700000000
18.7007,DATA_DROP_SIG,rx=4,sender=0,nonce=18700000000
18.7007,DATA_DROP_SIG,rx=9,sender=0,nonce=18700000000
18.7007,DATA_DROP_SIG,rx=8,sender=0,nonce=18700000000
18.8,REPLAY_SENT,nonce=18700000000
18.8007,DATA_DROP_SIG,rx=2,sender=0,nonce=18700000000
18.8007,DATA_DROP_SIG,rx=3,sender=0,nonce=18700000000
18.8007,DATA_DROP_SIG,rx=11,sender=0,nonce=18700000000
18.8007,DATA_DROP_SIG,rx=5,sender=0,nonce=18700000000
18.8007,DATA_DROP_SIG,rx=1,sender=0,nonce=18700000000
18.8007,DATA_DROP_SIG,rx=6,sender=0,nonce=18700000000
18.8007,DATA_DROP_SIG,rx=7,sender=0,nonce=18700000000
18.8007,DATA_DROP_SIG,rx=10,sender=0,nonce=18700000000
18.8007,DATA_DROP_SIG,rx=4,sender=0,nonce=18700000000
18.8007,DATA_DROP_SIG,rx=9,sender=0,nonce=18700000000
18.8007,DATA_DROP_SIG,rx=8,sender=0,nonce=18700000000
18.801,DATA_DROP_SIG,rx=2,sender=0,nonce=18800000000
18.801,DATA_DROP_SIG,rx=3,sender=0,nonce=18800000000
18.801,DATA_DROP_SIG,rx=11,sender=0,nonce=18800000000
18.801,DATA_DROP_SIG,rx=5,sender=0,nonce=18800000000
18.801,DATA_DROP_SIG,rx=1,sender=0,nonce=18800000000
18.801,DATA_DROP_SIG,rx=6,sender=0,nonce=18800000000
18.801,DATA_DROP_SIG,rx=7,sender=0,nonce=18800000000
18.801,DATA_DROP_SIG,rx=10,sender=0,nonce=18800000000
18.801,DATA_DROP_SIG,rx=4,sender=0,nonce=18800000000
18.801,DATA_DROP_SIG,rx=9,sender=0,nonce=18800000000
18.801,DATA_DROP_SIG,rx=8,sender=0,nonce=18800000000
18.9,BLOCK_MINE_START,block_next=19
18.9007,DATA_DROP_SIG,rx=2,sender=0,nonce=18900000000
18.9007,DATA_DROP_SIG,rx=3,sender=0,nonce=18900000000
18.9007,DATA_DROP_SIG,rx=11,sender=0,nonce=18900000000
18.9007,DATA_DROP_SIG,rx=5,sender=0,nonce=18900000000
18.9007,DATA_DROP_SIG,rx=1,sender=0,nonce=18900000000
18.9007,DATA_DROP_SIG,rx=6,sender=0,nonce=18900000000
18.9007,DATA_DROP_SIG,rx=7,sender=0,nonce=18900000000
18.9007,DATA_DROP_SIG,rx=10,sender=0,nonce=18900000000
18.9007,DATA_DROP_SIG,rx=4,sender=0,nonce=18900000000
18.9007,DATA_DROP_SIG,rx=9,sender=0,nonce=18900000000
18.9007,DATA_DROP_SIG,rx=8,sender=0,nonce=18900000000
18.95,BLOCK_COMMIT_ITEM,accused=8,delta=-0.050000,trust=0.080000
18.95,BLOCK_COMMIT_ITEM,accused=2,delta=-0.050000,trust=0.080000
18.95,BLOCK_COMMIT_ITEM,accused=5,delta=-0.050000,trust=0.370000
18.95,BLOCK_COMMIT_ITEM,accused=8,delta=0.020000,trust=0.100000
18.95,BLOCK_COMMIT_ITEM,accused=5,delta=-0.050000,trust=0.320000
18.95,BLOCK_COMMIT_ITEM,accused=5,delta=-0.050000,trust=0.270000
18.95,BLOCK_COMMIT_ITEM,accused=1,delta=-0.050000,trust=0.220000
18.95,BLOCK_COMMIT_DONE,block=19,items=7,lat_s=0.050000
19,REPORT_SENT,by=0,about=0,delta=-0.050000
19,REPORT_SENT,by=1,about=4,delta=-0.050000
19,REPORT_SENT,by=2,about=5,delta=0.020000
19,REPORT_SENT,by=3,about=6,delta=-0.050000
19,REPORT_SENT,by=4,about=0,delta=-0.050000
19,REPORT_SENT,by=5,about=5,delta=-0.050000
19,REPORT_SENT,by=6,about=0,delta=-0.050000
19,REPORT_SENT,by=7,about=5,delta=-0.050000
19,REPORT_SENT,by=8,about=7,delta=-0.050000
19,REPORT_SENT,by=9,about=5,delta=-0.050000
19.0003,REPORT_RX_RSU,rsu=10,by=0,about=0,delta=-0.050000
19.0007,REPORT_RX_RSU,rsu=10,by=8,about=7,delta=-0.050000
19.0008,DATA_DROP_SIG,rx=2,sender=0,nonce=19000000000
19.0008,DATA_DROP_SIG,rx=11,sender=0,nonce=19000000000
19.0008,DATA_DROP_SIG,rx=3,sender=0,nonce=19000000000
19.0008,DATA_DROP_SIG,rx=1,sender=0,nonce=19000000000
19.0008,DATA_DROP_SIG,rx=5,sender=0,nonce=19000000000
19.0008,DATA_DROP_SIG,rx=6,sender=0,nonce=19000000000
19.0008,DATA_DROP_SIG,rx=10,sender=0,nonce=19000000000
19.0008,DATA_DROP_SIG,rx=7,sender=0,nonce=19000000000
19.0008,DATA_DROP_SIG,rx=4,sender=0,nonce=19000000000
19.0008,DATA_DROP_SIG,rx=9,sender=0,nonce=19000000000
19.0008,DATA_DROP_SIG,rx=8,sender=0,nonce=19000000000
19.0008,REPORT_RX_RSU,rsu=10,by=1,about=4,delta=-0.050000
19.001,REPORT_RX_RSU,rsu=10,by=4,about=0,delta=-0.050000
19.0011,REPORT_RX_RSU,rsu=10,by=7,about=5,delta=-0.050000
19.0012,REPORT_RX_RSU,rsu=10,by=9,about=5,delta=-0.050000
19.0017,REPORT_RX_RSU,rsu=10,by=5,about=5,delta=-0.050000
19.1,REPLAY_SENT,nonce=19000000000
19.1007,DATA_DROP_SIG,rx=2,sender=0,nonce=19000000000
19.1007,DATA_DROP_SIG,rx=11,sender=0,nonce=19000000000
19.1007,DATA_DROP_SIG,rx=3,sender=0,nonce=19000000000
19.1007,DATA_DROP_SIG,rx=1,sender=0,nonce=19000000000
19.1007,DATA_DROP_SIG,rx=5,sender=0,nonce=19000000000
19.1007,DATA_DROP_SIG,rx=6,sender=0,nonce=19000000000
19.1007,DATA_DROP_SIG,rx=10,sender=0,nonce=19000000000
19.1007,DATA_DROP_SIG,rx=7,sender=0,nonce=19000000000
19.1007,DATA_DROP_SIG,rx=4,sender=0,nonce=19000000000
19.1007,DATA_DROP_SIG,rx=9,sender=0,nonce=19000000000
19.1007,DATA_DROP_SIG,rx=8,sender=0,nonce=19000000000
19.1009,DATA_DROP_SIG,rx=2,sender=0,nonce=19100000000
19.1009,DATA_DROP_SIG,rx=11,sender=0,nonce=19100000000
19.1009,DATA_DROP_SIG,rx=3,sender=0,nonce=19100000000
19.1009,DATA_DROP_SIG,rx=1,sender=0,nonce=19100000000
19.1009,DATA_DROP_SIG,rx=5,sender=0,nonce=19100000000
19.1009,DATA_DROP_SIG,rx=6,sender=0,nonce=19100000000
19.1009,DATA_DROP_SIG,rx=10,sender=0,nonce=19100000000
19.1009,DATA_DROP_SIG,rx=7,sender=0,nonce=19100000000
19.1009,DATA_DROP_SIG,rx=4,sender=0,nonce=19100000000
19.1009,DATA_DROP_SIG,rx=9,sender=0,nonce=19100000000
19.1009,DATA_DROP_SIG,rx=8,sender=0,nonce=19100000000
19.2007,DATA_DROP_SIG,rx=2,sender=0,nonce=19200000000
19.2007,DATA_DROP_SIG,rx=11,sender=0,nonce=19200000000
19.2007,DATA_DROP_SIG,rx=3,sender=0,nonce=19200000000
19.2007,DATA_DROP_SIG,rx=1,sender=0,nonce=19200000000
19.2007,DATA_DROP_SIG,rx=5,sender=0,nonce=19200000000
19.2007,DATA_DROP_SIG,rx=6,sender=0,nonce=19200000000
19.2007,DATA_DROP_SIG,rx=10,sender=0,nonce=19200000000
19.2007,DATA_DROP_SIG,rx=7,sender=0,nonce=19200000000
19.2007,DATA_DROP_SIG,rx=4,sender=0,nonce=19200000000
19.2007,DATA_DROP_SIG,rx=9,sender=0,nonce=19200000000
19.2007,DATA_DROP_SIG,rx=8,sender=0,nonce=19200000000
19.3007,DATA_RX_OK,rx=2,sender=0,delay_s=0.000662
19.3007,DATA_RX_OK,rx=3,sender=0,delay_s=0.000662
19.3007,DATA_RX_OK,rx=11,sender=0,delay_s=0.000662
19.3007,DATA_RX_OK,rx=1,sender=0,delay_s=0.000662
19.3007,DATA_RX_OK,rx=5,sender=0,delay_s=0.000662
19.3007,DATA_RX_OK,rx=6,sender=0,delay_s=0.000662
19.3007,DATA_RX_OK,rx=10,sender=0,delay_s=0.000662
19.3007,DATA_RX_OK,rx=7,sender=0,delay_s=0.000662
19.3007,DATA_RX_OK,rx=4,sender=0,delay_s=0.000662
19.3007,DATA_RX_OK,rx=9,sender=0,delay_s=0.000662
19.3007,DATA_RX_OK,rx=8,sender=0,delay_s=0.000662
19.4,REPLAY_SENT,nonce=19300000000
19.4007,DATA_DROP_REPLAY,rx=2,sender=0,nonce=19300000000
19.4007,DATA_DROP_REPLAY,rx=3,sender=0,nonce=19300000000
19.4007,DATA_DROP_REPLAY,rx=11,sender=0,nonce=19300000000
19.4007,DATA_DROP_REPLAY,rx=1,sender=0,nonce=19300000000
19.4007,DATA_DROP_REPLAY,rx=5,sender=0,nonce=19300000000
19.4007,DATA_DROP_REPLAY,rx=6,sender=0,nonce=19300000000
19.4007,DATA_DROP_REPLAY,rx=10,sender=0,nonce=19300000000
19.4007,DATA_DROP_REPLAY,rx=7,sender=0,nonce=19300000000
19.4007,DATA_DROP_REPLAY,rx=4,sender=0,nonce=19300000000
19.4007,DATA_DROP_REPLAY,rx=9,sender=0,nonce=19300000000
19.4007,DATA_DROP_REPLAY,rx=8,sender=0,nonce=19300000000
19.401,DATA_DROP_SIG,rx=2,sender=0,nonce=19400000000
19.401,DATA_DROP_SIG,rx=3,sender=0,nonce=19400000000
19.401,DATA_DROP_SIG,rx=11,sender=0,nonce=19400000000
19.401,DATA_DROP_SIG,rx=1,sender=0,nonce=19400000000
19.401,DATA_DROP_SIG,rx=5,sender=0,nonce=19400000000
19.401,DATA_DROP_SIG,rx=6,sender=0,nonce=19400000000
19.401,DATA_DROP_SIG,rx=10,sender=0,nonce=19400000000
19.401,DATA_DROP_SIG,rx=7,sender=0,nonce=19400000000
19.401,DATA_DROP_SIG,rx=4,sender=0,nonce=19400000000
19.401,DATA_DROP_SIG,rx=9,sender=0,nonce=19400000000
19.401,DATA_DROP_SIG,rx=8,sender=0,nonce=19400000000
19.5007,DATA_DROP_SIG,rx=2,sender=0,nonce=19500000000
19.5007,DATA_DROP_SIG,rx=3,sender=0,nonce=19500000000
19.5007,DATA_DROP_SIG,rx=11,sender=0,nonce=19500000000
19.5007,DATA_DROP_SIG,rx=1,sender=0,nonce=19500000000
19.5007,DATA_DROP_SIG,rx=5,sender=0,nonce=19500000000
19.5007,DATA_DROP_SIG,rx=6,sender=0,nonce=19500000000
19.5007,DATA_DROP_SIG,rx=10,sender=0,nonce=19500000000
19.5007,DATA_DROP_SIG,rx=7,sender=0,nonce=19500000000
19.5007,DATA_DROP_SIG,rx=4,sender=0,nonce=19500000000
19.5007,DATA_DROP_SIG,rx=9,sender=0,nonce=19500000000
19.5007,DATA_DROP_SIG,rx=8,sender=0,nonce=19500000000
19.6007,DATA_DROP_SIG,rx=2,sender=0,nonce=19600000000
19.6007,DATA_DROP_SIG,rx=3,sender=0,nonce=19600000000
19.6007,DATA_DROP_SIG,rx=11,sender=0,nonce=19600000000
19.6007,DATA_DROP_SIG,rx=1,sender=0,nonce=19600000000
19.6007,DATA_DROP_SIG,rx=5,sender=0,nonce=19600000000
19.6007,DATA_DROP_SIG,rx=6,sender=0,nonce=19600000000
19.6007,DATA_DROP_SIG,rx=10,sender=0,nonce=19600000000
19.6007,DATA_DROP_SIG,rx=7,sender=0,nonce=19600000000
19.6007,DATA_DROP_SIG,rx=4,sender=0,nonce=19600000000
19.6007,DATA_DROP_SIG,rx=9,sender=0,nonce=19600000000
19.6007,DATA_DROP_SIG,rx=8,sender=0,nonce=19600000000
19.7,REPLAY_SENT,nonce=19600000000
19.7007,DATA_DROP_SIG,rx=2,sender=0,nonce=19600000000
19.7007,DATA_DROP_SIG,rx=3,sender=0,nonce=19600000000
19.7007,DATA_DROP_SIG,rx=11,sender=0,nonce=19600000000
19.7007,DATA_DROP_SIG,rx=1,sender=0,nonce=19600000000
19.7007,DATA_DROP_SIG,rx=5,sender=0,nonce=19600000000
19.7007,DATA_DROP_SIG,rx=6,sender=0,nonce=19600000000
19.7007,DATA_DROP_SIG,rx=10,sender=0,nonce=19600000000
19.7007,DATA_DROP_SIG,rx=7,sender=0,nonce=19600000000
19.7007,DATA_DROP_SIG,rx=4,sender=0,nonce=19600000000
19.7007,DATA_DROP_SIG,rx=9,sender=0,nonce=19600000000
19.7007,DATA_DROP_SIG,rx=8,sender=0,nonce=19600000000
19.7009,DATA_DROP_SIG,rx=2,sender=0,nonce=19700000000
19.7009,DATA_DROP_SIG,rx=3,sender=0,nonce=19700000000
19.7009,DATA_DROP_SIG,rx=11,sender=0,nonce=19700000000
19.7009,DATA_DROP_SIG,rx=1,sender=0,nonce=19700000000
19.7009,DATA_DROP_SIG,rx=5,sender=0,nonce=19700000000
19.7009,DATA_DROP_SIG,rx=6,sender=0,nonce=19700000000
19.7009,DATA_DROP_SIG,rx=10,sender=0,nonce=19700000000
19.7009,DATA_DROP_SIG,rx=7,sender=0,nonce=19700000000
19.7009,DATA_DROP_SIG,rx=4,sender=0,nonce=19700000000
19.7009,DATA_DROP_SIG,rx=9,sender=0,nonce=19700000000
19.7009,DATA_DROP_SIG,rx=8,sender=0,nonce=19700000000
19.8007,DATA_DROP_SIG,rx=2,sender=0,nonce=19800000000
19.8007,DATA_DROP_SIG,rx=3,sender=0,nonce=19800000000
19.8007,DATA_DROP_SIG,rx=11,sender=0,nonce=19800000000
19.8007,DATA_DROP_SIG,rx=1,sender=0,nonce=19800000000
19.8007,DATA_DROP_SIG,rx=5,sender=0,nonce=19800000000
19.8007,DATA_DROP_SIG,rx=6,sender=0,nonce=19800000000
19.8007,DATA_DROP_SIG,rx=10,sender=0,nonce=19800000000
19.8007,DATA_DROP_SIG,rx=7,sender=0,nonce=19800000000
19.8007,DATA_DROP_SIG,rx=4,sender=0,nonce=19800000000
19.8007,DATA_DROP_SIG,rx=9,sender=0,nonce=19800000000
19.8007,DATA_DROP_SIG,rx=8,sender=0,nonce=19800000000
19.9007,DATA_RX_OK,rx=2,sender=0,delay_s=0.000662
19.9007,DATA_RX_OK,rx=3,sender=0,delay_s=0.000662
19.9007,DATA_RX_OK,rx=11,sender=0,delay_s=0.000662
19.9007,DATA_RX_OK,rx=5,sender=0,delay_s=0.000662
19.9007,DATA_RX_OK,rx=1,sender=0,delay_s=0.000662
19.9007,DATA_RX_OK,rx=10,sender=0,delay_s=0.000662
19.9007,DATA_RX_OK,rx=6,sender=0,delay_s=0.000662
19.9007,DATA_RX_OK,rx=7,sender=0,delay_s=0.000662
19.9007,DATA_RX_OK,rx=4,sender=0,delay_s=0.000662
19.9007,DATA_RX_OK,rx=9,sender=0,delay_s=0.000662
19.9007,DATA_RX_OK,rx=8,sender=0,delay_s=0.000662
19.95,BLOCK_MINE_START,block_next=20
