time_s,event,details
0,BLOCK_MINE_START,block_next=1
0.05,BLOCK_COMMIT_DONE,block=1,items=0,lat_s=0.050000
1,REPORT_SENT,by=0,about=17,delta=0.020000
1,REPORT_SENT,by=1,about=11,delta=-0.050000
1,REPORT_SENT,by=2,about=0,delta=0.020000
1,REPORT_SENT,by=3,about=17,delta=0.020000
1,REPORT_SENT,by=4,about=5,delta=-0.050000
1,REPORT_SENT,by=5,about=9,delta=0.020000
1,REPORT_SENT,by=6,about=10,delta=-0.050000
1,REPORT_SENT,by=7,about=5,delta=0.020000
1,REPORT_SENT,by=8,about=0,delta=0.020000
1,REPORT_SENT,by=9,about=17,delta=0.020000
1,REPORT_SENT,by=10,about=19,delta=0.020000
1,REPORT_SENT,by=11,about=2,delta=0.020000
1,REPORT_SENT,by=12,about=4,delta=0.020000
1,REPORT_SENT,by=13,about=9,delta=0.020000
1,REPORT_SENT,by=14,about=6,delta=0.020000
1,REPORT_SENT,by=15,about=5,delta=0.020000
1,REPORT_SENT,by=16,about=18,delta=0.020000
1,REPORT_SENT,by=17,about=10,delta=0.020000
1,REPORT_SENT,by=18,about=2,delta=0.020000
1,REPORT_SENT,by=19,about=15,delta=0.020000
1.00082,DATA_RX_OK,rx=1,sender=0,delay_s=0.000823
1.00082,DATA_RX_OK,rx=21,sender=0,delay_s=0.000823
1.00082,DATA_RX_OK,rx=14,sender=0,delay_s=0.000823
1.00082,DATA_RX_OK,rx=19,sender=0,delay_s=0.000823
1.00082,DATA_RX_OK,rx=2,sender=0,delay_s=0.000823
1.00082,DATA_RX_OK,rx=3,sender=0,delay_s=0.000823
1.00082,DATA_RX_OK,rx=13,sender=0,delay_s=0.000823
1.00082,DATA_RX_OK,rx=12,sender=0,delay_s=0.000823
1.00082,DATA_RX_OK,rx=22,sender=0,delay_s=0.000823
1.00082,DATA_RX_OK,rx=5,sender=0,delay_s=0.000823
1.00082,DATA_RX_OK,rx=8,sender=0,delay_s=0.000823
1.00082,DATA_RX_OK,rx=20,sender=0,delay_s=0.000823
1.00082,DATA_RX_OK,rx=16,sender=0,delay_s=0.000823
1.00082,DATA_RX_OK,rx=4,sender=0,delay_s=0.000823
1.00082,DATA_RX_OK,rx=11,sender=0,delay_s=0.000823
1.00082,DATA_RX_OK,rx=18,sender=0,delay_s=0.000824
1.00082,DATA_RX_OK,rx=10,sender=0,delay_s=0.000824
1.00082,DATA_RX_OK,rx=9,sender=0,delay_s=0.000824
1.00082,DATA_RX_OK,rx=7,sender=0,delay_s=0.000824
1.00082,DATA_RX_OK,rx=6,sender=0,delay_s=0.000824
1.00082,DATA_RX_OK,rx=15,sender=0,delay_s=0.000824
1.00082,DATA_RX_OK,rx=17,sender=0,delay_s=0.000824
1.00092,REPORT_RX_RSU,rsu=20,by=18,about=2,delta=0.020000
1.0046,REPORT_RX_RSU,rsu=20,by=6,about=10,delta=-0.050000
1.00562,REPORT_RX_RSU,rsu=20,by=11,about=2,delta=0.020000
1.00664,REPORT_RX_RSU,rsu=20,by=3,about=17,delta=0.020000
1.00766,REPORT_RX_RSU,rsu=20,by=2,about=0,delta=0.020000
1.0096,REPORT_RX_RSU,rsu=20,by=16,about=18,delta=0.020000
1.05,BLOCK_MINE_START,block_next=2
1.1,BLOCK_COMMIT_ITEM,accused=2,delta=0.020000,trust=0.720000
1.1,BLOCK_COMMIT_ITEM,accused=10,delta=-0.050000,trust=0.650000
1.1,BLOCK_COMMIT_ITEM,accused=2,delta=0.020000,trust=0.740000
1.1,BLOCK_COMMIT_ITEM,accused=17,delta=0.020000,trust=0.720000
1.1,BLOCK_COMMIT_ITEM,accused=0,delta=0.020000,trust=0.720000
1.1,BLOCK_COMMIT_ITEM,accused=18,delta=0.020000,trust=0.720000
1.1,BLOCK_COMMIT_DONE,block=2,items=6,lat_s=0.050000
1.10066,DATA_RX_OK,rx=1,sender=0,delay_s=0.000662
1.10066,DATA_RX_OK,rx=21,sender=0,delay_s=0.000662
1.10066,DATA_RX_OK,rx=14,sender=0,delay_s=0.000662
1.10066,DATA_RX_OK,rx=19,sender=0,delay_s=0.000662
1.10066,DATA_RX_OK,rx=2,sender=0,delay_s=0.000662
1.10066,DATA_RX_OK,rx=3,sender=0,delay_s=0.000662
1.10066,DATA_RX_OK,rx=13,sender=0,delay_s=0.000662
1.10066,DATA_RX_OK,rx=12,sender=0,delay_s=0.000662
1.10066,DATA_RX_OK,rx=5,sender=0,delay_s=0.000662
1.10066,DATA_RX_OK,rx=22,sender=0,delay_s=0.000662
1.10066,DATA_RX_OK,rx=8,sender=0,delay_s=0.000662
1.10066,DATA_RX_OK,rx=20,sender=0,delay_s=0.000662
1.10066,DATA_RX_OK,rx=16,sender=0,delay_s=0.000662
1.10066,DATA_RX_OK,rx=4,sender=0,delay_s=0.000662
1.10066,DATA_RX_OK,rx=11,sender=0,delay_s=0.000662
1.10066,DATA_RX_OK,rx=18,sender=0,delay_s=0.000662
1.10066,DATA_RX_OK,rx=10,sender=0,delay_s=0.000662
1.10066,DATA_RX_OK,rx=9,sender=0,delay_s=0.000662
1.10066,DATA_RX_OK,rx=7,sender=0,delay_s=0.000662
1.10066,DATA_RX_OK,rx=6,sender=0,delay_s=0.000662
1.10066,DATA_RX_OK,rx=15,sender=0,delay_s=0.000662
1.10066,DATA_RX_OK,rx=17,sender=0,delay_s=0.000662
1.20066,DATA_RX_OK,rx=21,sender=0,delay_s=0.000662
1.20066,DATA_RX_OK,rx=1,sender=0,delay_s=0.000662
1.20066,DATA_RX_OK,rx=14,sender=0,delay_s=0.000662
1.20066,DATA_RX_OK,rx=19,sender=0,delay_s=0.000662
1.20066,DATA_RX_OK,rx=2,sender=0,delay_s=0.000662
1.20066,DATA_RX_OK,rx=13,sender=0,delay_s=0.000662
1.20066,DATA_RX_OK,rx=3,sender=0,delay_s=0.000662
1.20066,DATA_RX_OK,rx=5,sender=0,delay_s=0.000662
1.20066,DATA_RX_OK,rx=12,sender=0,delay_s=0.000662
1.20066,DATA_RX_OK,rx=22,sender=0,delay_s=0.000662
1.20066,DATA_RX_OK,rx=8,sender=0,delay_s=0.000662
1.20066,DATA_RX_OK,rx=20,sender=0,delay_s=0.000662
1.20066,DATA_RX_OK,rx=16,sender=0,delay_s=0.000662
1.20066,DATA_RX_OK,rx=4,sender=0,delay_s=0.000662
1.20066,DATA_RX_OK,rx=11,sender=0,delay_s=0.000662
1.20066,DATA_RX_OK,rx=18,sender=0,delay_s=0.000662
1.20066,DATA_RX_OK,rx=10,sender=0,delay_s=0.000662
1.20066,DATA_RX_OK,rx=9,sender=0,delay_s=0.000662
1.20066,DATA_RX_OK,rx=7,sender=0,delay_s=0.000662
1.20066,DATA_RX_OK,rx=6,sender=0,delay_s=0.000662
1.20066,DATA_RX_OK,rx=15,sender=0,delay_s=0.000662
1.20066,DATA_RX_OK,rx=17,sender=0,delay_s=0.000662
1.30066,DATA_RX_OK,rx=21,sender=0,delay_s=0.000662
1.30066,DATA_RX_OK,rx=1,sender=0,delay_s=0.000662
1.30066,DATA_RX_OK,rx=14,sender=0,delay_s=0.000662
1.30066,DATA_RX_OK,rx=2,sender=0,delay_s=0.000662
1.30066,DATA_RX_OK,rx=19,sender=0,delay_s=0.000662
1.30066,DATA_RX_OK,rx=13,sender=0,delay_s=0.000662
1.30066,DATA_RX_OK,rx=3,sender=0,delay_s=0.000662
1.30066,DATA_RX_OK,rx=5,sender=0,delay_s=0.000662
1.30066,DATA_RX_OK,rx=12,sender=0,delay_s=0.000662
1.30066,DATA_RX_OK,rx=22,sender=0,delay_s=0.000662
1.30066,DATA_RX_OK,rx=8,sender=0,delay_s=0.000662
1.30066,DATA_RX_OK,rx=20,sender=0,delay_s=0.000662
1.30066,DATA_RX_OK,rx=16,sender=0,delay_s=0.000662
1.30066,DATA_RX_OK,rx=4,sender=0,delay_s=0.000662
1.30066,DATA_RX_OK,rx=11,sender=0,delay_s=0.000662
1.30066,DATA_RX_OK,rx=18,sender=0,delay_s=0.000662
1.30066,DATA_RX_OK,rx=10,sender=0,delay_s=0.000662
1.30066,DATA_RX_OK,rx=9,sender=0,delay_s=0.000662
1.30066,DATA_RX_OK,rx=7,sender=0,delay_s=0.000662
1.30066,DATA_RX_OK,rx=6,sender=0,delay_s=0.000662
1.30066,DATA_RX_OK,rx=17,sender=0,delay_s=0.000662
1.30066,DATA_RX_OK,rx=15,sender=0,delay_s=0.000662
1.40066,DATA_RX_OK,rx=21,sender=0,delay_s=0.000662
1.40066,DATA_RX_OK,rx=1,sender=0,delay_s=0.000662
1.40066,DATA_RX_OK,rx=14,sender=0,delay_s=0.000662
1.40066,DATA_RX_OK,rx=2,sender=0,delay_s=0.000662
1.40066,DATA_RX_OK,rx=19,sender=0,delay_s=0.000662
1.40066,DATA_RX_OK,rx=13,sender=0,delay_s=0.000662
1.40066,DATA_RX_OK,rx=3,sender=0,delay_s=0.000662
1.40066,DATA_RX_OK,rx=5,sender=0,delay_s=0.000662
1.40066,DATA_RX_OK,rx=22,sender=0,delay_s=0.000662
1.40066,DATA_RX_OK,rx=8,sender=0,delay_s=0.000662
1.40066,DATA_RX_OK,rx=12,sender=0,delay_s=0.000662
1.40066,DATA_RX_OK,rx=20,sender=0,delay_s=0.000662
1.40066,DATA_RX_OK,rx=16,sender=0,delay_s=0.000662
1.40066,DATA_RX_OK,rx=4,sender=0,delay_s=0.000662
1.40066,DATA_RX_OK,rx=18,sender=0,delay_s=0.000662
1.40066,DATA_RX_OK,rx=11,sender=0,delay_s=0.000662
1.40066,DATA_RX_OK,rx=10,sender=0,delay_s=0.000662
1.40066,DATA_RX_OK,rx=9,sender=0,delay_s=0.000662
1.40066,DATA_RX_OK,rx=7,sender=0,delay_s=0.000662
1.40066,DATA_RX_OK,rx=6,sender=0,delay_s=0.000662
1.40066,DATA_RX_OK,rx=17,sender=0,delay_s=0.000662
1.40066,DATA_RX_OK,rx=15,sender=0,delay_s=0.000662
1.50066,DATA_RX_OK,rx=21,sender=0,delay_s=0.000662
1.50066,DATA_RX_OK,rx=1,sender=0,delay_s=0.000662
1.50066,DATA_RX_OK,rx=14,sender=0,delay_s=0.000662
1.50066,DATA_RX_OK,rx=2,sender=0,delay_s=0.000662
1.50066,DATA_RX_OK,rx=13,sender=0,delay_s=0.000662
1.50066,DATA_RX_OK,rx=19,sender=0,delay_s=0.000662
1.50066,DATA_RX_OK,rx=3,sender=0,delay_s=0.000662
1.50066,DATA_RX_OK,rx=5,sender=0,delay_s=0.000662
1.50066,DATA_RX_OK,rx=22,sender=0,delay_s=0.000662
1.50066,DATA_RX_OK,rx=8,sender=0,delay_s=0.000662
1.50066,DATA_RX_OK,rx=12,sender=0,delay_s=0.000662
1.50066,DATA_RX_OK,rx=16,sender=0,delay_s=0.000662
1.50066,DATA_RX_OK,rx=20,sender=0,delay_s=0.000662
1.50066,DATA_RX_OK,rx=4,sender=0,delay_s=0.000662
1.50066,DATA_RX_OK,rx=18,sender=0,delay_s=0.000662
1.50066,DATA_RX_OK,rx=10,sender=0,delay_s=0.000662
1.50066,DATA_RX_OK,rx=11,sender=0,delay_s=0.000662
1.50066,DATA_RX_OK,rx=9,sender=0,delay_s=0.000662
1.50066,DATA_RX_OK,rx=7,sender=0,delay_s=0.000662
1.50066,DATA_RX_OK,rx=6,sender=0,delay_s=0.000662
1.50066,DATA_RX_OK,rx=17,sender=0,delay_s=0.000662
1.50066,DATA_RX_OK,rx=15,sender=0,delay_s=0.000662
1.60066,DATA_RX_OK,rx=21,sender=0,delay_s=0.000662
1.60066,DATA_RX_OK,rx=1,sender=0,delay_s=0.000662
1.60066,DATA_RX_OK,rx=14,sender=0,delay_s=0.000662
1.60066,DATA_RX_OK,rx=2,sender=0,delay_s=0.000662
1.60066,DATA_RX_OK,rx=13,sender=0,delay_s=0.000662
1.60066,DATA_RX_OK,rx=19,sender=0,delay_s=0.000662
1.60066,DATA_RX_OK,rx=3,sender=0,delay_s=0.000662
1.60066,DATA_RX_OK,rx=5,sender=0,delay_s=0.000662
1.60066,DATA_RX_OK,rx=8,sender=0,delay_s=0.000662
1.60066,DATA_RX_OK,rx=22,sender=0,delay_s=0.000662
1.60066,DATA_RX_OK,rx=12,sender=0,delay_s=0.000662
1.60066,DATA_RX_OK,rx=16,sender=0,delay_s=0.000662
1.60066,DATA_RX_OK,rx=20,sender=0,delay_s=0.000662
1.60066,DATA_RX_OK,rx=4,sender=0,delay_s=0.000662
1.60066,DATA_RX_OK,rx=18,sender=0,delay_s=0.000662
1.60066,DATA_RX_OK,rx=10,sender=0,delay_s=0.000662
1.60066,DATA_RX_OK,rx=11,sender=0,delay_s=0.000662
1.60066,DATA_RX_OK,rx=9,sender=0,delay_s=0.000662
1.60066,DATA_RX_OK,rx=7,sender=0,delay_s=0.000662
1.60066,DATA_RX_OK,rx=6,sender=0,delay_s=0.000662
1.60066,DATA_RX_OK,rx=17,sender=0,delay_s=0.000662
1.60066,DATA_RX_OK,rx=15,sender=0,delay_s=0.000662
1.70066,DATA_RX_OK,rx=21,sender=0,delay_s=0.000662
1.70066,DATA_RX_OK,rx=1,sender=0,delay_s=0.000662
1.70066,DATA_RX_OK,rx=14,sender=0,delay_s=0.000662
1.70066,DATA_RX_OK,rx=2,sender=0,delay_s=0.000662
1.70066,DATA_RX_OK,rx=13,sender=0,delay_s=0.000662
1.70066,DATA_RX_OK,rx=19,sender=0,delay_s=0.000662
1.70066,DATA_RX_OK,rx=3,sender=0,delay_s=0.000662
1.70066,DATA_RX_OK,rx=5,sender=0,delay_s=0.000662
1.70066,DATA_RX_OK,rx=8,sender=0,delay_s=0.000662
1.70066,DATA_RX_OK,rx=22,sender=0,delay_s=0.000662
1.70066,DATA_RX_OK,rx=12,sender=0,delay_s=0.000662
1.70066,DATA_RX_OK,rx=16,sender=0,delay_s=0.000662
1.70066,DATA_RX_OK,rx=20,sender=0,delay_s=0.000662
1.70066,DATA_RX_OK,rx=18,sender=0,delay_s=0.000662
1.70066,DATA_RX_OK,rx=10,sender=0,delay_s=0.000662
1.70066,DATA_RX_OK,rx=4,sender=0,delay_s=0.000662
1.70066,DATA_RX_OK,rx=11,sender=0,delay_s=0.000662
1.70066,DATA_RX_OK,rx=9,sender=0,delay_s=0.000662
1.70066,DATA_RX_OK,rx=7,sender=0,delay_s=0.000662
1.70066,DATA_RX_OK,rx=6,sender=0,delay_s=0.000662
1.70066,DATA_RX_OK,rx=17,sender=0,delay_s=0.000662
1.70066,DATA_RX_OK,rx=15,sender=0,delay_s=0.000662
1.80066,DATA_RX_OK,rx=21,sender=0,delay_s=0.000662
1.80066,DATA_RX_OK,rx=1,sender=0,delay_s=0.000662
1.80066,DATA_RX_OK,rx=14,sender=0,delay_s=0.000662
1.80066,DATA_RX_OK,rx=2,sender=0,delay_s=0.000662
1.80066,DATA_RX_OK,rx=13,sender=0,delay_s=0.000662
1.80066,DATA_RX_OK,rx=5,sender=0,delay_s=0.000662
1.80066,DATA_RX_OK,rx=19,sender=0,delay_s=0.000662
1.80066,DATA_RX_OK,rx=3,sender=0,delay_s=0.000662
1.80066,DATA_RX_OK,rx=8,sender=0,delay_s=0.000662
1.80066,DATA_RX_OK,rx=22,sender=0,delay_s=0.000662
1.80066,DATA_RX_OK,rx=12,sender=0,delay_s=0.000662
1.80066,DATA_RX_OK,rx=16,sender=0,delay_s=0.000662
1.80066,DATA_RX_OK,rx=20,sender=0,delay_s=0.000662
1.80066,DATA_RX_OK,rx=10,sender=0,delay_s=0.000662
1.80066,DATA_RX_OK,rx=18,sender=0,delay_s=0.000662
1.80066,DATA_RX_OK,rx=4,sender=0,delay_s=0.000662
1.80066,DATA_RX_OK,rx=11,sender=0,delay_s=0.000662
1.80066,DATA_RX_OK,rx=7,sender=0,delay_s=0.000662
1.80066,DATA_RX_OK,rx=9,sender=0,delay_s=0.000662
1.80066,DATA_RX_OK,rx=6,sender=0,delay_s=0.000662
1.80066,DATA_RX_OK,rx=17,sender=0,delay_s=0.000662
1.80066,DATA_RX_OK,rx=15,sender=0,delay_s=0.000662
1.90066,DATA_RX_OK,rx=21,sender=0,delay_s=0.000662
1.90066,DATA_RX_OK,rx=1,sender=0,delay_s=0.000662
1.90066,DATA_RX_OK,rx=14,sender=0,delay_s=0.000662
1.90066,DATA_RX_OK,rx=2,sender=0,delay_s=0.000662
1.90066,DATA_RX_OK,rx=13,sender=0,delay_s=0.000662
1.90066,DATA_RX_OK,rx=5,sender=0,delay_s=0.000662
1.90066,DATA_RX_OK,rx=3,sender=0,delay_s=0.000662
1.90066,DATA_RX_OK,rx=19,sender=0,delay_s=0.000662
1.90066,DATA_RX_OK,rx=8,sender=0,delay_s=0.000662
1.90066,DATA_RX_OK,rx=22,sender=0,delay_s=0.000662
1.90066,DATA_RX_OK,rx=12,sender=0,delay_s=0.000662
1.90066,DATA_RX_OK,rx=20,sender=0,delay_s=0.000662
1.90066,DATA_RX_OK,rx=16,sender=0,delay_s=0.000662
1.90066,DATA_RX_OK,rx=10,sender=0,delay_s=0.000662
1.90066,DATA_RX_OK,rx=18,sender=0,delay_s=0.000662
1.90066,DATA_RX_OK,rx=4,sender=0,delay_s=0.000662
1.90066,DATA_RX_OK,rx=11,sender=0,delay_s=0.000662
1.90066,DATA_RX_OK,rx=7,sender=0,delay_s=0.000662
1.90066,DATA_RX_OK,rx=9,sender=0,delay_s=0.000662
1.90066,DATA_RX_OK,rx=6,sender=0,delay_s=0.000662
1.90066,DATA_RX_OK,rx=17,sender=0,delay_s=0.000662
1.90066,DATA_RX_OK,rx=15,sender=0,delay_s=0.000662
2,REPLAY_SENT,nonce=1900000000
2,REPORT_SENT,by=0,about=3,delta=0.020000
2,REPORT_SENT,by=1,about=10,delta=-0.050000
2,REPORT_SENT,by=2,about=19,delta=0.020000
2,REPORT_SENT,by=3,about=5,delta=0.020000
2,REPORT_SENT,by=4,about=1,delta=0.020000
2,REPORT_SENT,by=5,about=8,delta=0.020000
2,REPORT_SENT,by=6,about=6,delta=-0.050000
2,REPORT_SENT,by=7,about=19,delta=-0.050000
2,REPORT_SENT,by=8,about=9,delta=0.020000
2,REPORT_SENT,by=9,about=12,delta=0.020000
2,REPORT_SENT,by=10,about=5,delta=0.020000
2,REPORT_SENT,by=11,about=9,delta=0.020000
2,REPORT_SENT,by=12,about=7,delta=-0.050000
2,REPORT_SENT,by=13,about=4,delta=0.020000
2,REPORT_SENT,by=14,about=3,delta=-0.050000
2,REPORT_SENT,by=15,about=12,delta=0.020000
2,REPORT_SENT,by=16,about=6,delta=0.020000
2,REPORT_SENT,by=17,about=2,delta=0.020000
2,REPORT_SENT,by=18,about=18,delta=0.020000
2,REPORT_SENT,by=19,about=16,delta=0.020000
2.00076,DATA_DROP_REPLAY,rx=21,sender=0,nonce=1900000000
2.00076,DATA_DROP_REPLAY,rx=1,sender=0,nonce=1900000000
2.00076,DATA_DROP_REPLAY,rx=14,sender=0,nonce=1900000000
2.00076,DATA_DROP_REPLAY,rx=2,sender=0,nonce=1900000000
2.00076,DATA_DROP_REPLAY,rx=5,sender=0,nonce=1900000000
2.00076,DATA_DROP_REPLAY,rx=13,sender=0,nonce=1900000000
2.00076,DATA_DROP_REPLAY,rx=3,sender=0,nonce=1900000000
2.00076,DATA_DROP_REPLAY,rx=19,sender=0,nonce=1900000000
2.00076,DATA_DROP_REPLAY,rx=8,sender=0,nonce=1900000000
2.00076,DATA_DROP_REPLAY,rx=22,sender=0,nonce=1900000000
2.00076,DATA_DROP_REPLAY,rx=12,sender=0,nonce=1900000000
2.00076,DATA_DROP_REPLAY,rx=20,sender=0,nonce=1900000000
2.00076,DATA_DROP_REPLAY,rx=16,sender=0,nonce=1900000000
2.00076,DATA_DROP_REPLAY,rx=10,sender=0,nonce=1900000000
2.00076,DATA_DROP_REPLAY,rx=18,sender=0,nonce=1900000000
2.00076,DATA_DROP_REPLAY,rx=4,sender=0,nonce=1900000000
2.00076,DATA_DROP_REPLAY,rx=11,sender=0,nonce=1900000000
2.00076,DATA_DROP_REPLAY,rx=7,sender=0,nonce=1900000000
2.00076,DATA_DROP_REPLAY,rx=9,sender=0,nonce=1900000000
2.00076,DATA_DROP_REPLAY,rx=6,sender=0,nonce=1900000000
2.00076,DATA_DROP_REPLAY,rx=17,sender=0,nonce=1900000000
2.00076,DATA_DROP_REPLAY,rx=15,sender=0,nonce=1900000000
2.00099,REPORT_RX_RSU,rsu=20,by=12,about=4,delta=0.020000
2.00113,REPORT_RX_RSU,rsu=20,by=12,about=7,delta=-0.050000
2.00128,REPORT_RX_RSU,rsu=20,by=2,about=19,delta=0.020000
2.0014,REPORT_RX_RSU,rsu=20,by=16,about=6,delta=0.020000
2.0018,REPORT_RX_RSU,rsu=20,by=11,about=9,delta=0.020000
2.00192,DATA_RX_OK,rx=21,sender=0,delay_s=0.001924
2.00192,DATA_RX_OK,rx=1,sender=0,delay_s=0.001924
2.00192,DATA_RX_OK,rx=14,sender=0,delay_s=0.001924
2.00192,DATA_RX_OK,rx=2,sender=0,delay_s=0.001924
2.00192,DATA_RX_OK,rx=5,sender=0,delay_s=0.001924
2.00192,DATA_RX_OK,rx=13,sender=0,delay_s=0.001924
2.00192,DATA_RX_OK,rx=19,sender=0,delay_s=0.001924
2.00192,DATA_RX_OK,rx=12,sender=0,delay_s=0.001924
2.00192,DATA_RX_OK,rx=20,sender=0,delay_s=0.001924
2.00192,DATA_RX_OK,rx=16,sender=0,delay_s=0.001924
2.00192,DATA_RX_OK,rx=4,sender=0,delay_s=0.001924
2.00192,DATA_RX_OK,rx=11,sender=0,delay_s=0.001924
2.00194,REPORT_RX_RSU,rsu=20,by=6,about=6,delta=-0.050000
2.00233,REPORT_RX_RSU,rsu=20,by=3,about=5,delta=0.020000
2.00269,REPORT_RX_RSU,rsu=20,by=18,about=18,delta=0.020000
2.1,BLOCK_MINE_START,block_next=3
2.10066,DATA_RX_OK,rx=21,sender=0,delay_s=0.000662
2.10066,DATA_RX_OK,rx=1,sender=0,delay_s=0.000662
2.10066,DATA_RX_OK,rx=14,sender=0,delay_s=0.000662
2.10066,DATA_RX_OK,rx=5,sender=0,delay_s=0.000662
2.10066,DATA_RX_OK,rx=2,sender=0,delay_s=0.000662
2.10066,DATA_RX_OK,rx=13,sender=0,delay_s=0.000662
2.10066,DATA_RX_OK,rx=3,sender=0,delay_s=0.000662
2.10066,DATA_RX_OK,rx=19,sender=0,delay_s=0.000662
2.10066,DATA_RX_OK,rx=8,sender=0,delay_s=0.000662
2.10066,DATA_RX_OK,rx=22,sender=0,delay_s=0.000662
2.10066,DATA_RX_OK,rx=12,sender=0,delay_s=0.000662
2.10066,DATA_RX_OK,rx=20,sender=0,delay_s=0.000662
2.10066,DATA_RX_OK,rx=16,sender=0,delay_s=0.000662
2.10066,DATA_RX_OK,rx=10,sender=0,delay_s=0.000662
2.10066,DATA_RX_OK,rx=18,sender=0,delay_s=0.000662
2.10066,DATA_RX_OK,rx=4,sender=0,delay_s=0.000662
2.10066,DATA_RX_OK,rx=11,sender=0,delay_s=0.000662
2.10066,DATA_RX_OK,rx=7,sender=0,delay_s=0.000662
2.10066,DATA_RX_OK,rx=9,sender=0,delay_s=0.000662
2.10066,DATA_RX_OK,rx=17,sender=0,delay_s=0.000662
2.10066,DATA_RX_OK,rx=6,sender=0,delay_s=0.000662
2.10066,DATA_RX_OK,rx=15,sender=0,delay_s=0.000662
2.15,BLOCK_COMMIT_ITEM,accused=4,delta=0.020000,trust=0.720000
2.15,BLOCK_COMMIT_ITEM,accused=7,delta=-0.050000,trust=0.650000
2.15,BLOCK_COMMIT_ITEM,accused=19,delta=0.020000,trust=0.720000
2.15,BLOCK_COMMIT_ITEM,accused=6,delta=0.020000,trust=0.720000
2.15,BLOCK_COMMIT_ITEM,accused=9,delta=0.020000,trust=0.720000
2.15,BLOCK_COMMIT_ITEM,accused=6,delta=-0.050000,trust=0.670000
2.15,BLOCK_COMMIT_ITEM,accused=5,delta=0.020000,trust=0.720000
2.15,BLOCK_COMMIT_ITEM,accused=18,delta=0.020000,trust=0.740000
2.15,BLOCK_COMMIT_DONE,block=3,items=8,lat_s=0.050000
2.20066,DATA_RX_OK,rx=21,sender=0,delay_s=0.000662
2.20066,DATA_RX_OK,rx=1,sender=0,delay_s=0.000662
2.20066,DATA_RX_OK,rx=14,sender=0,delay_s=0.000662
2.20066,DATA_RX_OK,rx=5,sender=0,delay_s=0.000662
2.20066,DATA_RX_OK,rx=2,sender=0,delay_s=0.000662
2.20066,DATA_RX_OK,rx=13,sender=0,delay_s=0.000662
2.20066,DATA_RX_OK,rx=3,sender=0,delay_s=0.000662
2.20066,DATA_RX_OK,rx=19,sender=0,delay_s=0.000662
2.20066,DATA_RX_OK,rx=8,sender=0,delay_s=0.000662
2.20066,DATA_RX_OK,rx=22,sender=0,delay_s=0.000662
2.20066,DATA_RX_OK,rx=20,sender=0,delay_s=0.000662
2.20066,DATA_RX_OK,rx=12,sender=0,delay_s=0.000662
2.20066,DATA_RX_OK,rx=16,sender=0,delay_s=0.000662
2.20066,DATA_RX_OK,rx=10,sender=0,delay_s=0.000662
2.20066,DATA_RX_OK,rx=18,sender=0,delay_s=0.000662
2.20066,DATA_RX_OK,rx=4,sender=0,delay_s=0.000662
2.20066,DATA_RX_OK,rx=11,sender=0,delay_s=0.000662
2.20066,DATA_RX_OK,rx=7,sender=0,delay_s=0.000662
2.20066,DATA_RX_OK,rx=9,sender=0,delay_s=0.000662
2.20066,DATA_RX_OK,rx=17,sender=0,delay_s=0.000662
2.20066,DATA_RX_OK,rx=6,sender=0,delay_s=0.000662
2.20066,DATA_RX_OK,rx=15,sender=0,delay_s=0.000662
2.3,REPLAY_SENT,nonce=2200000000
2.30066,DATA_DROP_REPLAY,rx=21,sender=0,nonce=2200000000
2.30066,DATA_DROP_REPLAY,rx=1,sender=0,nonce=2200000000
2.30066,DATA_DROP_REPLAY,rx=5,sender=0,nonce=2200000000
2.30066,DATA_DROP_REPLAY,rx=14,sender=0,nonce=2200000000
2.30066,DATA_DROP_REPLAY,rx=2,sender=0,nonce=2200000000
2.30066,DATA_DROP_REPLAY,rx=13,sender=0,nonce=2200000000
2.30066,DATA_DROP_REPLAY,rx=3,sender=0,nonce=2200000000
2.30066,DATA_DROP_REPLAY,rx=19,sender=0,nonce=2200000000
2.30066,DATA_DROP_REPLAY,rx=22,sender=0,nonce=2200000000
2.30066,DATA_DROP_REPLAY,rx=8,sender=0,nonce=2200000000
2.30066,DATA_DROP_REPLAY,rx=20,sender=0,nonce=2200000000
2.30066,DATA_DROP_REPLAY,rx=12,sender=0,nonce=2200000000
2.30066,DATA_DROP_REPLAY,rx=16,sender=0,nonce=2200000000
2.30066,DATA_DROP_REPLAY,rx=10,sender=0,nonce=2200000000
2.30066,DATA_DROP_REPLAY,rx=18,sender=0,nonce=2200000000
2.30066,DATA_DROP_REPLAY,rx=4,sender=0,nonce=2200000000
2.30066,DATA_DROP_REPLAY,rx=11,sender=0,nonce=2200000000
2.30066,DATA_DROP_REPLAY,rx=7,sender=0,nonce=2200000000
2.30066,DATA_DROP_REPLAY,rx=9,sender=0,nonce=2200000000
2.30066,DATA_DROP_REPLAY,rx=17,sender=0,nonce=2200000000
2.30066,DATA_DROP_REPLAY,rx=6,sender=0,nonce=2200000000
2.30066,DATA_DROP_REPLAY,rx=15,sender=0,nonce=2200000000
2.30093,DATA_RX_OK,rx=21,sender=0,delay_s=0.000933
2.30093,DATA_RX_OK,rx=1,sender=0,delay_s=0.000933
2.30093,DATA_RX_OK,rx=5,sender=0,delay_s=0.000933
2.30093,DATA_RX_OK,rx=14,sender=0,delay_s=0.000933
2.30093,DATA_RX_OK,rx=2,sender=0,delay_s=0.000933
2.30093,DATA_RX_OK,rx=13,sender=0,delay_s=0.000933
2.30093,DATA_RX_OK,rx=3,sender=0,delay_s=0.000933
2.30093,DATA_RX_OK,rx=19,sender=0,delay_s=0.000933
2.30093,DATA_RX_OK,rx=22,sender=0,delay_s=0.000933
2.30093,DATA_RX_OK,rx=8,sender=0,delay_s=0.000933
2.30093,DATA_RX_OK,rx=20,sender=0,delay_s=0.000933
2.30093,DATA_RX_OK,rx=12,sender=0,delay_s=0.000933
2.30093,DATA_RX_OK,rx=16,sender=0,delay_s=0.000933
2.30093,DATA_RX_OK,rx=10,sender=0,delay_s=0.000933
2.30093,DATA_RX_OK,rx=18,sender=0,delay_s=0.000933
2.30093,DATA_RX_OK,rx=4,sender=0,delay_s=0.000933
2.30093,DATA_RX_OK,rx=11,sender=0,delay_s=0.000933
2.30093,DATA_RX_OK,rx=7,sender=0,delay_s=0.000933
2.30093,DATA_RX_OK,rx=9,sender=0,delay_s=0.000933
2.30093,DATA_RX_OK,rx=17,sender=0,delay_s=0.000933
2.30093,DATA_RX_OK,rx=6,sender=0,delay_s=0.000933
2.30093,DATA_RX_OK,rx=15,sender=0,delay_s=0.000933
2.40066,DATA_RX_OK,rx=21,sender=0,delay_s=0.000662
2.40066,DATA_RX_OK,rx=1,sender=0,delay_s=0.000662
2.40066,DATA_RX_OK,rx=5,sender=0,delay_s=0.000662
2.40066,DATA_RX_OK,rx=14,sender=0,delay_s=0.000662
2.40066,DATA_RX_OK,rx=2,sender=0,delay_s=0.000662
2.40066,DATA_RX_OK,rx=13,sender=0,delay_s=0.000662
2.40066,DATA_RX_OK,rx=3,sender=0,delay_s=0.000662
2.40066,DATA_RX_OK,rx=19,sender=0,delay_s=0.000662
2.40066,DATA_RX_OK,rx=22,sender=0,delay_s=0.000662
2.40066,DATA_RX_OK,rx=8,sender=0,delay_s=0.000662
2.40066,DATA_RX_OK,rx=20,sender=0,delay_s=0.000662
2.40066,DATA_RX_OK,rx=12,sender=0,delay_s=0.000662
2.40066,DATA_RX_OK,rx=10,sender=0,delay_s=0.000662
2.40066,DATA_RX_OK,rx=16,sender=0,delay_s=0.000662
2.40066,DATA_RX_OK,rx=18,sender=0,delay_s=0.000662
2.40066,DATA_RX_OK,rx=4,sender=0,delay_s=0.000662
2.40066,DATA_RX_OK,rx=11,sender=0,delay_s=0.000662
2.40066,DATA_RX_OK,rx=7,sender=0,delay_s=0.000662
2.40066,DATA_RX_OK,rx=9,sender=0,delay_s=0.000662
2.40066,DATA_RX_OK,rx=17,sender=0,delay_s=0.000662
2.40066,DATA_RX_OK,rx=6,sender=0,delay_s=0.000662
2.40066,DATA_RX_OK,rx=15,sender=0,delay_s=0.000662
2.50066,DATA_RX_OK,rx=21,sender=0,delay_s=0.000662
2.50066,DATA_RX_OK,rx=1,sender=0,delay_s=0.000662
2.50066,DATA_RX_OK,rx=5,sender=0,delay_s=0.000662
2.50066,DATA_RX_OK,rx=14,sender=0,delay_s=0.000662
2.50066,DATA_RX_OK,rx=2,sender=0,delay_s=0.000662
2.50066,DATA_RX_OK,rx=13,sender=0,delay_s=0.000662
2.50066,DATA_RX_OK,rx=3,sender=0,delay_s=0.000662
2.50066,DATA_RX_OK,rx=19,sender=0,delay_s=0.000662
2.50066,DATA_RX_OK,rx=22,sender=0,delay_s=0.000662
2.50066,DATA_RX_OK,rx=8,sender=0,delay_s=0.000662
2.50066,DATA_RX_OK,rx=20,sender=0,delay_s=0.000662
2.50066,DATA_RX_OK,rx=12,sender=0,delay_s=0.000662
2.50066,DATA_RX_OK,rx=10,sender=0,delay_s=0.000662
2.50066,DATA_RX_OK,rx=16,sender=0,delay_s=0.000662
2.50066,DATA_RX_OK,rx=18,sender=0,delay_s=0.000662
2.50066,DATA_RX_OK,rx=11,sender=0,delay_s=0.000662
2.50066,DATA_RX_OK,rx=4,sender=0,delay_s=0.000662
2.50066,DATA_RX_OK,rx=7,sender=0,delay_s=0.000662
2.50066,DATA_RX_OK,rx=17,sender=0,delay_s=0.000662
2.50066,DATA_RX_OK,rx=9,sender=0,delay_s=0.000662
2.50066,DATA_RX_OK,rx=6,sender=0,delay_s=0.000662
2.50066,DATA_RX_OK,rx=15,sender=0,delay_s=0.000662
2.6,REPLAY_SENT,nonce=2500000000
2.60066,DATA_DROP_REPLAY,rx=21,sender=0,nonce=2500000000
2.60066,DATA_DROP_REPLAY,rx=1,sender=0,nonce=2500000000
2.60066,DATA_DROP_REPLAY,rx=5,sender=0,nonce=2500000000
2.60066,DATA_DROP_REPLAY,rx=14,sender=0,nonce=2500000000
2.60066,DATA_DROP_REPLAY,rx=2,sender=0,nonce=2500000000
2.60066,DATA_DROP_REPLAY,rx=13,sender=0,nonce=2500000000
2.60066,DATA_DROP_REPLAY,rx=3,sender=0,nonce=2500000000
2.60066,DATA_DROP_REPLAY,rx=8,sender=0,nonce=2500000000
2.60066,DATA_DROP_REPLAY,rx=22,sender=0,nonce=2500000000
2.60066,DATA_DROP_REPLAY,rx=19,sender=0,nonce=2500000000
2.60066,DATA_DROP_REPLAY,rx=20,sender=0,nonce=2500000000
2.60066,DATA_DROP_REPLAY,rx=10,sender=0,nonce=2500000000
2.60066,DATA_DROP_REPLAY,rx=12,sender=0,nonce=2500000000
2.60066,DATA_DROP_REPLAY,rx=16,sender=0,nonce=2500000000
2.60066,DATA_DROP_REPLAY,rx=18,sender=0,nonce=2500000000
2.60066,DATA_DROP_REPLAY,rx=11,sender=0,nonce=2500000000
2.60066,DATA_DROP_REPLAY,rx=4,sender=0,nonce=2500000000
2.60066,DATA_DROP_REPLAY,rx=7,sender=0,nonce=2500000000
2.60066,DATA_DROP_REPLAY,rx=9,sender=0,nonce=2500000000
2.60066,DATA_DROP_REPLAY,rx=17,sender=0,nonce=2500000000
2.60066,DATA_DROP_REPLAY,rx=6,sender=0,nonce=2500000000
2.60066,DATA_DROP_REPLAY,rx=15,sender=0,nonce=2500000000
2.60101,DATA_RX_OK,rx=21,sender=0,delay_s=0.001005
2.60101,DATA_RX_OK,rx=1,sender=0,delay_s=0.001005
2.60101,DATA_RX_OK,rx=5,sender=0,delay_s=0.001005
2.60101,DATA_RX_OK,rx=14,sender=0,delay_s=0.001005
2.60101,DATA_RX_OK,rx=2,sender=0,delay_s=0.001005
2.60101,DATA_RX_OK,rx=13,sender=0,delay_s=0.001005
2.60101,DATA_RX_OK,rx=3,sender=0,delay_s=0.001005
2.60101,DATA_RX_OK,rx=8,sender=0,delay_s=0.001005
2.60101,DATA_RX_OK,rx=22,sender=0,delay_s=0.001005
2.60101,DATA_RX_OK,rx=19,sender=0,delay_s=0.001005
2.60101,DATA_RX_OK,rx=20,sender=0,delay_s=0.001005
2.60101,DATA_RX_OK,rx=10,sender=0,delay_s=0.001005
2.60101,DATA_RX_OK,rx=12,sender=0,delay_s=0.001005
2.60101,DATA_RX_OK,rx=16,sender=0,delay_s=0.001005
2.60101,DATA_RX_OK,rx=18,sender=0,delay_s=0.001005
2.60101,DATA_RX_OK,rx=11,sender=0,delay_s=0.001005
2.60101,DATA_RX_OK,rx=4,sender=0,delay_s=0.001005
2.60101,DATA_RX_OK,rx=7,sender=0,delay_s=0.001005
2.60101,DATA_RX_OK,rx=9,sender=0,delay_s=0.001005
2.60101,DATA_RX_OK,rx=17,sender=0,delay_s=0.001005
2.60101,DATA_RX_OK,rx=6,sender=0,delay_s=0.001005
2.60101,DATA_RX_OK,rx=15,sender=0,delay_s=0.001005
2.70066,DATA_RX_OK,rx=21,sender=0,delay_s=0.000662
2.70066,DATA_RX_OK,rx=1,sender=0,delay_s=0.000662
2.70066,DATA_RX_OK,rx=14,sender=0,delay_s=0.000662
2.70066,DATA_RX_OK,rx=5,sender=0,delay_s=0.000662
2.70066,DATA_RX_OK,rx=2,sender=0,delay_s=0.000662
2.70066,DATA_RX_OK,rx=13,sender=0,delay_s=0.000662
2.70066,DATA_RX_OK,rx=3,sender=0,delay_s=0.000662
2.70066,DATA_RX_OK,rx=8,sender=0,delay_s=0.000662
2.70066,DATA_RX_OK,rx=22,sender=0,delay_s=0.000662
2.70066,DATA_RX_OK,rx=19,sender=0,delay_s=0.000662
2.70066,DATA_RX_OK,rx=20,sender=0,delay_s=0.000662
2.70066,DATA_RX_OK,rx=10,sender=0,delay_s=0.000662
2.70066,DATA_RX_OK,rx=12,sender=0,delay_s=0.000662
2.70066,DATA_RX_OK,rx=16,sender=0,delay_s=0.000662
2.70066,DATA_RX_OK,rx=11,sender=0,delay_s=0.000662
2.70066,DATA_RX_OK,rx=4,sender=0,delay_s=0.000662
2.70066,DATA_RX_OK,rx=18,sender=0,delay_s=0.000662
2.70066,DATA_RX_OK,rx=7,sender=0,delay_s=0.000662
2.70066,DATA_RX_OK,rx=9,sender=0,delay_s=0.000662
2.70066,DATA_RX_OK,rx=17,sender=0,delay_s=0.000662
2.70066,DATA_RX_OK,rx=6,sender=0,delay_s=0.000662
2.70066,DATA_RX_OK,rx=15,sender=0,delay_s=0.000662
2.80066,DATA_RX_OK,rx=21,sender=0,delay_s=0.000662
2.80066,DATA_RX_OK,rx=1,sender=0,delay_s=0.000662
2.80066,DATA_RX_OK,rx=14,sender=0,delay_s=0.000662
2.80066,DATA_RX_OK,rx=5,sender=0,delay_s=0.000662
2.80066,DATA_RX_OK,rx=2,sender=0,delay_s=0.000662
2.80066,DATA_RX_OK,rx=13,sender=0,delay_s=0.000662
2.80066,DATA_RX_OK,rx=8,sender=0,delay_s=0.000662
2.80066,DATA_RX_OK,rx=3,sender=0,delay_s=0.000662
2.80066,DATA_RX_OK,rx=22,sender=0,delay_s=0.000662
2.80066,DATA_RX_OK,rx=19,sender=0,delay_s=0.000662
2.80066,DATA_RX_OK,rx=20,sender=0,delay_s=0.000662
2.80066,DATA_RX_OK,rx=10,sender=0,delay_s=0.000662
2.80066,DATA_RX_OK,rx=12,sender=0,delay_s=0.000662
2.80066,DATA_RX_OK,rx=16,sender=0,delay_s=0.000662
2.80066,DATA_RX_OK,rx=11,sender=0,delay_s=0.000662
2.80066,DATA_RX_OK,rx=4,sender=0,delay_s=0.000662
2.80066,DATA_RX_OK,rx=7,sender=0,delay_s=0.000662
2.80066,DATA_RX_OK,rx=18,sender=0,delay_s=0.000662
2.80066,DATA_RX_OK,rx=9,sender=0,delay_s=0.000662
2.80066,DATA_RX_OK,rx=17,sender=0,delay_s=0.000662
2.80066,DATA_RX_OK,rx=6,sender=0,delay_s=0.000662
2.80066,DATA_RX_OK,rx=15,sender=0,delay_s=0.000662
2.9,REPLAY_SENT,nonce=2800000000
2.90066,DATA_DROP_REPLAY,rx=21,sender=0,nonce=2800000000
2.90066,DATA_DROP_REPLAY,rx=1,sender=0,nonce=2800000000
2.90066,DATA_DROP_REPLAY,rx=14,sender=0,nonce=2800000000
2.90066,DATA_DROP_REPLAY,rx=5,sender=0,nonce=2800000000
2.90066,DATA_DROP_REPLAY,rx=2,sender=0,nonce=2800000000
2.90066,DATA_DROP_REPLAY,rx=8,sender=0,nonce=2800000000
2.90066,DATA_DROP_REPLAY,rx=13,sender=0,nonce=2800000000
2.90066,DATA_DROP_REPLAY,rx=3,sender=0,nonce=2800000000
2.90066,DATA_DROP_REPLAY,rx=22,sender=0,nonce=2800000000
2.90066,DATA_DROP_REPLAY,rx=20,sender=0,nonce=2800000000
2.90066,DATA_DROP_REPLAY,rx=10,sender=0,nonce=2800000000
2.90066,DATA_DROP_REPLAY,rx=19,sender=0,nonce=2800000000
2.90066,DATA_DROP_REPLAY,rx=16,sender=0,nonce=2800000000
2.90066,DATA_DROP_REPLAY,rx=12,sender=0,nonce=2800000000
2.90066,DATA_DROP_REPLAY,rx=11,sender=0,nonce=2800000000
2.90066,DATA_DROP_REPLAY,rx=4,sender=0,nonce=2800000000
2.90066,DATA_DROP_REPLAY,rx=7,sender=0,nonce=2800000000
2.90066,DATA_DROP_REPLAY,rx=18,sender=0,nonce=2800000000
2.90066,DATA_DROP_REPLAY,rx=9,sender=0,nonce=2800000000
2.90066,DATA_DROP_REPLAY,rx=17,sender=0,nonce=2800000000
2.90066,DATA_DROP_REPLAY,rx=6,sender=0,nonce=2800000000
2.90066,DATA_DROP_REPLAY,rx=15,sender=0,nonce=2800000000
2.90094,DATA_DROP_SIG,rx=21,sender=0,nonce=2900000000
2.90094,DATA_DROP_SIG,rx=1,sender=0,nonce=2900000000
2.90094,DATA_DROP_SIG,rx=14,sender=0,nonce=2900000000
2.90094,DATA_DROP_SIG,rx=5,sender=0,nonce=2900000000
2.90094,DATA_DROP_SIG,rx=2,sender=0,nonce=2900000000
2.90094,DATA_DROP_SIG,rx=8,sender=0,nonce=2900000000
2.90094,DATA_DROP_SIG,rx=13,sender=0,nonce=2900000000
2.90094,DATA_DROP_SIG,rx=3,sender=0,nonce=2900000000
2.90094,DATA_DROP_SIG,rx=22,sender=0,nonce=2900000000
2.90094,DATA_DROP_SIG,rx=20,sender=0,nonce=2900000000
2.90094,DATA_DROP_SIG,rx=10,sender=0,nonce=2900000000
2.90094,DATA_DROP_SIG,rx=19,sender=0,nonce=2900000000
2.90094,DATA_DROP_SIG,rx=16,sender=0,nonce=2900000000
2.90094,DATA_DROP_SIG,rx=12,sender=0,nonce=2900000000
2.90094,DATA_DROP_SIG,rx=11,sender=0,nonce=2900000000
2.90094,DATA_DROP_SIG,rx=4,sender=0,nonce=2900000000
2.90094,DATA_DROP_SIG,rx=7,sender=0,nonce=2900000000
2.90094,DATA_DROP_SIG,rx=18,sender=0,nonce=2900000000
2.90094,DATA_DROP_SIG,rx=9,sender=0,nonce=2900000000
2.90094,DATA_DROP_SIG,rx=17,sender=0,nonce=2900000000
2.90094,DATA_DROP_SIG,rx=6,sender=0,nonce=2900000000
2.90094,DATA_DROP_SIG,rx=15,sender=0,nonce=2900000000
3,REPORT_SENT,by=0,about=2,delta=0.020000
3,REPORT_SENT,by=1,about=3,delta=0.020000
3,REPORT_SENT,by=2,about=8,delta=0.020000
3,REPORT_SENT,by=3,about=2,delta=-0.050000
3,REPORT_SENT,by=4,about=9,delta=0.020000
3,REPORT_SENT,by=5,about=10,delta=-0.050000
3,REPORT_SENT,by=6,about=0,delta=0.020000
3,REPORT_SENT,by=7,about=14,delta=0.020000
3,REPORT_SENT,by=8,about=1,delta=0.020000
3,REPORT_SENT,by=9,about=13,delta=0.020000
3,REPORT_SENT,by=10,about=7,delta=0.020000
3,REPORT_SENT,by=11,about=12,delta=-0.050000
3,REPORT_SENT,by=12,about=12,delta=0.020000
3,REPORT_SENT,by=13,about=9,delta=0.020000
3,REPORT_SENT,by=14,about=13,delta=0.020000
3,REPORT_SENT,by=15,about=4,delta=0.020000
3,REPORT_SENT,by=16,about=6,delta=0.020000
3,REPORT_SENT,by=17,about=19,delta=0.020000
3,REPORT_SENT,by=18,about=11,delta=-0.050000
3,REPORT_SENT,by=19,about=18,delta=0.020000
3.00055,REPORT_RX_RSU,rsu=20,by=18,about=11,delta=-0.050000
3.00066,DATA_RX_OK,rx=21,sender=0,delay_s=0.000662
3.00066,DATA_RX_OK,rx=1,sender=0,delay_s=0.000662
3.00066,DATA_RX_OK,rx=14,sender=0,delay_s=0.000662
3.00066,DATA_RX_OK,rx=5,sender=0,delay_s=0.000662
3.00066,DATA_RX_OK,rx=2,sender=0,delay_s=0.000662
3.00066,DATA_RX_OK,rx=8,sender=0,delay_s=0.000662
3.00066,DATA_RX_OK,rx=13,sender=0,delay_s=0.000662
3.00066,DATA_RX_OK,rx=3,sender=0,delay_s=0.000662
3.00066,DATA_RX_OK,rx=20,sender=0,delay_s=0.000662
3.00066,DATA_RX_OK,rx=22,sender=0,delay_s=0.000662
3.00066,DATA_RX_OK,rx=16,sender=0,delay_s=0.000662
3.00066,DATA_RX_OK,rx=10,sender=0,delay_s=0.000662
3.00066,DATA_RX_OK,rx=12,sender=0,delay_s=0.000662
3.00066,DATA_RX_OK,rx=19,sender=0,delay_s=0.000662
3.00066,DATA_RX_OK,rx=11,sender=0,delay_s=0.000662
3.00066,DATA_RX_OK,rx=4,sender=0,delay_s=0.000662
3.00066,DATA_RX_OK,rx=7,sender=0,delay_s=0.000662
3.00066,DATA_RX_OK,rx=9,sender=0,delay_s=0.000662
3.00066,DATA_RX_OK,rx=18,sender=0,delay_s=0.000662
3.00066,DATA_RX_OK,rx=17,sender=0,delay_s=0.000662
3.00066,DATA_RX_OK,rx=15,sender=0,delay_s=0.000662
3.00066,DATA_RX_OK,rx=6,sender=0,delay_s=0.000662
3.0007,REPORT_RX_RSU,rsu=20,by=2,about=8,delta=0.020000
3.00085,REPORT_RX_RSU,rsu=20,by=6,about=0,delta=0.020000
3.0011,REPORT_RX_RSU,rsu=20,by=16,about=6,delta=0.020000
3.00127,REPORT_RX_RSU,rsu=20,by=12,about=12,delta=0.020000
3.00139,REPORT_RX_RSU,rsu=20,by=3,about=2,delta=-0.050000
3.00171,REPORT_RX_RSU,rsu=20,by=11,about=12,delta=-0.050000
3.10066,DATA_RX_OK,rx=21,sender=0,delay_s=0.000662
3.10066,DATA_RX_OK,rx=1,sender=0,delay_s=0.000662
3.10066,DATA_RX_OK,rx=14,sender=0,delay_s=0.000662
3.10066,DATA_RX_OK,rx=8,sender=0,delay_s=0.000662
3.10066,DATA_RX_OK,rx=2,sender=0,delay_s=0.000662
3.10066,DATA_RX_OK,rx=5,sender=0,delay_s=0.000662
3.10066,DATA_RX_OK,rx=13,sender=0,delay_s=0.000662
3.10066,DATA_RX_OK,rx=3,sender=0,delay_s=0.000662
3.10066,DATA_RX_OK,rx=20,sender=0,delay_s=0.000662
3.10066,DATA_RX_OK,rx=16,sender=0,delay_s=0.000662
3.10066,DATA_RX_OK,rx=22,sender=0,delay_s=0.000662
3.10066,DATA_RX_OK,rx=10,sender=0,delay_s=0.000662
3.10066,DATA_RX_OK,rx=12,sender=0,delay_s=0.000662
3.10066,DATA_RX_OK,rx=11,sender=0,delay_s=0.000662
3.10066,DATA_RX_OK,rx=19,sender=0,delay_s=0.000662
3.10066,DATA_RX_OK,rx=4,sender=0,delay_s=0.000662
3.10066,DATA_RX_OK,rx=7,sender=0,delay_s=0.000662
3.10066,DATA_RX_OK,rx=9,sender=0,delay_s=0.000662
3.10066,DATA_RX_OK,rx=18,sender=0,delay_s=0.000662
3.10066,DATA_RX_OK,rx=17,sender=0,delay_s=0.000662
3.10066,DATA_RX_OK,rx=15,sender=0,delay_s=0.000662
3.10066,DATA_RX_OK,rx=6,sender=0,delay_s=0.000662
3.15,BLOCK_MINE_START,block_next=4
3.2,REPLAY_SENT,nonce=3100000000
3.2,BLOCK_COMMIT_ITEM,accused=11,delta=-0.050000,trust=0.650000
3.2,BLOCK_COMMIT_ITEM,accused=8,delta=0.020000,trust=0.720000
3.2,BLOCK_COMMIT_ITEM,accused=0,delta=0.020000,trust=0.740000
3.2,BLOCK_COMMIT_ITEM,accused=6,delta=0.020000,trust=0.690000
3.2,BLOCK_COMMIT_ITEM,accused=12,delta=0.020000,trust=0.720000
3.2,BLOCK_COMMIT_ITEM,accused=2,delta=-0.050000,trust=0.690000
3.2,BLOCK_COMMIT_ITEM,accused=12,delta=-0.050000,trust=0.670000
3.2,BLOCK_COMMIT_DONE,block=4,items=7,lat_s=0.050000
3.20066,DATA_DROP_REPLAY,rx=21,sender=0,nonce=3100000000
3.20066,DATA_DROP_REPLAY,rx=1,sender=0,nonce=3100000000
3.20066,DATA_DROP_REPLAY,rx=14,sender=0,nonce=3100000000
3.20066,DATA_DROP_REPLAY,rx=8,sender=0,nonce=3100000000
3.20066,DATA_DROP_REPLAY,rx=2,sender=0,nonce=3100000000
3.20066,DATA_DROP_REPLAY,rx=5,sender=0,nonce=3100000000
3.20066,DATA_DROP_REPLAY,rx=13,sender=0,nonce=3100000000
3.20066,DATA_DROP_REPLAY,rx=3,sender=0,nonce=3100000000
3.20066,DATA_DROP_REPLAY,rx=16,sender=0,nonce=3100000000
3.20066,DATA_DROP_REPLAY,rx=20,sender=0,nonce=3100000000
3.20066,DATA_DROP_REPLAY,rx=10,sender=0,nonce=3100000000
3.20066,DATA_DROP_REPLAY,rx=22,sender=0,nonce=3100000000
3.20066,DATA_DROP_REPLAY,rx=11,sender=0,nonce=3100000000
3.20066,DATA_DROP_REPLAY,rx=12,sender=0,nonce=3100000000
3.20066,DATA_DROP_REPLAY,rx=4,sender=0,nonce=3100000000
3.20066,DATA_DROP_REPLAY,rx=19,sender=0,nonce=3100000000
3.20066,DATA_DROP_REPLAY,rx=7,sender=0,nonce=3100000000
3.20066,DATA_DROP_REPLAY,rx=9,sender=0,nonce=3100000000
3.20066,DATA_DROP_REPLAY,rx=17,sender=0,nonce=3100000000
3.20066,DATA_DROP_REPLAY,rx=18,sender=0,nonce=3100000000
3.20066,DATA_DROP_REPLAY,rx=15,sender=0,nonce=3100000000
3.20066,DATA_DROP_REPLAY,rx=6,sender=0,nonce=3100000000
3.201,DATA_RX_OK,rx=21,sender=0,delay_s=0.000996
3.201,DATA_RX_OK,rx=1,sender=0,delay_s=0.000996
3.201,DATA_RX_OK,rx=14,sender=0,delay_s=0.000996
3.201,DATA_RX_OK,rx=8,sender=0,delay_s=0.000996
3.201,DATA_RX_OK,rx=2,sender=0,delay_s=0.000996
3.201,DATA_RX_OK,rx=5,sender=0,delay_s=0.000996
3.201,DATA_RX_OK,rx=13,sender=0,delay_s=0.000996
3.201,DATA_RX_OK,rx=3,sender=0,delay_s=0.000996
3.201,DATA_RX_OK,rx=16,sender=0,delay_s=0.000996
3.201,DATA_RX_OK,rx=20,sender=0,delay_s=0.000996
3.201,DATA_RX_OK,rx=10,sender=0,delay_s=0.000996
3.201,DATA_RX_OK,rx=22,sender=0,delay_s=0.000996
3.201,DATA_RX_OK,rx=11,sender=0,delay_s=0.000996
3.201,DATA_RX_OK,rx=12,sender=0,delay_s=0.000996
3.201,DATA_RX_OK,rx=4,sender=0,delay_s=0.000996
3.201,DATA_RX_OK,rx=19,sender=0,delay_s=0.000996
3.201,DATA_RX_OK,rx=7,sender=0,delay_s=0.000996
3.201,DATA_RX_OK,rx=9,sender=0,delay_s=0.000996
3.201,DATA_RX_OK,rx=17,sender=0,delay_s=0.000996
3.201,DATA_RX_OK,rx=18,sender=0,delay_s=0.000996
3.201,DATA_RX_OK,rx=15,sender=0,delay_s=0.000996
3.201,DATA_RX_OK,rx=6,sender=0,delay_s=0.000996
3.30066,DATA_RX_OK,rx=21,sender=0,delay_s=0.000662
3.30066,DATA_RX_OK,rx=1,sender=0,delay_s=0.000662
3.30066,DATA_RX_OK,rx=14,sender=0,delay_s=0.000662
3.30066,DATA_RX_OK,rx=8,sender=0,delay_s=0.000662
3.30066,DATA_RX_OK,rx=2,sender=0,delay_s=0.000662
3.30066,DATA_RX_OK,rx=13,sender=0,delay_s=0.000662
3.30066,DATA_RX_OK,rx=5,sender=0,delay_s=0.000662
3.30066,DATA_RX_OK,rx=16,sender=0,delay_s=0.000662
3.30066,DATA_RX_OK,rx=20,sender=0,delay_s=0.000662
3.30066,DATA_RX_OK,rx=3,sender=0,delay_s=0.000662
3.30066,DATA_RX_OK,rx=10,sender=0,delay_s=0.000662
3.30066,DATA_RX_OK,rx=11,sender=0,delay_s=0.000662
3.30066,DATA_RX_OK,rx=12,sender=0,delay_s=0.000662
3.30066,DATA_RX_OK,rx=22,sender=0,delay_s=0.000662
3.30066,DATA_RX_OK,rx=4,sender=0,delay_s=0.000662
3.30066,DATA_RX_OK,rx=7,sender=0,delay_s=0.000662
3.30066,DATA_RX_OK,rx=19,sender=0,delay_s=0.000662
3.30066,DATA_RX_OK,rx=9,sender=0,delay_s=0.000662
3.30066,DATA_RX_OK,rx=17,sender=0,delay_s=0.000662
3.30066,DATA_RX_OK,rx=18,sender=0,delay_s=0.000662
3.30066,DATA_RX_OK,rx=15,sender=0,delay_s=0.000662
3.30066,DATA_RX_OK,rx=6,sender=0,delay_s=0.000662
3.40066,DATA_RX_OK,rx=21,sender=0,delay_s=0.000662
3.40066,DATA_RX_OK,rx=1,sender=0,delay_s=0.000662
3.40066,DATA_RX_OK,rx=14,sender=0,delay_s=0.000662
3.40066,DATA_RX_OK,rx=8,sender=0,delay_s=0.000662
3.40066,DATA_RX_OK,rx=2,sender=0,delay_s=0.000662
3.40066,DATA_RX_OK,rx=13,sender=0,delay_s=0.000662
3.40066,DATA_RX_OK,rx=5,sender=0,delay_s=0.000662
3.40066,DATA_RX_OK,rx=16,sender=0,delay_s=0.000662
3.40066,DATA_RX_OK,rx=20,sender=0,delay_s=0.000662
3.40066,DATA_RX_OK,rx=11,sender=0,delay_s=0.000662
3.40066,DATA_RX_OK,rx=3,sender=0,delay_s=0.000662
3.40066,DATA_RX_OK,rx=10,sender=0,delay_s=0.000662
3.40066,DATA_RX_OK,rx=12,sender=0,delay_s=0.000662
3.40066,DATA_RX_OK,rx=4,sender=0,delay_s=0.000662
3.40066,DATA_RX_OK,rx=22,sender=0,delay_s=0.000662
3.40066,DATA_RX_OK,rx=19,sender=0,delay_s=0.000662
3.40066,DATA_RX_OK,rx=7,sender=0,delay_s=0.000662
3.40066,DATA_RX_OK,rx=9,sender=0,delay_s=0.000662
3.40066,DATA_RX_OK,rx=17,sender=0,delay_s=0.000662
3.40066,DATA_RX_OK,rx=18,sender=0,delay_s=0.000662
3.40066,DATA_RX_OK,rx=15,sender=0,delay_s=0.000662
3.40066,DATA_RX_OK,rx=6,sender=0,delay_s=0.000662
3.5,REPLAY_SENT,nonce=3400000000
3.50066,DATA_DROP_REPLAY,rx=21,sender=0,nonce=3400000000
3.50066,DATA_DROP_REPLAY,rx=1,sender=0,nonce=3400000000
3.50066,DATA_DROP_REPLAY,rx=14,sender=0,nonce=3400000000
3.50066,DATA_DROP_REPLAY,rx=8,sender=0,nonce=3400000000
3.50066,DATA_DROP_REPLAY,rx=2,sender=0,nonce=3400000000
3.50066,DATA_DROP_REPLAY,rx=13,sender=0,nonce=3400000000
3.50066,DATA_DROP_REPLAY,rx=5,sender=0,nonce=3400000000
3.50066,DATA_DROP_REPLAY,rx=20,sender=0,nonce=3400000000
3.50066,DATA_DROP_REPLAY,rx=16,sender=0,nonce=3400000000
3.50066,DATA_DROP_REPLAY,rx=11,sender=0,nonce=3400000000
3.50066,DATA_DROP_REPLAY,rx=3,sender=0,nonce=3400000000
3.50066,DATA_DROP_REPLAY,rx=10,sender=0,nonce=3400000000
3.50066,DATA_DROP_REPLAY,rx=4,sender=0,nonce=3400000000
3.50066,DATA_DROP_REPLAY,rx=19,sender=0,nonce=3400000000
3.50066,DATA_DROP_REPLAY,rx=22,sender=0,nonce=3400000000
3.50066,DATA_DROP_REPLAY,rx=12,sender=0,nonce=3400000000
3.50066,DATA_DROP_REPLAY,rx=7,sender=0,nonce=3400000000
3.50066,DATA_DROP_REPLAY,rx=9,sender=0,nonce=3400000000
3.50066,DATA_DROP_REPLAY,rx=17,sender=0,nonce=3400000000
3.50066,DATA_DROP_REPLAY,rx=18,sender=0,nonce=3400000000
3.50066,DATA_DROP_REPLAY,rx=15,sender=0,nonce=3400000000
3.50066,DATA_DROP_REPLAY,rx=6,sender=0,nonce=3400000000
3.50101,DATA_RX_OK,rx=21,sender=0,delay_s=0.001014
3.50101,DATA_RX_OK,rx=1,sender=0,delay_s=0.001014
3.50101,DATA_RX_OK,rx=14,sender=0,delay_s=0.001014
3.50101,DATA_RX_OK,rx=8,sender=0,delay_s=0.001014
3.50101,DATA_RX_OK,rx=2,sender=0,delay_s=0.001014
3.50101,DATA_RX_OK,rx=13,sender=0,delay_s=0.001014
3.50101,DATA_RX_OK,rx=5,sender=0,delay_s=0.001014
3.50101,DATA_RX_OK,rx=20,sender=0,delay_s=0.001014
3.50101,DATA_RX_OK,rx=16,sender=0,delay_s=0.001014
3.50101,DATA_RX_OK,rx=11,sender=0,delay_s=0.001014
3.50101,DATA_RX_OK,rx=3,sender=0,delay_s=0.001014
3.50101,DATA_RX_OK,rx=10,sender=0,delay_s=0.001014
3.50101,DATA_RX_OK,rx=4,sender=0,delay_s=0.001014
3.50101,DATA_RX_OK,rx=19,sender=0,delay_s=0.001014
3.50101,DATA_RX_OK,rx=22,sender=0,delay_s=0.001014
3.50101,DATA_RX_OK,rx=12,sender=0,delay_s=0.001014
3.50101,DATA_RX_OK,rx=7,sender=0,delay_s=0.001014
3.50101,DATA_RX_OK,rx=9,sender=0,delay_s=0.001014
3.50101,DATA_RX_OK,rx=17,sender=0,delay_s=0.001014
3.50101,DATA_RX_OK,rx=18,sender=0,delay_s=0.001014
3.50101,DATA_RX_OK,rx=15,sender=0,delay_s=0.001014
3.50101,DATA_RX_OK,rx=6,sender=0,delay_s=0.001014
3.60066,DATA_RX_OK,rx=21,sender=0,delay_s=0.000662
3.60066,DATA_RX_OK,rx=1,sender=0,delay_s=0.000662
3.60066,DATA_RX_OK,rx=14,sender=0,delay_s=0.000662
3.60066,DATA_RX_OK,rx=2,sender=0,delay_s=0.000662
3.60066,DATA_RX_OK,rx=8,sender=0,delay_s=0.000662
3.60066,DATA_RX_OK,rx=13,sender=0,delay_s=0.000662
3.60066,DATA_RX_OK,rx=5,sender=0,delay_s=0.000662
3.60066,DATA_RX_OK,rx=20,sender=0,delay_s=0.000662
3.60066,DATA_RX_OK,rx=16,sender=0,delay_s=0.000662
3.60066,DATA_RX_OK,rx=11,sender=0,delay_s=0.000662
3.60066,DATA_RX_OK,rx=10,sender=0,delay_s=0.000662
3.60066,DATA_RX_OK,rx=3,sender=0,delay_s=0.000662
3.60066,DATA_RX_OK,rx=4,sender=0,delay_s=0.000662
3.60066,DATA_RX_OK,rx=19,sender=0,delay_s=0.000662
3.60066,DATA_RX_OK,rx=22,sender=0,delay_s=0.000662
3.60066,DATA_RX_OK,rx=12,sender=0,delay_s=0.000662
3.60066,DATA_RX_OK,rx=7,sender=0,delay_s=0.000662
3.60066,DATA_RX_OK,rx=9,sender=0,delay_s=0.000662
3.60066,DATA_RX_OK,rx=17,sender=0,delay_s=0.000662
3.60066,DATA_RX_OK,rx=18,sender=0,delay_s=0.000662
3.60066,DATA_RX_OK,rx=6,sender=0,delay_s=0.000662
3.60066,DATA_RX_OK,rx=15,sender=0,delay_s=0.000662
3.70066,DATA_RX_OK,rx=21,sender=0,delay_s=0.000662
3.70066,DATA_RX_OK,rx=1,sender=0,delay_s=0.000662
3.70066,DATA_RX_OK,rx=14,sender=0,delay_s=0.000662
3.70066,DATA_RX_OK,rx=2,sender=0,delay_s=0.000662
3.70066,DATA_RX_OK,rx=13,sender=0,delay_s=0.000662
3.70066,DATA_RX_OK,rx=8,sender=0,delay_s=0.000662
3.70066,DATA_RX_OK,rx=5,sender=0,delay_s=0.000662
3.70066,DATA_RX_OK,rx=20,sender=0,delay_s=0.000662
3.70066,DATA_RX_OK,rx=11,sender=0,delay_s=0.000662
3.70066,DATA_RX_OK,rx=16,sender=0,delay_s=0.000662
3.70066,DATA_RX_OK,rx=10,sender=0,delay_s=0.000662
3.70066,DATA_RX_OK,rx=3,sender=0,delay_s=0.000662
3.70066,DATA_RX_OK,rx=4,sender=0,delay_s=0.000662
3.70066,DATA_RX_OK,rx=19,sender=0,delay_s=0.000662
3.70066,DATA_RX_OK,rx=22,sender=0,delay_s=0.000662
3.70066,DATA_RX_OK,rx=12,sender=0,delay_s=0.000662
3.70066,DATA_RX_OK,rx=7,sender=0,delay_s=0.000662
3.70066,DATA_RX_OK,rx=9,sender=0,delay_s=0.000662
3.70066,DATA_RX_OK,rx=17,sender=0,delay_s=0.000662
3.70066,DATA_RX_OK,rx=18,sender=0,delay_s=0.000662
3.70066,DATA_RX_OK,rx=6,sender=0,delay_s=0.000662
3.70066,DATA_RX_OK,rx=15,sender=0,delay_s=0.000662
3.8,REPLAY_SENT,nonce=3700000000
3.80066,DATA_DROP_REPLAY,rx=21,sender=0,nonce=3700000000
3.80066,DATA_DROP_REPLAY,rx=1,sender=0,nonce=3700000000
3.80066,DATA_DROP_REPLAY,rx=2,sender=0,nonce=3700000000
3.80066,DATA_DROP_REPLAY,rx=14,sender=0,nonce=3700000000
3.80066,DATA_DROP_REPLAY,rx=13,sender=0,nonce=3700000000
3.80066,DATA_DROP_REPLAY,rx=8,sender=0,nonce=3700000000
3.80066,DATA_DROP_REPLAY,rx=5,sender=0,nonce=3700000000
3.80066,DATA_DROP_REPLAY,rx=11,sender=0,nonce=3700000000
3.80066,DATA_DROP_REPLAY,rx=20,sender=0,nonce=3700000000
3.80066,DATA_DROP_REPLAY,rx=16,sender=0,nonce=3700000000
3.80066,DATA_DROP_REPLAY,rx=10,sender=0,nonce=3700000000
3.80066,DATA_DROP_REPLAY,rx=19,sender=0,nonce=3700000000
3.80066,DATA_DROP_REPLAY,rx=4,sender=0,nonce=3700000000
3.80066,DATA_DROP_REPLAY,rx=3,sender=0,nonce=3700000000
3.80066,DATA_DROP_REPLAY,rx=22,sender=0,nonce=3700000000
3.80066,DATA_DROP_REPLAY,rx=12,sender=0,nonce=3700000000
3.80066,DATA_DROP_REPLAY,rx=7,sender=0,nonce=3700000000
3.80066,DATA_DROP_REPLAY,rx=9,sender=0,nonce=3700000000
3.80066,DATA_DROP_REPLAY,rx=17,sender=0,nonce=3700000000
3.80066,DATA_DROP_REPLAY,rx=18,sender=0,nonce=3700000000
3.80066,DATA_DROP_REPLAY,rx=6,sender=0,nonce=3700000000
3.80066,DATA_DROP_REPLAY,rx=15,sender=0,nonce=3700000000
3.80106,DATA_RX_OK,rx=21,sender=0,delay_s=0.001059
3.80106,DATA_RX_OK,rx=1,sender=0,delay_s=0.001059
3.80106,DATA_RX_OK,rx=2,sender=0,delay_s=0.001059
3.80106,DATA_RX_OK,rx=14,sender=0,delay_s=0.001059
3.80106,DATA_RX_OK,rx=13,sender=0,delay_s=0.001059
3.80106,DATA_RX_OK,rx=8,sender=0,delay_s=0.001059
3.80106,DATA_RX_OK,rx=5,sender=0,delay_s=0.001059
3.80106,DATA_RX_OK,rx=11,sender=0,delay_s=0.001059
3.80106,DATA_RX_OK,rx=20,sender=0,delay_s=0.001059
3.80106,DATA_RX_OK,rx=16,sender=0,delay_s=0.001059
3.80106,DATA_RX_OK,rx=10,sender=0,delay_s=0.001059
3.80106,DATA_RX_OK,rx=19,sender=0,delay_s=0.001059
3.80106,DATA_RX_OK,rx=4,sender=0,delay_s=0.001059
3.80106,DATA_RX_OK,rx=3,sender=0,delay_s=0.001059
3.80106,DATA_RX_OK,rx=22,sender=0,delay_s=0.001059
3.80106,DATA_RX_OK,rx=12,sender=0,delay_s=0.001059
3.80106,DATA_RX_OK,rx=7,sender=0,delay_s=0.001059
3.80106,DATA_RX_OK,rx=9,sender=0,delay_s=0.001059
3.80106,DATA_RX_OK,rx=17,sender=0,delay_s=0.001059
3.80106,DATA_RX_OK,rx=18,sender=0,delay_s=0.001059
3.80106,DATA_RX_OK,rx=6,sender=0,delay_s=0.001059
3.80106,DATA_RX_OK,rx=15,sender=0,delay_s=0.001059
3.90066,DATA_RX_OK,rx=21,sender=0,delay_s=0.000662
3.90066,DATA_RX_OK,rx=1,sender=0,delay_s=0.000662
3.90066,DATA_RX_OK,rx=2,sender=0,delay_s=0.000662
3.90066,DATA_RX_OK,rx=13,sender=0,delay_s=0.000662
3.90066,DATA_RX_OK,rx=14,sender=0,delay_s=0.000662
3.90066,DATA_RX_OK,rx=8,sender=0,delay_s=0.000662
3.90066,DATA_RX_OK,rx=5,sender=0,delay_s=0.000662
3.90066,DATA_RX_OK,rx=11,sender=0,delay_s=0.000662
3.90066,DATA_RX_OK,rx=20,sender=0,delay_s=0.000662
3.90066,DATA_RX_OK,rx=10,sender=0,delay_s=0.000662
3.90066,DATA_RX_OK,rx=16,sender=0,delay_s=0.000662
3.90066,DATA_RX_OK,rx=19,sender=0,delay_s=0.000662
3.90066,DATA_RX_OK,rx=4,sender=0,delay_s=0.000662
3.90066,DATA_RX_OK,rx=3,sender=0,delay_s=0.000662
3.90066,DATA_RX_OK,rx=22,sender=0,delay_s=0.000662
3.90066,DATA_RX_OK,rx=12,sender=0,delay_s=0.000662
3.90066,DATA_RX_OK,rx=7,sender=0,delay_s=0.000662
3.90066,DATA_RX_OK,rx=9,sender=0,delay_s=0.000662
3.90066,DATA_RX_OK,rx=17,sender=0,delay_s=0.000662
3.90066,DATA_RX_OK,rx=18,sender=0,delay_s=0.000662
3.90066,DATA_RX_OK,rx=6,sender=0,delay_s=0.000662
3.90066,DATA_RX_OK,rx=15,sender=0,delay_s=0.000662
4,REPORT_SENT,by=0,about=11,delta=0.020000
4,REPORT_SENT,by=1,about=10,delta=0.020000
4,REPORT_SENT,by=2,about=0,delta=0.020000
4,REPORT_SENT,by=3,about=8,delta=0.020000
4,REPORT_SENT,by=4,about=3,delta=0.020000
4,REPORT_SENT,by=5,about=10,delta=0.020000
4,REPORT_SENT,by=6,about=9,delta=0.020000
4,REPORT_SENT,by=7,about=0,delta=0.020000
4,REPORT_SENT,by=8,about=7,delta=0.020000
4,REPORT_SENT,by=9,about=9,delta=0.020000
4,REPORT_SENT,by=10,about=8,delta=0.020000
4,REPORT_SENT,by=11,about=19,delta=0.020000
4,REPORT_SENT,by=12,about=6,delta=0.020000
4,REPORT_SENT,by=13,about=13,delta=0.020000
4,REPORT_SENT,by=14,about=10,delta=0.020000
4,REPORT_SENT,by=15,about=13,delta=0.020000
4,REPORT_SENT,by=16,about=2,delta=0.020000
4,REPORT_SENT,by=17,about=1,delta=0.020000
4,REPORT_SENT,by=18,about=13,delta=0.020000
4,REPORT_SENT,by=19,about=15,delta=0.020000
4.00025,REPORT_RX_RSU,rsu=20,by=3,about=8,delta=0.020000
4.00075,DATA_RX_OK,rx=21,sender=0,delay_s=0.000753
4.00075,DATA_RX_OK,rx=2,sender=0,delay_s=0.000753
4.00075,DATA_RX_OK,rx=1,sender=0,delay_s=0.000753
4.00075,DATA_RX_OK,rx=13,sender=0,delay_s=0.000753
4.00075,DATA_RX_OK,rx=14,sender=0,delay_s=0.000753
4.00075,DATA_RX_OK,rx=8,sender=0,delay_s=0.000753
4.00075,DATA_RX_OK,rx=5,sender=0,delay_s=0.000753
4.00075,DATA_RX_OK,rx=11,sender=0,delay_s=0.000753
4.00075,DATA_RX_OK,rx=20,sender=0,delay_s=0.000753
4.00075,DATA_RX_OK,rx=19,sender=0,delay_s=0.000753
4.00075,DATA_RX_OK,rx=10,sender=0,delay_s=0.000753
4.00075,DATA_RX_OK,rx=4,sender=0,delay_s=0.000753
4.00075,DATA_RX_OK,rx=16,sender=0,delay_s=0.000753
4.00075,DATA_RX_OK,rx=3,sender=0,delay_s=0.000753
4.00075,DATA_RX_OK,rx=22,sender=0,delay_s=0.000753
4.00075,DATA_RX_OK,rx=12,sender=0,delay_s=0.000753
4.00075,DATA_RX_OK,rx=7,sender=0,delay_s=0.000753
4.00075,DATA_RX_OK,rx=9,sender=0,delay_s=0.000753
4.00075,DATA_RX_OK,rx=17,sender=0,delay_s=0.000753
4.00075,DATA_RX_OK,rx=18,sender=0,delay_s=0.000753
4.00075,DATA_RX_OK,rx=6,sender=0,delay_s=0.000753
4.00075,DATA_RX_OK,rx=15,sender=0,delay_s=0.000753
4.00099,REPORT_RX_RSU,rsu=20,by=4,about=5,delta=-0.050000
4.00117,REPORT_RX_RSU,rsu=20,by=2,about=0,delta=0.020000
4.0014,REPORT_RX_RSU,rsu=20,by=16,about=2,delta=0.020000
4.00155,REPORT_RX_RSU,rsu=20,by=6,about=9,delta=0.020000
4.00176,REPORT_RX_RSU,rsu=20,by=11,about=19,delta=0.020000
4.00192,REPORT_RX_RSU,rsu=20,by=12,about=6,delta=0.020000
4.00206,REPORT_RX_RSU,rsu=20,by=18,about=13,delta=0.020000
4.00219,REPORT_RX_RSU,rsu=20,by=4,about=1,delta=0.020000
4.00231,REPORT_RX_RSU,rsu=20,by=4,about=9,delta=0.020000
4.1,REPLAY_SENT,nonce=4000000000
4.10066,DATA_DROP_REPLAY,rx=21,sender=0,nonce=4000000000
4.10066,DATA_DROP_REPLAY,rx=2,sender=0,nonce=4000000000
4.10066,DATA_DROP_REPLAY,rx=1,sender=0,nonce=4000000000
4.10066,DATA_DROP_REPLAY,rx=13,sender=0,nonce=4000000000
4.10066,DATA_DROP_REPLAY,rx=14,sender=0,nonce=4000000000
4.10066,DATA_DROP_REPLAY,rx=5,sender=0,nonce=4000000000
4.10066,DATA_DROP_REPLAY,rx=8,sender=0,nonce=4000000000
4.10066,DATA_DROP_REPLAY,rx=11,sender=0,nonce=4000000000
4.10066,DATA_DROP_REPLAY,rx=20,sender=0,nonce=4000000000
4.10066,DATA_DROP_REPLAY,rx=19,sender=0,nonce=4000000000
4.10066,DATA_DROP_REPLAY,rx=10,sender=0,nonce=4000000000
4.10066,DATA_DROP_REPLAY,rx=4,sender=0,nonce=4000000000
4.10066,DATA_DROP_REPLAY,rx=16,sender=0,nonce=4000000000
4.10066,DATA_DROP_REPLAY,rx=3,sender=0,nonce=4000000000
4.10066,DATA_DROP_REPLAY,rx=22,sender=0,nonce=4000000000
4.10066,DATA_DROP_REPLAY,rx=12,sender=0,nonce=4000000000
4.10066,DATA_DROP_REPLAY,rx=7,sender=0,nonce=4000000000
4.10066,DATA_DROP_REPLAY,rx=9,sender=0,nonce=4000000000
4.10066,DATA_DROP_REPLAY,rx=17,sender=0,nonce=4000000000
4.10066,DATA_DROP_REPLAY,rx=18,sender=0,nonce=4000000000
4.10066,DATA_DROP_REPLAY,rx=6,sender=0,nonce=4000000000
4.10066,DATA_DROP_REPLAY,rx=15,sender=0,nonce=4000000000
4.10096,DATA_RX_OK,rx=21,sender=0,delay_s=0.000960
4.10096,DATA_RX_OK,rx=2,sender=0,delay_s=0.000960
4.10096,DATA_RX_OK,rx=1,sender=0,delay_s=0.000960
4.10096,DATA_RX_OK,rx=13,sender=0,delay_s=0.000960
4.10096,DATA_RX_OK,rx=14,sender=0,delay_s=0.000960
4.10096,DATA_RX_OK,rx=5,sender=0,delay_s=0.000960
4.10096,DATA_RX_OK,rx=8,sender=0,delay_s=0.000960
4.10096,DATA_RX_OK,rx=11,sender=0,delay_s=0.000960
4.10096,DATA_RX_OK,rx=20,sender=0,delay_s=0.000960
4.10096,DATA_RX_OK,rx=19,sender=0,delay_s=0.000960
4.10096,DATA_RX_OK,rx=10,sender=0,delay_s=0.000960
4.10096,DATA_RX_OK,rx=4,sender=0,delay_s=0.000960
4.10096,DATA_RX_OK,rx=16,sender=0,delay_s=0.000960
4.10096,DATA_RX_OK,rx=3,sender=0,delay_s=0.000960
4.10096,DATA_RX_OK,rx=22,sender=0,delay_s=0.000960
4.10096,DATA_RX_OK,rx=12,sender=0,delay_s=0.000960
4.10096,DATA_RX_OK,rx=7,sender=0,delay_s=0.000960
4.10096,DATA_RX_OK,rx=9,sender=0,delay_s=0.000960
4.10096,DATA_RX_OK,rx=17,sender=0,delay_s=0.000960
4.10096,DATA_RX_OK,rx=18,sender=0,delay_s=0.000960
4.10096,DATA_RX_OK,rx=6,sender=0,delay_s=0.000960
4.10096,DATA_RX_OK,rx=15,sender=0,delay_s=0.000960
4.2,BLOCK_MINE_START,block_next=5
4.20066,DATA_RX_OK,rx=21,sender=0,delay_s=0.000662
4.20066,DATA_RX_OK,rx=2,sender=0,delay_s=0.000662
4.20066,DATA_RX_OK,rx=1,sender=0,delay_s=0.000662
4.20066,DATA_RX_OK,rx=13,sender=0,delay_s=0.000662
4.20066,DATA_RX_OK,rx=14,sender=0,delay_s=0.000662
4.20066,DATA_RX_OK,rx=5,sender=0,delay_s=0.000662
4.20066,DATA_RX_OK,rx=8,sender=0,delay_s=0.000662
4.20066,DATA_RX_OK,rx=11,sender=0,delay_s=0.000662
4.20066,DATA_RX_OK,rx=20,sender=0,delay_s=0.000662
4.20066,DATA_RX_OK,rx=19,sender=0,delay_s=0.000662
4.20066,DATA_RX_OK,rx=10,sender=0,delay_s=0.000662
4.20066,DATA_RX_OK,rx=4,sender=0,delay_s=0.000662
4.20066,DATA_RX_OK,rx=16,sender=0,delay_s=0.000662
4.20066,DATA_RX_OK,rx=3,sender=0,delay_s=0.000662
4.20066,DATA_RX_OK,rx=22,sender=0,delay_s=0.000662
4.20066,DATA_RX_OK,rx=12,sender=0,delay_s=0.000662
4.20066,DATA_RX_OK,rx=7,sender=0,delay_s=0.000662
4.20066,DATA_RX_OK,rx=9,sender=0,delay_s=0.000662
4.20066,DATA_RX_OK,rx=17,sender=0,delay_s=0.000662
4.20066,DATA_RX_OK,rx=18,sender=0,delay_s=0.000662
4.20066,DATA_RX_OK,rx=6,sender=0,delay_s=0.000662
4.20066,DATA_RX_OK,rx=15,sender=0,delay_s=0.000662
4.25,BLOCK_COMMIT_ITEM,accused=8,delta=0.020000,trust=0.740000
4.25,BLOCK_COMMIT_ITEM,accused=5,delta=-0.050000,trust=0.670000
4.25,BLOCK_COMMIT_ITEM,accused=0,delta=0.020000,trust=0.760000
4.25,BLOCK_COMMIT_ITEM,accused=2,delta=0.020000,trust=0.710000
4.25,BLOCK_COMMIT_ITEM,accused=9,delta=0.020000,trust=0.740000
4.25,BLOCK_COMMIT_ITEM,accused=19,delta=0.020000,trust=0.740000
4.25,BLOCK_COMMIT_ITEM,accused=6,delta=0.020000,trust=0.710000
4.25,BLOCK_COMMIT_ITEM,accused=13,delta=0.020000,trust=0.720000
4.25,BLOCK_COMMIT_ITEM,accused=1,delta=0.020000,trust=0.720000
4.25,BLOCK_COMMIT_ITEM,accused=9,delta=0.020000,trust=0.760000
4.25,BLOCK_COMMIT_DONE,block=5,items=10,lat_s=0.050000
4.30066,DATA_RX_OK,rx=21,sender=0,delay_s=0.000662
4.30066,DATA_RX_OK,rx=2,sender=0,delay_s=0.000662
4.30066,DATA_RX_OK,rx=1,sender=0,delay_s=0.000662
4.30066,DATA_RX_OK,rx=13,sender=0,delay_s=0.000662
4.30066,DATA_RX_OK,rx=14,sender=0,delay_s=0.000662
4.30066,DATA_RX_OK,rx=8,sender=0,delay_s=0.000662
4.30066,DATA_RX_OK,rx=5,sender=0,delay_s=0.000662
4.30066,DATA_RX_OK,rx=11,sender=0,delay_s=0.000662
4.30066,DATA_RX_OK,rx=20,sender=0,delay_s=0.000662
4.30066,DATA_RX_OK,rx=19,sender=0,delay_s=0.000662
4.30066,DATA_RX_OK,rx=10,sender=0,delay_s=0.000662
4.30066,DATA_RX_OK,rx=4,sender=0,delay_s=0.000662
4.30066,DATA_RX_OK,rx=16,sender=0,delay_s=0.000662
4.30066,DATA_RX_OK,rx=3,sender=0,delay_s=0.000662
4.30066,DATA_RX_OK,rx=22,sender=0,delay_s=0.000662
4.30066,DATA_RX_OK,rx=12,sender=0,delay_s=0.000662
4.30066,DATA_RX_OK,rx=7,sender=0,delay_s=0.000662
4.30066,DATA_RX_OK,rx=9,sender=0,delay_s=0.000662
4.30066,DATA_RX_OK,rx=17,sender=0,delay_s=0.000662
4.30066,DATA_RX_OK,rx=18,sender=0,delay_s=0.000662
4.30066,DATA_RX_OK,rx=6,sender=0,delay_s=0.000662
4.30066,DATA_RX_OK,rx=15,sender=0,delay_s=0.000662
4.4,REPLAY_SENT,nonce=4300000000
4.40066,DATA_DROP_REPLAY,rx=21,sender=0,nonce=4300000000
4.40066,DATA_DROP_REPLAY,rx=2,sender=0,nonce=4300000000
4.40066,DATA_DROP_REPLAY,rx=1,sender=0,nonce=4300000000
4.40066,DATA_DROP_REPLAY,rx=13,sender=0,nonce=4300000000
4.40066,DATA_DROP_REPLAY,rx=14,sender=0,nonce=4300000000
4.40066,DATA_DROP_REPLAY,rx=8,sender=0,nonce=4300000000
4.40066,DATA_DROP_REPLAY,rx=5,sender=0,nonce=4300000000
4.40066,DATA_DROP_REPLAY,rx=11,sender=0,nonce=4300000000
4.40066,DATA_DROP_REPLAY,rx=20,sender=0,nonce=4300000000
4.40066,DATA_DROP_REPLAY,rx=19,sender=0,nonce=4300000000
4.40066,DATA_DROP_REPLAY,rx=10,sender=0,nonce=4300000000
4.40066,DATA_DROP_REPLAY,rx=16,sender=0,nonce=4300000000
4.40066,DATA_DROP_REPLAY,rx=4,sender=0,nonce=4300000000
4.40066,DATA_DROP_REPLAY,rx=3,sender=0,nonce=4300000000
4.40066,DATA_DROP_REPLAY,rx=22,sender=0,nonce=4300000000
4.40066,DATA_DROP_REPLAY,rx=7,sender=0,nonce=4300000000
4.40066,DATA_DROP_REPLAY,rx=12,sender=0,nonce=4300000000
4.40066,DATA_DROP_REPLAY,rx=9,sender=0,nonce=4300000000
4.40066,DATA_DROP_REPLAY,rx=17,sender=0,nonce=4300000000
4.40066,DATA_DROP_REPLAY,rx=18,sender=0,nonce=4300000000
4.40066,DATA_DROP_REPLAY,rx=6,sender=0,nonce=4300000000
4.40066,DATA_DROP_REPLAY,rx=15,sender=0,nonce=4300000000
4.40106,DATA_RX_OK,rx=21,sender=0,delay_s=0.001059
4.40106,DATA_RX_OK,rx=2,sender=0,delay_s=0.001059
4.40106,DATA_RX_OK,rx=1,sender=0,delay_s=0.001059
4.40106,DATA_RX_OK,rx=13,sender=0,delay_s=0.001059
4.40106,DATA_RX_OK,rx=14,sender=0,delay_s=0.001059
4.40106,DATA_RX_OK,rx=8,sender=0,delay_s=0.001059
4.40106,DATA_RX_OK,rx=5,sender=0,delay_s=0.001059
4.40106,DATA_RX_OK,rx=11,sender=0,delay_s=0.001059
4.40106,DATA_RX_OK,rx=20,sender=0,delay_s=0.001059
4.40106,DATA_RX_OK,rx=19,sender=0,delay_s=0.001059
4.40106,DATA_RX_OK,rx=10,sender=0,delay_s=0.001059
4.40106,DATA_RX_OK,rx=16,sender=0,delay_s=0.001059
4.40106,DATA_RX_OK,rx=4,sender=0,delay_s=0.001059
4.40106,DATA_RX_OK,rx=3,sender=0,delay_s=0.001059
4.40106,DATA_RX_OK,rx=22,sender=0,delay_s=0.001059
4.40106,DATA_RX_OK,rx=7,sender=0,delay_s=0.001059
4.40106,DATA_RX_OK,rx=12,sender=0,delay_s=0.001059
4.40106,DATA_RX_OK,rx=9,sender=0,delay_s=0.001059
4.40106,DATA_RX_OK,rx=17,sender=0,delay_s=0.001059
4.40106,DATA_RX_OK,rx=18,sender=0,delay_s=0.001059
4.40106,DATA_RX_OK,rx=6,sender=0,delay_s=0.001059
4.40106,DATA_RX_OK,rx=15,sender=0,delay_s=0.001059
4.50066,DATA_RX_OK,rx=21,sender=0,delay_s=0.000662
4.50066,DATA_RX_OK,rx=2,sender=0,delay_s=0.000662
4.50066,DATA_RX_OK,rx=1,sender=0,delay_s=0.000662
4.50066,DATA_RX_OK,rx=13,sender=0,delay_s=0.000662
4.50066,DATA_RX_OK,rx=14,sender=0,delay_s=0.000662
4.50066,DATA_RX_OK,rx=8,sender=0,delay_s=0.000662
4.50066,DATA_RX_OK,rx=5,sender=0,delay_s=0.000662
4.50066,DATA_RX_OK,rx=20,sender=0,delay_s=0.000662
4.50066,DATA_RX_OK,rx=11,sender=0,delay_s=0.000662
4.50066,DATA_RX_OK,rx=19,sender=0,delay_s=0.000662
4.50066,DATA_RX_OK,rx=10,sender=0,delay_s=0.000662
4.50066,DATA_RX_OK,rx=16,sender=0,delay_s=0.000662
4.50066,DATA_RX_OK,rx=4,sender=0,delay_s=0.000662
4.50066,DATA_RX_OK,rx=3,sender=0,delay_s=0.000662
4.50066,DATA_RX_OK,rx=22,sender=0,delay_s=0.000662
4.50066,DATA_RX_OK,rx=7,sender=0,delay_s=0.000662
4.50066,DATA_RX_OK,rx=12,sender=0,delay_s=0.000662
4.50066,DATA_RX_OK,rx=9,sender=0,delay_s=0.000662
4.50066,DATA_RX_OK,rx=17,sender=0,delay_s=0.000662
4.50066,DATA_RX_OK,rx=18,sender=0,delay_s=0.000662
4.50066,DATA_RX_OK,rx=6,sender=0,delay_s=0.000662
4.50066,DATA_RX_OK,rx=15,sender=0,delay_s=0.000662
4.60066,DATA_RX_OK,rx=21,sender=0,delay_s=0.000662
4.60066,DATA_RX_OK,rx=2,sender=0,delay_s=0.000662
4.60066,DATA_RX_OK,rx=1,sender=0,delay_s=0.000662
4.60066,DATA_RX_OK,rx=13,sender=0,delay_s=0.000662
4.60066,DATA_RX_OK,rx=14,sender=0,delay_s=0.000662
4.60066,DATA_RX_OK,rx=8,sender=0,delay_s=0.000662
4.60066,DATA_RX_OK,rx=5,sender=0,delay_s=0.000662
4.60066,DATA_RX_OK,rx=20,sender=0,delay_s=0.000662
4.60066,DATA_RX_OK,rx=19,sender=0,delay_s=0.000662
4.60066,DATA_RX_OK,rx=11,sender=0,delay_s=0.000662
4.60066,DATA_RX_OK,rx=10,sender=0,delay_s=0.000662
4.60066,DATA_RX_OK,rx=16,sender=0,delay_s=0.000662
4.60066,DATA_RX_OK,rx=3,sender=0,delay_s=0.000662
4.60066,DATA_RX_OK,rx=4,sender=0,delay_s=0.000662
4.60066,DATA_RX_OK,rx=22,sender=0,delay_s=0.000662
4.60066,DATA_RX_OK,rx=7,sender=0,delay_s=0.000662
4.60066,DATA_RX_OK,rx=12,sender=0,delay_s=0.000662
4.60066,DATA_RX_OK,rx=9,sender=0,delay_s=0.000662
4.60066,DATA_RX_OK,rx=17,sender=0,delay_s=0.000662
4.60066,DATA_RX_OK,rx=18,sender=0,delay_s=0.000662
4.60066,DATA_RX_OK,rx=6,sender=0,delay_s=0.000662
4.60066,DATA_RX_OK,rx=15,sender=0,delay_s=0.000662
4.7,REPLAY_SENT,nonce=4600000000
4.70066,DATA_DROP_REPLAY,rx=21,sender=0,nonce=4600000000
4.70066,DATA_DROP_REPLAY,rx=2,sender=0,nonce=4600000000
4.70066,DATA_DROP_REPLAY,rx=14,sender=0,nonce=4600000000
4.70066,DATA_DROP_REPLAY,rx=1,sender=0,nonce=4600000000
4.70066,DATA_DROP_REPLAY,rx=8,sender=0,nonce=4600000000
4.70066,DATA_DROP_REPLAY,rx=13,sender=0,nonce=4600000000
4.70066,DATA_DROP_REPLAY,rx=5,sender=0,nonce=4600000000
4.70066,DATA_DROP_REPLAY,rx=20,sender=0,nonce=4600000000
4.70066,DATA_DROP_REPLAY,rx=19,sender=0,nonce=4600000000
4.70066,DATA_DROP_REPLAY,rx=11,sender=0,nonce=4600000000
4.70066,DATA_DROP_REPLAY,rx=16,sender=0,nonce=4600000000
4.70066,DATA_DROP_REPLAY,rx=10,sender=0,nonce=4600000000
4.70066,DATA_DROP_REPLAY,rx=3,sender=0,nonce=4600000000
4.70066,DATA_DROP_REPLAY,rx=4,sender=0,nonce=4600000000
4.70066,DATA_DROP_REPLAY,rx=7,sender=0,nonce=4600000000
4.70066,DATA_DROP_REPLAY,rx=22,sender=0,nonce=4600000000
4.70066,DATA_DROP_REPLAY,rx=12,sender=0,nonce=4600000000
4.70066,DATA_DROP_REPLAY,rx=9,sender=0,nonce=4600000000
4.70066,DATA_DROP_REPLAY,rx=17,sender=0,nonce=4600000000
4.70066,DATA_DROP_REPLAY,rx=6,sender=0,nonce=4600000000
4.70066,DATA_DROP_REPLAY,rx=18,sender=0,nonce=4600000000
4.70066,DATA_DROP_REPLAY,rx=15,sender=0,nonce=4600000000
4.70102,DATA_RX_OK,rx=21,sender=0,delay_s=0.001023
4.70102,DATA_RX_OK,rx=2,sender=0,delay_s=0.001023
4.70102,DATA_RX_OK,rx=14,sender=0,delay_s=0.001023
4.70102,DATA_RX_OK,rx=1,sender=0,delay_s=0.001023
4.70102,DATA_RX_OK,rx=8,sender=0,delay_s=0.001023
4.70102,DATA_RX_OK,rx=13,sender=0,delay_s=0.001023
4.70102,DATA_RX_OK,rx=5,sender=0,delay_s=0.001023
4.70102,DATA_RX_OK,rx=20,sender=0,delay_s=0.001023
4.70102,DATA_RX_OK,rx=19,sender=0,delay_s=0.001023
4.70102,DATA_RX_OK,rx=11,sender=0,delay_s=0.001023
4.70102,DATA_RX_OK,rx=16,sender=0,delay_s=0.001023
4.70102,DATA_RX_OK,rx=10,sender=0,delay_s=0.001023
4.70102,DATA_RX_OK,rx=3,sender=0,delay_s=0.001023
4.70102,DATA_RX_OK,rx=4,sender=0,delay_s=0.001023
4.70102,DATA_RX_OK,rx=7,sender=0,delay_s=0.001023
4.70102,DATA_RX_OK,rx=22,sender=0,delay_s=0.001023
4.70102,DATA_RX_OK,rx=12,sender=0,delay_s=0.001023
4.70102,DATA_RX_OK,rx=9,sender=0,delay_s=0.001023
4.70102,DATA_RX_OK,rx=17,sender=0,delay_s=0.001023
4.70102,DATA_RX_OK,rx=6,sender=0,delay_s=0.001023
4.70102,DATA_RX_OK,rx=18,sender=0,delay_s=0.001023
4.70102,DATA_RX_OK,rx=15,sender=0,delay_s=0.001023
4.80066,DATA_RX_OK,rx=21,sender=0,delay_s=0.000662
4.80066,DATA_RX_OK,rx=2,sender=0,delay_s=0.000662
4.80066,DATA_RX_OK,rx=8,sender=0,delay_s=0.000662
4.80066,DATA_RX_OK,rx=14,sender=0,delay_s=0.000662
4.80066,DATA_RX_OK,rx=1,sender=0,delay_s=0.000662
4.80066,DATA_RX_OK,rx=13,sender=0,delay_s=0.000662
4.80066,DATA_RX_OK,rx=5,sender=0,delay_s=0.000662
4.80066,DATA_RX_OK,rx=20,sender=0,delay_s=0.000662
4.80066,DATA_RX_OK,rx=19,sender=0,delay_s=0.000662
4.80066,DATA_RX_OK,rx=16,sender=0,delay_s=0.000662
4.80066,DATA_RX_OK,rx=11,sender=0,delay_s=0.000662
4.80066,DATA_RX_OK,rx=10,sender=0,delay_s=0.000662
4.80066,DATA_RX_OK,rx=3,sender=0,delay_s=0.000662
4.80066,DATA_RX_OK,rx=4,sender=0,delay_s=0.000662
4.80066,DATA_RX_OK,rx=7,sender=0,delay_s=0.000662
4.80066,DATA_RX_OK,rx=22,sender=0,delay_s=0.000662
4.80066,DATA_RX_OK,rx=12,sender=0,delay_s=0.000662
4.80066,DATA_RX_OK,rx=9,sender=0,delay_s=0.000662
4.80066,DATA_RX_OK,rx=17,sender=0,delay_s=0.000662
4.80066,DATA_RX_OK,rx=6,sender=0,delay_s=0.000662
4.80066,DATA_RX_OK,rx=18,sender=0,delay_s=0.000662
4.80066,DATA_RX_OK,rx=15,sender=0,delay_s=0.000662
4.90066,DATA_RX_OK,rx=21,sender=0,delay_s=0.000662
4.90066,DATA_RX_OK,rx=2,sender=0,delay_s=0.000662
4.90066,DATA_RX_OK,rx=8,sender=0,delay_s=0.000662
4.90066,DATA_RX_OK,rx=14,sender=0,delay_s=0.000662
4.90066,DATA_RX_OK,rx=1,sender=0,delay_s=0.000662
4.90066,DATA_RX_OK,rx=13,sender=0,delay_s=0.000662
4.90066,DATA_RX_OK,rx=5,sender=0,delay_s=0.000662
4.90066,DATA_RX_OK,rx=20,sender=0,delay_s=0.000662
4.90066,DATA_RX_OK,rx=19,sender=0,delay_s=0.000662
4.90066,DATA_RX_OK,rx=16,sender=0,delay_s=0.000662
4.90066,DATA_RX_OK,rx=10,sender=0,delay_s=0.000662
4.90066,DATA_RX_OK,rx=11,sender=0,delay_s=0.000662
4.90066,DATA_RX_OK,rx=3,sender=0,delay_s=0.000662
4.90066,DATA_RX_OK,rx=7,sender=0,delay_s=0.000662
4.90066,DATA_RX_OK,rx=4,sender=0,delay_s=0.000662
4.90066,DATA_RX_OK,rx=22,sender=0,delay_s=0.000662
4.90066,DATA_RX_OK,rx=12,sender=0,delay_s=0.000662
4.90066,DATA_RX_OK,rx=9,sender=0,delay_s=0.000662
4.90066,DATA_RX_OK,rx=17,sender=0,delay_s=0.000662
4.90066,DATA_RX_OK,rx=6,sender=0,delay_s=0.000662
4.90066,DATA_RX_OK,rx=15,sender=0,delay_s=0.000662
4.90066,DATA_RX_OK,rx=18,sender=0,delay_s=0.000662
5,REPORT_SENT,by=0,about=17,delta=0.020000
5,REPORT_SENT,by=1,about=15,delta=0.020000
5,REPORT_SENT,by=2,about=2,delta=-0.050000
5,REPORT_SENT,by=3,about=16,delta=0.020000
5,REPORT_SENT,by=4,about=6,delta=0.020000
5,REPORT_SENT,by=5,about=14,delta=0.020000
5,REPORT_SENT,by=6,about=16,delta=0.020000
5,REPORT_SENT,by=7,about=11,delta=0.020000
5,REPORT_SENT,by=8,about=6,delta=0.020000
5,REPORT_SENT,by=9,about=1,delta=0.020000
5,REPORT_SENT,by=10,about=2,delta=0.020000
5,REPORT_SENT,by=11,about=9,delta=0.020000
5,REPORT_SENT,by=12,about=2,delta=0.020000
5,REPORT_SENT,by=13,about=13,delta=0.020000
5,REPORT_SENT,by=14,about=3,delta=0.020000
5,REPORT_SENT,by=15,about=3,delta=0.020000
5,REPORT_SENT,by=16,about=12,delta=0.020000
5,REPORT_SENT,by=17,about=2,delta=-0.050000
5,REPORT_SENT,by=18,about=2,delta=0.020000
5,REPORT_SENT,by=19,about=14,delta=0.020000
5,REPLAY_SENT,nonce=4900000000
5.00024,REPORT_RX_RSU,rsu=20,by=18,about=2,delta=0.020000
5.00041,REPORT_RX_RSU,rsu=20,by=16,about=12,delta=0.020000
5.00079,REPORT_RX_RSU,rsu=20,by=4,about=6,delta=0.020000
5.00092,REPORT_RX_RSU,rsu=20,by=2,about=2,delta=-0.050000
5.00093,DATA_DROP_REPLAY,rx=21,sender=0,nonce=4900000000
5.00093,DATA_DROP_REPLAY,rx=2,sender=0,nonce=4900000000
5.00093,DATA_DROP_REPLAY,rx=8,sender=0,nonce=4900000000
5.00093,DATA_DROP_REPLAY,rx=14,sender=0,nonce=4900000000
5.00093,DATA_DROP_REPLAY,rx=1,sender=0,nonce=4900000000
5.00093,DATA_DROP_REPLAY,rx=13,sender=0,nonce=4900000000
5.00093,DATA_DROP_REPLAY,rx=5,sender=0,nonce=4900000000
5.00093,DATA_DROP_REPLAY,rx=19,sender=0,nonce=4900000000
5.00093,DATA_DROP_REPLAY,rx=3,sender=0,nonce=4900000000
5.00093,DATA_DROP_REPLAY,rx=10,sender=0,nonce=4900000000
5.00093,DATA_DROP_REPLAY,rx=22,sender=0,nonce=4900000000
5.00093,DATA_DROP_REPLAY,rx=18,sender=0,nonce=4900000000
5.00107,REPORT_RX_RSU,rsu=20,by=3,about=16,delta=0.020000
5.0012,REPORT_RX_RSU,rsu=20,by=12,about=2,delta=0.020000
5.00165,REPORT_RX_RSU,rsu=20,by=6,about=16,delta=0.020000
5.00176,DATA_RX_OK,rx=21,sender=0,delay_s=0.001764
5.00176,DATA_RX_OK,rx=2,sender=0,delay_s=0.001764
5.00176,DATA_RX_OK,rx=8,sender=0,delay_s=0.001764
5.00176,DATA_RX_OK,rx=14,sender=0,delay_s=0.001764
5.00176,DATA_RX_OK,rx=1,sender=0,delay_s=0.001764
5.00176,DATA_RX_OK,rx=13,sender=0,delay_s=0.001764
5.00176,DATA_RX_OK,rx=5,sender=0,delay_s=0.001764
5.00176,DATA_RX_OK,rx=20,sender=0,delay_s=0.001764
5.00176,DATA_RX_OK,rx=19,sender=0,delay_s=0.001764
5.00176,DATA_RX_OK,rx=16,sender=0,delay_s=0.001764
5.00176,DATA_RX_OK,rx=7,sender=0,delay_s=0.001764
5.00176,DATA_RX_OK,rx=3,sender=0,delay_s=0.001764
5.00176,DATA_RX_OK,rx=10,sender=0,delay_s=0.001764
5.00176,DATA_RX_OK,rx=11,sender=0,delay_s=0.001764
5.00176,DATA_RX_OK,rx=4,sender=0,delay_s=0.001764
5.00176,DATA_RX_OK,rx=22,sender=0,delay_s=0.001764
5.00176,DATA_RX_OK,rx=12,sender=0,delay_s=0.001764
5.00176,DATA_RX_OK,rx=17,sender=0,delay_s=0.001764
5.00176,DATA_RX_OK,rx=9,sender=0,delay_s=0.001764
5.00176,DATA_RX_OK,rx=6,sender=0,delay_s=0.001764
5.00176,DATA_RX_OK,rx=15,sender=0,delay_s=0.001764
5.00176,DATA_RX_OK,rx=18,sender=0,delay_s=0.001764
5.00194,REPORT_RX_RSU,rsu=20,by=11,about=9,delta=0.020000
5.10066,DATA_RX_OK,rx=21,sender=0,delay_s=0.000662
5.10066,DATA_RX_OK,rx=2,sender=0,delay_s=0.000662
5.10066,DATA_RX_OK,rx=8,sender=0,delay_s=0.000662
5.10066,DATA_RX_OK,rx=14,sender=0,delay_s=0.000662
5.10066,DATA_RX_OK,rx=1,sender=0,delay_s=0.000662
5.10066,DATA_RX_OK,rx=13,sender=0,delay_s=0.000662
5.10066,DATA_RX_OK,rx=5,sender=0,delay_s=0.000662
5.10066,DATA_RX_OK,rx=19,sender=0,delay_s=0.000662
5.10066,DATA_RX_OK,rx=20,sender=0,delay_s=0.000662
5.10066,DATA_RX_OK,rx=16,sender=0,delay_s=0.000662
5.10066,DATA_RX_OK,rx=3,sender=0,delay_s=0.000662
5.10066,DATA_RX_OK,rx=10,sender=0,delay_s=0.000662
5.10066,DATA_RX_OK,rx=7,sender=0,delay_s=0.000662
5.10066,DATA_RX_OK,rx=11,sender=0,delay_s=0.000662
5.10066,DATA_RX_OK,rx=22,sender=0,delay_s=0.000662
5.10066,DATA_RX_OK,rx=4,sender=0,delay_s=0.000662
5.10066,DATA_RX_OK,rx=12,sender=0,delay_s=0.000662
5.10066,DATA_RX_OK,rx=17,sender=0,delay_s=0.000662
5.10066,DATA_RX_OK,rx=9,sender=0,delay_s=0.000662
5.10066,DATA_RX_OK,rx=6,sender=0,delay_s=0.000662
5.10066,DATA_RX_OK,rx=15,sender=0,delay_s=0.000662
5.10066,DATA_RX_OK,rx=18,sender=0,delay_s=0.000662
5.20066,DATA_RX_OK,rx=21,sender=0,delay_s=0.000662
5.20066,DATA_RX_OK,rx=2,sender=0,delay_s=0.000662
5.20066,DATA_RX_OK,rx=8,sender=0,delay_s=0.000662
5.20066,DATA_RX_OK,rx=14,sender=0,delay_s=0.000662
5.20066,DATA_RX_OK,rx=13,sender=0,delay_s=0.000662
5.20066,DATA_RX_OK,rx=1,sender=0,delay_s=0.000662
5.20066,DATA_RX_OK,rx=5,sender=0,delay_s=0.000662
5.20066,DATA_RX_OK,rx=19,sender=0,delay_s=0.000662
5.20066,DATA_RX_OK,rx=20,sender=0,delay_s=0.000662
5.20066,DATA_RX_OK,rx=10,sender=0,delay_s=0.000662
5.20066,DATA_RX_OK,rx=16,sender=0,delay_s=0.000662
5.20066,DATA_RX_OK,rx=3,sender=0,delay_s=0.000662
5.20066,DATA_RX_OK,rx=11,sender=0,delay_s=0.000662
5.20066,DATA_RX_OK,rx=7,sender=0,delay_s=0.000662
5.20066,DATA_RX_OK,rx=22,sender=0,delay_s=0.000662
5.20066,DATA_RX_OK,rx=4,sender=0,delay_s=0.000662
5.20066,DATA_RX_OK,rx=12,sender=0,delay_s=0.000662
5.20066,DATA_RX_OK,rx=17,sender=0,delay_s=0.000662
5.20066,DATA_RX_OK,rx=9,sender=0,delay_s=0.000662
5.20066,DATA_RX_OK,rx=6,sender=0,delay_s=0.000662
5.20066,DATA_RX_OK,rx=18,sender=0,delay_s=0.000662
5.20066,DATA_RX_OK,rx=15,sender=0,delay_s=0.000662
5.25,BLOCK_MINE_START,block_next=6
5.3,REPLAY_SENT,nonce=5200000000
5.3,BLOCK_COMMIT_ITEM,accused=2,delta=0.020000,trust=0.730000
5.3,BLOCK_COMMIT_ITEM,accused=12,delta=0.020000,trust=0.690000
5.3,BLOCK_COMMIT_ITEM,accused=6,delta=0.020000,trust=0.730000
5.3,BLOCK_COMMIT_ITEM,accused=2,delta=-0.050000,trust=0.680000
5.3,BLOCK_COMMIT_ITEM,accused=16,delta=0.020000,trust=0.720000
5.3,BLOCK_COMMIT_ITEM,accused=2,delta=0.020000,trust=0.700000
5.3,BLOCK_COMMIT_ITEM,accused=16,delta=0.020000,trust=0.740000
5.3,BLOCK_COMMIT_ITEM,accused=9,delta=0.020000,trust=0.780000
5.3,BLOCK_COMMIT_DONE,block=6,items=8,lat_s=0.050000
5.30066,DATA_DROP_REPLAY,rx=21,sender=0,nonce=5200000000
5.30066,DATA_DROP_REPLAY,rx=2,sender=0,nonce=5200000000
5.30066,DATA_DROP_REPLAY,rx=13,sender=0,nonce=5200000000
5.30066,DATA_DROP_REPLAY,rx=14,sender=0,nonce=5200000000
5.30066,DATA_DROP_REPLAY,rx=8,sender=0,nonce=5200000000
5.30066,DATA_DROP_REPLAY,rx=1,sender=0,nonce=5200000000
5.30066,DATA_DROP_REPLAY,rx=5,sender=0,nonce=5200000000
5.30066,DATA_DROP_REPLAY,rx=19,sender=0,nonce=5200000000
5.30066,DATA_DROP_REPLAY,rx=20,sender=0,nonce=5200000000
5.30066,DATA_DROP_REPLAY,rx=10,sender=0,nonce=5200000000
5.30066,DATA_DROP_REPLAY,rx=3,sender=0,nonce=5200000000
5.30066,DATA_DROP_REPLAY,rx=11,sender=0,nonce=5200000000
5.30066,DATA_DROP_REPLAY,rx=16,sender=0,nonce=5200000000
5.30066,DATA_DROP_REPLAY,rx=22,sender=0,nonce=5200000000
5.30066,DATA_DROP_REPLAY,rx=7,sender=0,nonce=5200000000
5.30066,DATA_DROP_REPLAY,rx=12,sender=0,nonce=5200000000
5.30066,DATA_DROP_REPLAY,rx=4,sender=0,nonce=5200000000
5.30066,DATA_DROP_REPLAY,rx=17,sender=0,nonce=5200000000
5.30066,DATA_DROP_REPLAY,rx=9,sender=0,nonce=5200000000
5.30066,DATA_DROP_REPLAY,rx=6,sender=0,nonce=5200000000
5.30066,DATA_DROP_REPLAY,rx=18,sender=0,nonce=5200000000
5.30066,DATA_DROP_REPLAY,rx=15,sender=0,nonce=5200000000
5.301,DATA_RX_OK,rx=21,sender=0,delay_s=0.000996
5.301,DATA_RX_OK,rx=2,sender=0,delay_s=0.000996
5.301,DATA_RX_OK,rx=13,sender=0,delay_s=0.000996
5.301,DATA_RX_OK,rx=14,sender=0,delay_s=0.000996
5.301,DATA_RX_OK,rx=8,sender=0,delay_s=0.000996
5.301,DATA_RX_OK,rx=1,sender=0,delay_s=0.000996
5.301,DATA_RX_OK,rx=5,sender=0,delay_s=0.000996
5.301,DATA_RX_OK,rx=19,sender=0,delay_s=0.000996
5.301,DATA_RX_OK,rx=20,sender=0,delay_s=0.000996
5.301,DATA_RX_OK,rx=10,sender=0,delay_s=0.000996
5.301,DATA_RX_OK,rx=3,sender=0,delay_s=0.000996
5.301,DATA_RX_OK,rx=11,sender=0,delay_s=0.000996
5.301,DATA_RX_OK,rx=16,sender=0,delay_s=0.000996
5.301,DATA_RX_OK,rx=22,sender=0,delay_s=0.000996
5.301,DATA_RX_OK,rx=7,sender=0,delay_s=0.000996
5.301,DATA_RX_OK,rx=12,sender=0,delay_s=0.000996
5.301,DATA_RX_OK,rx=4,sender=0,delay_s=0.000996
5.301,DATA_RX_OK,rx=17,sender=0,delay_s=0.000996
5.301,DATA_RX_OK,rx=9,sender=0,delay_s=0.000996
5.301,DATA_RX_OK,rx=6,sender=0,delay_s=0.000996
5.301,DATA_RX_OK,rx=18,sender=0,delay_s=0.000996
5.301,DATA_RX_OK,rx=15,sender=0,delay_s=0.000996
5.40066,DATA_RX_OK,rx=21,sender=0,delay_s=0.000662
5.40066,DATA_RX_OK,rx=13,sender=0,delay_s=0.000662
5.40066,DATA_RX_OK,rx=2,sender=0,delay_s=0.000662
5.40066,DATA_RX_OK,rx=14,sender=0,delay_s=0.000662
5.40066,DATA_RX_OK,rx=1,sender=0,delay_s=0.000662
5.40066,DATA_RX_OK,rx=8,sender=0,delay_s=0.000662
5.40066,DATA_RX_OK,rx=5,sender=0,delay_s=0.000662
5.40066,DATA_RX_OK,rx=19,sender=0,delay_s=0.000662
5.40066,DATA_RX_OK,rx=20,sender=0,delay_s=0.000662
5.40066,DATA_RX_OK,rx=10,sender=0,delay_s=0.000662
5.40066,DATA_RX_OK,rx=11,sender=0,delay_s=0.000662
5.40066,DATA_RX_OK,rx=22,sender=0,delay_s=0.000662
5.40066,DATA_RX_OK,rx=3,sender=0,delay_s=0.000662
5.40066,DATA_RX_OK,rx=16,sender=0,delay_s=0.000662
5.40066,DATA_RX_OK,rx=7,sender=0,delay_s=0.000662
5.40066,DATA_RX_OK,rx=12,sender=0,delay_s=0.000662
5.40066,DATA_RX_OK,rx=17,sender=0,delay_s=0.000662
5.40066,DATA_RX_OK,rx=4,sender=0,delay_s=0.000662
5.40066,DATA_RX_OK,rx=9,sender=0,delay_s=0.000662
5.40066,DATA_RX_OK,rx=18,sender=0,delay_s=0.000662
5.40066,DATA_RX_OK,rx=6,sender=0,delay_s=0.000662
5.40066,DATA_RX_OK,rx=15,sender=0,delay_s=0.000662
5.50066,DATA_RX_OK,rx=21,sender=0,delay_s=0.000662
5.50066,DATA_RX_OK,rx=13,sender=0,delay_s=0.000662
5.50066,DATA_RX_OK,rx=2,sender=0,delay_s=0.000662
5.50066,DATA_RX_OK,rx=14,sender=0,delay_s=0.000662
5.50066,DATA_RX_OK,rx=1,sender=0,delay_s=0.000662
5.50066,DATA_RX_OK,rx=5,sender=0,delay_s=0.000662
5.50066,DATA_RX_OK,rx=8,sender=0,delay_s=0.000662
5.50066,DATA_RX_OK,rx=19,sender=0,delay_s=0.000662
5.50066,DATA_RX_OK,rx=20,sender=0,delay_s=0.000662
5.50066,DATA_RX_OK,rx=22,sender=0,delay_s=0.000662
5.50066,DATA_RX_OK,rx=10,sender=0,delay_s=0.000662
5.50066,DATA_RX_OK,rx=11,sender=0,delay_s=0.000662
5.50066,DATA_RX_OK,rx=3,sender=0,delay_s=0.000662
5.50066,DATA_RX_OK,rx=7,sender=0,delay_s=0.000662
5.50066,DATA_RX_OK,rx=16,sender=0,delay_s=0.000662
5.50066,DATA_RX_OK,rx=12,sender=0,delay_s=0.000662
5.50066,DATA_RX_OK,rx=17,sender=0,delay_s=0.000662
5.50066,DATA_RX_OK,rx=4,sender=0,delay_s=0.000662
5.50066,DATA_RX_OK,rx=9,sender=0,delay_s=0.000662
5.50066,DATA_RX_OK,rx=18,sender=0,delay_s=0.000662
5.50066,DATA_RX_OK,rx=6,sender=0,delay_s=0.000662
5.50066,DATA_RX_OK,rx=15,sender=0,delay_s=0.000662
5.6,REPLAY_SENT,nonce=5500000000
5.60066,DATA_DROP_REPLAY,rx=21,sender=0,nonce=5500000000
5.60066,DATA_DROP_REPLAY,rx=13,sender=0,nonce=5500000000
5.60066,DATA_DROP_REPLAY,rx=2,sender=0,nonce=5500000000
5.60066,DATA_DROP_REPLAY,rx=5,sender=0,nonce=5500000000
5.60066,DATA_DROP_REPLAY,rx=1,sender=0,nonce=5500000000
5.60066,DATA_DROP_REPLAY,rx=14,sender=0,nonce=5500000000
5.60066,DATA_DROP_REPLAY,rx=8,sender=0,nonce=5500000000
5.60066,DATA_DROP_REPLAY,rx=19,sender=0,nonce=5500000000
5.60066,DATA_DROP_REPLAY,rx=20,sender=0,nonce=5500000000
5.60066,DATA_DROP_REPLAY,rx=22,sender=0,nonce=5500000000
5.60066,DATA_DROP_REPLAY,rx=10,sender=0,nonce=5500000000
5.60066,DATA_DROP_REPLAY,rx=11,sender=0,nonce=5500000000
5.60066,DATA_DROP_REPLAY,rx=3,sender=0,nonce=5500000000
5.60066,DATA_DROP_REPLAY,rx=12,sender=0,nonce=5500000000
5.60066,DATA_DROP_REPLAY,rx=7,sender=0,nonce=5500000000
5.60066,DATA_DROP_REPLAY,rx=16,sender=0,nonce=5500000000
5.60066,DATA_DROP_REPLAY,rx=17,sender=0,nonce=5500000000
5.60066,DATA_DROP_REPLAY,rx=4,sender=0,nonce=5500000000
5.60066,DATA_DROP_REPLAY,rx=9,sender=0,nonce=5500000000
5.60066,DATA_DROP_REPLAY,rx=18,sender=0,nonce=5500000000
5.60066,DATA_DROP_REPLAY,rx=6,sender=0,nonce=5500000000
5.60066,DATA_DROP_REPLAY,rx=15,sender=0,nonce=5500000000
5.60097,DATA_RX_OK,rx=21,sender=0,delay_s=0.000969
5.60097,DATA_RX_OK,rx=13,sender=0,delay_s=0.000969
5.60097,DATA_RX_OK,rx=2,sender=0,delay_s=0.000969
5.60097,DATA_RX_OK,rx=5,sender=0,delay_s=0.000969
5.60097,DATA_RX_OK,rx=1,sender=0,delay_s=0.000969
5.60097,DATA_RX_OK,rx=14,sender=0,delay_s=0.000969
5.60097,DATA_RX_OK,rx=8,sender=0,delay_s=0.000969
5.60097,DATA_RX_OK,rx=19,sender=0,delay_s=0.000969
5.60097,DATA_RX_OK,rx=20,sender=0,delay_s=0.000969
5.60097,DATA_RX_OK,rx=22,sender=0,delay_s=0.000969
5.60097,DATA_RX_OK,rx=10,sender=0,delay_s=0.000969
5.60097,DATA_RX_OK,rx=11,sender=0,delay_s=0.000969
5.60097,DATA_RX_OK,rx=3,sender=0,delay_s=0.000969
5.60097,DATA_RX_OK,rx=12,sender=0,delay_s=0.000969
5.60097,DATA_RX_OK,rx=7,sender=0,delay_s=0.000969
5.60097,DATA_RX_OK,rx=16,sender=0,delay_s=0.000969
5.60097,DATA_RX_OK,rx=17,sender=0,delay_s=0.000969
5.60097,DATA_RX_OK,rx=4,sender=0,delay_s=0.000969
5.60097,DATA_RX_OK,rx=9,sender=0,delay_s=0.000969
5.60097,DATA_RX_OK,rx=18,sender=0,delay_s=0.000969
5.60097,DATA_RX_OK,rx=6,sender=0,delay_s=0.000969
5.60097,DATA_RX_OK,rx=15,sender=0,delay_s=0.000969
5.70066,DATA_RX_OK,rx=21,sender=0,delay_s=0.000662
5.70066,DATA_RX_OK,rx=13,sender=0,delay_s=0.000662
5.70066,DATA_RX_OK,rx=2,sender=0,delay_s=0.000662
5.70066,DATA_RX_OK,rx=5,sender=0,delay_s=0.000662
5.70066,DATA_RX_OK,rx=1,sender=0,delay_s=0.000662
5.70066,DATA_RX_OK,rx=14,sender=0,delay_s=0.000662
5.70066,DATA_RX_OK,rx=8,sender=0,delay_s=0.000662
5.70066,DATA_RX_OK,rx=19,sender=0,delay_s=0.000662
5.70066,DATA_RX_OK,rx=22,sender=0,delay_s=0.000662
5.70066,DATA_RX_OK,rx=20,sender=0,delay_s=0.000662
5.70066,DATA_RX_OK,rx=11,sender=0,delay_s=0.000662
5.70066,DATA_RX_OK,rx=10,sender=0,delay_s=0.000662
5.70066,DATA_RX_OK,rx=3,sender=0,delay_s=0.000662
5.70066,DATA_RX_OK,rx=12,sender=0,delay_s=0.000662
5.70066,DATA_RX_OK,rx=17,sender=0,delay_s=0.000662
5.70066,DATA_RX_OK,rx=7,sender=0,delay_s=0.000662
5.70066,DATA_RX_OK,rx=16,sender=0,delay_s=0.000662
5.70066,DATA_RX_OK,rx=4,sender=0,delay_s=0.000662
5.70066,DATA_RX_OK,rx=9,sender=0,delay_s=0.000662
5.70066,DATA_RX_OK,rx=18,sender=0,delay_s=0.000662
5.70066,DATA_RX_OK,rx=6,sender=0,delay_s=0.000662
5.70066,DATA_RX_OK,rx=15,sender=0,delay_s=0.000662
5.80066,DATA_RX_OK,rx=21,sender=0,delay_s=0.000662
5.80066,DATA_RX_OK,rx=13,sender=0,delay_s=0.000662
5.80066,DATA_RX_OK,rx=5,sender=0,delay_s=0.000662
5.80066,DATA_RX_OK,rx=2,sender=0,delay_s=0.000662
5.80066,DATA_RX_OK,rx=1,sender=0,delay_s=0.000662
5.80066,DATA_RX_OK,rx=14,sender=0,delay_s=0.000662
5.80066,DATA_RX_OK,rx=8,sender=0,delay_s=0.000662
5.80066,DATA_RX_OK,rx=19,sender=0,delay_s=0.000662
5.80066,DATA_RX_OK,rx=22,sender=0,delay_s=0.000662
5.80066,DATA_RX_OK,rx=20,sender=0,delay_s=0.000662
5.80066,DATA_RX_OK,rx=11,sender=0,delay_s=0.000662
5.80066,DATA_RX_OK,rx=10,sender=0,delay_s=0.000662
5.80066,DATA_RX_OK,rx=3,sender=0,delay_s=0.000662
5.80066,DATA_RX_OK,rx=12,sender=0,delay_s=0.000662
5.80066,DATA_RX_OK,rx=17,sender=0,delay_s=0.000662
5.80066,DATA_RX_OK,rx=7,sender=0,delay_s=0.000662
5.80066,DATA_RX_OK,rx=16,sender=0,delay_s=0.000662
5.80066,DATA_RX_OK,rx=4,sender=0,delay_s=0.000662
5.80066,DATA_RX_OK,rx=9,sender=0,delay_s=0.000662
5.80066,DATA_RX_OK,rx=18,sender=0,delay_s=0.000662
5.80066,DATA_RX_OK,rx=15,sender=0,delay_s=0.000662
5.80066,DATA_RX_OK,rx=6,sender=0,delay_s=0.000662
5.9,REPLAY_SENT,nonce=5800000000
5.90066,DATA_DROP_REPLAY,rx=21,sender=0,nonce=5800000000
5.90066,DATA_DROP_REPLAY,rx=13,sender=0,nonce=5800000000
5.90066,DATA_DROP_REPLAY,rx=5,sender=0,nonce=5800000000
5.90066,DATA_DROP_REPLAY,rx=2,sender=0,nonce=5800000000
5.90066,DATA_DROP_REPLAY,rx=1,sender=0,nonce=5800000000
5.90066,DATA_DROP_REPLAY,rx=14,sender=0,nonce=5800000000
5.90066,DATA_DROP_REPLAY,rx=8,sender=0,nonce=5800000000
5.90066,DATA_DROP_REPLAY,rx=19,sender=0,nonce=5800000000
5.90066,DATA_DROP_REPLAY,rx=22,sender=0,nonce=5800000000
5.90066,DATA_DROP_REPLAY,rx=20,sender=0,nonce=5800000000
5.90066,DATA_DROP_REPLAY,rx=10,sender=0,nonce=5800000000
5.90066,DATA_DROP_REPLAY,rx=11,sender=0,nonce=5800000000
5.90066,DATA_DROP_REPLAY,rx=3,sender=0,nonce=5800000000
5.90066,DATA_DROP_REPLAY,rx=12,sender=0,nonce=5800000000
5.90066,DATA_DROP_REPLAY,rx=17,sender=0,nonce=5800000000
5.90066,DATA_DROP_REPLAY,rx=7,sender=0,nonce=5800000000
5.90066,DATA_DROP_REPLAY,rx=16,sender=0,nonce=5800000000
5.90066,DATA_DROP_REPLAY,rx=4,sender=0,nonce=5800000000
5.90066,DATA_DROP_REPLAY,rx=9,sender=0,nonce=5800000000
5.90066,DATA_DROP_REPLAY,rx=18,sender=0,nonce=5800000000
5.90066,DATA_DROP_REPLAY,rx=15,sender=0,nonce=5800000000
5.90066,DATA_DROP_REPLAY,rx=6,sender=0,nonce=5800000000
5.90101,DATA_RX_OK,rx=21,sender=0,delay_s=0.001005
5.90101,DATA_RX_OK,rx=13,sender=0,delay_s=0.001005
5.90101,DATA_RX_OK,rx=5,sender=0,delay_s=0.001005
5.90101,DATA_RX_OK,rx=2,sender=0,delay_s=0.001005
5.90101,DATA_RX_OK,rx=1,sender=0,delay_s=0.001005
5.90101,DATA_RX_OK,rx=14,sender=0,delay_s=0.001005
5.90101,DATA_RX_OK,rx=8,sender=0,delay_s=0.001005
5.90101,DATA_RX_OK,rx=19,sender=0,delay_s=0.001005
5.90101,DATA_RX_OK,rx=22,sender=0,delay_s=0.001005
5.90101,DATA_RX_OK,rx=20,sender=0,delay_s=0.001005
5.90101,DATA_RX_OK,rx=10,sender=0,delay_s=0.001005
5.90101,DATA_RX_OK,rx=11,sender=0,delay_s=0.001005
5.90101,DATA_RX_OK,rx=3,sender=0,delay_s=0.001005
5.90101,DATA_RX_OK,rx=12,sender=0,delay_s=0.001005
5.90101,DATA_RX_OK,rx=17,sender=0,delay_s=0.001005
5.90101,DATA_RX_OK,rx=7,sender=0,delay_s=0.001005
5.90101,DATA_RX_OK,rx=16,sender=0,delay_s=0.001005
5.90101,DATA_RX_OK,rx=4,sender=0,delay_s=0.001005
5.90101,DATA_RX_OK,rx=9,sender=0,delay_s=0.001005
5.90101,DATA_RX_OK,rx=18,sender=0,delay_s=0.001005
5.90101,DATA_RX_OK,rx=15,sender=0,delay_s=0.001005
5.90101,DATA_RX_OK,rx=6,sender=0,delay_s=0.001005
6,REPORT_SENT,by=0,about=1,delta=0.020000
6,REPORT_SENT,by=1,about=0,delta=0.020000
6,REPORT_SENT,by=2,about=18,delta=-0.050000
6,REPORT_SENT,by=3,about=5,delta=0.020000
6,REPORT_SENT,by=4,about=2,delta=0.020000
6,REPORT_SENT,by=5,about=10,delta=0.020000
6,REPORT_SENT,by=6,about=14,delta=0.020000
6,REPORT_SENT,by=7,about=1,delta=0.020000
6,REPORT_SENT,by=8,about=12,delta=0.020000
6,REPORT_SENT,by=9,about=11,delta=0.020000
6,REPORT_SENT,by=10,about=7,delta=0.020000
6,REPORT_SENT,by=11,about=13,delta=0.020000
6,REPORT_SENT,by=12,about=10,delta=0.020000
6,REPORT_SENT,by=13,about=4,delta=0.020000
6,REPORT_SENT,by=14,about=10,delta=0.020000
6,REPORT_SENT,by=15,about=12,delta=0.020000
6,REPORT_SENT,by=16,about=8,delta=-0.050000
6,REPORT_SENT,by=17,about=13,delta=0.020000
6,REPORT_SENT,by=18,about=19,delta=0.020000
6,REPORT_SENT,by=19,about=5,delta=0.020000
6.00019,REPORT_RX_RSU,rsu=20,by=11,about=13,delta=0.020000
6.00037,REPORT_RX_RSU,rsu=20,by=12,about=10,delta=0.020000
6.00053,REPORT_RX_RSU,rsu=20,by=3,about=5,delta=0.020000
6.00068,REPORT_RX_RSU,rsu=20,by=16,about=8,delta=-0.050000
6.00111,REPORT_RX_RSU,rsu=20,by=4,about=2,delta=0.020000
6.00121,DATA_RX_OK,rx=21,sender=0,delay_s=0.001208
6.00121,DATA_RX_OK,rx=13,sender=0,delay_s=0.001208
6.00121,DATA_RX_OK,rx=5,sender=0,delay_s=0.001208
6.00121,DATA_RX_OK,rx=2,sender=0,delay_s=0.001208
6.00121,DATA_RX_OK,rx=1,sender=0,delay_s=0.001209
6.00121,DATA_RX_OK,rx=14,sender=0,delay_s=0.001209
6.00121,DATA_RX_OK,rx=8,sender=0,delay_s=0.001209
6.00121,DATA_RX_OK,rx=19,sender=0,delay_s=0.001209
6.00121,DATA_RX_OK,rx=22,sender=0,delay_s=0.001209
6.00121,DATA_RX_OK,rx=10,sender=0,delay_s=0.001209
6.00121,DATA_RX_OK,rx=20,sender=0,delay_s=0.001209
6.00121,DATA_RX_OK,rx=11,sender=0,delay_s=0.001209
6.00121,DATA_RX_OK,rx=3,sender=0,delay_s=0.001209
6.00121,DATA_RX_OK,rx=12,sender=0,delay_s=0.001209
6.00121,DATA_RX_OK,rx=17,sender=0,delay_s=0.001209
6.00121,DATA_RX_OK,rx=7,sender=0,delay_s=0.001209
6.00121,DATA_RX_OK,rx=16,sender=0,delay_s=0.001209
6.00121,DATA_RX_OK,rx=4,sender=0,delay_s=0.001209
6.00121,DATA_RX_OK,rx=9,sender=0,delay_s=0.001209
6.00121,DATA_RX_OK,rx=18,sender=0,delay_s=0.001209
6.00121,DATA_RX_OK,rx=15,sender=0,delay_s=0.001209
6.00121,DATA_RX_OK,rx=6,sender=0,delay_s=0.001209
6.00124,REPORT_RX_RSU,rsu=20,by=6,about=14,delta=0.020000
6.00139,REPORT_RX_RSU,rsu=20,by=2,about=18,delta=-0.050000
6.00183,REPORT_RX_RSU,rsu=20,by=18,about=19,delta=0.020000
6.10066,DATA_RX_OK,rx=21,sender=0,delay_s=0.000662
6.10066,DATA_RX_OK,rx=13,sender=0,delay_s=0.000662
6.10066,DATA_RX_OK,rx=5,sender=0,delay_s=0.000662
6.10066,DATA_RX_OK,rx=1,sender=0,delay_s=0.000662
6.10066,DATA_RX_OK,rx=2,sender=0,delay_s=0.000662
6.10066,DATA_RX_OK,rx=14,sender=0,delay_s=0.000662
6.10066,DATA_RX_OK,rx=8,sender=0,delay_s=0.000662
6.10066,DATA_RX_OK,rx=19,sender=0,delay_s=0.000662
6.10066,DATA_RX_OK,rx=22,sender=0,delay_s=0.000662
6.10066,DATA_RX_OK,rx=10,sender=0,delay_s=0.000662
6.10066,DATA_RX_OK,rx=11,sender=0,delay_s=0.000662
6.10066,DATA_RX_OK,rx=3,sender=0,delay_s=0.000662
6.10066,DATA_RX_OK,rx=20,sender=0,delay_s=0.000662
6.10066,DATA_RX_OK,rx=12,sender=0,delay_s=0.000662
6.10066,DATA_RX_OK,rx=17,sender=0,delay_s=0.000662
6.10066,DATA_RX_OK,rx=7,sender=0,delay_s=0.000662
6.10066,DATA_RX_OK,rx=16,sender=0,delay_s=0.000662
6.10066,DATA_RX_OK,rx=9,sender=0,delay_s=0.000662
6.10066,DATA_RX_OK,rx=4,sender=0,delay_s=0.000662
6.10066,DATA_RX_OK,rx=18,sender=0,delay_s=0.000662
6.10066,DATA_RX_OK,rx=15,sender=0,delay_s=0.000662
6.10066,DATA_RX_OK,rx=6,sender=0,delay_s=0.000662
6.2,REPLAY_SENT,nonce=6100000000
6.20066,DATA_DROP_REPLAY,rx=21,sender=0,nonce=6100000000
6.20066,DATA_DROP_REPLAY,rx=13,sender=0,nonce=6100000000
6.20066,DATA_DROP_REPLAY,rx=5,sender=0,nonce=6100000000
6.20066,DATA_DROP_REPLAY,rx=1,sender=0,nonce=6100000000
6.20066,DATA_DROP_REPLAY,rx=2,sender=0,nonce=6100000000
6.20066,DATA_DROP_REPLAY,rx=14,sender=0,nonce=6100000000
6.20066,DATA_DROP_REPLAY,rx=8,sender=0,nonce=6100000000
6.20066,DATA_DROP_REPLAY,rx=19,sender=0,nonce=6100000000
6.20066,DATA_DROP_REPLAY,rx=22,sender=0,nonce=6100000000
6.20066,DATA_DROP_REPLAY,rx=10,sender=0,nonce=6100000000
6.20066,DATA_DROP_REPLAY,rx=3,sender=0,nonce=6100000000
6.20066,DATA_DROP_REPLAY,rx=11,sender=0,nonce=6100000000
6.20066,DATA_DROP_REPLAY,rx=20,sender=0,nonce=6100000000
6.20066,DATA_DROP_REPLAY,rx=12,sender=0,nonce=6100000000
6.20066,DATA_DROP_REPLAY,rx=17,sender=0,nonce=6100000000
6.20066,DATA_DROP_REPLAY,rx=7,sender=0,nonce=6100000000
6.20066,DATA_DROP_REPLAY,rx=16,sender=0,nonce=6100000000
6.20066,DATA_DROP_REPLAY,rx=9,sender=0,nonce=6100000000
6.20066,DATA_DROP_REPLAY,rx=4,sender=0,nonce=6100000000
6.20066,DATA_DROP_REPLAY,rx=18,sender=0,nonce=6100000000
6.20066,DATA_DROP_REPLAY,rx=15,sender=0,nonce=6100000000
6.20066,DATA_DROP_REPLAY,rx=6,sender=0,nonce=6100000000
6.20105,DATA_RX_OK,rx=21,sender=0,delay_s=0.001050
6.20105,DATA_RX_OK,rx=13,sender=0,delay_s=0.001050
6.20105,DATA_RX_OK,rx=5,sender=0,delay_s=0.001050
6.20105,DATA_RX_OK,rx=1,sender=0,delay_s=0.001050
6.20105,DATA_RX_OK,rx=2,sender=0,delay_s=0.001050
6.20105,DATA_RX_OK,rx=14,sender=0,delay_s=0.001050
6.20105,DATA_RX_OK,rx=8,sender=0,delay_s=0.001050
6.20105,DATA_RX_OK,rx=19,sender=0,delay_s=0.001050
6.20105,DATA_RX_OK,rx=22,sender=0,delay_s=0.001050
6.20105,DATA_RX_OK,rx=10,sender=0,delay_s=0.001050
6.20105,DATA_RX_OK,rx=3,sender=0,delay_s=0.001050
6.20105,DATA_RX_OK,rx=11,sender=0,delay_s=0.001050
6.20105,DATA_RX_OK,rx=20,sender=0,delay_s=0.001050
6.20105,DATA_RX_OK,rx=12,sender=0,delay_s=0.001050
6.20105,DATA_RX_OK,rx=17,sender=0,delay_s=0.001050
6.20105,DATA_RX_OK,rx=7,sender=0,delay_s=0.001050
6.20105,DATA_RX_OK,rx=16,sender=0,delay_s=0.001050
6.20105,DATA_RX_OK,rx=9,sender=0,delay_s=0.001050
6.20105,DATA_RX_OK,rx=4,sender=0,delay_s=0.001050
6.20105,DATA_RX_OK,rx=18,sender=0,delay_s=0.001050
6.20105,DATA_RX_OK,rx=15,sender=0,delay_s=0.001050
6.20105,DATA_RX_OK,rx=6,sender=0,delay_s=0.001050
6.3,BLOCK_MINE_START,block_next=7
6.30066,DATA_RX_OK,rx=21,sender=0,delay_s=0.000662
6.30066,DATA_RX_OK,rx=13,sender=0,delay_s=0.000662
6.30066,DATA_RX_OK,rx=5,sender=0,delay_s=0.000662
6.30066,DATA_RX_OK,rx=1,sender=0,delay_s=0.000662
6.30066,DATA_RX_OK,rx=14,sender=0,delay_s=0.000662
6.30066,DATA_RX_OK,rx=2,sender=0,delay_s=0.000662
6.30066,DATA_RX_OK,rx=8,sender=0,delay_s=0.000662
6.30066,DATA_RX_OK,rx=19,sender=0,delay_s=0.000662
6.30066,DATA_RX_OK,rx=22,sender=0,delay_s=0.000662
6.30066,DATA_RX_OK,rx=10,sender=0,delay_s=0.000662
6.30066,DATA_RX_OK,rx=3,sender=0,delay_s=0.000662
6.30066,DATA_RX_OK,rx=11,sender=0,delay_s=0.000662
6.30066,DATA_RX_OK,rx=20,sender=0,delay_s=0.000662
6.30066,DATA_RX_OK,rx=12,sender=0,delay_s=0.000662
6.30066,DATA_RX_OK,rx=17,sender=0,delay_s=0.000662
6.30066,DATA_RX_OK,rx=7,sender=0,delay_s=0.000662
6.30066,DATA_RX_OK,rx=9,sender=0,delay_s=0.000662
6.30066,DATA_RX_OK,rx=16,sender=0,delay_s=0.000662
6.30066,DATA_RX_OK,rx=4,sender=0,delay_s=0.000662
6.30066,DATA_RX_OK,rx=18,sender=0,delay_s=0.000662
6.30066,DATA_RX_OK,rx=15,sender=0,delay_s=0.000662
6.30066,DATA_RX_OK,rx=6,sender=0,delay_s=0.000662
6.35,BLOCK_COMMIT_ITEM,accused=13,delta=0.020000,trust=0.740000
6.35,BLOCK_COMMIT_ITEM,accused=10,delta=0.020000,trust=0.670000
6.35,BLOCK_COMMIT_ITEM,accused=5,delta=0.020000,trust=0.690000
6.35,BLOCK_COMMIT_ITEM,accused=8,delta=-0.050000,trust=0.690000
6.35,BLOCK_COMMIT_ITEM,accused=2,delta=0.020000,trust=0.720000
6.35,BLOCK_COMMIT_ITEM,accused=14,delta=0.020000,trust=0.720000
6.35,BLOCK_COMMIT_ITEM,accused=18,delta=-0.050000,trust=0.690000
6.35,BLOCK_COMMIT_ITEM,accused=19,delta=0.020000,trust=0.760000
6.35,BLOCK_COMMIT_DONE,block=7,items=8,lat_s=0.050000
6.40066,DATA_DROP_SIG,rx=21,sender=0,nonce=6400000000
6.40066,DATA_DROP_SIG,rx=13,sender=0,nonce=6400000000
6.40066,DATA_DROP_SIG,rx=5,sender=0,nonce=6400000000
6.40066,DATA_DROP_SIG,rx=1,sender=0,nonce=6400000000
6.40066,DATA_DROP_SIG,rx=14,sender=0,nonce=6400000000
6.40066,DATA_DROP_SIG,rx=2,sender=0,nonce=6400000000
6.40066,DATA_DROP_SIG,rx=8,sender=0,nonce=6400000000
6.40066,DATA_DROP_SIG,rx=19,sender=0,nonce=6400000000
6.40066,DATA_DROP_SIG,rx=22,sender=0,nonce=6400000000
6.40066,DATA_DROP_SIG,rx=10,sender=0,nonce=6400000000
6.40066,DATA_DROP_SIG,rx=3,sender=0,nonce=6400000000
6.40066,DATA_DROP_SIG,rx=11,sender=0,nonce=6400000000
6.40066,DATA_DROP_SIG,rx=20,sender=0,nonce=6400000000
6.40066,DATA_DROP_SIG,rx=12,sender=0,nonce=6400000000
6.40066,DATA_DROP_SIG,rx=17,sender=0,nonce=6400000000
6.40066,DATA_DROP_SIG,rx=7,sender=0,nonce=6400000000
6.40066,DATA_DROP_SIG,rx=9,sender=0,nonce=6400000000
6.40066,DATA_DROP_SIG,rx=4,sender=0,nonce=6400000000
6.40066,DATA_DROP_SIG,rx=16,sender=0,nonce=6400000000
6.40066,DATA_DROP_SIG,rx=18,sender=0,nonce=6400000000
6.40066,DATA_DROP_SIG,rx=15,sender=0,nonce=6400000000
6.40066,DATA_DROP_SIG,rx=6,sender=0,nonce=6400000000
6.5,REPLAY_SENT,nonce=6400000000
6.50066,DATA_DROP_SIG,rx=21,sender=0,nonce=6400000000
6.50066,DATA_DROP_SIG,rx=13,sender=0,nonce=6400000000
6.50066,DATA_DROP_SIG,rx=5,sender=0,nonce=6400000000
6.50066,DATA_DROP_SIG,rx=1,sender=0,nonce=6400000000
6.50066,DATA_DROP_SIG,rx=14,sender=0,nonce=6400000000
6.50066,DATA_DROP_SIG,rx=2,sender=0,nonce=6400000000
6.50066,DATA_DROP_SIG,rx=8,sender=0,nonce=6400000000
6.50066,DATA_DROP_SIG,rx=19,sender=0,nonce=6400000000
6.50066,DATA_DROP_SIG,rx=22,sender=0,nonce=6400000000
6.50066,DATA_DROP_SIG,rx=10,sender=0,nonce=6400000000
6.50066,DATA_DROP_SIG,rx=3,sender=0,nonce=6400000000
6.50066,DATA_DROP_SIG,rx=11,sender=0,nonce=6400000000
6.50066,DATA_DROP_SIG,rx=20,sender=0,nonce=6400000000
6.50066,DATA_DROP_SIG,rx=12,sender=0,nonce=6400000000
6.50066,DATA_DROP_SIG,rx=17,sender=0,nonce=6400000000
6.50066,DATA_DROP_SIG,rx=7,sender=0,nonce=6400000000
6.50066,DATA_DROP_SIG,rx=9,sender=0,nonce=6400000000
6.50066,DATA_DROP_SIG,rx=18,sender=0,nonce=6400000000
6.50066,DATA_DROP_SIG,rx=4,sender=0,nonce=6400000000
6.50066,DATA_DROP_SIG,rx=16,sender=0,nonce=6400000000
6.50066,DATA_DROP_SIG,rx=15,sender=0,nonce=6400000000
6.50066,DATA_DROP_SIG,rx=6,sender=0,nonce=6400000000
6.50101,DATA_RX_OK,rx=21,sender=0,delay_s=0.001014
6.50101,DATA_RX_OK,rx=13,sender=0,delay_s=0.001014
6.50101,DATA_RX_OK,rx=5,sender=0,delay_s=0.001014
6.50101,DATA_RX_OK,rx=14,sender=0,delay_s=0.001014
6.50101,DATA_RX_OK,rx=1,sender=0,delay_s=0.001014
6.50101,DATA_RX_OK,rx=2,sender=0,delay_s=0.001014
6.50101,DATA_RX_OK,rx=8,sender=0,delay_s=0.001014
6.50101,DATA_RX_OK,rx=19,sender=0,delay_s=0.001014
6.50101,DATA_RX_OK,rx=22,sender=0,delay_s=0.001014
6.50101,DATA_RX_OK,rx=10,sender=0,delay_s=0.001014
6.50101,DATA_RX_OK,rx=3,sender=0,delay_s=0.001014
6.50101,DATA_RX_OK,rx=11,sender=0,delay_s=0.001014
6.50101,DATA_RX_OK,rx=20,sender=0,delay_s=0.001014
6.50101,DATA_RX_OK,rx=12,sender=0,delay_s=0.001014
6.50101,DATA_RX_OK,rx=17,sender=0,delay_s=0.001014
6.50101,DATA_RX_OK,rx=7,sender=0,delay_s=0.001014
6.50101,DATA_RX_OK,rx=9,sender=0,delay_s=0.001014
6.50101,DATA_RX_OK,rx=18,sender=0,delay_s=0.001014
6.50101,DATA_RX_OK,rx=4,sender=0,delay_s=0.001014
6.50101,DATA_RX_OK,rx=16,sender=0,delay_s=0.001014
6.50101,DATA_RX_OK,rx=15,sender=0,delay_s=0.001014
6.50101,DATA_RX_OK,rx=6,sender=0,delay_s=0.001014
6.60066,DATA_RX_OK,rx=21,sender=0,delay_s=0.000662
6.60066,DATA_RX_OK,rx=13,sender=0,delay_s=0.000662
6.60066,DATA_RX_OK,rx=5,sender=0,delay_s=0.000662
6.60066,DATA_RX_OK,rx=14,sender=0,delay_s=0.000662
6.60066,DATA_RX_OK,rx=1,sender=0,delay_s=0.000662
6.60066,DATA_RX_OK,rx=2,sender=0,delay_s=0.000662
6.60066,DATA_RX_OK,rx=8,sender=0,delay_s=0.000662
6.60066,DATA_RX_OK,rx=19,sender=0,delay_s=0.000662
6.60066,DATA_RX_OK,rx=22,sender=0,delay_s=0.000662
6.60066,DATA_RX_OK,rx=10,sender=0,delay_s=0.000662
6.60066,DATA_RX_OK,rx=3,sender=0,delay_s=0.000662
6.60066,DATA_RX_OK,rx=11,sender=0,delay_s=0.000662
6.60066,DATA_RX_OK,rx=20,sender=0,delay_s=0.000662
6.60066,DATA_RX_OK,rx=12,sender=0,delay_s=0.000662
6.60066,DATA_RX_OK,rx=17,sender=0,delay_s=0.000662
6.60066,DATA_RX_OK,rx=7,sender=0,delay_s=0.000662
6.60066,DATA_RX_OK,rx=9,sender=0,delay_s=0.000662
6.60066,DATA_RX_OK,rx=18,sender=0,delay_s=0.000662
6.60066,DATA_RX_OK,rx=15,sender=0,delay_s=0.000662
6.60066,DATA_RX_OK,rx=16,sender=0,delay_s=0.000662
6.60066,DATA_RX_OK,rx=4,sender=0,delay_s=0.000662
6.60066,DATA_RX_OK,rx=6,sender=0,delay_s=0.000662
6.70066,DATA_RX_OK,rx=21,sender=0,delay_s=0.000662
6.70066,DATA_RX_OK,rx=13,sender=0,delay_s=0.000662
6.70066,DATA_RX_OK,rx=5,sender=0,delay_s=0.000662
6.70066,DATA_RX_OK,rx=14,sender=0,delay_s=0.000662
6.70066,DATA_RX_OK,rx=1,sender=0,delay_s=0.000662
6.70066,DATA_RX_OK,rx=2,sender=0,delay_s=0.000662
6.70066,DATA_RX_OK,rx=8,sender=0,delay_s=0.000662
6.70066,DATA_RX_OK,rx=19,sender=0,delay_s=0.000662
6.70066,DATA_RX_OK,rx=22,sender=0,delay_s=0.000662
6.70066,DATA_RX_OK,rx=10,sender=0,delay_s=0.000662
6.70066,DATA_RX_OK,rx=3,sender=0,delay_s=0.000662
6.70066,DATA_RX_OK,rx=11,sender=0,delay_s=0.000662
6.70066,DATA_RX_OK,rx=20,sender=0,delay_s=0.000662
6.70066,DATA_RX_OK,rx=12,sender=0,delay_s=0.000662
6.70066,DATA_RX_OK,rx=17,sender=0,delay_s=0.000662
6.70066,DATA_RX_OK,rx=7,sender=0,delay_s=0.000662
6.70066,DATA_RX_OK,rx=9,sender=0,delay_s=0.000662
6.70066,DATA_RX_OK,rx=18,sender=0,delay_s=0.000662
6.70066,DATA_RX_OK,rx=15,sender=0,delay_s=0.000662
6.70066,DATA_RX_OK,rx=16,sender=0,delay_s=0.000662
6.70066,DATA_RX_OK,rx=4,sender=0,delay_s=0.000662
6.70066,DATA_RX_OK,rx=6,sender=0,delay_s=0.000662
6.8,REPLAY_SENT,nonce=6700000000
6.80066,DATA_DROP_REPLAY,rx=13,sender=0,nonce=6700000000
6.80066,DATA_DROP_REPLAY,rx=21,sender=0,nonce=6700000000
6.80066,DATA_DROP_REPLAY,rx=5,sender=0,nonce=6700000000
6.80066,DATA_DROP_REPLAY,rx=1,sender=0,nonce=6700000000
6.80066,DATA_DROP_REPLAY,rx=14,sender=0,nonce=6700000000
6.80066,DATA_DROP_REPLAY,rx=2,sender=0,nonce=6700000000
6.80066,DATA_DROP_REPLAY,rx=19,sender=0,nonce=6700000000
6.80066,DATA_DROP_REPLAY,rx=8,sender=0,nonce=6700000000
6.80066,DATA_DROP_REPLAY,rx=22,sender=0,nonce=6700000000
6.80066,DATA_DROP_REPLAY,rx=10,sender=0,nonce=6700000000
6.80066,DATA_DROP_REPLAY,rx=3,sender=0,nonce=6700000000
6.80066,DATA_DROP_REPLAY,rx=11,sender=0,nonce=6700000000
6.80066,DATA_DROP_REPLAY,rx=20,sender=0,nonce=6700000000
6.80066,DATA_DROP_REPLAY,rx=12,sender=0,nonce=6700000000
6.80066,DATA_DROP_REPLAY,rx=17,sender=0,nonce=6700000000
6.80066,DATA_DROP_REPLAY,rx=9,sender=0,nonce=6700000000
6.80066,DATA_DROP_REPLAY,rx=7,sender=0,nonce=6700000000
6.80066,DATA_DROP_REPLAY,rx=16,sender=0,nonce=6700000000
6.80066,DATA_DROP_REPLAY,rx=15,sender=0,nonce=6700000000
6.80066,DATA_DROP_REPLAY,rx=18,sender=0,nonce=6700000000
6.80066,DATA_DROP_REPLAY,rx=4,sender=0,nonce=6700000000
6.80066,DATA_DROP_REPLAY,rx=6,sender=0,nonce=6700000000
6.80097,DATA_RX_OK,rx=13,sender=0,delay_s=0.000969
6.80097,DATA_RX_OK,rx=21,sender=0,delay_s=0.000969
6.80097,DATA_RX_OK,rx=5,sender=0,delay_s=0.000969
6.80097,DATA_RX_OK,rx=1,sender=0,delay_s=0.000969
6.80097,DATA_RX_OK,rx=14,sender=0,delay_s=0.000969
6.80097,DATA_RX_OK,rx=2,sender=0,delay_s=0.000969
6.80097,DATA_RX_OK,rx=19,sender=0,delay_s=0.000969
6.80097,DATA_RX_OK,rx=8,sender=0,delay_s=0.000969
6.80097,DATA_RX_OK,rx=22,sender=0,delay_s=0.000969
6.80097,DATA_RX_OK,rx=10,sender=0,delay_s=0.000969
6.80097,DATA_RX_OK,rx=3,sender=0,delay_s=0.000969
6.80097,DATA_RX_OK,rx=11,sender=0,delay_s=0.000969
6.80097,DATA_RX_OK,rx=20,sender=0,delay_s=0.000969
6.80097,DATA_RX_OK,rx=12,sender=0,delay_s=0.000969
6.80097,DATA_RX_OK,rx=17,sender=0,delay_s=0.000969
6.80097,DATA_RX_OK,rx=9,sender=0,delay_s=0.000969
6.80097,DATA_RX_OK,rx=7,sender=0,delay_s=0.000969
6.80097,DATA_RX_OK,rx=16,sender=0,delay_s=0.000969
6.80097,DATA_RX_OK,rx=15,sender=0,delay_s=0.000969
6.80097,DATA_RX_OK,rx=18,sender=0,delay_s=0.000969
6.80097,DATA_RX_OK,rx=4,sender=0,delay_s=0.000969
6.80097,DATA_RX_OK,rx=6,sender=0,delay_s=0.000969
6.90066,DATA_RX_OK,rx=13,sender=0,delay_s=0.000662
6.90066,DATA_RX_OK,rx=21,sender=0,delay_s=0.000662
6.90066,DATA_RX_OK,rx=1,sender=0,delay_s=0.000662
6.90066,DATA_RX_OK,rx=5,sender=0,delay_s=0.000662
6.90066,DATA_RX_OK,rx=2,sender=0,delay_s=0.000662
6.90066,DATA_RX_OK,rx=14,sender=0,delay_s=0.000662
6.90066,DATA_RX_OK,rx=19,sender=0,delay_s=0.000662
6.90066,DATA_RX_OK,rx=8,sender=0,delay_s=0.000662
6.90066,DATA_RX_OK,rx=22,sender=0,delay_s=0.000662
6.90066,DATA_RX_OK,rx=10,sender=0,delay_s=0.000662
6.90066,DATA_RX_OK,rx=3,sender=0,delay_s=0.000662
6.90066,DATA_RX_OK,rx=11,sender=0,delay_s=0.000662
6.90066,DATA_RX_OK,rx=20,sender=0,delay_s=0.000662
6.90066,DATA_RX_OK,rx=12,sender=0,delay_s=0.000662
6.90066,DATA_RX_OK,rx=17,sender=0,delay_s=0.000662
6.90066,DATA_RX_OK,rx=9,sender=0,delay_s=0.000662
6.90066,DATA_RX_OK,rx=7,sender=0,delay_s=0.000662
6.90066,DATA_RX_OK,rx=16,sender=0,delay_s=0.000662
6.90066,DATA_RX_OK,rx=15,sender=0,delay_s=0.000662
6.90066,DATA_RX_OK,rx=18,sender=0,delay_s=0.000662
6.90066,DATA_RX_OK,rx=4,sender=0,delay_s=0.000662
6.90066,DATA_RX_OK,rx=6,sender=0,delay_s=0.000662
7,REPORT_SENT,by=0,about=2,delta=0.020000
7,REPORT_SENT,by=1,about=0,delta=0.020000
7,REPORT_SENT,by=2,about=19,delta=0.020000
7,REPORT_SENT,by=3,about=8,delta=0.020000
7,REPORT_SENT,by=4,about=13,delta=0.020000
7,REPORT_SENT,by=5,about=0,delta=0.020000
7,REPORT_SENT,by=6,about=10,delta=0.020000
7,REPORT_SENT,by=7,about=9,delta=0.020000
7,REPORT_SENT,by=8,about=0,delta=0.020000
7,REPORT_SENT,by=9,about=11,delta=0.020000
7,REPORT_SENT,by=10,about=19,delta=0.020000
7,REPORT_SENT,by=11,about=14,delta=0.020000
7,REPORT_SENT,by=12,about=17,delta=0.020000
7,REPORT_SENT,by=13,about=0,delta=0.020000
7,REPORT_SENT,by=14,about=17,delta=0.020000
7,REPORT_SENT,by=15,about=10,delta=0.020000
7,REPORT_SENT,by=16,about=8,delta=0.020000
7,REPORT_SENT,by=17,about=18,delta=0.020000
7,REPORT_SENT,by=18,about=12,delta=0.020000
7,REPORT_SENT,by=19,about=14,delta=0.020000
7.00021,REPORT_RX_RSU,rsu=20,by=11,about=14,delta=0.020000
7.00034,REPORT_RX_RSU,rsu=20,by=4,about=13,delta=0.020000
7.00049,REPORT_RX_RSU,rsu=20,by=2,about=19,delta=0.020000
7.0009,REPORT_RX_RSU,rsu=20,by=12,about=17,delta=0.020000
7.00101,DATA_RX_OK,rx=13,sender=0,delay_s=0.001009
7.00101,DATA_RX_OK,rx=21,sender=0,delay_s=0.001009
7.00101,DATA_RX_OK,rx=1,sender=0,delay_s=0.001009
7.00101,DATA_RX_OK,rx=5,sender=0,delay_s=0.001009
7.00101,DATA_RX_OK,rx=2,sender=0,delay_s=0.001009
7.00101,DATA_RX_OK,rx=14,sender=0,delay_s=0.001009
7.00101,DATA_RX_OK,rx=19,sender=0,delay_s=0.001009
7.00101,DATA_RX_OK,rx=8,sender=0,delay_s=0.001009
7.00101,DATA_RX_OK,rx=22,sender=0,delay_s=0.001009
7.00101,DATA_RX_OK,rx=10,sender=0,delay_s=0.001009
7.00101,DATA_RX_OK,rx=3,sender=0,delay_s=0.001009
7.00101,DATA_RX_OK,rx=11,sender=0,delay_s=0.001009
7.00101,DATA_RX_OK,rx=20,sender=0,delay_s=0.001009
7.00101,DATA_RX_OK,rx=12,sender=0,delay_s=0.001009
7.00101,DATA_RX_OK,rx=17,sender=0,delay_s=0.001009
7.00101,DATA_RX_OK,rx=9,sender=0,delay_s=0.001009
7.00101,DATA_RX_OK,rx=16,sender=0,delay_s=0.001009
7.00101,DATA_RX_OK,rx=7,sender=0,delay_s=0.001009
7.00101,DATA_RX_OK,rx=15,sender=0,delay_s=0.001009
7.00101,DATA_RX_OK,rx=18,sender=0,delay_s=0.001009
7.00101,DATA_RX_OK,rx=4,sender=0,delay_s=0.001009
7.00101,DATA_RX_OK,rx=6,sender=0,delay_s=0.001009
7.00102,REPORT_RX_RSU,rsu=20,by=6,about=10,delta=0.020000
7.00117,REPORT_RX_RSU,rsu=20,by=16,about=8,delta=0.020000
7.00176,REPORT_RX_RSU,rsu=20,by=3,about=8,delta=0.020000
7.1,REPLAY_SENT,nonce=7000000000
7.10066,DATA_DROP_REPLAY,rx=13,sender=0,nonce=7000000000
7.10066,DATA_DROP_REPLAY,rx=1,sender=0,nonce=7000000000
7.10066,DATA_DROP_REPLAY,rx=21,sender=0,nonce=7000000000
7.10066,DATA_DROP_REPLAY,rx=2,sender=0,nonce=7000000000
7.10066,DATA_DROP_REPLAY,rx=5,sender=0,nonce=7000000000
7.10066,DATA_DROP_REPLAY,rx=14,sender=0,nonce=7000000000
7.10066,DATA_DROP_REPLAY,rx=19,sender=0,nonce=7000000000
7.10066,DATA_DROP_REPLAY,rx=8,sender=0,nonce=7000000000
7.10066,DATA_DROP_REPLAY,rx=22,sender=0,nonce=7000000000
7.10066,DATA_DROP_REPLAY,rx=10,sender=0,nonce=7000000000
7.10066,DATA_DROP_REPLAY,rx=3,sender=0,nonce=7000000000
7.10066,DATA_DROP_REPLAY,rx=11,sender=0,nonce=7000000000
7.10066,DATA_DROP_REPLAY,rx=20,sender=0,nonce=7000000000
7.10066,DATA_DROP_REPLAY,rx=12,sender=0,nonce=7000000000
7.10066,DATA_DROP_REPLAY,rx=17,sender=0,nonce=7000000000
7.10066,DATA_DROP_REPLAY,rx=9,sender=0,nonce=7000000000
7.10066,DATA_DROP_REPLAY,rx=16,sender=0,nonce=7000000000
7.10066,DATA_DROP_REPLAY,rx=7,sender=0,nonce=7000000000
7.10066,DATA_DROP_REPLAY,rx=15,sender=0,nonce=7000000000
7.10066,DATA_DROP_REPLAY,rx=18,sender=0,nonce=7000000000
7.10066,DATA_DROP_REPLAY,rx=4,sender=0,nonce=7000000000
7.10066,DATA_DROP_REPLAY,rx=6,sender=0,nonce=7000000000
7.10103,DATA_RX_OK,rx=13,sender=0,delay_s=0.001032
7.10103,DATA_RX_OK,rx=1,sender=0,delay_s=0.001032
7.10103,DATA_RX_OK,rx=21,sender=0,delay_s=0.001032
7.10103,DATA_RX_OK,rx=2,sender=0,delay_s=0.001032
7.10103,DATA_RX_OK,rx=5,sender=0,delay_s=0.001032
7.10103,DATA_RX_OK,rx=14,sender=0,delay_s=0.001032
7.10103,DATA_RX_OK,rx=19,sender=0,delay_s=0.001032
7.10103,DATA_RX_OK,rx=8,sender=0,delay_s=0.001032
7.10103,DATA_RX_OK,rx=22,sender=0,delay_s=0.001032
7.10103,DATA_RX_OK,rx=10,sender=0,delay_s=0.001032
7.10103,DATA_RX_OK,rx=3,sender=0,delay_s=0.001032
7.10103,DATA_RX_OK,rx=11,sender=0,delay_s=0.001032
7.10103,DATA_RX_OK,rx=20,sender=0,delay_s=0.001032
7.10103,DATA_RX_OK,rx=12,sender=0,delay_s=0.001032
7.10103,DATA_RX_OK,rx=17,sender=0,delay_s=0.001032
7.10103,DATA_RX_OK,rx=9,sender=0,delay_s=0.001032
7.10103,DATA_RX_OK,rx=16,sender=0,delay_s=0.001032
7.10103,DATA_RX_OK,rx=7,sender=0,delay_s=0.001032
7.10103,DATA_RX_OK,rx=15,sender=0,delay_s=0.001032
7.10103,DATA_RX_OK,rx=18,sender=0,delay_s=0.001032
7.10103,DATA_RX_OK,rx=4,sender=0,delay_s=0.001032
7.10103,DATA_RX_OK,rx=6,sender=0,delay_s=0.001032
7.20066,DATA_RX_OK,rx=13,sender=0,delay_s=0.000662
7.20066,DATA_RX_OK,rx=1,sender=0,delay_s=0.000662
7.20066,DATA_RX_OK,rx=21,sender=0,delay_s=0.000662
7.20066,DATA_RX_OK,rx=2,sender=0,delay_s=0.000662
7.20066,DATA_RX_OK,rx=5,sender=0,delay_s=0.000662
7.20066,DATA_RX_OK,rx=19,sender=0,delay_s=0.000662
7.20066,DATA_RX_OK,rx=14,sender=0,delay_s=0.000662
7.20066,DATA_RX_OK,rx=22,sender=0,delay_s=0.000662
7.20066,DATA_RX_OK,rx=8,sender=0,delay_s=0.000662
7.20066,DATA_RX_OK,rx=10,sender=0,delay_s=0.000662
7.20066,DATA_RX_OK,rx=3,sender=0,delay_s=0.000662
7.20066,DATA_RX_OK,rx=11,sender=0,delay_s=0.000662
7.20066,DATA_RX_OK,rx=20,sender=0,delay_s=0.000662
7.20066,DATA_RX_OK,rx=12,sender=0,delay_s=0.000662
7.20066,DATA_RX_OK,rx=17,sender=0,delay_s=0.000662
7.20066,DATA_RX_OK,rx=16,sender=0,delay_s=0.000662
7.20066,DATA_RX_OK,rx=9,sender=0,delay_s=0.000662
7.20066,DATA_RX_OK,rx=15,sender=0,delay_s=0.000662
7.20066,DATA_RX_OK,rx=7,sender=0,delay_s=0.000662
7.20066,DATA_RX_OK,rx=18,sender=0,delay_s=0.000662
7.20066,DATA_RX_OK,rx=4,sender=0,delay_s=0.000662
7.20066,DATA_RX_OK,rx=6,sender=0,delay_s=0.000662
7.30066,DATA_RX_OK,rx=13,sender=0,delay_s=0.000662
7.30066,DATA_RX_OK,rx=1,sender=0,delay_s=0.000662
7.30066,DATA_RX_OK,rx=21,sender=0,delay_s=0.000662
7.30066,DATA_RX_OK,rx=2,sender=0,delay_s=0.000662
7.30066,DATA_RX_OK,rx=19,sender=0,delay_s=0.000662
7.30066,DATA_RX_OK,rx=5,sender=0,delay_s=0.000662
7.30066,DATA_RX_OK,rx=14,sender=0,delay_s=0.000662
7.30066,DATA_RX_OK,rx=22,sender=0,delay_s=0.000662
7.30066,DATA_RX_OK,rx=8,sender=0,delay_s=0.000662
7.30066,DATA_RX_OK,rx=10,sender=0,delay_s=0.000662
7.30066,DATA_RX_OK,rx=3,sender=0,delay_s=0.000662
7.30066,DATA_RX_OK,rx=11,sender=0,delay_s=0.000662
7.30066,DATA_RX_OK,rx=20,sender=0,delay_s=0.000662
7.30066,DATA_RX_OK,rx=12,sender=0,delay_s=0.000662
7.30066,DATA_RX_OK,rx=17,sender=0,delay_s=0.000662
7.30066,DATA_RX_OK,rx=16,sender=0,delay_s=0.000662
7.30066,DATA_RX_OK,rx=9,sender=0,delay_s=0.000662
7.30066,DATA_RX_OK,rx=15,sender=0,delay_s=0.000662
7.30066,DATA_RX_OK,rx=7,sender=0,delay_s=0.000662
7.30066,DATA_RX_OK,rx=18,sender=0,delay_s=0.000662
7.30066,DATA_RX_OK,rx=4,sender=0,delay_s=0.000662
7.30066,DATA_RX_OK,rx=6,sender=0,delay_s=0.000662
7.35,BLOCK_MINE_START,block_next=8
7.4,REPLAY_SENT,nonce=7300000000
7.4,BLOCK_COMMIT_ITEM,accused=14,delta=0.020000,trust=0.740000
7.4,BLOCK_COMMIT_ITEM,accused=13,delta=0.020000,trust=0.760000
7.4,BLOCK_COMMIT_ITEM,accused=19,delta=0.020000,trust=0.780000
7.4,BLOCK_COMMIT_ITEM,accused=17,delta=0.020000,trust=0.740000
7.4,BLOCK_COMMIT_ITEM,accused=10,delta=0.020000,trust=0.690000
7.4,BLOCK_COMMIT_ITEM,accused=8,delta=0.020000,trust=0.710000
7.4,BLOCK_COMMIT_ITEM,accused=8,delta=0.020000,trust=0.730000
7.4,BLOCK_COMMIT_DONE,block=8,items=7,lat_s=0.050000
7.40066,DATA_DROP_REPLAY,rx=13,sender=0,nonce=7300000000
7.40066,DATA_DROP_REPLAY,rx=1,sender=0,nonce=7300000000
7.40066,DATA_DROP_REPLAY,rx=21,sender=0,nonce=7300000000
7.40066,DATA_DROP_REPLAY,rx=19,sender=0,nonce=7300000000
7.40066,DATA_DROP_REPLAY,rx=2,sender=0,nonce=7300000000
7.40066,DATA_DROP_REPLAY,rx=5,sender=0,nonce=7300000000
7.40066,DATA_DROP_REPLAY,rx=14,sender=0,nonce=7300000000
7.40066,DATA_DROP_REPLAY,rx=22,sender=0,nonce=7300000000
7.40066,DATA_DROP_REPLAY,rx=8,sender=0,nonce=7300000000
7.40066,DATA_DROP_REPLAY,rx=10,sender=0,nonce=7300000000
7.40066,DATA_DROP_REPLAY,rx=11,sender=0,nonce=7300000000
7.40066,DATA_DROP_REPLAY,rx=3,sender=0,nonce=7300000000
7.40066,DATA_DROP_REPLAY,rx=20,sender=0,nonce=7300000000
7.40066,DATA_DROP_REPLAY,rx=12,sender=0,nonce=7300000000
7.40066,DATA_DROP_REPLAY,rx=17,sender=0,nonce=7300000000
7.40066,DATA_DROP_REPLAY,rx=16,sender=0,nonce=7300000000
7.40066,DATA_DROP_REPLAY,rx=9,sender=0,nonce=7300000000
7.40066,DATA_DROP_REPLAY,rx=15,sender=0,nonce=7300000000
7.40066,DATA_DROP_REPLAY,rx=7,sender=0,nonce=7300000000
7.40066,DATA_DROP_REPLAY,rx=18,sender=0,nonce=7300000000
7.40066,DATA_DROP_REPLAY,rx=4,sender=0,nonce=7300000000
7.40066,DATA_DROP_REPLAY,rx=6,sender=0,nonce=7300000000
7.40099,DATA_DROP_SIG,rx=13,sender=0,nonce=7400000000
7.40099,DATA_DROP_SIG,rx=1,sender=0,nonce=7400000000
7.40099,DATA_DROP_SIG,rx=21,sender=0,nonce=7400000000
7.40099,DATA_DROP_SIG,rx=19,sender=0,nonce=7400000000
7.40099,DATA_DROP_SIG,rx=2,sender=0,nonce=7400000000
7.40099,DATA_DROP_SIG,rx=5,sender=0,nonce=7400000000
7.40099,DATA_DROP_SIG,rx=14,sender=0,nonce=7400000000
7.40099,DATA_DROP_SIG,rx=22,sender=0,nonce=7400000000
7.40099,DATA_DROP_SIG,rx=8,sender=0,nonce=7400000000
7.40099,DATA_DROP_SIG,rx=10,sender=0,nonce=7400000000
7.40099,DATA_DROP_SIG,rx=11,sender=0,nonce=7400000000
7.40099,DATA_DROP_SIG,rx=3,sender=0,nonce=7400000000
7.40099,DATA_DROP_SIG,rx=20,sender=0,nonce=7400000000
7.40099,DATA_DROP_SIG,rx=12,sender=0,nonce=7400000000
7.40099,DATA_DROP_SIG,rx=17,sender=0,nonce=7400000000
7.40099,DATA_DROP_SIG,rx=16,sender=0,nonce=7400000000
7.40099,DATA_DROP_SIG,rx=9,sender=0,nonce=7400000000
7.40099,DATA_DROP_SIG,rx=15,sender=0,nonce=7400000000
7.40099,DATA_DROP_SIG,rx=7,sender=0,nonce=7400000000
7.40099,DATA_DROP_SIG,rx=18,sender=0,nonce=7400000000
7.40099,DATA_DROP_SIG,rx=4,sender=0,nonce=7400000000
7.40099,DATA_DROP_SIG,rx=6,sender=0,nonce=7400000000
7.50066,DATA_RX_OK,rx=1,sender=0,delay_s=0.000662
7.50066,DATA_RX_OK,rx=13,sender=0,delay_s=0.000662
7.50066,DATA_RX_OK,rx=19,sender=0,delay_s=0.000662
7.50066,DATA_RX_OK,rx=21,sender=0,delay_s=0.000662
7.50066,DATA_RX_OK,rx=2,sender=0,delay_s=0.000662
7.50066,DATA_RX_OK,rx=5,sender=0,delay_s=0.000662
7.50066,DATA_RX_OK,rx=14,sender=0,delay_s=0.000662
7.50066,DATA_RX_OK,rx=22,sender=0,delay_s=0.000662
7.50066,DATA_RX_OK,rx=8,sender=0,delay_s=0.000662
7.50066,DATA_RX_OK,rx=10,sender=0,delay_s=0.000662
7.50066,DATA_RX_OK,rx=11,sender=0,delay_s=0.000662
7.50066,DATA_RX_OK,rx=3,sender=0,delay_s=0.000662
7.50066,DATA_RX_OK,rx=20,sender=0,delay_s=0.000662
7.50066,DATA_RX_OK,rx=12,sender=0,delay_s=0.000662
7.50066,DATA_RX_OK,rx=17,sender=0,delay_s=0.000662
7.50066,DATA_RX_OK,rx=16,sender=0,delay_s=0.000662
7.50066,DATA_RX_OK,rx=9,sender=0,delay_s=0.000662
7.50066,DATA_RX_OK,rx=15,sender=0,delay_s=0.000662
7.50066,DATA_RX_OK,rx=7,sender=0,delay_s=0.000662
7.50066,DATA_RX_OK,rx=18,sender=0,delay_s=0.000662
7.50066,DATA_RX_OK,rx=4,sender=0,delay_s=0.000662
7.50066,DATA_RX_OK,rx=6,sender=0,delay_s=0.000662
7.60066,DATA_DROP_SIG,rx=1,sender=0,nonce=7600000000
7.60066,DATA_DROP_SIG,rx=13,sender=0,nonce=7600000000
7.60066,DATA_DROP_SIG,rx=21,sender=0,nonce=7600000000
7.60066,DATA_DROP_SIG,rx=19,sender=0,nonce=7600000000
7.60066,DATA_DROP_SIG,rx=2,sender=0,nonce=7600000000
7.60066,DATA_DROP_SIG,rx=5,sender=0,nonce=7600000000
7.60066,DATA_DROP_SIG,rx=14,sender=0,nonce=7600000000
7.60066,DATA_DROP_SIG,rx=22,sender=0,nonce=7600000000
7.60066,DATA_DROP_SIG,rx=8,sender=0,nonce=7600000000
7.60066,DATA_DROP_SIG,rx=10,sender=0,nonce=7600000000
7.60066,DATA_DROP_SIG,rx=11,sender=0,nonce=7600000000
7.60066,DATA_DROP_SIG,rx=3,sender=0,nonce=7600000000
7.60066,DATA_DROP_SIG,rx=20,sender=0,nonce=7600000000
7.60066,DATA_DROP_SIG,rx=12,sender=0,nonce=7600000000
7.60066,DATA_DROP_SIG,rx=17,sender=0,nonce=7600000000
7.60066,DATA_DROP_SIG,rx=16,sender=0,nonce=7600000000
7.60066,DATA_DROP_SIG,rx=9,sender=0,nonce=7600000000
7.60066,DATA_DROP_SIG,rx=15,sender=0,nonce=7600000000
7.60066,DATA_DROP_SIG,rx=7,sender=0,nonce=7600000000
7.60066,DATA_DROP_SIG,rx=4,sender=0,nonce=7600000000
7.60066,DATA_DROP_SIG,rx=18,sender=0,nonce=7600000000
7.60066,DATA_DROP_SIG,rx=6,sender=0,nonce=7600000000
7.7,REPLAY_SENT,nonce=7600000000
7.70066,DATA_DROP_SIG,rx=1,sender=0,nonce=7600000000
7.70066,DATA_DROP_SIG,rx=13,sender=0,nonce=7600000000
7.70066,DATA_DROP_SIG,rx=21,sender=0,nonce=7600000000
7.70066,DATA_DROP_SIG,rx=2,sender=0,nonce=7600000000
7.70066,DATA_DROP_SIG,rx=19,sender=0,nonce=7600000000
7.70066,DATA_DROP_SIG,rx=5,sender=0,nonce=7600000000
7.70066,DATA_DROP_SIG,rx=14,sender=0,nonce=7600000000
7.70066,DATA_DROP_SIG,rx=22,sender=0,nonce=7600000000
7.70066,DATA_DROP_SIG,rx=8,sender=0,nonce=7600000000
7.70066,DATA_DROP_SIG,rx=11,sender=0,nonce=7600000000
7.70066,DATA_DROP_SIG,rx=10,sender=0,nonce=7600000000
7.70066,DATA_DROP_SIG,rx=3,sender=0,nonce=7600000000
7.70066,DATA_DROP_SIG,rx=20,sender=0,nonce=7600000000
7.70066,DATA_DROP_SIG,rx=12,sender=0,nonce=7600000000
7.70066,DATA_DROP_SIG,rx=17,sender=0,nonce=7600000000
7.70066,DATA_DROP_SIG,rx=16,sender=0,nonce=7600000000
7.70066,DATA_DROP_SIG,rx=9,sender=0,nonce=7600000000
7.70066,DATA_DROP_SIG,rx=15,sender=0,nonce=7600000000
7.70066,DATA_DROP_SIG,rx=4,sender=0,nonce=7600000000
7.70066,DATA_DROP_SIG,rx=7,sender=0,nonce=7600000000
7.70066,DATA_DROP_SIG,rx=18,sender=0,nonce=7600000000
7.70066,DATA_DROP_SIG,rx=6,sender=0,nonce=7600000000
7.70096,DATA_RX_OK,rx=1,sender=0,delay_s=0.000960
7.70096,DATA_RX_OK,rx=13,sender=0,delay_s=0.000960
7.70096,DATA_RX_OK,rx=21,sender=0,delay_s=0.000960
7.70096,DATA_RX_OK,rx=2,sender=0,delay_s=0.000960
7.70096,DATA_RX_OK,rx=19,sender=0,delay_s=0.000960
7.70096,DATA_RX_OK,rx=5,sender=0,delay_s=0.000960
7.70096,DATA_RX_OK,rx=14,sender=0,delay_s=0.000960
7.70096,DATA_RX_OK,rx=22,sender=0,delay_s=0.000960
7.70096,DATA_RX_OK,rx=8,sender=0,delay_s=0.000960
7.70096,DATA_RX_OK,rx=11,sender=0,delay_s=0.000960
7.70096,DATA_RX_OK,rx=10,sender=0,delay_s=0.000960
7.70096,DATA_RX_OK,rx=3,sender=0,delay_s=0.000960
7.70096,DATA_RX_OK,rx=20,sender=0,delay_s=0.000960
7.70096,DATA_RX_OK,rx=12,sender=0,delay_s=0.000960
7.70096,DATA_RX_OK,rx=17,sender=0,delay_s=0.000960
7.70096,DATA_RX_OK,rx=16,sender=0,delay_s=0.000960
7.70096,DATA_RX_OK,rx=9,sender=0,delay_s=0.000960
7.70096,DATA_RX_OK,rx=15,sender=0,delay_s=0.000960
7.70096,DATA_RX_OK,rx=4,sender=0,delay_s=0.000960
7.70096,DATA_RX_OK,rx=7,sender=0,delay_s=0.000960
7.70096,DATA_RX_OK,rx=18,sender=0,delay_s=0.000960
7.70096,DATA_RX_OK,rx=6,sender=0,delay_s=0.000960
7.80066,DATA_RX_OK,rx=1,sender=0,delay_s=0.000662
7.80066,DATA_RX_OK,rx=13,sender=0,delay_s=0.000662
7.80066,DATA_RX_OK,rx=21,sender=0,delay_s=0.000662
7.80066,DATA_RX_OK,rx=2,sender=0,delay_s=0.000662
7.80066,DATA_RX_OK,rx=19,sender=0,delay_s=0.000662
7.80066,DATA_RX_OK,rx=5,sender=0,delay_s=0.000662
7.80066,DATA_RX_OK,rx=22,sender=0,delay_s=0.000662
7.80066,DATA_RX_OK,rx=8,sender=0,delay_s=0.000662
7.80066,DATA_RX_OK,rx=14,sender=0,delay_s=0.000662
7.80066,DATA_RX_OK,rx=11,sender=0,delay_s=0.000662
7.80066,DATA_RX_OK,rx=10,sender=0,delay_s=0.000662
7.80066,DATA_RX_OK,rx=3,sender=0,delay_s=0.000662
7.80066,DATA_RX_OK,rx=20,sender=0,delay_s=0.000662
7.80066,DATA_RX_OK,rx=12,sender=0,delay_s=0.000662
7.80066,DATA_RX_OK,rx=16,sender=0,delay_s=0.000662
7.80066,DATA_RX_OK,rx=17,sender=0,delay_s=0.000662
7.80066,DATA_RX_OK,rx=9,sender=0,delay_s=0.000662
7.80066,DATA_RX_OK,rx=15,sender=0,delay_s=0.000662
7.80066,DATA_RX_OK,rx=4,sender=0,delay_s=0.000662
7.80066,DATA_RX_OK,rx=7,sender=0,delay_s=0.000662
7.80066,DATA_RX_OK,rx=18,sender=0,delay_s=0.000662
7.80066,DATA_RX_OK,rx=6,sender=0,delay_s=0.000662
7.90066,DATA_RX_OK,rx=1,sender=0,delay_s=0.000662
7.90066,DATA_RX_OK,rx=13,sender=0,delay_s=0.000662
7.90066,DATA_RX_OK,rx=21,sender=0,delay_s=0.000662
7.90066,DATA_RX_OK,rx=2,sender=0,delay_s=0.000662
7.90066,DATA_RX_OK,rx=19,sender=0,delay_s=0.000662
7.90066,DATA_RX_OK,rx=5,sender=0,delay_s=0.000662
7.90066,DATA_RX_OK,rx=22,sender=0,delay_s=0.000662
7.90066,DATA_RX_OK,rx=8,sender=0,delay_s=0.000662
7.90066,DATA_RX_OK,rx=11,sender=0,delay_s=0.000662
7.90066,DATA_RX_OK,rx=14,sender=0,delay_s=0.000662
7.90066,DATA_RX_OK,rx=10,sender=0,delay_s=0.000662
7.90066,DATA_RX_OK,rx=3,sender=0,delay_s=0.000662
7.90066,DATA_RX_OK,rx=20,sender=0,delay_s=0.000662
7.90066,DATA_RX_OK,rx=12,sender=0,delay_s=0.000662
7.90066,DATA_RX_OK,rx=16,sender=0,delay_s=0.000662
7.90066,DATA_RX_OK,rx=17,sender=0,delay_s=0.000662
7.90066,DATA_RX_OK,rx=9,sender=0,delay_s=0.000662
7.90066,DATA_RX_OK,rx=15,sender=0,delay_s=0.000662
7.90066,DATA_RX_OK,rx=4,sender=0,delay_s=0.000662
7.90066,DATA_RX_OK,rx=7,sender=0,delay_s=0.000662
7.90066,DATA_RX_OK,rx=18,sender=0,delay_s=0.000662
7.90066,DATA_RX_OK,rx=6,sender=0,delay_s=0.000662
8,REPORT_SENT,by=0,about=4,delta=0.020000
8,REPORT_SENT,by=1,about=16,delta=0.020000
8,REPORT_SENT,by=2,about=15,delta=0.020000
8,REPORT_SENT,by=3,about=1,delta=0.020000
8,REPORT_SENT,by=4,about=5,delta=0.020000
8,REPORT_SENT,by=5,about=3,delta=0.020000
8,REPORT_SENT,by=6,about=6,delta=0.020000
8,REPORT_SENT,by=7,about=6,delta=0.020000
8,REPORT_SENT,by=8,about=10,delta=0.020000
8,REPORT_SENT,by=9,about=15,delta=0.020000
8,REPORT_SENT,by=10,about=0,delta=0.020000
8,REPORT_SENT,by=11,about=3,delta=0.020000
8,REPORT_SENT,by=12,about=14,delta=0.020000
8,REPORT_SENT,by=13,about=3,delta=0.020000
8,REPORT_SENT,by=14,about=11,delta=-0.050000
8,REPORT_SENT,by=15,about=18,delta=0.020000
8,REPORT_SENT,by=16,about=7,delta=0.020000
8,REPORT_SENT,by=17,about=18,delta=0.020000
8,REPORT_SENT,by=18,about=10,delta=0.020000
8,REPORT_SENT,by=19,about=5,delta=0.020000
8,REPLAY_SENT,nonce=7900000000
8.0002,REPORT_RX_RSU,rsu=20,by=6,about=6,delta=0.020000
8.00076,REPORT_RX_RSU,rsu=20,by=18,about=10,delta=0.020000
8.00077,DATA_DROP_REPLAY,rx=1,sender=0,nonce=7900000000
8.00077,DATA_DROP_REPLAY,rx=13,sender=0,nonce=7900000000
8.00077,DATA_DROP_REPLAY,rx=21,sender=0,nonce=7900000000
8.00077,DATA_DROP_REPLAY,rx=2,sender=0,nonce=7900000000
8.00077,DATA_DROP_REPLAY,rx=19,sender=0,nonce=7900000000
8.00077,DATA_DROP_REPLAY,rx=11,sender=0,nonce=7900000000
8.00077,DATA_DROP_REPLAY,rx=22,sender=0,nonce=7900000000
8.00077,DATA_DROP_REPLAY,rx=8,sender=0,nonce=7900000000
8.00077,DATA_DROP_REPLAY,rx=5,sender=0,nonce=7900000000
8.00077,DATA_DROP_REPLAY,rx=14,sender=0,nonce=7900000000
8.00077,DATA_DROP_REPLAY,rx=10,sender=0,nonce=7900000000
8.00077,DATA_DROP_REPLAY,rx=3,sender=0,nonce=7900000000
8.00077,DATA_DROP_REPLAY,rx=20,sender=0,nonce=7900000000
8.00077,DATA_DROP_REPLAY,rx=12,sender=0,nonce=7900000000
8.00077,DATA_DROP_REPLAY,rx=16,sender=0,nonce=7900000000
8.00077,DATA_DROP_REPLAY,rx=17,sender=0,nonce=7900000000
8.00077,DATA_DROP_REPLAY,rx=9,sender=0,nonce=7900000000
8.00077,DATA_DROP_REPLAY,rx=15,sender=0,nonce=7900000000
8.00077,DATA_DROP_REPLAY,rx=4,sender=0,nonce=7900000000
8.00077,DATA_DROP_REPLAY,rx=7,sender=0,nonce=7900000000
8.00077,DATA_DROP_REPLAY,rx=18,sender=0,nonce=7900000000
8.00077,DATA_DROP_REPLAY,rx=6,sender=0,nonce=7900000000
8.00091,REPORT_RX_RSU,rsu=20,by=12,about=14,delta=0.020000
8.00121,REPORT_RX_RSU,rsu=20,by=3,about=1,delta=0.020000
8.00163,REPORT_RX_RSU,rsu=20,by=2,about=15,delta=0.020000
8.00173,DATA_RX_OK,rx=1,sender=0,delay_s=0.001728
8.00173,DATA_RX_OK,rx=13,sender=0,delay_s=0.001728
8.00173,DATA_RX_OK,rx=21,sender=0,delay_s=0.001728
8.00173,DATA_RX_OK,rx=2,sender=0,delay_s=0.001728
8.00173,DATA_RX_OK,rx=19,sender=0,delay_s=0.001728
8.00173,DATA_RX_OK,rx=11,sender=0,delay_s=0.001728
8.00173,DATA_RX_OK,rx=22,sender=0,delay_s=0.001728
8.00173,DATA_RX_OK,rx=8,sender=0,delay_s=0.001728
8.00173,DATA_RX_OK,rx=5,sender=0,delay_s=0.001728
8.00173,DATA_RX_OK,rx=14,sender=0,delay_s=0.001728
8.00173,DATA_RX_OK,rx=10,sender=0,delay_s=0.001728
8.00173,DATA_RX_OK,rx=3,sender=0,delay_s=0.001728
8.00173,DATA_RX_OK,rx=20,sender=0,delay_s=0.001728
8.00173,DATA_RX_OK,rx=12,sender=0,delay_s=0.001728
8.00173,DATA_RX_OK,rx=16,sender=0,delay_s=0.001728
8.00173,DATA_RX_OK,rx=17,sender=0,delay_s=0.001728
8.00173,DATA_RX_OK,rx=9,sender=0,delay_s=0.001728
8.00173,DATA_RX_OK,rx=4,sender=0,delay_s=0.001728
8.00173,DATA_RX_OK,rx=15,sender=0,delay_s=0.001728
8.00173,DATA_RX_OK,rx=7,sender=0,delay_s=0.001728
8.00173,DATA_RX_OK,rx=18,sender=0,delay_s=0.001728
8.00173,DATA_RX_OK,rx=6,sender=0,delay_s=0.001728
8.00176,REPORT_RX_RSU,rsu=20,by=4,about=5,delta=0.020000
8.00192,REPORT_RX_RSU,rsu=20,by=16,about=7,delta=0.020000
8.00226,REPORT_RX_RSU,rsu=20,by=11,about=3,delta=0.020000
8.10066,DATA_RX_OK,rx=1,sender=0,delay_s=0.000662
8.10066,DATA_RX_OK,rx=13,sender=0,delay_s=0.000662
8.10066,DATA_RX_OK,rx=21,sender=0,delay_s=0.000662
8.10066,DATA_RX_OK,rx=2,sender=0,delay_s=0.000662
8.10066,DATA_RX_OK,rx=19,sender=0,delay_s=0.000662
8.10066,DATA_RX_OK,rx=11,sender=0,delay_s=0.000662
8.10066,DATA_RX_OK,rx=22,sender=0,delay_s=0.000662
8.10066,DATA_RX_OK,rx=8,sender=0,delay_s=0.000662
8.10066,DATA_RX_OK,rx=5,sender=0,delay_s=0.000662
8.10066,DATA_RX_OK,rx=14,sender=0,delay_s=0.000662
8.10066,DATA_RX_OK,rx=3,sender=0,delay_s=0.000662
8.10066,DATA_RX_OK,rx=10,sender=0,delay_s=0.000662
8.10066,DATA_RX_OK,rx=20,sender=0,delay_s=0.000662
8.10066,DATA_RX_OK,rx=12,sender=0,delay_s=0.000662
8.10066,DATA_RX_OK,rx=16,sender=0,delay_s=0.000662
8.10066,DATA_RX_OK,rx=17,sender=0,delay_s=0.000662
8.10066,DATA_RX_OK,rx=4,sender=0,delay_s=0.000662
8.10066,DATA_RX_OK,rx=9,sender=0,delay_s=0.000662
8.10066,DATA_RX_OK,rx=15,sender=0,delay_s=0.000662
8.10066,DATA_RX_OK,rx=7,sender=0,delay_s=0.000662
8.10066,DATA_RX_OK,rx=18,sender=0,delay_s=0.000662
8.10066,DATA_RX_OK,rx=6,sender=0,delay_s=0.000662
8.20066,DATA_DROP_SIG,rx=1,sender=0,nonce=8200000000
8.20066,DATA_DROP_SIG,rx=21,sender=0,nonce=8200000000
8.20066,DATA_DROP_SIG,rx=13,sender=0,nonce=8200000000
8.20066,DATA_DROP_SIG,rx=2,sender=0,nonce=8200000000
8.20066,DATA_DROP_SIG,rx=11,sender=0,nonce=8200000000
8.20066,DATA_DROP_SIG,rx=19,sender=0,nonce=8200000000
8.20066,DATA_DROP_SIG,rx=22,sender=0,nonce=8200000000
8.20066,DATA_DROP_SIG,rx=8,sender=0,nonce=8200000000
8.20066,DATA_DROP_SIG,rx=5,sender=0,nonce=8200000000
8.20066,DATA_DROP_SIG,rx=14,sender=0,nonce=8200000000
8.20066,DATA_DROP_SIG,rx=3,sender=0,nonce=8200000000
8.20066,DATA_DROP_SIG,rx=10,sender=0,nonce=8200000000
8.20066,DATA_DROP_SIG,rx=20,sender=0,nonce=8200000000
8.20066,DATA_DROP_SIG,rx=12,sender=0,nonce=8200000000
8.20066,DATA_DROP_SIG,rx=16,sender=0,nonce=8200000000
8.20066,DATA_DROP_SIG,rx=4,sender=0,nonce=8200000000
8.20066,DATA_DROP_SIG,rx=17,sender=0,nonce=8200000000
8.20066,DATA_DROP_SIG,rx=9,sender=0,nonce=8200000000
8.20066,DATA_DROP_SIG,rx=15,sender=0,nonce=8200000000
8.20066,DATA_DROP_SIG,rx=7,sender=0,nonce=8200000000
8.20066,DATA_DROP_SIG,rx=18,sender=0,nonce=8200000000
8.20066,DATA_DROP_SIG,rx=6,sender=0,nonce=8200000000
8.3,REPLAY_SENT,nonce=8200000000
8.30066,DATA_DROP_SIG,rx=1,sender=0,nonce=8200000000
8.30066,DATA_DROP_SIG,rx=21,sender=0,nonce=8200000000
8.30066,DATA_DROP_SIG,rx=13,sender=0,nonce=8200000000
8.30066,DATA_DROP_SIG,rx=2,sender=0,nonce=8200000000
8.30066,DATA_DROP_SIG,rx=11,sender=0,nonce=8200000000
8.30066,DATA_DROP_SIG,rx=19,sender=0,nonce=8200000000
8.30066,DATA_DROP_SIG,rx=22,sender=0,nonce=8200000000
8.30066,DATA_DROP_SIG,rx=8,sender=0,nonce=8200000000
8.30066,DATA_DROP_SIG,rx=5,sender=0,nonce=8200000000
8.30066,DATA_DROP_SIG,rx=14,sender=0,nonce=8200000000
8.30066,DATA_DROP_SIG,rx=3,sender=0,nonce=8200000000
8.30066,DATA_DROP_SIG,rx=10,sender=0,nonce=8200000000
8.30066,DATA_DROP_SIG,rx=20,sender=0,nonce=8200000000
8.30066,DATA_DROP_SIG,rx=12,sender=0,nonce=8200000000
8.30066,DATA_DROP_SIG,rx=16,sender=0,nonce=8200000000
8.30066,DATA_DROP_SIG,rx=4,sender=0,nonce=8200000000
8.30066,DATA_DROP_SIG,rx=17,sender=0,nonce=8200000000
8.30066,DATA_DROP_SIG,rx=9,sender=0,nonce=8200000000
8.30066,DATA_DROP_SIG,rx=15,sender=0,nonce=8200000000
8.30066,DATA_DROP_SIG,rx=7,sender=0,nonce=8200000000
8.30066,DATA_DROP_SIG,rx=18,sender=0,nonce=8200000000
8.30066,DATA_DROP_SIG,rx=6,sender=0,nonce=8200000000
8.30095,DATA_RX_OK,rx=1,sender=0,delay_s=0.000951
8.30095,DATA_RX_OK,rx=21,sender=0,delay_s=0.000951
8.30095,DATA_RX_OK,rx=13,sender=0,delay_s=0.000951
8.30095,DATA_RX_OK,rx=2,sender=0,delay_s=0.000951
8.30095,DATA_RX_OK,rx=11,sender=0,delay_s=0.000951
8.30095,DATA_RX_OK,rx=19,sender=0,delay_s=0.000951
8.30095,DATA_RX_OK,rx=22,sender=0,delay_s=0.000951
8.30095,DATA_RX_OK,rx=8,sender=0,delay_s=0.000951
8.30095,DATA_RX_OK,rx=5,sender=0,delay_s=0.000951
8.30095,DATA_RX_OK,rx=14,sender=0,delay_s=0.000951
8.30095,DATA_RX_OK,rx=3,sender=0,delay_s=0.000951
8.30095,DATA_RX_OK,rx=10,sender=0,delay_s=0.000951
8.30095,DATA_RX_OK,rx=20,sender=0,delay_s=0.000951
8.30095,DATA_RX_OK,rx=12,sender=0,delay_s=0.000951
8.30095,DATA_RX_OK,rx=16,sender=0,delay_s=0.000951
8.30095,DATA_RX_OK,rx=4,sender=0,delay_s=0.000951
8.30095,DATA_RX_OK,rx=17,sender=0,delay_s=0.000951
8.30095,DATA_RX_OK,rx=9,sender=0,delay_s=0.000951
8.30095,DATA_RX_OK,rx=15,sender=0,delay_s=0.000951
8.30095,DATA_RX_OK,rx=7,sender=0,delay_s=0.000951
8.30095,DATA_RX_OK,rx=18,sender=0,delay_s=0.000951
8.30095,DATA_RX_OK,rx=6,sender=0,delay_s=0.000951
8.4,BLOCK_MINE_START,block_next=9
8.40066,DATA_RX_OK,rx=1,sender=0,delay_s=0.000662
8.40066,DATA_RX_OK,rx=21,sender=0,delay_s=0.000662
8.40066,DATA_RX_OK,rx=13,sender=0,delay_s=0.000662
8.40066,DATA_RX_OK,rx=2,sender=0,delay_s=0.000662
8.40066,DATA_RX_OK,rx=11,sender=0,delay_s=0.000662
8.40066,DATA_RX_OK,rx=19,sender=0,delay_s=0.000662
8.40066,DATA_RX_OK,rx=22,sender=0,delay_s=0.000662
8.40066,DATA_RX_OK,rx=8,sender=0,delay_s=0.000662
8.40066,DATA_RX_OK,rx=5,sender=0,delay_s=0.000662
8.40066,DATA_RX_OK,rx=14,sender=0,delay_s=0.000662
8.40066,DATA_RX_OK,rx=3,sender=0,delay_s=0.000662
8.40066,DATA_RX_OK,rx=10,sender=0,delay_s=0.000662
8.40066,DATA_RX_OK,rx=20,sender=0,delay_s=0.000662
8.40066,DATA_RX_OK,rx=12,sender=0,delay_s=0.000662
8.40066,DATA_RX_OK,rx=16,sender=0,delay_s=0.000662
8.40066,DATA_RX_OK,rx=4,sender=0,delay_s=0.000662
8.40066,DATA_RX_OK,rx=17,sender=0,delay_s=0.000662
8.40066,DATA_RX_OK,rx=15,sender=0,delay_s=0.000662
8.40066,DATA_RX_OK,rx=9,sender=0,delay_s=0.000662
8.40066,DATA_RX_OK,rx=7,sender=0,delay_s=0.000662
8.40066,DATA_RX_OK,rx=18,sender=0,delay_s=0.000662
8.40066,DATA_RX_OK,rx=6,sender=0,delay_s=0.000662
8.45,BLOCK_COMMIT_ITEM,accused=6,delta=0.020000,trust=0.750000
8.45,BLOCK_COMMIT_ITEM,accused=10,delta=0.020000,trust=0.710000
8.45,BLOCK_COMMIT_ITEM,accused=14,delta=0.020000,trust=0.760000
8.45,BLOCK_COMMIT_ITEM,accused=1,delta=0.020000,trust=0.740000
8.45,BLOCK_COMMIT_ITEM,accused=15,delta=0.020000,trust=0.720000
8.45,BLOCK_COMMIT_ITEM,accused=5,delta=0.020000,trust=0.710000
8.45,BLOCK_COMMIT_ITEM,accused=7,delta=0.020000,trust=0.670000
8.45,BLOCK_COMMIT_ITEM,accused=3,delta=0.020000,trust=0.720000
8.45,BLOCK_COMMIT_DONE,block=9,items=8,lat_s=0.050000
8.50066,DATA_RX_OK,rx=1,sender=0,delay_s=0.000662
8.50066,DATA_RX_OK,rx=21,sender=0,delay_s=0.000662
8.50066,DATA_RX_OK,rx=13,sender=0,delay_s=0.000662
8.50066,DATA_RX_OK,rx=2,sender=0,delay_s=0.000662
8.50066,DATA_RX_OK,rx=11,sender=0,delay_s=0.000662
8.50066,DATA_RX_OK,rx=19,sender=0,delay_s=0.000662
8.50066,DATA_RX_OK,rx=8,sender=0,delay_s=0.000662
8.50066,DATA_RX_OK,rx=22,sender=0,delay_s=0.000662
8.50066,DATA_RX_OK,rx=5,sender=0,delay_s=0.000662
8.50066,DATA_RX_OK,rx=14,sender=0,delay_s=0.000662
8.50066,DATA_RX_OK,rx=3,sender=0,delay_s=0.000662
8.50066,DATA_RX_OK,rx=10,sender=0,delay_s=0.000662
8.50066,DATA_RX_OK,rx=20,sender=0,delay_s=0.000662
8.50066,DATA_RX_OK,rx=12,sender=0,delay_s=0.000662
8.50066,DATA_RX_OK,rx=16,sender=0,delay_s=0.000662
8.50066,DATA_RX_OK,rx=4,sender=0,delay_s=0.000662
8.50066,DATA_RX_OK,rx=17,sender=0,delay_s=0.000662
8.50066,DATA_RX_OK,rx=15,sender=0,delay_s=0.000662
8.50066,DATA_RX_OK,rx=9,sender=0,delay_s=0.000662
8.50066,DATA_RX_OK,rx=7,sender=0,delay_s=0.000662
8.50066,DATA_RX_OK,rx=6,sender=0,delay_s=0.000662
8.50066,DATA_RX_OK,rx=18,sender=0,delay_s=0.000662
8.6,REPLAY_SENT,nonce=8500000000
8.60066,DATA_DROP_REPLAY,rx=1,sender=0,nonce=8500000000
8.60066,DATA_DROP_REPLAY,rx=21,sender=0,nonce=8500000000
8.60066,DATA_DROP_REPLAY,rx=13,sender=0,nonce=8500000000
8.60066,DATA_DROP_REPLAY,rx=2,sender=0,nonce=8500000000
8.60066,DATA_DROP_REPLAY,rx=11,sender=0,nonce=8500000000
8.60066,DATA_DROP_REPLAY,rx=19,sender=0,nonce=8500000000
8.60066,DATA_DROP_REPLAY,rx=8,sender=0,nonce=8500000000
8.60066,DATA_DROP_REPLAY,rx=22,sender=0,nonce=8500000000
8.60066,DATA_DROP_REPLAY,rx=14,sender=0,nonce=8500000000
8.60066,DATA_DROP_REPLAY,rx=3,sender=0,nonce=8500000000
8.60066,DATA_DROP_REPLAY,rx=5,sender=0,nonce=8500000000
8.60066,DATA_DROP_REPLAY,rx=10,sender=0,nonce=8500000000
8.60066,DATA_DROP_REPLAY,rx=20,sender=0,nonce=8500000000
8.60066,DATA_DROP_REPLAY,rx=12,sender=0,nonce=8500000000
8.60066,DATA_DROP_REPLAY,rx=16,sender=0,nonce=8500000000
8.60066,DATA_DROP_REPLAY,rx=17,sender=0,nonce=8500000000
8.60066,DATA_DROP_REPLAY,rx=4,sender=0,nonce=8500000000
8.60066,DATA_DROP_REPLAY,rx=15,sender=0,nonce=8500000000
8.60066,DATA_DROP_REPLAY,rx=9,sender=0,nonce=8500000000
8.60066,DATA_DROP_REPLAY,rx=7,sender=0,nonce=8500000000
8.60066,DATA_DROP_REPLAY,rx=6,sender=0,nonce=8500000000
8.60066,DATA_DROP_REPLAY,rx=18,sender=0,nonce=8500000000
8.60104,DATA_RX_OK,rx=1,sender=0,delay_s=0.001041
8.60104,DATA_RX_OK,rx=21,sender=0,delay_s=0.001041
8.60104,DATA_RX_OK,rx=13,sender=0,delay_s=0.001041
8.60104,DATA_RX_OK,rx=2,sender=0,delay_s=0.001041
8.60104,DATA_RX_OK,rx=11,sender=0,delay_s=0.001041
8.60104,DATA_RX_OK,rx=19,sender=0,delay_s=0.001041
8.60104,DATA_RX_OK,rx=8,sender=0,delay_s=0.001041
8.60104,DATA_RX_OK,rx=22,sender=0,delay_s=0.001041
8.60104,DATA_RX_OK,rx=14,sender=0,delay_s=0.001041
8.60104,DATA_RX_OK,rx=3,sender=0,delay_s=0.001041
8.60104,DATA_RX_OK,rx=5,sender=0,delay_s=0.001041
8.60104,DATA_RX_OK,rx=10,sender=0,delay_s=0.001041
8.60104,DATA_RX_OK,rx=20,sender=0,delay_s=0.001041
8.60104,DATA_RX_OK,rx=12,sender=0,delay_s=0.001041
8.60104,DATA_RX_OK,rx=16,sender=0,delay_s=0.001041
8.60104,DATA_RX_OK,rx=17,sender=0,delay_s=0.001041
8.60104,DATA_RX_OK,rx=4,sender=0,delay_s=0.001041
8.60104,DATA_RX_OK,rx=15,sender=0,delay_s=0.001041
8.60104,DATA_RX_OK,rx=9,sender=0,delay_s=0.001041
8.60104,DATA_RX_OK,rx=7,sender=0,delay_s=0.001041
8.60104,DATA_RX_OK,rx=6,sender=0,delay_s=0.001041
8.60104,DATA_RX_OK,rx=18,sender=0,delay_s=0.001041
8.70066,DATA_RX_OK,rx=1,sender=0,delay_s=0.000662
8.70066,DATA_RX_OK,rx=21,sender=0,delay_s=0.000662
8.70066,DATA_RX_OK,rx=13,sender=0,delay_s=0.000662
8.70066,DATA_RX_OK,rx=2,sender=0,delay_s=0.000662
8.70066,DATA_RX_OK,rx=11,sender=0,delay_s=0.000662
8.70066,DATA_RX_OK,rx=19,sender=0,delay_s=0.000662
8.70066,DATA_RX_OK,rx=8,sender=0,delay_s=0.000662
8.70066,DATA_RX_OK,rx=22,sender=0,delay_s=0.000662
8.70066,DATA_RX_OK,rx=3,sender=0,delay_s=0.000662
8.70066,DATA_RX_OK,rx=14,sender=0,delay_s=0.000662
8.70066,DATA_RX_OK,rx=5,sender=0,delay_s=0.000662
8.70066,DATA_RX_OK,rx=10,sender=0,delay_s=0.000662
8.70066,DATA_RX_OK,rx=20,sender=0,delay_s=0.000662
8.70066,DATA_RX_OK,rx=12,sender=0,delay_s=0.000662
8.70066,DATA_RX_OK,rx=16,sender=0,delay_s=0.000662
8.70066,DATA_RX_OK,rx=17,sender=0,delay_s=0.000662
8.70066,DATA_RX_OK,rx=4,sender=0,delay_s=0.000662
8.70066,DATA_RX_OK,rx=15,sender=0,delay_s=0.000662
8.70066,DATA_RX_OK,rx=9,sender=0,delay_s=0.000662
8.70066,DATA_RX_OK,rx=6,sender=0,delay_s=0.000662
8.70066,DATA_RX_OK,rx=7,sender=0,delay_s=0.000662
8.70066,DATA_RX_OK,rx=18,sender=0,delay_s=0.000662
8.80066,DATA_RX_OK,rx=1,sender=0,delay_s=0.000662
8.80066,DATA_RX_OK,rx=21,sender=0,delay_s=0.000662
8.80066,DATA_RX_OK,rx=13,sender=0,delay_s=0.000662
8.80066,DATA_RX_OK,rx=2,sender=0,delay_s=0.000662
8.80066,DATA_RX_OK,rx=11,sender=0,delay_s=0.000662
8.80066,DATA_RX_OK,rx=19,sender=0,delay_s=0.000662
8.80066,DATA_RX_OK,rx=8,sender=0,delay_s=0.000662
8.80066,DATA_RX_OK,rx=22,sender=0,delay_s=0.000662
8.80066,DATA_RX_OK,rx=3,sender=0,delay_s=0.000662
8.80066,DATA_RX_OK,rx=10,sender=0,delay_s=0.000662
8.80066,DATA_RX_OK,rx=14,sender=0,delay_s=0.000662
8.80066,DATA_RX_OK,rx=5,sender=0,delay_s=0.000662
8.80066,DATA_RX_OK,rx=20,sender=0,delay_s=0.000662
8.80066,DATA_RX_OK,rx=16,sender=0,delay_s=0.000662
8.80066,DATA_RX_OK,rx=12,sender=0,delay_s=0.000662
8.80066,DATA_RX_OK,rx=17,sender=0,delay_s=0.000662
8.80066,DATA_RX_OK,rx=4,sender=0,delay_s=0.000662
8.80066,DATA_RX_OK,rx=15,sender=0,delay_s=0.000662
8.80066,DATA_RX_OK,rx=9,sender=0,delay_s=0.000662
8.80066,DATA_RX_OK,rx=6,sender=0,delay_s=0.000662
8.80066,DATA_RX_OK,rx=7,sender=0,delay_s=0.000662
8.80066,DATA_RX_OK,rx=18,sender=0,delay_s=0.000662
8.9,REPLAY_SENT,nonce=8800000000
8.90066,DATA_DROP_REPLAY,rx=21,sender=0,nonce=8800000000
8.90066,DATA_DROP_REPLAY,rx=1,sender=0,nonce=8800000000
8.90066,DATA_DROP_REPLAY,rx=13,sender=0,nonce=8800000000
8.90066,DATA_DROP_REPLAY,rx=11,sender=0,nonce=8800000000
8.90066,DATA_DROP_REPLAY,rx=2,sender=0,nonce=8800000000
8.90066,DATA_DROP_REPLAY,rx=19,sender=0,nonce=8800000000
8.90066,DATA_DROP_REPLAY,rx=8,sender=0,nonce=8800000000
8.90066,DATA_DROP_REPLAY,rx=22,sender=0,nonce=8800000000
8.90066,DATA_DROP_REPLAY,rx=3,sender=0,nonce=8800000000
8.90066,DATA_DROP_REPLAY,rx=10,sender=0,nonce=8800000000
8.90066,DATA_DROP_REPLAY,rx=14,sender=0,nonce=8800000000
8.90066,DATA_DROP_REPLAY,rx=5,sender=0,nonce=8800000000
8.90066,DATA_DROP_REPLAY,rx=20,sender=0,nonce=8800000000
8.90066,DATA_DROP_REPLAY,rx=16,sender=0,nonce=8800000000
8.90066,DATA_DROP_REPLAY,rx=12,sender=0,nonce=8800000000
8.90066,DATA_DROP_REPLAY,rx=17,sender=0,nonce=8800000000
8.90066,DATA_DROP_REPLAY,rx=4,sender=0,nonce=8800000000
8.90066,DATA_DROP_REPLAY,rx=15,sender=0,nonce=8800000000
8.90066,DATA_DROP_REPLAY,rx=9,sender=0,nonce=8800000000
8.90066,DATA_DROP_REPLAY,rx=6,sender=0,nonce=8800000000
8.90066,DATA_DROP_REPLAY,rx=18,sender=0,nonce=8800000000
8.90066,DATA_DROP_REPLAY,rx=7,sender=0,nonce=8800000000
8.90094,DATA_RX_OK,rx=21,sender=0,delay_s=0.000942
8.90094,DATA_RX_OK,rx=1,sender=0,delay_s=0.000942
8.90094,DATA_RX_OK,rx=13,sender=0,delay_s=0.000942
8.90094,DATA_RX_OK,rx=11,sender=0,delay_s=0.000942
8.90094,DATA_RX_OK,rx=2,sender=0,delay_s=0.000942
8.90094,DATA_RX_OK,rx=19,sender=0,delay_s=0.000942
8.90094,DATA_RX_OK,rx=8,sender=0,delay_s=0.000942
8.90094,DATA_RX_OK,rx=22,sender=0,delay_s=0.000942
8.90094,DATA_RX_OK,rx=3,sender=0,delay_s=0.000942
8.90094,DATA_RX_OK,rx=10,sender=0,delay_s=0.000942
8.90094,DATA_RX_OK,rx=14,sender=0,delay_s=0.000942
8.90094,DATA_RX_OK,rx=5,sender=0,delay_s=0.000942
8.90094,DATA_RX_OK,rx=20,sender=0,delay_s=0.000942
8.90094,DATA_RX_OK,rx=16,sender=0,delay_s=0.000942
8.90094,DATA_RX_OK,rx=12,sender=0,delay_s=0.000942
8.90094,DATA_RX_OK,rx=17,sender=0,delay_s=0.000942
8.90094,DATA_RX_OK,rx=4,sender=0,delay_s=0.000942
8.90094,DATA_RX_OK,rx=15,sender=0,delay_s=0.000942
8.90094,DATA_RX_OK,rx=9,sender=0,delay_s=0.000942
8.90094,DATA_RX_OK,rx=6,sender=0,delay_s=0.000942
8.90094,DATA_RX_OK,rx=18,sender=0,delay_s=0.000942
8.90094,DATA_RX_OK,rx=7,sender=0,delay_s=0.000942
9,REPORT_SENT,by=0,about=1,delta=0.020000
9,REPORT_SENT,by=1,about=4,delta=0.020000
9,REPORT_SENT,by=2,about=14,delta=0.020000
9,REPORT_SENT,by=3,about=8,delta=0.020000
9,REPORT_SENT,by=4,about=19,delta=0.020000
9,REPORT_SENT,by=5,about=14,delta=0.020000
9,REPORT_SENT,by=6,about=18,delta=0.020000
9,REPORT_SENT,by=7,about=19,delta=0.020000
9,REPORT_SENT,by=8,about=16,delta=0.020000
9,REPORT_SENT,by=9,about=2,delta=0.020000
9,REPORT_SENT,by=10,about=3,delta=-0.050000
9,REPORT_SENT,by=11,about=2,delta=0.020000
9,REPORT_SENT,by=12,about=1,delta=0.020000
9,REPORT_SENT,by=13,about=10,delta=0.020000
9,REPORT_SENT,by=14,about=10,delta=0.020000
9,REPORT_SENT,by=15,about=7,delta=0.020000
9,REPORT_SENT,by=16,about=11,delta=-0.050000
9,REPORT_SENT,by=17,about=0,delta=0.020000
9,REPORT_SENT,by=18,about=14,delta=0.020000
9,REPORT_SENT,by=19,about=8,delta=0.020000
9.00025,REPORT_RX_RSU,rsu=20,by=6,about=18,delta=0.020000
9.00065,REPORT_RX_RSU,rsu=20,by=3,about=8,delta=0.020000
9.00075,DATA_RX_OK,rx=21,sender=0,delay_s=0.000753
9.00075,DATA_RX_OK,rx=1,sender=0,delay_s=0.000753
9.00075,DATA_RX_OK,rx=11,sender=0,delay_s=0.000753
9.00075,DATA_RX_OK,rx=13,sender=0,delay_s=0.000753
9.00075,DATA_RX_OK,rx=2,sender=0,delay_s=0.000753
9.00075,DATA_RX_OK,rx=19,sender=0,delay_s=0.000753
9.00075,DATA_RX_OK,rx=8,sender=0,delay_s=0.000753
9.00075,DATA_RX_OK,rx=22,sender=0,delay_s=0.000753
9.00075,DATA_RX_OK,rx=3,sender=0,delay_s=0.000753
9.00075,DATA_RX_OK,rx=10,sender=0,delay_s=0.000753
9.00075,DATA_RX_OK,rx=14,sender=0,delay_s=0.000753
9.00075,DATA_RX_OK,rx=20,sender=0,delay_s=0.000753
9.00075,DATA_RX_OK,rx=5,sender=0,delay_s=0.000753
9.00075,DATA_RX_OK,rx=16,sender=0,delay_s=0.000753
9.00075,DATA_RX_OK,rx=17,sender=0,delay_s=0.000753
9.00075,DATA_RX_OK,rx=12,sender=0,delay_s=0.000753
9.00075,DATA_RX_OK,rx=4,sender=0,delay_s=0.000753
9.00075,DATA_RX_OK,rx=15,sender=0,delay_s=0.000753
9.00075,DATA_RX_OK,rx=9,sender=0,delay_s=0.000753
9.00075,DATA_RX_OK,rx=6,sender=0,delay_s=0.000753
9.00075,DATA_RX_OK,rx=18,sender=0,delay_s=0.000753
9.00075,DATA_RX_OK,rx=7,sender=0,delay_s=0.000753
9.0008,REPORT_RX_RSU,rsu=20,by=11,about=2,delta=0.020000
9.00093,REPORT_RX_RSU,rsu=20,by=16,about=11,delta=-0.050000
9.00108,REPORT_RX_RSU,rsu=20,by=12,about=1,delta=0.020000
9.0012,REPORT_RX_RSU,rsu=20,by=4,about=19,delta=0.020000
9.00141,REPORT_RX_RSU,rsu=20,by=18,about=14,delta=0.020000
9.00154,REPORT_RX_RSU,rsu=20,by=2,about=14,delta=0.020000
9.10066,DATA_DROP_SIG,rx=21,sender=0,nonce=9100000000
9.10066,DATA_DROP_SIG,rx=1,sender=0,nonce=9100000000
9.10066,DATA_DROP_SIG,rx=11,sender=0,nonce=9100000000
9.10066,DATA_DROP_SIG,rx=13,sender=0,nonce=9100000000
9.10066,DATA_DROP_SIG,rx=2,sender=0,nonce=9100000000
9.10066,DATA_DROP_SIG,rx=19,sender=0,nonce=9100000000
9.10066,DATA_DROP_SIG,rx=8,sender=0,nonce=9100000000
9.10066,DATA_DROP_SIG,rx=10,sender=0,nonce=9100000000
9.10066,DATA_DROP_SIG,rx=3,sender=0,nonce=9100000000
9.10066,DATA_DROP_SIG,rx=22,sender=0,nonce=9100000000
9.10066,DATA_DROP_SIG,rx=14,sender=0,nonce=9100000000
9.10066,DATA_DROP_SIG,rx=20,sender=0,nonce=9100000000
9.10066,DATA_DROP_SIG,rx=5,sender=0,nonce=9100000000
9.10066,DATA_DROP_SIG,rx=17,sender=0,nonce=9100000000
9.10066,DATA_DROP_SIG,rx=16,sender=0,nonce=9100000000
9.10066,DATA_DROP_SIG,rx=12,sender=0,nonce=9100000000
9.10066,DATA_DROP_SIG,rx=15,sender=0,nonce=9100000000
9.10066,DATA_DROP_SIG,rx=4,sender=0,nonce=9100000000
9.10066,DATA_DROP_SIG,rx=9,sender=0,nonce=9100000000
9.10066,DATA_DROP_SIG,rx=6,sender=0,nonce=9100000000
9.10066,DATA_DROP_SIG,rx=18,sender=0,nonce=9100000000
9.10066,DATA_DROP_SIG,rx=7,sender=0,nonce=9100000000
9.2,REPLAY_SENT,nonce=9100000000
9.20066,DATA_DROP_SIG,rx=21,sender=0,nonce=9100000000
9.20066,DATA_DROP_SIG,rx=1,sender=0,nonce=9100000000
9.20066,DATA_DROP_SIG,rx=11,sender=0,nonce=9100000000
9.20066,DATA_DROP_SIG,rx=13,sender=0,nonce=9100000000
9.20066,DATA_DROP_SIG,rx=2,sender=0,nonce=9100000000
9.20066,DATA_DROP_SIG,rx=19,sender=0,nonce=9100000000
9.20066,DATA_DROP_SIG,rx=8,sender=0,nonce=9100000000
9.20066,DATA_DROP_SIG,rx=10,sender=0,nonce=9100000000
9.20066,DATA_DROP_SIG,rx=3,sender=0,nonce=9100000000
9.20066,DATA_DROP_SIG,rx=22,sender=0,nonce=9100000000
9.20066,DATA_DROP_SIG,rx=14,sender=0,nonce=9100000000
9.20066,DATA_DROP_SIG,rx=20,sender=0,nonce=9100000000
9.20066,DATA_DROP_SIG,rx=5,sender=0,nonce=9100000000
9.20066,DATA_DROP_SIG,rx=17,sender=0,nonce=9100000000
9.20066,DATA_DROP_SIG,rx=16,sender=0,nonce=9100000000
9.20066,DATA_DROP_SIG,rx=12,sender=0,nonce=9100000000
9.20066,DATA_DROP_SIG,rx=9,sender=0,nonce=9100000000
9.20066,DATA_DROP_SIG,rx=15,sender=0,nonce=9100000000
9.20066,DATA_DROP_SIG,rx=4,sender=0,nonce=9100000000
9.20066,DATA_DROP_SIG,rx=6,sender=0,nonce=9100000000
9.20066,DATA_DROP_SIG,rx=18,sender=0,nonce=9100000000
9.20066,DATA_DROP_SIG,rx=7,sender=0,nonce=9100000000
9.201,DATA_RX_OK,rx=21,sender=0,delay_s=0.000996
9.201,DATA_RX_OK,rx=1,sender=0,delay_s=0.000996
9.201,DATA_RX_OK,rx=11,sender=0,delay_s=0.000996
9.201,DATA_RX_OK,rx=13,sender=0,delay_s=0.000996
9.201,DATA_RX_OK,rx=2,sender=0,delay_s=0.000996
9.201,DATA_RX_OK,rx=19,sender=0,delay_s=0.000996
9.201,DATA_RX_OK,rx=8,sender=0,delay_s=0.000996
9.201,DATA_RX_OK,rx=10,sender=0,delay_s=0.000996
9.201,DATA_RX_OK,rx=3,sender=0,delay_s=0.000996
9.201,DATA_RX_OK,rx=22,sender=0,delay_s=0.000996
9.201,DATA_RX_OK,rx=14,sender=0,delay_s=0.000996
9.201,DATA_RX_OK,rx=20,sender=0,delay_s=0.000996
9.201,DATA_RX_OK,rx=5,sender=0,delay_s=0.000996
9.201,DATA_RX_OK,rx=17,sender=0,delay_s=0.000996
9.201,DATA_RX_OK,rx=16,sender=0,delay_s=0.000996
9.201,DATA_RX_OK,rx=12,sender=0,delay_s=0.000996
9.201,DATA_RX_OK,rx=9,sender=0,delay_s=0.000996
9.201,DATA_RX_OK,rx=15,sender=0,delay_s=0.000996
9.201,DATA_RX_OK,rx=4,sender=0,delay_s=0.000996
9.201,DATA_RX_OK,rx=6,sender=0,delay_s=0.000996
9.201,DATA_RX_OK,rx=18,sender=0,delay_s=0.000996
9.201,DATA_RX_OK,rx=7,sender=0,delay_s=0.000996
9.30066,DATA_RX_OK,rx=21,sender=0,delay_s=0.000662
9.30066,DATA_RX_OK,rx=1,sender=0,delay_s=0.000662
9.30066,DATA_RX_OK,rx=11,sender=0,delay_s=0.000662
9.30066,DATA_RX_OK,rx=2,sender=0,delay_s=0.000662
9.30066,DATA_RX_OK,rx=13,sender=0,delay_s=0.000662
9.30066,DATA_RX_OK,rx=19,sender=0,delay_s=0.000662
9.30066,DATA_RX_OK,rx=8,sender=0,delay_s=0.000662
9.30066,DATA_RX_OK,rx=10,sender=0,delay_s=0.000662
9.30066,DATA_RX_OK,rx=22,sender=0,delay_s=0.000662
9.30066,DATA_RX_OK,rx=3,sender=0,delay_s=0.000662
9.30066,DATA_RX_OK,rx=14,sender=0,delay_s=0.000662
9.30066,DATA_RX_OK,rx=20,sender=0,delay_s=0.000662
9.30066,DATA_RX_OK,rx=5,sender=0,delay_s=0.000662
9.30066,DATA_RX_OK,rx=16,sender=0,delay_s=0.000662
9.30066,DATA_RX_OK,rx=17,sender=0,delay_s=0.000662
9.30066,DATA_RX_OK,rx=12,sender=0,delay_s=0.000662
9.30066,DATA_RX_OK,rx=9,sender=0,delay_s=0.000662
9.30066,DATA_RX_OK,rx=15,sender=0,delay_s=0.000662
9.30066,DATA_RX_OK,rx=4,sender=0,delay_s=0.000662
9.30066,DATA_RX_OK,rx=6,sender=0,delay_s=0.000662
9.30066,DATA_RX_OK,rx=18,sender=0,delay_s=0.000662
9.30066,DATA_RX_OK,rx=7,sender=0,delay_s=0.000662
9.40066,DATA_RX_OK,rx=21,sender=0,delay_s=0.000662
9.40066,DATA_RX_OK,rx=1,sender=0,delay_s=0.000662
9.40066,DATA_RX_OK,rx=11,sender=0,delay_s=0.000662
9.40066,DATA_RX_OK,rx=2,sender=0,delay_s=0.000662
9.40066,DATA_RX_OK,rx=13,sender=0,delay_s=0.000662
9.40066,DATA_RX_OK,rx=19,sender=0,delay_s=0.000662
9.40066,DATA_RX_OK,rx=8,sender=0,delay_s=0.000662
9.40066,DATA_RX_OK,rx=10,sender=0,delay_s=0.000662
9.40066,DATA_RX_OK,rx=22,sender=0,delay_s=0.000662
9.40066,DATA_RX_OK,rx=3,sender=0,delay_s=0.000662
9.40066,DATA_RX_OK,rx=14,sender=0,delay_s=0.000662
9.40066,DATA_RX_OK,rx=20,sender=0,delay_s=0.000662
9.40066,DATA_RX_OK,rx=5,sender=0,delay_s=0.000662
9.40066,DATA_RX_OK,rx=16,sender=0,delay_s=0.000662
9.40066,DATA_RX_OK,rx=17,sender=0,delay_s=0.000662
9.40066,DATA_RX_OK,rx=12,sender=0,delay_s=0.000662
9.40066,DATA_RX_OK,rx=9,sender=0,delay_s=0.000662
9.40066,DATA_RX_OK,rx=15,sender=0,delay_s=0.000662
9.40066,DATA_RX_OK,rx=4,sender=0,delay_s=0.000662
9.40066,DATA_RX_OK,rx=6,sender=0,delay_s=0.000662
9.40066,DATA_RX_OK,rx=7,sender=0,delay_s=0.000662
9.40066,DATA_RX_OK,rx=18,sender=0,delay_s=0.000662
9.45,BLOCK_MINE_START,block_next=10
9.5,REPLAY_SENT,nonce=9400000000
9.5,BLOCK_COMMIT_ITEM,accused=18,delta=0.020000,trust=0.710000
9.5,BLOCK_COMMIT_ITEM,accused=8,delta=0.020000,trust=0.750000
9.5,BLOCK_COMMIT_ITEM,accused=2,delta=0.020000,trust=0.740000
9.5,BLOCK_COMMIT_ITEM,accused=11,delta=-0.050000,trust=0.600000
9.5,BLOCK_COMMIT_ITEM,accused=1,delta=0.020000,trust=0.760000
9.5,BLOCK_COMMIT_ITEM,accused=19,delta=0.020000,trust=0.800000
9.5,BLOCK_COMMIT_ITEM,accused=14,delta=0.020000,trust=0.780000
9.5,BLOCK_COMMIT_ITEM,accused=14,delta=0.020000,trust=0.800000
9.5,BLOCK_COMMIT_DONE,block=10,items=8,lat_s=0.050000
9.50066,DATA_DROP_REPLAY,rx=21,sender=0,nonce=9400000000
9.50066,DATA_DROP_REPLAY,rx=1,sender=0,nonce=9400000000
9.50066,DATA_DROP_REPLAY,rx=2,sender=0,nonce=9400000000
9.50066,DATA_DROP_REPLAY,rx=11,sender=0,nonce=9400000000
9.50066,DATA_DROP_REPLAY,rx=13,sender=0,nonce=9400000000
9.50066,DATA_DROP_REPLAY,rx=19,sender=0,nonce=9400000000
9.50066,DATA_DROP_REPLAY,rx=10,sender=0,nonce=9400000000
9.50066,DATA_DROP_REPLAY,rx=8,sender=0,nonce=9400000000
9.50066,DATA_DROP_REPLAY,rx=22,sender=0,nonce=9400000000
9.50066,DATA_DROP_REPLAY,rx=14,sender=0,nonce=9400000000
9.50066,DATA_DROP_REPLAY,rx=3,sender=0,nonce=9400000000
9.50066,DATA_DROP_REPLAY,rx=20,sender=0,nonce=9400000000
9.50066,DATA_DROP_REPLAY,rx=5,sender=0,nonce=9400000000
9.50066,DATA_DROP_REPLAY,rx=16,sender=0,nonce=9400000000
9.50066,DATA_DROP_REPLAY,rx=12,sender=0,nonce=9400000000
9.50066,DATA_DROP_REPLAY,rx=17,sender=0,nonce=9400000000
9.50066,DATA_DROP_REPLAY,rx=9,sender=0,nonce=9400000000
9.50066,DATA_DROP_REPLAY,rx=15,sender=0,nonce=9400000000
9.50066,DATA_DROP_REPLAY,rx=4,sender=0,nonce=9400000000
9.50066,DATA_DROP_REPLAY,rx=6,sender=0,nonce=9400000000
9.50066,DATA_DROP_REPLAY,rx=7,sender=0,nonce=9400000000
9.50066,DATA_DROP_REPLAY,rx=18,sender=0,nonce=9400000000
9.50102,DATA_RX_OK,rx=21,sender=0,delay_s=0.001023
9.50102,DATA_RX_OK,rx=1,sender=0,delay_s=0.001023
9.50102,DATA_RX_OK,rx=2,sender=0,delay_s=0.001023
9.50102,DATA_RX_OK,rx=11,sender=0,delay_s=0.001023
9.50102,DATA_RX_OK,rx=13,sender=0,delay_s=0.001023
9.50102,DATA_RX_OK,rx=19,sender=0,delay_s=0.001023
9.50102,DATA_RX_OK,rx=10,sender=0,delay_s=0.001023
9.50102,DATA_RX_OK,rx=8,sender=0,delay_s=0.001023
9.50102,DATA_RX_OK,rx=22,sender=0,delay_s=0.001023
9.50102,DATA_RX_OK,rx=14,sender=0,delay_s=0.001023
9.50102,DATA_RX_OK,rx=3,sender=0,delay_s=0.001023
9.50102,DATA_RX_OK,rx=20,sender=0,delay_s=0.001023
9.50102,DATA_RX_OK,rx=5,sender=0,delay_s=0.001023
9.50102,DATA_RX_OK,rx=16,sender=0,delay_s=0.001023
9.50102,DATA_RX_OK,rx=12,sender=0,delay_s=0.001023
9.50102,DATA_RX_OK,rx=17,sender=0,delay_s=0.001023
9.50102,DATA_RX_OK,rx=9,sender=0,delay_s=0.001023
9.50102,DATA_RX_OK,rx=15,sender=0,delay_s=0.001023
9.50102,DATA_RX_OK,rx=4,sender=0,delay_s=0.001023
9.50102,DATA_RX_OK,rx=6,sender=0,delay_s=0.001023
9.50102,DATA_RX_OK,rx=7,sender=0,delay_s=0.001023
9.50102,DATA_RX_OK,rx=18,sender=0,delay_s=0.001023
9.60066,DATA_RX_OK,rx=1,sender=0,delay_s=0.000662
9.60066,DATA_RX_OK,rx=21,sender=0,delay_s=0.000662
9.60066,DATA_RX_OK,rx=2,sender=0,delay_s=0.000662
9.60066,DATA_RX_OK,rx=11,sender=0,delay_s=0.000662
9.60066,DATA_RX_OK,rx=13,sender=0,delay_s=0.000662
9.60066,DATA_RX_OK,rx=19,sender=0,delay_s=0.000662
9.60066,DATA_RX_OK,rx=10,sender=0,delay_s=0.000662
9.60066,DATA_RX_OK,rx=22,sender=0,delay_s=0.000662
9.60066,DATA_RX_OK,rx=14,sender=0,delay_s=0.000662
9.60066,DATA_RX_OK,rx=8,sender=0,delay_s=0.000662
9.60066,DATA_RX_OK,rx=3,sender=0,delay_s=0.000662
9.60066,DATA_RX_OK,rx=20,sender=0,delay_s=0.000662
9.60066,DATA_RX_OK,rx=5,sender=0,delay_s=0.000662
9.60066,DATA_RX_OK,rx=16,sender=0,delay_s=0.000662
9.60066,DATA_RX_OK,rx=12,sender=0,delay_s=0.000662
9.60066,DATA_RX_OK,rx=17,sender=0,delay_s=0.000662
9.60066,DATA_RX_OK,rx=9,sender=0,delay_s=0.000662
9.60066,DATA_RX_OK,rx=4,sender=0,delay_s=0.000662
9.60066,DATA_RX_OK,rx=15,sender=0,delay_s=0.000662
9.60066,DATA_RX_OK,rx=6,sender=0,delay_s=0.000662
9.60066,DATA_RX_OK,rx=7,sender=0,delay_s=0.000662
9.60066,DATA_RX_OK,rx=18,sender=0,delay_s=0.000662
9.70066,DATA_RX_OK,rx=1,sender=0,delay_s=0.000662
9.70066,DATA_RX_OK,rx=21,sender=0,delay_s=0.000662
9.70066,DATA_RX_OK,rx=2,sender=0,delay_s=0.000662
9.70066,DATA_RX_OK,rx=11,sender=0,delay_s=0.000662
9.70066,DATA_RX_OK,rx=13,sender=0,delay_s=0.000662
9.70066,DATA_RX_OK,rx=19,sender=0,delay_s=0.000662
9.70066,DATA_RX_OK,rx=10,sender=0,delay_s=0.000662
9.70066,DATA_RX_OK,rx=22,sender=0,delay_s=0.000662
9.70066,DATA_RX_OK,rx=14,sender=0,delay_s=0.000662
9.70066,DATA_RX_OK,rx=8,sender=0,delay_s=0.000662
9.70066,DATA_RX_OK,rx=3,sender=0,delay_s=0.000662
9.70066,DATA_RX_OK,rx=20,sender=0,delay_s=0.000662
9.70066,DATA_RX_OK,rx=5,sender=0,delay_s=0.000662
9.70066,DATA_RX_OK,rx=16,sender=0,delay_s=0.000662
9.70066,DATA_RX_OK,rx=12,sender=0,delay_s=0.000662
9.70066,DATA_RX_OK,rx=17,sender=0,delay_s=0.000662
9.70066,DATA_RX_OK,rx=9,sender=0,delay_s=0.000662
9.70066,DATA_RX_OK,rx=15,sender=0,delay_s=0.000662
9.70066,DATA_RX_OK,rx=4,sender=0,delay_s=0.000662
9.70066,DATA_RX_OK,rx=6,sender=0,delay_s=0.000662
9.70066,DATA_RX_OK,rx=7,sender=0,delay_s=0.000662
9.70066,DATA_RX_OK,rx=18,sender=0,delay_s=0.000662
9.8,REPLAY_SENT,nonce=9700000000
9.80066,DATA_DROP_REPLAY,rx=1,sender=0,nonce=9700000000
9.80066,DATA_DROP_REPLAY,rx=21,sender=0,nonce=9700000000
9.80066,DATA_DROP_REPLAY,rx=2,sender=0,nonce=9700000000
9.80066,DATA_DROP_REPLAY,rx=11,sender=0,nonce=9700000000
9.80066,DATA_DROP_REPLAY,rx=13,sender=0,nonce=9700000000
9.80066,DATA_DROP_REPLAY,rx=19,sender=0,nonce=9700000000
9.80066,DATA_DROP_REPLAY,rx=10,sender=0,nonce=9700000000
9.80066,DATA_DROP_REPLAY,rx=14,sender=0,nonce=9700000000
9.80066,DATA_DROP_REPLAY,rx=22,sender=0,nonce=9700000000
9.80066,DATA_DROP_REPLAY,rx=8,sender=0,nonce=9700000000
9.80066,DATA_DROP_REPLAY,rx=20,sender=0,nonce=9700000000
9.80066,DATA_DROP_REPLAY,rx=3,sender=0,nonce=9700000000
9.80066,DATA_DROP_REPLAY,rx=16,sender=0,nonce=9700000000
9.80066,DATA_DROP_REPLAY,rx=5,sender=0,nonce=9700000000
9.80066,DATA_DROP_REPLAY,rx=12,sender=0,nonce=9700000000
9.80066,DATA_DROP_REPLAY,rx=17,sender=0,nonce=9700000000
9.80066,DATA_DROP_REPLAY,rx=9,sender=0,nonce=9700000000
9.80066,DATA_DROP_REPLAY,rx=15,sender=0,nonce=9700000000
9.80066,DATA_DROP_REPLAY,rx=4,sender=0,nonce=9700000000
9.80066,DATA_DROP_REPLAY,rx=6,sender=0,nonce=9700000000
9.80066,DATA_DROP_REPLAY,rx=7,sender=0,nonce=9700000000
9.80066,DATA_DROP_REPLAY,rx=18,sender=0,nonce=9700000000
9.80099,DATA_RX_OK,rx=1,sender=0,delay_s=0.000987
9.80099,DATA_RX_OK,rx=21,sender=0,delay_s=0.000987
9.80099,DATA_RX_OK,rx=2,sender=0,delay_s=0.000987
9.80099,DATA_RX_OK,rx=11,sender=0,delay_s=0.000987
9.80099,DATA_RX_OK,rx=13,sender=0,delay_s=0.000987
9.80099,DATA_RX_OK,rx=19,sender=0,delay_s=0.000987
9.80099,DATA_RX_OK,rx=10,sender=0,delay_s=0.000987
9.80099,DATA_RX_OK,rx=14,sender=0,delay_s=0.000987
9.80099,DATA_RX_OK,rx=22,sender=0,delay_s=0.000987
9.80099,DATA_RX_OK,rx=8,sender=0,delay_s=0.000987
9.80099,DATA_RX_OK,rx=20,sender=0,delay_s=0.000987
9.80099,DATA_RX_OK,rx=3,sender=0,delay_s=0.000987
9.80099,DATA_RX_OK,rx=16,sender=0,delay_s=0.000987
9.80099,DATA_RX_OK,rx=5,sender=0,delay_s=0.000987
9.80099,DATA_RX_OK,rx=12,sender=0,delay_s=0.000987
9.80099,DATA_RX_OK,rx=17,sender=0,delay_s=0.000987
9.80099,DATA_RX_OK,rx=9,sender=0,delay_s=0.000987
9.80099,DATA_RX_OK,rx=15,sender=0,delay_s=0.000987
9.80099,DATA_RX_OK,rx=4,sender=0,delay_s=0.000987
9.80099,DATA_RX_OK,rx=6,sender=0,delay_s=0.000987
9.80099,DATA_RX_OK,rx=7,sender=0,delay_s=0.000987
9.80099,DATA_RX_OK,rx=18,sender=0,delay_s=0.000987
9.90066,DATA_DROP_SIG,rx=1,sender=0,nonce=9900000000
9.90066,DATA_DROP_SIG,rx=21,sender=0,nonce=9900000000
9.90066,DATA_DROP_SIG,rx=2,sender=0,nonce=9900000000
9.90066,DATA_DROP_SIG,rx=11,sender=0,nonce=9900000000
9.90066,DATA_DROP_SIG,rx=13,sender=0,nonce=9900000000
9.90066,DATA_DROP_SIG,rx=19,sender=0,nonce=9900000000
9.90066,DATA_DROP_SIG,rx=14,sender=0,nonce=9900000000
9.90066,DATA_DROP_SIG,rx=10,sender=0,nonce=9900000000
9.90066,DATA_DROP_SIG,rx=22,sender=0,nonce=9900000000
9.90066,DATA_DROP_SIG,rx=20,sender=0,nonce=9900000000
9.90066,DATA_DROP_SIG,rx=3,sender=0,nonce=9900000000
9.90066,DATA_DROP_SIG,rx=8,sender=0,nonce=9900000000
9.90066,DATA_DROP_SIG,rx=16,sender=0,nonce=9900000000
9.90066,DATA_DROP_SIG,rx=12,sender=0,nonce=9900000000
9.90066,DATA_DROP_SIG,rx=5,sender=0,nonce=9900000000
9.90066,DATA_DROP_SIG,rx=9,sender=0,nonce=9900000000
9.90066,DATA_DROP_SIG,rx=4,sender=0,nonce=9900000000
9.90066,DATA_DROP_SIG,rx=15,sender=0,nonce=9900000000
9.90066,DATA_DROP_SIG,rx=17,sender=0,nonce=9900000000
9.90066,DATA_DROP_SIG,rx=6,sender=0,nonce=9900000000
9.90066,DATA_DROP_SIG,rx=7,sender=0,nonce=9900000000
9.90066,DATA_DROP_SIG,rx=18,sender=0,nonce=9900000000
10,REPORT_SENT,by=0,about=17,delta=-0.050000
10,REPORT_SENT,by=1,about=9,delta=0.020000
10,REPORT_SENT,by=2,about=16,delta=0.020000
10,REPORT_SENT,by=3,about=18,delta=0.020000
10,REPORT_SENT,by=4,about=12,delta=0.020000
10,REPORT_SENT,by=5,about=15,delta=0.020000
10,REPORT_SENT,by=6,about=0,delta=0.020000
10,REPORT_SENT,by=7,about=7,delta=0.020000
10,REPORT_SENT,by=8,about=5,delta=-0.050000
10,REPORT_SENT,by=9,about=17,delta=0.020000
10,REPORT_SENT,by=10,about=12,delta=0.020000
10,REPORT_SENT,by=11,about=19,delta=0.020000
10,REPORT_SENT,by=12,about=13,delta=0.020000
10,REPORT_SENT,by=13,about=6,delta=0.020000
10,REPORT_SENT,by=14,about=11,delta=0.020000
10,REPORT_SENT,by=15,about=6,delta=0.020000
10,REPORT_SENT,by=16,about=6,delta=0.020000
10,REPORT_SENT,by=17,about=9,delta=0.020000
10,REPORT_SENT,by=18,about=0,delta=0.020000
10,REPORT_SENT,by=19,about=7,delta=0.020000
10.0002,REPORT_RX_RSU,rsu=20,by=6,about=0,delta=0.020000
10.0003,REPORT_RX_RSU,rsu=20,by=2,about=16,delta=0.020000
10.0005,REPORT_RX_RSU,rsu=20,by=12,about=13,delta=0.020000
10.001,REPORT_RX_RSU,rsu=20,by=18,about=0,delta=0.020000
10.001,DATA_RX_OK,rx=1,sender=0,delay_s=0.001036
10.001,DATA_RX_OK,rx=21,sender=0,delay_s=0.001036
10.001,DATA_RX_OK,rx=2,sender=0,delay_s=0.001036
10.001,DATA_RX_OK,rx=11,sender=0,delay_s=0.001036
10.001,DATA_RX_OK,rx=19,sender=0,delay_s=0.001036
10.001,DATA_RX_OK,rx=13,sender=0,delay_s=0.001036
10.001,DATA_RX_OK,rx=14,sender=0,delay_s=0.001036
10.001,DATA_RX_OK,rx=10,sender=0,delay_s=0.001036
10.001,DATA_RX_OK,rx=22,sender=0,delay_s=0.001036
10.001,DATA_RX_OK,rx=20,sender=0,delay_s=0.001036
10.001,DATA_RX_OK,rx=3,sender=0,delay_s=0.001036
10.001,DATA_RX_OK,rx=8,sender=0,delay_s=0.001036
10.001,DATA_RX_OK,rx=16,sender=0,delay_s=0.001036
10.001,DATA_RX_OK,rx=12,sender=0,delay_s=0.001036
10.001,DATA_RX_OK,rx=5,sender=0,delay_s=0.001036
10.001,DATA_RX_OK,rx=9,sender=0,delay_s=0.001036
10.001,DATA_RX_OK,rx=15,sender=0,delay_s=0.001036
10.001,DATA_RX_OK,rx=4,sender=0,delay_s=0.001036
10.001,DATA_RX_OK,rx=17,sender=0,delay_s=0.001036
10.001,DATA_RX_OK,rx=6,sender=0,delay_s=0.001036
10.001,DATA_RX_OK,rx=7,sender=0,delay_s=0.001036
10.001,DATA_RX_OK,rx=18,sender=0,delay_s=0.001036
10.0011,REPORT_RX_RSU,rsu=20,by=4,about=12,delta=0.020000
10.0013,REPORT_RX_RSU,rsu=20,by=11,about=19,delta=0.020000
10.0014,REPORT_RX_RSU,rsu=20,by=3,about=18,delta=0.020000
10.002,REPORT_RX_RSU,rsu=20,by=16,about=6,delta=0.020000
10.1,REPLAY_SENT,nonce=10000000000
10.1007,DATA_DROP_REPLAY,rx=1,sender=0,nonce=10000000000
10.1007,DATA_DROP_REPLAY,rx=21,sender=0,nonce=10000000000
10.1007,DATA_DROP_REPLAY,rx=2,sender=0,nonce=10000000000
10.1007,DATA_DROP_REPLAY,rx=11,sender=0,nonce=10000000000
10.1007,DATA_DROP_REPLAY,rx=19,sender=0,nonce=10000000000
10.1007,DATA_DROP_REPLAY,rx=13,sender=0,nonce=10000000000
10.1007,DATA_DROP_REPLAY,rx=10,sender=0,nonce=10000000000
10.1007,DATA_DROP_REPLAY,rx=14,sender=0,nonce=10000000000
10.1007,DATA_DROP_REPLAY,rx=22,sender=0,nonce=10000000000
10.1007,DATA_DROP_REPLAY,rx=3,sender=0,nonce=10000000000
10.1007,DATA_DROP_REPLAY,rx=20,sender=0,nonce=10000000000
10.1007,DATA_DROP_REPLAY,rx=8,sender=0,nonce=10000000000
10.1007,DATA_DROP_REPLAY,rx=16,sender=0,nonce=10000000000
10.1007,DATA_DROP_REPLAY,rx=12,sender=0,nonce=10000000000
10.1007,DATA_DROP_REPLAY,rx=5,sender=0,nonce=10000000000
10.1007,DATA_DROP_REPLAY,rx=15,sender=0,nonce=10000000000
10.1007,DATA_DROP_REPLAY,rx=9,sender=0,nonce=10000000000
10.1007,DATA_DROP_REPLAY,rx=17,sender=0,nonce=10000000000
10.1007,DATA_DROP_REPLAY,rx=4,sender=0,nonce=10000000000
10.1007,DATA_DROP_REPLAY,rx=6,sender=0,nonce=10000000000
10.1007,DATA_DROP_REPLAY,rx=7,sender=0,nonce=10000000000
10.1007,DATA_DROP_REPLAY,rx=18,sender=0,nonce=10000000000
10.1011,DATA_RX_OK,rx=1,sender=0,delay_s=0.001050
10.1011,DATA_RX_OK,rx=21,sender=0,delay_s=0.001050
10.1011,DATA_RX_OK,rx=2,sender=0,delay_s=0.001050
10.1011,DATA_RX_OK,rx=11,sender=0,delay_s=0.001050
10.1011,DATA_RX_OK,rx=19,sender=0,delay_s=0.001050
10.1011,DATA_RX_OK,rx=13,sender=0,delay_s=0.001050
10.1011,DATA_RX_OK,rx=10,sender=0,delay_s=0.001050
10.1011,DATA_RX_OK,rx=14,sender=0,delay_s=0.001050
10.1011,DATA_RX_OK,rx=22,sender=0,delay_s=0.001050
10.1011,DATA_RX_OK,rx=3,sender=0,delay_s=0.001050
10.1011,DATA_RX_OK,rx=20,sender=0,delay_s=0.001050
10.1011,DATA_RX_OK,rx=8,sender=0,delay_s=0.001050
10.1011,DATA_RX_OK,rx=16,sender=0,delay_s=0.001050
10.1011,DATA_RX_OK,rx=12,sender=0,delay_s=0.001050
10.1011,DATA_RX_OK,rx=5,sender=0,delay_s=0.001050
10.1011,DATA_RX_OK,rx=15,sender=0,delay_s=0.001050
10.1011,DATA_RX_OK,rx=9,sender=0,delay_s=0.001050
10.1011,DATA_RX_OK,rx=17,sender=0,delay_s=0.001050
10.1011,DATA_RX_OK,rx=4,sender=0,delay_s=0.001050
10.1011,DATA_RX_OK,rx=6,sender=0,delay_s=0.001050
10.1011,DATA_RX_OK,rx=7,sender=0,delay_s=0.001050
10.1011,DATA_RX_OK,rx=18,sender=0,delay_s=0.001050
10.2007,DATA_RX_OK,rx=1,sender=0,delay_s=0.000662
10.2007,DATA_RX_OK,rx=21,sender=0,delay_s=0.000662
10.2007,DATA_RX_OK,rx=2,sender=0,delay_s=0.000662
10.2007,DATA_RX_OK,rx=11,sender=0,delay_s=0.000662
10.2007,DATA_RX_OK,rx=19,sender=0,delay_s=0.000662
10.2007,DATA_RX_OK,rx=10,sender=0,delay_s=0.000662
10.2007,DATA_RX_OK,rx=13,sender=0,delay_s=0.000662
10.2007,DATA_RX_OK,rx=14,sender=0,delay_s=0.000662
10.2007,DATA_RX_OK,rx=22,sender=0,delay_s=0.000662
10.2007,DATA_RX_OK,rx=3,sender=0,delay_s=0.000662
10.2007,DATA_RX_OK,rx=20,sender=0,delay_s=0.000662
10.2007,DATA_RX_OK,rx=8,sender=0,delay_s=0.000662
10.2007,DATA_RX_OK,rx=16,sender=0,delay_s=0.000662
10.2007,DATA_RX_OK,rx=12,sender=0,delay_s=0.000662
10.2007,DATA_RX_OK,rx=5,sender=0,delay_s=0.000662
10.2007,DATA_RX_OK,rx=15,sender=0,delay_s=0.000662
10.2007,DATA_RX_OK,rx=17,sender=0,delay_s=0.000662
10.2007,DATA_RX_OK,rx=9,sender=0,delay_s=0.000662
10.2007,DATA_RX_OK,rx=4,sender=0,delay_s=0.000662
10.2007,DATA_RX_OK,rx=6,sender=0,delay_s=0.000662
10.2007,DATA_RX_OK,rx=7,sender=0,delay_s=0.000662
10.2007,DATA_RX_OK,rx=18,sender=0,delay_s=0.000662
10.3007,DATA_RX_OK,rx=1,sender=0,delay_s=0.000662
10.3007,DATA_RX_OK,rx=21,sender=0,delay_s=0.000662
10.3007,DATA_RX_OK,rx=2,sender=0,delay_s=0.000662
10.3007,DATA_RX_OK,rx=11,sender=0,delay_s=0.000662
10.3007,DATA_RX_OK,rx=19,sender=0,delay_s=0.000662
10.3007,DATA_RX_OK,rx=10,sender=0,delay_s=0.000662
10.3007,DATA_RX_OK,rx=13,sender=0,delay_s=0.000662
10.3007,DATA_RX_OK,rx=22,sender=0,delay_s=0.000662
10.3007,DATA_RX_OK,rx=14,sender=0,delay_s=0.000662
10.3007,DATA_RX_OK,rx=3,sender=0,delay_s=0.000662
10.3007,DATA_RX_OK,rx=20,sender=0,delay_s=0.000662
10.3007,DATA_RX_OK,rx=8,sender=0,delay_s=0.000662
10.3007,DATA_RX_OK,rx=16,sender=0,delay_s=0.000662
10.3007,DATA_RX_OK,rx=5,sender=0,delay_s=0.000662
10.3007,DATA_RX_OK,rx=12,sender=0,delay_s=0.000662
10.3007,DATA_RX_OK,rx=17,sender=0,delay_s=0.000662
10.3007,DATA_RX_OK,rx=15,sender=0,delay_s=0.000662
10.3007,DATA_RX_OK,rx=9,sender=0,delay_s=0.000662
10.3007,DATA_RX_OK,rx=4,sender=0,delay_s=0.000662
10.3007,DATA_RX_OK,rx=6,sender=0,delay_s=0.000662
10.3007,DATA_RX_OK,rx=7,sender=0,delay_s=0.000662
10.3007,DATA_RX_OK,rx=18,sender=0,delay_s=0.000662
10.4,REPLAY_SENT,nonce=10300000000
10.4007,DATA_DROP_REPLAY,rx=21,sender=0,nonce=10300000000
10.4007,DATA_DROP_REPLAY,rx=1,sender=0,nonce=10300000000
10.4007,DATA_DROP_REPLAY,rx=2,sender=0,nonce=10300000000
10.4007,DATA_DROP_REPLAY,rx=19,sender=0,nonce=10300000000
10.4007,DATA_DROP_REPLAY,rx=11,sender=0,nonce=10300000000
10.4007,DATA_DROP_REPLAY,rx=10,sender=0,nonce=10300000000
10.4007,DATA_DROP_REPLAY,rx=13,sender=0,nonce=10300000000
10.4007,DATA_DROP_REPLAY,rx=22,sender=0,nonce=10300000000
10.4007,DATA_DROP_REPLAY,rx=3,sender=0,nonce=10300000000
10.4007,DATA_DROP_REPLAY,rx=14,sender=0,nonce=10300000000
10.4007,DATA_DROP_REPLAY,rx=20,sender=0,nonce=10300000000
10.4007,DATA_DROP_REPLAY,rx=8,sender=0,nonce=10300000000
10.4007,DATA_DROP_REPLAY,rx=5,sender=0,nonce=10300000000
10.4007,DATA_DROP_REPLAY,rx=16,sender=0,nonce=10300000000
10.4007,DATA_DROP_REPLAY,rx=12,sender=0,nonce=10300000000
10.4007,DATA_DROP_REPLAY,rx=17,sender=0,nonce=10300000000
10.4007,DATA_DROP_REPLAY,rx=15,sender=0,nonce=10300000000
10.4007,DATA_DROP_REPLAY,rx=9,sender=0,nonce=10300000000
10.4007,DATA_DROP_REPLAY,rx=7,sender=0,nonce=10300000000
10.4007,DATA_DROP_REPLAY,rx=4,sender=0,nonce=10300000000
10.4007,DATA_DROP_REPLAY,rx=6,sender=0,nonce=10300000000
10.4007,DATA_DROP_REPLAY,rx=18,sender=0,nonce=10300000000
10.4009,DATA_RX_OK,rx=21,sender=0,delay_s=0.000933
10.4009,DATA_RX_OK,rx=1,sender=0,delay_s=0.000933
10.4009,DATA_RX_OK,rx=2,sender=0,delay_s=0.000933
10.4009,DATA_RX_OK,rx=19,sender=0,delay_s=0.000933
10.4009,DATA_RX_OK,rx=11,sender=0,delay_s=0.000933
10.4009,DATA_RX_OK,rx=10,sender=0,delay_s=0.000933
10.4009,DATA_RX_OK,rx=13,sender=0,delay_s=0.000933
10.4009,DATA_RX_OK,rx=22,sender=0,delay_s=0.000933
10.4009,DATA_RX_OK,rx=3,sender=0,delay_s=0.000933
10.4009,DATA_RX_OK,rx=14,sender=0,delay_s=0.000933
10.4009,DATA_RX_OK,rx=20,sender=0,delay_s=0.000933
10.4009,DATA_RX_OK,rx=8,sender=0,delay_s=0.000933
10.4009,DATA_RX_OK,rx=5,sender=0,delay_s=0.000933
10.4009,DATA_RX_OK,rx=16,sender=0,delay_s=0.000933
10.4009,DATA_RX_OK,rx=12,sender=0,delay_s=0.000933
10.4009,DATA_RX_OK,rx=17,sender=0,delay_s=0.000933
10.4009,DATA_RX_OK,rx=15,sender=0,delay_s=0.000933
10.4009,DATA_RX_OK,rx=9,sender=0,delay_s=0.000933
10.4009,DATA_RX_OK,rx=7,sender=0,delay_s=0.000933
10.4009,DATA_RX_OK,rx=4,sender=0,delay_s=0.000933
10.4009,DATA_RX_OK,rx=6,sender=0,delay_s=0.000933
10.4009,DATA_RX_OK,rx=18,sender=0,delay_s=0.000933
10.5,BLOCK_MINE_START,block_next=11
10.5007,DATA_RX_OK,rx=21,sender=0,delay_s=0.000662
10.5007,DATA_RX_OK,rx=1,sender=0,delay_s=0.000662
10.5007,DATA_RX_OK,rx=2,sender=0,delay_s=0.000662
10.5007,DATA_RX_OK,rx=19,sender=0,delay_s=0.000662
10.5007,DATA_RX_OK,rx=10,sender=0,delay_s=0.000662
10.5007,DATA_RX_OK,rx=11,sender=0,delay_s=0.000662
10.5007,DATA_RX_OK,rx=22,sender=0,delay_s=0.000662
10.5007,DATA_RX_OK,rx=3,sender=0,delay_s=0.000662
10.5007,DATA_RX_OK,rx=13,sender=0,delay_s=0.000662
10.5007,DATA_RX_OK,rx=14,sender=0,delay_s=0.000662
10.5007,DATA_RX_OK,rx=20,sender=0,delay_s=0.000662
10.5007,DATA_RX_OK,rx=8,sender=0,delay_s=0.000662
10.5007,DATA_RX_OK,rx=5,sender=0,delay_s=0.000662
10.5007,DATA_RX_OK,rx=16,sender=0,delay_s=0.000662
10.5007,DATA_RX_OK,rx=12,sender=0,delay_s=0.000662
10.5007,DATA_RX_OK,rx=17,sender=0,delay_s=0.000662
10.5007,DATA_RX_OK,rx=15,sender=0,delay_s=0.000662
10.5007,DATA_RX_OK,rx=7,sender=0,delay_s=0.000662
10.5007,DATA_RX_OK,rx=9,sender=0,delay_s=0.000662
10.5007,DATA_RX_OK,rx=6,sender=0,delay_s=0.000662
10.5007,DATA_RX_OK,rx=4,sender=0,delay_s=0.000662
10.5007,DATA_RX_OK,rx=18,sender=0,delay_s=0.000662
10.55,BLOCK_COMMIT_ITEM,accused=0,delta=0.020000,trust=0.780000
10.55,BLOCK_COMMIT_ITEM,accused=16,delta=0.020000,trust=0.760000
10.55,BLOCK_COMMIT_ITEM,accused=13,delta=0.020000,trust=0.780000
10.55,BLOCK_COMMIT_ITEM,accused=0,delta=0.020000,trust=0.800000
10.55,BLOCK_COMMIT_ITEM,accused=12,delta=0.020000,trust=0.710000
10.55,BLOCK_COMMIT_ITEM,accused=19,delta=0.020000,trust=0.820000
10.55,BLOCK_COMMIT_ITEM,accused=18,delta=0.020000,trust=0.730000
10.55,BLOCK_COMMIT_ITEM,accused=6,delta=0.020000,trust=0.770000
10.55,BLOCK_COMMIT_DONE,block=11,items=8,lat_s=0.050000
10.6007,DATA_RX_OK,rx=21,sender=0,delay_s=0.000662
10.6007,DATA_RX_OK,rx=2,sender=0,delay_s=0.000662
10.6007,DATA_RX_OK,rx=1,sender=0,delay_s=0.000662
10.6007,DATA_RX_OK,rx=19,sender=0,delay_s=0.000662
10.6007,DATA_RX_OK,rx=10,sender=0,delay_s=0.000662
10.6007,DATA_RX_OK,rx=11,sender=0,delay_s=0.000662
10.6007,DATA_RX_OK,rx=3,sender=0,delay_s=0.000662
10.6007,DATA_RX_OK,rx=13,sender=0,delay_s=0.000662
10.6007,DATA_RX_OK,rx=22,sender=0,delay_s=0.000662
10.6007,DATA_RX_OK,rx=14,sender=0,delay_s=0.000662
10.6007,DATA_RX_OK,rx=20,sender=0,delay_s=0.000662
10.6007,DATA_RX_OK,rx=5,sender=0,delay_s=0.000662
10.6007,DATA_RX_OK,rx=8,sender=0,delay_s=0.000662
10.6007,DATA_RX_OK,rx=16,sender=0,delay_s=0.000662
10.6007,DATA_RX_OK,rx=12,sender=0,delay_s=0.000662
10.6007,DATA_RX_OK,rx=17,sender=0,delay_s=0.000662
10.6007,DATA_RX_OK,rx=7,sender=0,delay_s=0.000662
10.6007,DATA_RX_OK,rx=15,sender=0,delay_s=0.000662
10.6007,DATA_RX_OK,rx=6,sender=0,delay_s=0.000662
10.6007,DATA_RX_OK,rx=9,sender=0,delay_s=0.000662
10.6007,DATA_RX_OK,rx=4,sender=0,delay_s=0.000662
10.6007,DATA_RX_OK,rx=18,sender=0,delay_s=0.000662
10.7,REPLAY_SENT,nonce=10600000000
10.7007,DATA_DROP_REPLAY,rx=21,sender=0,nonce=10600000000
10.7007,DATA_DROP_REPLAY,rx=2,sender=0,nonce=10600000000
10.7007,DATA_DROP_REPLAY,rx=1,sender=0,nonce=10600000000
10.7007,DATA_DROP_REPLAY,rx=10,sender=0,nonce=10600000000
10.7007,DATA_DROP_REPLAY,rx=19,sender=0,nonce=10600000000
10.7007,DATA_DROP_REPLAY,rx=3,sender=0,nonce=10600000000
10.7007,DATA_DROP_REPLAY,rx=11,sender=0,nonce=10600000000
10.7007,DATA_DROP_REPLAY,rx=13,sender=0,nonce=10600000000
10.7007,DATA_DROP_REPLAY,rx=22,sender=0,nonce=10600000000
10.7007,DATA_DROP_REPLAY,rx=14,sender=0,nonce=10600000000
10.7007,DATA_DROP_REPLAY,rx=5,sender=0,nonce=10600000000
10.7007,DATA_DROP_REPLAY,rx=20,sender=0,nonce=10600000000
10.7007,DATA_DROP_REPLAY,rx=8,sender=0,nonce=10600000000
10.7007,DATA_DROP_REPLAY,rx=16,sender=0,nonce=10600000000
10.7007,DATA_DROP_REPLAY,rx=12,sender=0,nonce=10600000000
10.7007,DATA_DROP_REPLAY,rx=17,sender=0,nonce=10600000000
10.7007,DATA_DROP_REPLAY,rx=7,sender=0,nonce=10600000000
10.7007,DATA_DROP_REPLAY,rx=15,sender=0,nonce=10600000000
10.7007,DATA_DROP_REPLAY,rx=6,sender=0,nonce=10600000000
10.7007,DATA_DROP_REPLAY,rx=9,sender=0,nonce=10600000000
10.7007,DATA_DROP_REPLAY,rx=4,sender=0,nonce=10600000000
10.7007,DATA_DROP_REPLAY,rx=18,sender=0,nonce=10600000000
10.701,DATA_RX_OK,rx=21,sender=0,delay_s=0.001005
10.701,DATA_RX_OK,rx=2,sender=0,delay_s=0.001005
10.701,DATA_RX_OK,rx=1,sender=0,delay_s=0.001005
10.701,DATA_RX_OK,rx=10,sender=0,delay_s=0.001005
10.701,DATA_RX_OK,rx=19,sender=0,delay_s=0.001005
10.701,DATA_RX_OK,rx=3,sender=0,delay_s=0.001005
10.701,DATA_RX_OK,rx=11,sender=0,delay_s=0.001005
10.701,DATA_RX_OK,rx=13,sender=0,delay_s=0.001005
10.701,DATA_RX_OK,rx=22,sender=0,delay_s=0.001005
10.701,DATA_RX_OK,rx=14,sender=0,delay_s=0.001005
10.701,DATA_RX_OK,rx=5,sender=0,delay_s=0.001005
10.701,DATA_RX_OK,rx=20,sender=0,delay_s=0.001005
10.701,DATA_RX_OK,rx=8,sender=0,delay_s=0.001005
10.701,DATA_RX_OK,rx=16,sender=0,delay_s=0.001005
10.701,DATA_RX_OK,rx=12,sender=0,delay_s=0.001005
10.701,DATA_RX_OK,rx=17,sender=0,delay_s=0.001005
10.701,DATA_RX_OK,rx=7,sender=0,delay_s=0.001005
10.701,DATA_RX_OK,rx=15,sender=0,delay_s=0.001005
10.701,DATA_RX_OK,rx=6,sender=0,delay_s=0.001005
10.701,DATA_RX_OK,rx=9,sender=0,delay_s=0.001005
10.701,DATA_RX_OK,rx=4,sender=0,delay_s=0.001005
10.701,DATA_RX_OK,rx=18,sender=0,delay_s=0.001005
10.8007,DATA_RX_OK,rx=21,sender=0,delay_s=0.000662
10.8007,DATA_RX_OK,rx=2,sender=0,delay_s=0.000662
10.8007,DATA_RX_OK,rx=1,sender=0,delay_s=0.000662
10.8007,DATA_RX_OK,rx=10,sender=0,delay_s=0.000662
10.8007,DATA_RX_OK,rx=19,sender=0,delay_s=0.000662
10.8007,DATA_RX_OK,rx=3,sender=0,delay_s=0.000662
10.8007,DATA_RX_OK,rx=13,sender=0,delay_s=0.000662
10.8007,DATA_RX_OK,rx=11,sender=0,delay_s=0.000662
10.8007,DATA_RX_OK,rx=22,sender=0,delay_s=0.000662
10.8007,DATA_RX_OK,rx=14,sender=0,delay_s=0.000662
10.8007,DATA_RX_OK,rx=5,sender=0,delay_s=0.000662
10.8007,DATA_RX_OK,rx=20,sender=0,delay_s=0.000662
10.8007,DATA_RX_OK,rx=16,sender=0,delay_s=0.000662
10.8007,DATA_RX_OK,rx=12,sender=0,delay_s=0.000662
10.8007,DATA_RX_OK,rx=8,sender=0,delay_s=0.000662
10.8007,DATA_RX_OK,rx=17,sender=0,delay_s=0.000662
10.8007,DATA_RX_OK,rx=7,sender=0,delay_s=0.000662
10.8007,DATA_RX_OK,rx=15,sender=0,delay_s=0.000662
10.8007,DATA_RX_OK,rx=6,sender=0,delay_s=0.000662
10.8007,DATA_RX_OK,rx=9,sender=0,delay_s=0.000662
10.8007,DATA_RX_OK,rx=4,sender=0,delay_s=0.000662
10.8007,DATA_RX_OK,rx=18,sender=0,delay_s=0.000662
10.9007,DATA_RX_OK,rx=21,sender=0,delay_s=0.000662
10.9007,DATA_RX_OK,rx=2,sender=0,delay_s=0.000662
10.9007,DATA_RX_OK,rx=1,sender=0,delay_s=0.000662
10.9007,DATA_RX_OK,rx=10,sender=0,delay_s=0.000662
10.9007,DATA_RX_OK,rx=19,sender=0,delay_s=0.000662
10.9007,DATA_RX_OK,rx=3,sender=0,delay_s=0.000662
10.9007,DATA_RX_OK,rx=13,sender=0,delay_s=0.000662
10.9007,DATA_RX_OK,rx=11,sender=0,delay_s=0.000662
10.9007,DATA_RX_OK,rx=22,sender=0,delay_s=0.000662
10.9007,DATA_RX_OK,rx=14,sender=0,delay_s=0.000662
10.9007,DATA_RX_OK,rx=5,sender=0,delay_s=0.000662
10.9007,DATA_RX_OK,rx=20,sender=0,delay_s=0.000662
10.9007,DATA_RX_OK,rx=16,sender=0,delay_s=0.000662
10.9007,DATA_RX_OK,rx=12,sender=0,delay_s=0.000662
10.9007,DATA_RX_OK,rx=8,sender=0,delay_s=0.000662
10.9007,DATA_RX_OK,rx=17,sender=0,delay_s=0.000662
10.9007,DATA_RX_OK,rx=7,sender=0,delay_s=0.000662
10.9007,DATA_RX_OK,rx=15,sender=0,delay_s=0.000662
10.9007,DATA_RX_OK,rx=6,sender=0,delay_s=0.000662
10.9007,DATA_RX_OK,rx=9,sender=0,delay_s=0.000662
10.9007,DATA_RX_OK,rx=4,sender=0,delay_s=0.000662
10.9007,DATA_RX_OK,rx=18,sender=0,delay_s=0.000662
11,REPORT_SENT,by=0,about=7,delta=0.020000
11,REPORT_SENT,by=1,about=16,delta=0.020000
11,REPORT_SENT,by=2,about=0,delta=-0.050000
11,REPORT_SENT,by=3,about=15,delta=0.020000
11,REPORT_SENT,by=4,about=6,delta=0.020000
11,REPORT_SENT,by=5,about=12,delta=0.020000
11,REPORT_SENT,by=6,about=8,delta=0.020000
11,REPORT_SENT,by=7,about=15,delta=0.020000
11,REPORT_SENT,by=8,about=13,delta=0.020000
11,REPORT_SENT,by=9,about=5,delta=0.020000
11,REPORT_SENT,by=10,about=16,delta=0.020000
11,REPORT_SENT,by=11,about=1,delta=0.020000
11,REPORT_SENT,by=12,about=15,delta=0.020000
11,REPORT_SENT,by=13,about=12,delta=0.020000
11,REPORT_SENT,by=14,about=5,delta=0.020000
11,REPORT_SENT,by=15,about=13,delta=0.020000
11,REPORT_SENT,by=16,about=18,delta=0.020000
11,REPORT_SENT,by=17,about=6,delta=-0.050000
11,REPORT_SENT,by=18,about=19,delta=-0.050000
11,REPORT_SENT,by=19,about=2,delta=0.020000
11,REPLAY_SENT,nonce=10900000000
11.0002,REPORT_RX_RSU,rsu=20,by=12,about=15,delta=0.020000
11.0004,REPORT_RX_RSU,rsu=20,by=6,about=8,delta=0.020000
11.0008,REPORT_RX_RSU,rsu=20,by=11,about=1,delta=0.020000
11.0009,DATA_DROP_REPLAY,rx=21,sender=0,nonce=10900000000
11.0009,DATA_DROP_REPLAY,rx=2,sender=0,nonce=10900000000
11.0009,DATA_DROP_REPLAY,rx=1,sender=0,nonce=10900000000
11.0009,DATA_DROP_REPLAY,rx=10,sender=0,nonce=10900000000
11.0009,DATA_DROP_REPLAY,rx=19,sender=0,nonce=10900000000
11.0009,DATA_DROP_REPLAY,rx=3,sender=0,nonce=10900000000
11.0009,DATA_DROP_REPLAY,rx=13,sender=0,nonce=10900000000
11.0009,DATA_DROP_REPLAY,rx=22,sender=0,nonce=10900000000
11.0009,DATA_DROP_REPLAY,rx=11,sender=0,nonce=10900000000
11.0009,DATA_DROP_REPLAY,rx=14,sender=0,nonce=10900000000
11.0009,DATA_DROP_REPLAY,rx=5,sender=0,nonce=10900000000
11.0009,DATA_DROP_REPLAY,rx=20,sender=0,nonce=10900000000
11.0009,DATA_DROP_REPLAY,rx=16,sender=0,nonce=10900000000
11.0009,DATA_DROP_REPLAY,rx=12,sender=0,nonce=10900000000
11.0009,DATA_DROP_REPLAY,rx=8,sender=0,nonce=10900000000
11.0009,DATA_DROP_REPLAY,rx=17,sender=0,nonce=10900000000
11.0009,DATA_DROP_REPLAY,rx=7,sender=0,nonce=10900000000
11.0009,DATA_DROP_REPLAY,rx=15,sender=0,nonce=10900000000
11.0009,DATA_DROP_REPLAY,rx=6,sender=0,nonce=10900000000
11.0009,DATA_DROP_REPLAY,rx=9,sender=0,nonce=10900000000
11.0009,DATA_DROP_REPLAY,rx=4,sender=0,nonce=10900000000
11.0009,DATA_DROP_REPLAY,rx=18,sender=0,nonce=10900000000
11.0012,REPORT_RX_RSU,rsu=20,by=3,about=15,delta=0.020000
11.0013,DATA_RX_OK,rx=21,sender=0,delay_s=0.001335
11.0013,DATA_RX_OK,rx=2,sender=0,delay_s=0.001335
11.0013,DATA_RX_OK,rx=1,sender=0,delay_s=0.001335
11.0013,DATA_RX_OK,rx=10,sender=0,delay_s=0.001335
11.0013,DATA_RX_OK,rx=19,sender=0,delay_s=0.001335
11.0013,DATA_RX_OK,rx=3,sender=0,delay_s=0.001335
11.0013,DATA_RX_OK,rx=13,sender=0,delay_s=0.001335
11.0013,DATA_RX_OK,rx=22,sender=0,delay_s=0.001335
11.0013,DATA_RX_OK,rx=11,sender=0,delay_s=0.001335
11.0013,DATA_RX_OK,rx=14,sender=0,delay_s=0.001335
11.0013,DATA_RX_OK,rx=20,sender=0,delay_s=0.001335
11.0013,DATA_RX_OK,rx=16,sender=0,delay_s=0.001335
11.0013,DATA_RX_OK,rx=12,sender=0,delay_s=0.001335
11.0014,REPORT_RX_RSU,rsu=20,by=16,about=18,delta=0.020000
11.0015,REPORT_RX_RSU,rsu=20,by=18,about=19,delta=-0.050000
11.002,REPORT_RX_RSU,rsu=20,by=2,about=0,delta=-0.050000
11.0023,REPORT_RX_RSU,rsu=20,by=4,about=6,delta=0.020000
11.1007,DATA_RX_OK,rx=2,sender=0,delay_s=0.000662
11.1007,DATA_RX_OK,rx=21,sender=0,delay_s=0.000662
11.1007,DATA_RX_OK,rx=1,sender=0,delay_s=0.000662
11.1007,DATA_RX_OK,rx=10,sender=0,delay_s=0.000662
11.1007,DATA_RX_OK,rx=19,sender=0,delay_s=0.000662
11.1007,DATA_RX_OK,rx=3,sender=0,delay_s=0.000662
11.1007,DATA_RX_OK,rx=13,sender=0,delay_s=0.000662
11.1007,DATA_RX_OK,rx=22,sender=0,delay_s=0.000662
11.1007,DATA_RX_OK,rx=11,sender=0,delay_s=0.000662
11.1007,DATA_RX_OK,rx=14,sender=0,delay_s=0.000662
11.1007,DATA_RX_OK,rx=5,sender=0,delay_s=0.000662
11.1007,DATA_RX_OK,rx=16,sender=0,delay_s=0.000662
11.1007,DATA_RX_OK,rx=20,sender=0,delay_s=0.000662
11.1007,DATA_RX_OK,rx=12,sender=0,delay_s=0.000662
11.1007,DATA_RX_OK,rx=8,sender=0,delay_s=0.000662
11.1007,DATA_RX_OK,rx=17,sender=0,delay_s=0.000662
11.1007,DATA_RX_OK,rx=15,sender=0,delay_s=0.000662
11.1007,DATA_RX_OK,rx=7,sender=0,delay_s=0.000662
11.1007,DATA_RX_OK,rx=6,sender=0,delay_s=0.000662
11.1007,DATA_RX_OK,rx=9,sender=0,delay_s=0.000662
11.1007,DATA_RX_OK,rx=4,sender=0,delay_s=0.000662
11.1007,DATA_RX_OK,rx=18,sender=0,delay_s=0.000662
11.2007,DATA_RX_OK,rx=2,sender=0,delay_s=0.000662
11.2007,DATA_RX_OK,rx=21,sender=0,delay_s=0.000662
11.2007,DATA_RX_OK,rx=1,sender=0,delay_s=0.000662
11.2007,DATA_RX_OK,rx=10,sender=0,delay_s=0.000662
11.2007,DATA_RX_OK,rx=19,sender=0,delay_s=0.000662
11.2007,DATA_RX_OK,rx=3,sender=0,delay_s=0.000662
11.2007,DATA_RX_OK,rx=13,sender=0,delay_s=0.000662
11.2007,DATA_RX_OK,rx=22,sender=0,delay_s=0.000662
11.2007,DATA_RX_OK,rx=11,sender=0,delay_s=0.000662
11.2007,DATA_RX_OK,rx=14,sender=0,delay_s=0.000662
11.2007,DATA_RX_OK,rx=16,sender=0,delay_s=0.000662
11.2007,DATA_RX_OK,rx=5,sender=0,delay_s=0.000662
11.2007,DATA_RX_OK,rx=20,sender=0,delay_s=0.000662
11.2007,DATA_RX_OK,rx=12,sender=0,delay_s=0.000662
11.2007,DATA_RX_OK,rx=8,sender=0,delay_s=0.000662
11.2007,DATA_RX_OK,rx=17,sender=0,delay_s=0.000662
11.2007,DATA_RX_OK,rx=15,sender=0,delay_s=0.000662
11.2007,DATA_RX_OK,rx=6,sender=0,delay_s=0.000662
11.2007,DATA_RX_OK,rx=7,sender=0,delay_s=0.000662
11.2007,DATA_RX_OK,rx=9,sender=0,delay_s=0.000662
11.2007,DATA_RX_OK,rx=4,sender=0,delay_s=0.000662
11.2007,DATA_RX_OK,rx=18,sender=0,delay_s=0.000662
11.3,REPLAY_SENT,nonce=11200000000
11.3007,DATA_DROP_REPLAY,rx=2,sender=0,nonce=11200000000
11.3007,DATA_DROP_REPLAY,rx=21,sender=0,nonce=11200000000
11.3007,DATA_DROP_REPLAY,rx=1,sender=0,nonce=11200000000
11.3007,DATA_DROP_REPLAY,rx=10,sender=0,nonce=11200000000
11.3007,DATA_DROP_REPLAY,rx=19,sender=0,nonce=11200000000
11.3007,DATA_DROP_REPLAY,rx=13,sender=0,nonce=11200000000
11.3007,DATA_DROP_REPLAY,rx=22,sender=0,nonce=11200000000
11.3007,DATA_DROP_REPLAY,rx=3,sender=0,nonce=11200000000
11.3007,DATA_DROP_REPLAY,rx=11,sender=0,nonce=11200000000
11.3007,DATA_DROP_REPLAY,rx=14,sender=0,nonce=11200000000
11.3007,DATA_DROP_REPLAY,rx=16,sender=0,nonce=11200000000
11.3007,DATA_DROP_REPLAY,rx=20,sender=0,nonce=11200000000
11.3007,DATA_DROP_REPLAY,rx=5,sender=0,nonce=11200000000
11.3007,DATA_DROP_REPLAY,rx=12,sender=0,nonce=11200000000
11.3007,DATA_DROP_REPLAY,rx=8,sender=0,nonce=11200000000
11.3007,DATA_DROP_REPLAY,rx=17,sender=0,nonce=11200000000
11.3007,DATA_DROP_REPLAY,rx=15,sender=0,nonce=11200000000
11.3007,DATA_DROP_REPLAY,rx=6,sender=0,nonce=11200000000
11.3007,DATA_DROP_REPLAY,rx=9,sender=0,nonce=11200000000
11.3007,DATA_DROP_REPLAY,rx=7,sender=0,nonce=11200000000
11.3007,DATA_DROP_REPLAY,rx=4,sender=0,nonce=11200000000
11.3007,DATA_DROP_REPLAY,rx=18,sender=0,nonce=11200000000
11.3011,DATA_RX_OK,rx=2,sender=0,delay_s=0.001059
11.3011,DATA_RX_OK,rx=21,sender=0,delay_s=0.001059
11.3011,DATA_RX_OK,rx=1,sender=0,delay_s=0.001059
11.3011,DATA_RX_OK,rx=10,sender=0,delay_s=0.001059
11.3011,DATA_RX_OK,rx=19,sender=0,delay_s=0.001059
11.3011,DATA_RX_OK,rx=13,sender=0,delay_s=0.001059
11.3011,DATA_RX_OK,rx=22,sender=0,delay_s=0.001059
11.3011,DATA_RX_OK,rx=3,sender=0,delay_s=0.001059
11.3011,DATA_RX_OK,rx=11,sender=0,delay_s=0.001059
11.3011,DATA_RX_OK,rx=14,sender=0,delay_s=0.001059
11.3011,DATA_RX_OK,rx=16,sender=0,delay_s=0.001059
11.3011,DATA_RX_OK,rx=20,sender=0,delay_s=0.001059
11.3011,DATA_RX_OK,rx=5,sender=0,delay_s=0.001059
11.3011,DATA_RX_OK,rx=12,sender=0,delay_s=0.001059
11.3011,DATA_RX_OK,rx=8,sender=0,delay_s=0.001059
11.3011,DATA_RX_OK,rx=17,sender=0,delay_s=0.001059
11.3011,DATA_RX_OK,rx=15,sender=0,delay_s=0.001059
11.3011,DATA_RX_OK,rx=6,sender=0,delay_s=0.001059
11.3011,DATA_RX_OK,rx=9,sender=0,delay_s=0.001059
11.3011,DATA_RX_OK,rx=7,sender=0,delay_s=0.001059
11.3011,DATA_RX_OK,rx=4,sender=0,delay_s=0.001059
11.3011,DATA_RX_OK,rx=18,sender=0,delay_s=0.001059
11.4007,DATA_RX_OK,rx=2,sender=0,delay_s=0.000662
11.4007,DATA_RX_OK,rx=21,sender=0,delay_s=0.000662
11.4007,DATA_RX_OK,rx=1,sender=0,delay_s=0.000662
11.4007,DATA_RX_OK,rx=10,sender=0,delay_s=0.000662
11.4007,DATA_RX_OK,rx=19,sender=0,delay_s=0.000662
11.4007,DATA_RX_OK,rx=13,sender=0,delay_s=0.000662
11.4007,DATA_RX_OK,rx=22,sender=0,delay_s=0.000662
11.4007,DATA_RX_OK,rx=3,sender=0,delay_s=0.000662
11.4007,DATA_RX_OK,rx=11,sender=0,delay_s=0.000662
11.4007,DATA_RX_OK,rx=14,sender=0,delay_s=0.000662
11.4007,DATA_RX_OK,rx=16,sender=0,delay_s=0.000662
11.4007,DATA_RX_OK,rx=20,sender=0,delay_s=0.000662
11.4007,DATA_RX_OK,rx=5,sender=0,delay_s=0.000662
11.4007,DATA_RX_OK,rx=12,sender=0,delay_s=0.000662
11.4007,DATA_RX_OK,rx=8,sender=0,delay_s=0.000662
11.4007,DATA_RX_OK,rx=17,sender=0,delay_s=0.000662
11.4007,DATA_RX_OK,rx=15,sender=0,delay_s=0.000662
11.4007,DATA_RX_OK,rx=6,sender=0,delay_s=0.000662
11.4007,DATA_RX_OK,rx=9,sender=0,delay_s=0.000662
11.4007,DATA_RX_OK,rx=7,sender=0,delay_s=0.000662
11.4007,DATA_RX_OK,rx=18,sender=0,delay_s=0.000662
11.4007,DATA_RX_OK,rx=4,sender=0,delay_s=0.000662
11.5007,DATA_RX_OK,rx=2,sender=0,delay_s=0.000662
11.5007,DATA_RX_OK,rx=21,sender=0,delay_s=0.000662
11.5007,DATA_RX_OK,rx=1,sender=0,delay_s=0.000662
11.5007,DATA_RX_OK,rx=10,sender=0,delay_s=0.000662
11.5007,DATA_RX_OK,rx=19,sender=0,delay_s=0.000662
11.5007,DATA_RX_OK,rx=13,sender=0,delay_s=0.000662
11.5007,DATA_RX_OK,rx=22,sender=0,delay_s=0.000662
11.5007,DATA_RX_OK,rx=16,sender=0,delay_s=0.000662
11.5007,DATA_RX_OK,rx=3,sender=0,delay_s=0.000662
11.5007,DATA_RX_OK,rx=11,sender=0,delay_s=0.000662
11.5007,DATA_RX_OK,rx=14,sender=0,delay_s=0.000662
11.5007,DATA_RX_OK,rx=20,sender=0,delay_s=0.000662
11.5007,DATA_RX_OK,rx=5,sender=0,delay_s=0.000662
11.5007,DATA_RX_OK,rx=12,sender=0,delay_s=0.000662
11.5007,DATA_RX_OK,rx=8,sender=0,delay_s=0.000662
11.5007,DATA_RX_OK,rx=17,sender=0,delay_s=0.000662
11.5007,DATA_RX_OK,rx=15,sender=0,delay_s=0.000662
11.5007,DATA_RX_OK,rx=9,sender=0,delay_s=0.000662
11.5007,DATA_RX_OK,rx=6,sender=0,delay_s=0.000662
11.5007,DATA_RX_OK,rx=7,sender=0,delay_s=0.000662
11.5007,DATA_RX_OK,rx=4,sender=0,delay_s=0.000662
11.5007,DATA_RX_OK,rx=18,sender=0,delay_s=0.000662
11.55,BLOCK_MINE_START,block_next=12
11.6,REPLAY_SENT,nonce=11500000000
11.6,BLOCK_COMMIT_ITEM,accused=15,delta=0.020000,trust=0.740000
11.6,BLOCK_COMMIT_ITEM,accused=8,delta=0.020000,trust=0.770000
11.6,BLOCK_COMMIT_ITEM,accused=1,delta=0.020000,trust=0.780000
11.6,BLOCK_COMMIT_ITEM,accused=15,delta=0.020000,trust=0.760000
11.6,BLOCK_COMMIT_ITEM,accused=18,delta=0.020000,trust=0.750000
11.6,BLOCK_COMMIT_ITEM,accused=19,delta=-0.050000,trust=0.770000
11.6,BLOCK_COMMIT_ITEM,accused=0,delta=-0.050000,trust=0.750000
11.6,BLOCK_COMMIT_ITEM,accused=6,delta=0.020000,trust=0.790000
11.6,BLOCK_COMMIT_DONE,block=12,items=8,lat_s=0.050000
11.6007,DATA_DROP_REPLAY,rx=2,sender=0,nonce=11500000000
11.6007,DATA_DROP_REPLAY,rx=21,sender=0,nonce=11500000000
11.6007,DATA_DROP_REPLAY,rx=1,sender=0,nonce=11500000000
11.6007,DATA_DROP_REPLAY,rx=10,sender=0,nonce=11500000000
11.6007,DATA_DROP_REPLAY,rx=19,sender=0,nonce=11500000000
11.6007,DATA_DROP_REPLAY,rx=13,sender=0,nonce=11500000000
11.6007,DATA_DROP_REPLAY,rx=16,sender=0,nonce=11500000000
11.6007,DATA_DROP_REPLAY,rx=22,sender=0,nonce=11500000000
11.6007,DATA_DROP_REPLAY,rx=14,sender=0,nonce=11500000000
11.6007,DATA_DROP_REPLAY,rx=11,sender=0,nonce=11500000000
11.6007,DATA_DROP_REPLAY,rx=3,sender=0,nonce=11500000000
11.6007,DATA_DROP_REPLAY,rx=20,sender=0,nonce=11500000000
11.6007,DATA_DROP_REPLAY,rx=12,sender=0,nonce=11500000000
11.6007,DATA_DROP_REPLAY,rx=5,sender=0,nonce=11500000000
11.6007,DATA_DROP_REPLAY,rx=8,sender=0,nonce=11500000000
11.6007,DATA_DROP_REPLAY,rx=17,sender=0,nonce=11500000000
11.6007,DATA_DROP_REPLAY,rx=15,sender=0,nonce=11500000000
11.6007,DATA_DROP_REPLAY,rx=9,sender=0,nonce=11500000000
11.6007,DATA_DROP_REPLAY,rx=6,sender=0,nonce=11500000000
11.6007,DATA_DROP_REPLAY,rx=7,sender=0,nonce=11500000000
11.6007,DATA_DROP_REPLAY,rx=4,sender=0,nonce=11500000000
11.6007,DATA_DROP_REPLAY,rx=18,sender=0,nonce=11500000000
11.601,DATA_RX_OK,rx=2,sender=0,delay_s=0.000969
11.601,DATA_RX_OK,rx=21,sender=0,delay_s=0.000969
11.601,DATA_RX_OK,rx=1,sender=0,delay_s=0.000969
11.601,DATA_RX_OK,rx=10,sender=0,delay_s=0.000969
11.601,DATA_RX_OK,rx=19,sender=0,delay_s=0.000969
11.601,DATA_RX_OK,rx=13,sender=0,delay_s=0.000969
11.601,DATA_RX_OK,rx=16,sender=0,delay_s=0.000969
11.601,DATA_RX_OK,rx=22,sender=0,delay_s=0.000969
11.601,DATA_RX_OK,rx=14,sender=0,delay_s=0.000969
11.601,DATA_RX_OK,rx=11,sender=0,delay_s=0.000969
11.601,DATA_RX_OK,rx=3,sender=0,delay_s=0.000969
11.601,DATA_RX_OK,rx=20,sender=0,delay_s=0.000969
11.601,DATA_RX_OK,rx=12,sender=0,delay_s=0.000969
11.601,DATA_RX_OK,rx=5,sender=0,delay_s=0.000969
11.601,DATA_RX_OK,rx=8,sender=0,delay_s=0.000969
11.601,DATA_RX_OK,rx=17,sender=0,delay_s=0.000969
11.601,DATA_RX_OK,rx=15,sender=0,delay_s=0.000969
11.601,DATA_RX_OK,rx=9,sender=0,delay_s=0.000969
11.601,DATA_RX_OK,rx=6,sender=0,delay_s=0.000969
11.601,DATA_RX_OK,rx=7,sender=0,delay_s=0.000969
11.601,DATA_RX_OK,rx=4,sender=0,delay_s=0.000969
11.601,DATA_RX_OK,rx=18,sender=0,delay_s=0.000969
11.7007,DATA_RX_OK,rx=2,sender=0,delay_s=0.000662
11.7007,DATA_RX_OK,rx=1,sender=0,delay_s=0.000662
11.7007,DATA_RX_OK,rx=21,sender=0,delay_s=0.000662
11.7007,DATA_RX_OK,rx=10,sender=0,delay_s=0.000662
11.7007,DATA_RX_OK,rx=19,sender=0,delay_s=0.000662
11.7007,DATA_RX_OK,rx=13,sender=0,delay_s=0.000662
11.7007,DATA_RX_OK,rx=16,sender=0,delay_s=0.000662
11.7007,DATA_RX_OK,rx=22,sender=0,delay_s=0.000662
11.7007,DATA_RX_OK,rx=14,sender=0,delay_s=0.000662
11.7007,DATA_RX_OK,rx=11,sender=0,delay_s=0.000662
11.7007,DATA_RX_OK,rx=20,sender=0,delay_s=0.000662
11.7007,DATA_RX_OK,rx=3,sender=0,delay_s=0.000662
11.7007,DATA_RX_OK,rx=12,sender=0,delay_s=0.000662
11.7007,DATA_RX_OK,rx=5,sender=0,delay_s=0.000662
11.7007,DATA_RX_OK,rx=8,sender=0,delay_s=0.000662
11.7007,DATA_RX_OK,rx=17,sender=0,delay_s=0.000662
11.7007,DATA_RX_OK,rx=15,sender=0,delay_s=0.000662
11.7007,DATA_RX_OK,rx=9,sender=0,delay_s=0.000662
11.7007,DATA_RX_OK,rx=6,sender=0,delay_s=0.000662
11.7007,DATA_RX_OK,rx=7,sender=0,delay_s=0.000662
11.7007,DATA_RX_OK,rx=4,sender=0,delay_s=0.000662
11.7007,DATA_RX_OK,rx=18,sender=0,delay_s=0.000662
11.8007,DATA_DROP_SIG,rx=2,sender=0,nonce=11800000000
11.8007,DATA_DROP_SIG,rx=21,sender=0,nonce=11800000000
11.8007,DATA_DROP_SIG,rx=1,sender=0,nonce=11800000000
11.8007,DATA_DROP_SIG,rx=10,sender=0,nonce=11800000000
11.8007,DATA_DROP_SIG,rx=19,sender=0,nonce=11800000000
11.8007,DATA_DROP_SIG,rx=13,sender=0,nonce=11800000000
11.8007,DATA_DROP_SIG,rx=22,sender=0,nonce=11800000000
11.8007,DATA_DROP_SIG,rx=16,sender=0,nonce=11800000000
11.8007,DATA_DROP_SIG,rx=14,sender=0,nonce=11800000000
11.8007,DATA_DROP_SIG,rx=11,sender=0,nonce=11800000000
11.8007,DATA_DROP_SIG,rx=3,sender=0,nonce=11800000000
11.8007,DATA_DROP_SIG,rx=20,sender=0,nonce=11800000000
11.8007,DATA_DROP_SIG,rx=12,sender=0,nonce=11800000000
11.8007,DATA_DROP_SIG,rx=5,sender=0,nonce=11800000000
11.8007,DATA_DROP_SIG,rx=8,sender=0,nonce=11800000000
11.8007,DATA_DROP_SIG,rx=17,sender=0,nonce=11800000000
11.8007,DATA_DROP_SIG,rx=15,sender=0,nonce=11800000000
11.8007,DATA_DROP_SIG,rx=6,sender=0,nonce=11800000000
11.8007,DATA_DROP_SIG,rx=9,sender=0,nonce=11800000000
11.8007,DATA_DROP_SIG,rx=7,sender=0,nonce=11800000000
11.8007,DATA_DROP_SIG,rx=18,sender=0,nonce=11800000000
11.8007,DATA_DROP_SIG,rx=4,sender=0,nonce=11800000000
11.9,REPLAY_SENT,nonce=11800000000
11.9007,DATA_DROP_SIG,rx=2,sender=0,nonce=11800000000
11.9007,DATA_DROP_SIG,rx=21,sender=0,nonce=11800000000
11.9007,DATA_DROP_SIG,rx=1,sender=0,nonce=11800000000
11.9007,DATA_DROP_SIG,rx=19,sender=0,nonce=11800000000
11.9007,DATA_DROP_SIG,rx=10,sender=0,nonce=11800000000
11.9007,DATA_DROP_SIG,rx=13,sender=0,nonce=11800000000
11.9007,DATA_DROP_SIG,rx=22,sender=0,nonce=11800000000
11.9007,DATA_DROP_SIG,rx=16,sender=0,nonce=11800000000
11.9007,DATA_DROP_SIG,rx=14,sender=0,nonce=11800000000
11.9007,DATA_DROP_SIG,rx=3,sender=0,nonce=11800000000
11.9007,DATA_DROP_SIG,rx=11,sender=0,nonce=11800000000
11.9007,DATA_DROP_SIG,rx=20,sender=0,nonce=11800000000
11.9007,DATA_DROP_SIG,rx=5,sender=0,nonce=11800000000
11.9007,DATA_DROP_SIG,rx=12,sender=0,nonce=11800000000
11.9007,DATA_DROP_SIG,rx=8,sender=0,nonce=11800000000
11.9007,DATA_DROP_SIG,rx=17,sender=0,nonce=11800000000
11.9007,DATA_DROP_SIG,rx=15,sender=0,nonce=11800000000
11.9007,DATA_DROP_SIG,rx=6,sender=0,nonce=11800000000
11.9007,DATA_DROP_SIG,rx=9,sender=0,nonce=11800000000
11.9007,DATA_DROP_SIG,rx=7,sender=0,nonce=11800000000
11.9007,DATA_DROP_SIG,rx=18,sender=0,nonce=11800000000
11.9007,DATA_DROP_SIG,rx=4,sender=0,nonce=11800000000
11.9009,DATA_RX_OK,rx=2,sender=0,delay_s=0.000933
11.9009,DATA_RX_OK,rx=21,sender=0,delay_s=0.000933
11.9009,DATA_RX_OK,rx=1,sender=0,delay_s=0.000933
11.9009,DATA_RX_OK,rx=19,sender=0,delay_s=0.000933
11.9009,DATA_RX_OK,rx=10,sender=0,delay_s=0.000933
11.9009,DATA_RX_OK,rx=13,sender=0,delay_s=0.000933
11.9009,DATA_RX_OK,rx=22,sender=0,delay_s=0.000933
11.9009,DATA_RX_OK,rx=16,sender=0,delay_s=0.000933
11.9009,DATA_RX_OK,rx=14,sender=0,delay_s=0.000933
11.9009,DATA_RX_OK,rx=3,sender=0,delay_s=0.000933
11.9009,DATA_RX_OK,rx=11,sender=0,delay_s=0.000933
11.9009,DATA_RX_OK,rx=20,sender=0,delay_s=0.000933
11.9009,DATA_RX_OK,rx=5,sender=0,delay_s=0.000933
11.9009,DATA_RX_OK,rx=12,sender=0,delay_s=0.000933
11.9009,DATA_RX_OK,rx=8,sender=0,delay_s=0.000933
11.9009,DATA_RX_OK,rx=17,sender=0,delay_s=0.000933
11.9009,DATA_RX_OK,rx=15,sender=0,delay_s=0.000933
11.9009,DATA_RX_OK,rx=6,sender=0,delay_s=0.000933
11.9009,DATA_RX_OK,rx=9,sender=0,delay_s=0.000933
11.9009,DATA_RX_OK,rx=7,sender=0,delay_s=0.000933
11.9009,DATA_RX_OK,rx=18,sender=0,delay_s=0.000933
11.9009,DATA_RX_OK,rx=4,sender=0,delay_s=0.000933
12,REPORT_SENT,by=0,about=11,delta=-0.050000
12,REPORT_SENT,by=1,about=12,delta=0.020000
12,REPORT_SENT,by=2,about=15,delta=0.020000
12,REPORT_SENT,by=3,about=7,delta=0.020000
12,REPORT_SENT,by=4,about=19,delta=0.020000
12,REPORT_SENT,by=5,about=4,delta=0.020000
12,REPORT_SENT,by=6,about=16,delta=-0.050000
12,REPORT_SENT,by=7,about=15,delta=-0.050000
12,REPORT_SENT,by=8,about=14,delta=0.020000
12,REPORT_SENT,by=9,about=2,delta=0.020000
12,REPORT_SENT,by=10,about=11,delta=0.020000
12,REPORT_SENT,by=11,about=1,delta=0.020000
12,REPORT_SENT,by=12,about=11,delta=0.020000
12,REPORT_SENT,by=13,about=9,delta=0.020000
12,REPORT_SENT,by=14,about=18,delta=0.020000
12,REPORT_SENT,by=15,about=11,delta=0.020000
12,REPORT_SENT,by=16,about=8,delta=0.020000
12,REPORT_SENT,by=17,about=12,delta=0.020000
12,REPORT_SENT,by=18,about=5,delta=0.020000
12,REPORT_SENT,by=19,about=14,delta=0.020000
12.0002,REPORT_RX_RSU,rsu=20,by=18,about=5,delta=0.020000
12.0008,DATA_RX_OK,rx=2,sender=0,delay_s=0.000771
12.0008,DATA_RX_OK,rx=21,sender=0,delay_s=0.000771
12.0008,DATA_RX_OK,rx=19,sender=0,delay_s=0.000771
12.0008,DATA_RX_OK,rx=1,sender=0,delay_s=0.000771
12.0008,DATA_RX_OK,rx=10,sender=0,delay_s=0.000771
12.0008,DATA_RX_OK,rx=13,sender=0,delay_s=0.000771
12.0008,DATA_RX_OK,rx=22,sender=0,delay_s=0.000771
12.0008,DATA_RX_OK,rx=16,sender=0,delay_s=0.000771
12.0008,DATA_RX_OK,rx=14,sender=0,delay_s=0.000771
12.0008,DATA_RX_OK,rx=3,sender=0,delay_s=0.000771
12.0008,DATA_RX_OK,rx=11,sender=0,delay_s=0.000771
12.0008,DATA_RX_OK,rx=20,sender=0,delay_s=0.000771
12.0008,DATA_RX_OK,rx=5,sender=0,delay_s=0.000771
12.0008,DATA_RX_OK,rx=12,sender=0,delay_s=0.000771
12.0008,DATA_RX_OK,rx=17,sender=0,delay_s=0.000771
12.0008,DATA_RX_OK,rx=8,sender=0,delay_s=0.000771
12.0008,DATA_RX_OK,rx=15,sender=0,delay_s=0.000771
12.0008,DATA_RX_OK,rx=6,sender=0,delay_s=0.000771
12.0008,DATA_RX_OK,rx=9,sender=0,delay_s=0.000771
12.0008,DATA_RX_OK,rx=7,sender=0,delay_s=0.000771
12.0008,DATA_RX_OK,rx=18,sender=0,delay_s=0.000771
12.0008,DATA_RX_OK,rx=4,sender=0,delay_s=0.000771
12.0008,REPORT_RX_RSU,rsu=20,by=2,about=15,delta=0.020000
12.001,REPORT_RX_RSU,rsu=20,by=6,about=16,delta=-0.050000
12.0011,REPORT_RX_RSU,rsu=20,by=16,about=8,delta=0.020000
12.0013,REPORT_RX_RSU,rsu=20,by=3,about=7,delta=0.020000
12.0014,REPORT_RX_RSU,rsu=20,by=12,about=11,delta=0.020000
12.0019,REPORT_RX_RSU,rsu=20,by=4,about=19,delta=0.020000
12.0021,REPORT_RX_RSU,rsu=20,by=11,about=1,delta=0.020000
12.1007,DATA_RX_OK,rx=2,sender=0,delay_s=0.000662
12.1007,DATA_RX_OK,rx=21,sender=0,delay_s=0.000662
12.1007,DATA_RX_OK,rx=19,sender=0,delay_s=0.000662
12.1007,DATA_RX_OK,rx=10,sender=0,delay_s=0.000662
12.1007,DATA_RX_OK,rx=1,sender=0,delay_s=0.000662
12.1007,DATA_RX_OK,rx=13,sender=0,delay_s=0.000662
12.1007,DATA_RX_OK,rx=22,sender=0,delay_s=0.000662
12.1007,DATA_RX_OK,rx=14,sender=0,delay_s=0.000662
12.1007,DATA_RX_OK,rx=16,sender=0,delay_s=0.000662
12.1007,DATA_RX_OK,rx=3,sender=0,delay_s=0.000662
12.1007,DATA_RX_OK,rx=11,sender=0,delay_s=0.000662
12.1007,DATA_RX_OK,rx=5,sender=0,delay_s=0.000662
12.1007,DATA_RX_OK,rx=20,sender=0,delay_s=0.000662
12.1007,DATA_RX_OK,rx=12,sender=0,delay_s=0.000662
12.1007,DATA_RX_OK,rx=17,sender=0,delay_s=0.000662
12.1007,DATA_RX_OK,rx=8,sender=0,delay_s=0.000662
12.1007,DATA_RX_OK,rx=15,sender=0,delay_s=0.000662
12.1007,DATA_RX_OK,rx=6,sender=0,delay_s=0.000662
12.1007,DATA_RX_OK,rx=7,sender=0,delay_s=0.000662
12.1007,DATA_RX_OK,rx=9,sender=0,delay_s=0.000662
12.1007,DATA_RX_OK,rx=18,sender=0,delay_s=0.000662
12.1007,DATA_RX_OK,rx=4,sender=0,delay_s=0.000662
12.2,REPLAY_SENT,nonce=12100000000
12.2007,DATA_DROP_REPLAY,rx=2,sender=0,nonce=12100000000
12.2007,DATA_DROP_REPLAY,rx=21,sender=0,nonce=12100000000
12.2007,DATA_DROP_REPLAY,rx=19,sender=0,nonce=12100000000
12.2007,DATA_DROP_REPLAY,rx=10,sender=0,nonce=12100000000
12.2007,DATA_DROP_REPLAY,rx=1,sender=0,nonce=12100000000
12.2007,DATA_DROP_REPLAY,rx=13,sender=0,nonce=12100000000
12.2007,DATA_DROP_REPLAY,rx=22,sender=0,nonce=12100000000
12.2007,DATA_DROP_REPLAY,rx=14,sender=0,nonce=12100000000
12.2007,DATA_DROP_REPLAY,rx=5,sender=0,nonce=12100000000
12.2007,DATA_DROP_REPLAY,rx=16,sender=0,nonce=12100000000
12.2007,DATA_DROP_REPLAY,rx=3,sender=0,nonce=12100000000
12.2007,DATA_DROP_REPLAY,rx=11,sender=0,nonce=12100000000
12.2007,DATA_DROP_REPLAY,rx=12,sender=0,nonce=12100000000
12.2007,DATA_DROP_REPLAY,rx=20,sender=0,nonce=12100000000
12.2007,DATA_DROP_REPLAY,rx=17,sender=0,nonce=12100000000
12.2007,DATA_DROP_REPLAY,rx=8,sender=0,nonce=12100000000
12.2007,DATA_DROP_REPLAY,rx=6,sender=0,nonce=12100000000
12.2007,DATA_DROP_REPLAY,rx=15,sender=0,nonce=12100000000
12.2007,DATA_DROP_REPLAY,rx=7,sender=0,nonce=12100000000
12.2007,DATA_DROP_REPLAY,rx=18,sender=0,nonce=12100000000
12.2007,DATA_DROP_REPLAY,rx=9,sender=0,nonce=12100000000
12.2007,DATA_DROP_REPLAY,rx=4,sender=0,nonce=12100000000
12.201,DATA_RX_OK,rx=2,sender=0,delay_s=0.000960
12.201,DATA_RX_OK,rx=21,sender=0,delay_s=0.000960
12.201,DATA_RX_OK,rx=19,sender=0,delay_s=0.000960
12.201,DATA_RX_OK,rx=10,sender=0,delay_s=0.000960
12.201,DATA_RX_OK,rx=1,sender=0,delay_s=0.000960
12.201,DATA_RX_OK,rx=13,sender=0,delay_s=0.000960
12.201,DATA_RX_OK,rx=22,sender=0,delay_s=0.000960
12.201,DATA_RX_OK,rx=14,sender=0,delay_s=0.000960
12.201,DATA_RX_OK,rx=5,sender=0,delay_s=0.000960
12.201,DATA_RX_OK,rx=16,sender=0,delay_s=0.000960
12.201,DATA_RX_OK,rx=3,sender=0,delay_s=0.000960
12.201,DATA_RX_OK,rx=11,sender=0,delay_s=0.000960
12.201,DATA_RX_OK,rx=12,sender=0,delay_s=0.000960
12.201,DATA_RX_OK,rx=20,sender=0,delay_s=0.000960
12.201,DATA_RX_OK,rx=17,sender=0,delay_s=0.000960
12.201,DATA_RX_OK,rx=8,sender=0,delay_s=0.000960
12.201,DATA_RX_OK,rx=6,sender=0,delay_s=0.000960
12.201,DATA_RX_OK,rx=15,sender=0,delay_s=0.000960
12.201,DATA_RX_OK,rx=7,sender=0,delay_s=0.000960
12.201,DATA_RX_OK,rx=18,sender=0,delay_s=0.000960
12.201,DATA_RX_OK,rx=9,sender=0,delay_s=0.000960
12.201,DATA_RX_OK,rx=4,sender=0,delay_s=0.000960
12.3007,DATA_RX_OK,rx=2,sender=0,delay_s=0.000662
12.3007,DATA_RX_OK,rx=19,sender=0,delay_s=0.000662
12.3007,DATA_RX_OK,rx=21,sender=0,delay_s=0.000662
12.3007,DATA_RX_OK,rx=10,sender=0,delay_s=0.000662
12.3007,DATA_RX_OK,rx=13,sender=0,delay_s=0.000662
12.3007,DATA_RX_OK,rx=1,sender=0,delay_s=0.000662
12.3007,DATA_RX_OK,rx=22,sender=0,delay_s=0.000662
12.3007,DATA_RX_OK,rx=14,sender=0,delay_s=0.000662
12.3007,DATA_RX_OK,rx=5,sender=0,delay_s=0.000662
12.3007,DATA_RX_OK,rx=3,sender=0,delay_s=0.000662
12.3007,DATA_RX_OK,rx=16,sender=0,delay_s=0.000662
12.3007,DATA_RX_OK,rx=11,sender=0,delay_s=0.000662
12.3007,DATA_RX_OK,rx=12,sender=0,delay_s=0.000662
12.3007,DATA_RX_OK,rx=20,sender=0,delay_s=0.000662
12.3007,DATA_RX_OK,rx=17,sender=0,delay_s=0.000662
12.3007,DATA_RX_OK,rx=8,sender=0,delay_s=0.000662
12.3007,DATA_RX_OK,rx=6,sender=0,delay_s=0.000662
12.3007,DATA_RX_OK,rx=15,sender=0,delay_s=0.000662
12.3007,DATA_RX_OK,rx=18,sender=0,delay_s=0.000662
12.3007,DATA_RX_OK,rx=7,sender=0,delay_s=0.000662
12.3007,DATA_RX_OK,rx=9,sender=0,delay_s=0.000662
12.3007,DATA_RX_OK,rx=4,sender=0,delay_s=0.000662
12.4007,DATA_DROP_SIG,rx=2,sender=0,nonce=12400000000
12.4007,DATA_DROP_SIG,rx=19,sender=0,nonce=12400000000
12.4007,DATA_DROP_SIG,rx=21,sender=0,nonce=12400000000
12.4007,DATA_DROP_SIG,rx=10,sender=0,nonce=12400000000
12.4007,DATA_DROP_SIG,rx=13,sender=0,nonce=12400000000
12.4007,DATA_DROP_SIG,rx=1,sender=0,nonce=12400000000
12.4007,DATA_DROP_SIG,rx=22,sender=0,nonce=12400000000
12.4007,DATA_DROP_SIG,rx=5,sender=0,nonce=12400000000
12.4007,DATA_DROP_SIG,rx=14,sender=0,nonce=12400000000
12.4007,DATA_DROP_SIG,rx=3,sender=0,nonce=12400000000
12.4007,DATA_DROP_SIG,rx=11,sender=0,nonce=12400000000
12.4007,DATA_DROP_SIG,rx=16,sender=0,nonce=12400000000
12.4007,DATA_DROP_SIG,rx=12,sender=0,nonce=12400000000
12.4007,DATA_DROP_SIG,rx=20,sender=0,nonce=12400000000
12.4007,DATA_DROP_SIG,rx=17,sender=0,nonce=12400000000
12.4007,DATA_DROP_SIG,rx=8,sender=0,nonce=12400000000
12.4007,DATA_DROP_SIG,rx=6,sender=0,nonce=12400000000
12.4007,DATA_DROP_SIG,rx=15,sender=0,nonce=12400000000
12.4007,DATA_DROP_SIG,rx=18,sender=0,nonce=12400000000
12.4007,DATA_DROP_SIG,rx=7,sender=0,nonce=12400000000
12.4007,DATA_DROP_SIG,rx=9,sender=0,nonce=12400000000
12.4007,DATA_DROP_SIG,rx=4,sender=0,nonce=12400000000
12.5,REPLAY_SENT,nonce=12400000000
12.5007,DATA_DROP_SIG,rx=2,sender=0,nonce=12400000000
12.5007,DATA_DROP_SIG,rx=19,sender=0,nonce=12400000000
12.5007,DATA_DROP_SIG,rx=21,sender=0,nonce=12400000000
12.5007,DATA_DROP_SIG,rx=10,sender=0,nonce=12400000000
12.5007,DATA_DROP_SIG,rx=13,sender=0,nonce=12400000000
12.5007,DATA_DROP_SIG,rx=1,sender=0,nonce=12400000000
12.5007,DATA_DROP_SIG,rx=22,sender=0,nonce=12400000000
12.5007,DATA_DROP_SIG,rx=5,sender=0,nonce=12400000000
12.5007,DATA_DROP_SIG,rx=14,sender=0,nonce=12400000000
12.5007,DATA_DROP_SIG,rx=3,sender=0,nonce=12400000000
12.5007,DATA_DROP_SIG,rx=11,sender=0,nonce=12400000000
12.5007,DATA_DROP_SIG,rx=12,sender=0,nonce=12400000000
12.5007,DATA_DROP_SIG,rx=16,sender=0,nonce=12400000000
12.5007,DATA_DROP_SIG,rx=20,sender=0,nonce=12400000000
12.5007,DATA_DROP_SIG,rx=17,sender=0,nonce=12400000000
12.5007,DATA_DROP_SIG,rx=8,sender=0,nonce=12400000000
12.5007,DATA_DROP_SIG,rx=6,sender=0,nonce=12400000000
12.5007,DATA_DROP_SIG,rx=15,sender=0,nonce=12400000000
12.5007,DATA_DROP_SIG,rx=18,sender=0,nonce=12400000000
12.5007,DATA_DROP_SIG,rx=7,sender=0,nonce=12400000000
12.5007,DATA_DROP_SIG,rx=9,sender=0,nonce=12400000000
12.5007,DATA_DROP_SIG,rx=4,sender=0,nonce=12400000000
12.501,DATA_RX_OK,rx=2,sender=0,delay_s=0.001014
12.501,DATA_RX_OK,rx=19,sender=0,delay_s=0.001014
12.501,DATA_RX_OK,rx=21,sender=0,delay_s=0.001014
12.501,DATA_RX_OK,rx=10,sender=0,delay_s=0.001014
12.501,DATA_RX_OK,rx=13,sender=0,delay_s=0.001014
12.501,DATA_RX_OK,rx=1,sender=0,delay_s=0.001014
12.501,DATA_RX_OK,rx=22,sender=0,delay_s=0.001014
12.501,DATA_RX_OK,rx=5,sender=0,delay_s=0.001014
12.501,DATA_RX_OK,rx=14,sender=0,delay_s=0.001014
12.501,DATA_RX_OK,rx=3,sender=0,delay_s=0.001014
12.501,DATA_RX_OK,rx=11,sender=0,delay_s=0.001014
12.501,DATA_RX_OK,rx=12,sender=0,delay_s=0.001014
12.501,DATA_RX_OK,rx=16,sender=0,delay_s=0.001014
12.501,DATA_RX_OK,rx=20,sender=0,delay_s=0.001014
12.501,DATA_RX_OK,rx=17,sender=0,delay_s=0.001014
12.501,DATA_RX_OK,rx=8,sender=0,delay_s=0.001014
12.501,DATA_RX_OK,rx=6,sender=0,delay_s=0.001014
12.501,DATA_RX_OK,rx=15,sender=0,delay_s=0.001014
12.501,DATA_RX_OK,rx=18,sender=0,delay_s=0.001014
12.501,DATA_RX_OK,rx=7,sender=0,delay_s=0.001014
12.501,DATA_RX_OK,rx=9,sender=0,delay_s=0.001014
12.501,DATA_RX_OK,rx=4,sender=0,delay_s=0.001014
12.6,BLOCK_MINE_START,block_next=13
12.6007,DATA_RX_OK,rx=2,sender=0,delay_s=0.000662
12.6007,DATA_RX_OK,rx=19,sender=0,delay_s=0.000662
12.6007,DATA_RX_OK,rx=21,sender=0,delay_s=0.000662
12.6007,DATA_RX_OK,rx=10,sender=0,delay_s=0.000662
12.6007,DATA_RX_OK,rx=13,sender=0,delay_s=0.000662
12.6007,DATA_RX_OK,rx=1,sender=0,delay_s=0.000662
12.6007,DATA_RX_OK,rx=22,sender=0,delay_s=0.000662
12.6007,DATA_RX_OK,rx=5,sender=0,delay_s=0.000662
12.6007,DATA_RX_OK,rx=14,sender=0,delay_s=0.000662
12.6007,DATA_RX_OK,rx=3,sender=0,delay_s=0.000662
12.6007,DATA_RX_OK,rx=11,sender=0,delay_s=0.000662
12.6007,DATA_RX_OK,rx=16,sender=0,delay_s=0.000662
12.6007,DATA_RX_OK,rx=12,sender=0,delay_s=0.000662
12.6007,DATA_RX_OK,rx=20,sender=0,delay_s=0.000662
12.6007,DATA_RX_OK,rx=17,sender=0,delay_s=0.000662
12.6007,DATA_RX_OK,rx=8,sender=0,delay_s=0.000662
12.6007,DATA_RX_OK,rx=6,sender=0,delay_s=0.000662
12.6007,DATA_RX_OK,rx=15,sender=0,delay_s=0.000662
12.6007,DATA_RX_OK,rx=18,sender=0,delay_s=0.000662
12.6007,DATA_RX_OK,rx=7,sender=0,delay_s=0.000662
12.6007,DATA_RX_OK,rx=9,sender=0,delay_s=0.000662
12.6007,DATA_RX_OK,rx=4,sender=0,delay_s=0.000662
12.65,BLOCK_COMMIT_ITEM,accused=5,delta=0.020000,trust=0.730000
12.65,BLOCK_COMMIT_ITEM,accused=15,delta=0.020000,trust=0.780000
12.65,BLOCK_COMMIT_ITEM,accused=16,delta=-0.050000,trust=0.710000
12.65,BLOCK_COMMIT_ITEM,accused=8,delta=0.020000,trust=0.790000
12.65,BLOCK_COMMIT_ITEM,accused=7,delta=0.020000,trust=0.690000
12.65,BLOCK_COMMIT_ITEM,accused=11,delta=0.020000,trust=0.620000
12.65,BLOCK_COMMIT_ITEM,accused=19,delta=0.020000,trust=0.790000
12.65,BLOCK_COMMIT_ITEM,accused=1,delta=0.020000,trust=0.800000
12.65,BLOCK_COMMIT_DONE,block=13,items=8,lat_s=0.050000
12.7007,DATA_RX_OK,rx=2,sender=0,delay_s=0.000662
12.7007,DATA_RX_OK,rx=21,sender=0,delay_s=0.000662
12.7007,DATA_RX_OK,rx=19,sender=0,delay_s=0.000662
12.7007,DATA_RX_OK,rx=10,sender=0,delay_s=0.000662
12.7007,DATA_RX_OK,rx=13,sender=0,delay_s=0.000662
12.7007,DATA_RX_OK,rx=1,sender=0,delay_s=0.000662
12.7007,DATA_RX_OK,rx=22,sender=0,delay_s=0.000662
12.7007,DATA_RX_OK,rx=5,sender=0,delay_s=0.000662
12.7007,DATA_RX_OK,rx=14,sender=0,delay_s=0.000662
12.7007,DATA_RX_OK,rx=3,sender=0,delay_s=0.000662
12.7007,DATA_RX_OK,rx=16,sender=0,delay_s=0.000662
12.7007,DATA_RX_OK,rx=11,sender=0,delay_s=0.000662
12.7007,DATA_RX_OK,rx=12,sender=0,delay_s=0.000662
12.7007,DATA_RX_OK,rx=20,sender=0,delay_s=0.000662
12.7007,DATA_RX_OK,rx=17,sender=0,delay_s=0.000662
12.7007,DATA_RX_OK,rx=8,sender=0,delay_s=0.000662
12.7007,DATA_RX_OK,rx=6,sender=0,delay_s=0.000662
12.7007,DATA_RX_OK,rx=15,sender=0,delay_s=0.000662
12.7007,DATA_RX_OK,rx=18,sender=0,delay_s=0.000662
12.7007,DATA_RX_OK,rx=7,sender=0,delay_s=0.000662
12.7007,DATA_RX_OK,rx=9,sender=0,delay_s=0.000662
12.7007,DATA_RX_OK,rx=4,sender=0,delay_s=0.000662
12.8,REPLAY_SENT,nonce=12700000000
12.8007,DATA_DROP_REPLAY,rx=2,sender=0,nonce=12700000000
12.8007,DATA_DROP_REPLAY,rx=21,sender=0,nonce=12700000000
12.8007,DATA_DROP_REPLAY,rx=19,sender=0,nonce=12700000000
12.8007,DATA_DROP_REPLAY,rx=10,sender=0,nonce=12700000000
12.8007,DATA_DROP_REPLAY,rx=13,sender=0,nonce=12700000000
12.8007,DATA_DROP_REPLAY,rx=1,sender=0,nonce=12700000000
12.8007,DATA_DROP_REPLAY,rx=5,sender=0,nonce=12700000000
12.8007,DATA_DROP_REPLAY,rx=22,sender=0,nonce=12700000000
12.8007,DATA_DROP_REPLAY,rx=14,sender=0,nonce=12700000000
12.8007,DATA_DROP_REPLAY,rx=3,sender=0,nonce=12700000000
12.8007,DATA_DROP_REPLAY,rx=16,sender=0,nonce=12700000000
12.8007,DATA_DROP_REPLAY,rx=11,sender=0,nonce=12700000000
12.8007,DATA_DROP_REPLAY,rx=12,sender=0,nonce=12700000000
12.8007,DATA_DROP_REPLAY,rx=17,sender=0,nonce=12700000000
12.8007,DATA_DROP_REPLAY,rx=20,sender=0,nonce=12700000000
12.8007,DATA_DROP_REPLAY,rx=8,sender=0,nonce=12700000000
12.8007,DATA_DROP_REPLAY,rx=6,sender=0,nonce=12700000000
12.8007,DATA_DROP_REPLAY,rx=15,sender=0,nonce=12700000000
12.8007,DATA_DROP_REPLAY,rx=7,sender=0,nonce=12700000000
12.8007,DATA_DROP_REPLAY,rx=18,sender=0,nonce=12700000000
12.8007,DATA_DROP_REPLAY,rx=9,sender=0,nonce=12700000000
12.8007,DATA_DROP_REPLAY,rx=4,sender=0,nonce=12700000000
12.801,DATA_RX_OK,rx=2,sender=0,delay_s=0.001023
12.801,DATA_RX_OK,rx=21,sender=0,delay_s=0.001023
12.801,DATA_RX_OK,rx=19,sender=0,delay_s=0.001023
12.801,DATA_RX_OK,rx=10,sender=0,delay_s=0.001023
12.801,DATA_RX_OK,rx=13,sender=0,delay_s=0.001023
12.801,DATA_RX_OK,rx=1,sender=0,delay_s=0.001023
12.801,DATA_RX_OK,rx=5,sender=0,delay_s=0.001023
12.801,DATA_RX_OK,rx=22,sender=0,delay_s=0.001023
12.801,DATA_RX_OK,rx=14,sender=0,delay_s=0.001023
12.801,DATA_RX_OK,rx=3,sender=0,delay_s=0.001023
12.801,DATA_RX_OK,rx=16,sender=0,delay_s=0.001023
12.801,DATA_RX_OK,rx=11,sender=0,delay_s=0.001023
12.801,DATA_RX_OK,rx=12,sender=0,delay_s=0.001023
12.801,DATA_RX_OK,rx=17,sender=0,delay_s=0.001023
12.801,DATA_RX_OK,rx=20,sender=0,delay_s=0.001023
12.801,DATA_RX_OK,rx=8,sender=0,delay_s=0.001023
12.801,DATA_RX_OK,rx=6,sender=0,delay_s=0.001023
12.801,DATA_RX_OK,rx=15,sender=0,delay_s=0.001023
12.801,DATA_RX_OK,rx=7,sender=0,delay_s=0.001023
12.801,DATA_RX_OK,rx=18,sender=0,delay_s=0.001023
12.801,DATA_RX_OK,rx=9,sender=0,delay_s=0.001023
12.801,DATA_RX_OK,rx=4,sender=0,delay_s=0.001023
12.9007,DATA_RX_OK,rx=21,sender=0,delay_s=0.000662
12.9007,DATA_RX_OK,rx=2,sender=0,delay_s=0.000662
12.9007,DATA_RX_OK,rx=19,sender=0,delay_s=0.000662
12.9007,DATA_RX_OK,rx=10,sender=0,delay_s=0.000662
12.9007,DATA_RX_OK,rx=13,sender=0,delay_s=0.000662
12.9007,DATA_RX_OK,rx=1,sender=0,delay_s=0.000662
12.9007,DATA_RX_OK,rx=5,sender=0,delay_s=0.000662
12.9007,DATA_RX_OK,rx=22,sender=0,delay_s=0.000662
12.9007,DATA_RX_OK,rx=14,sender=0,delay_s=0.000662
12.9007,DATA_RX_OK,rx=16,sender=0,delay_s=0.000662
12.9007,DATA_RX_OK,rx=3,sender=0,delay_s=0.000662
12.9007,DATA_RX_OK,rx=11,sender=0,delay_s=0.000662
12.9007,DATA_RX_OK,rx=17,sender=0,delay_s=0.000662
12.9007,DATA_RX_OK,rx=12,sender=0,delay_s=0.000662
12.9007,DATA_RX_OK,rx=20,sender=0,delay_s=0.000662
12.9007,DATA_RX_OK,rx=8,sender=0,delay_s=0.000662
12.9007,DATA_RX_OK,rx=6,sender=0,delay_s=0.000662
12.9007,DATA_RX_OK,rx=15,sender=0,delay_s=0.000662
12.9007,DATA_RX_OK,rx=7,sender=0,delay_s=0.000662
12.9007,DATA_RX_OK,rx=18,sender=0,delay_s=0.000662
12.9007,DATA_RX_OK,rx=9,sender=0,delay_s=0.000662
12.9007,DATA_RX_OK,rx=4,sender=0,delay_s=0.000662
13,REPORT_SENT,by=0,about=5,delta=0.020000
13,REPORT_SENT,by=1,about=2,delta=0.020000
13,REPORT_SENT,by=2,about=15,delta=0.020000
13,REPORT_SENT,by=3,about=11,delta=0.020000
13,REPORT_SENT,by=4,about=2,delta=0.020000
13,REPORT_SENT,by=5,about=19,delta=0.020000
13,REPORT_SENT,by=6,about=14,delta=0.020000
13,REPORT_SENT,by=7,about=16,delta=0.020000
13,REPORT_SENT,by=8,about=6,delta=0.020000
13,REPORT_SENT,by=9,about=18,delta=0.020000
13,REPORT_SENT,by=10,about=18,delta=0.020000
13,REPORT_SENT,by=11,about=12,delta=0.020000
13,REPORT_SENT,by=12,about=0,delta=0.020000
13,REPORT_SENT,by=13,about=16,delta=0.020000
13,REPORT_SENT,by=14,about=19,delta=-0.050000
13,REPORT_SENT,by=15,about=5,delta=0.020000
13,REPORT_SENT,by=16,about=1,delta=0.020000
13,REPORT_SENT,by=17,about=14,delta=0.020000
13,REPORT_SENT,by=18,about=1,delta=0.020000
13,REPORT_SENT,by=19,about=9,delta=0.020000
13.0002,REPORT_RX_RSU,rsu=20,by=2,about=15,delta=0.020000
13.0004,REPORT_RX_RSU,rsu=20,by=18,about=1,delta=0.020000
13.0005,REPORT_RX_RSU,rsu=20,by=4,about=2,delta=0.020000
13.0006,REPORT_RX_RSU,rsu=20,by=12,about=0,delta=0.020000
13.001,REPORT_RX_RSU,rsu=20,by=11,about=12,delta=0.020000
13.0011,DATA_RX_OK,rx=21,sender=0,delay_s=0.001146
13.0011,DATA_RX_OK,rx=2,sender=0,delay_s=0.001146
13.0011,DATA_RX_OK,rx=19,sender=0,delay_s=0.001146
13.0011,DATA_RX_OK,rx=10,sender=0,delay_s=0.001146
13.0011,DATA_RX_OK,rx=13,sender=0,delay_s=0.001146
13.0011,DATA_RX_OK,rx=1,sender=0,delay_s=0.001146
13.0011,DATA_RX_OK,rx=5,sender=0,delay_s=0.001146
13.0011,DATA_RX_OK,rx=14,sender=0,delay_s=0.001146
13.0011,DATA_RX_OK,rx=22,sender=0,delay_s=0.001146
13.0011,DATA_RX_OK,rx=16,sender=0,delay_s=0.001146
13.0011,DATA_RX_OK,rx=11,sender=0,delay_s=0.001146
13.0011,DATA_RX_OK,rx=17,sender=0,delay_s=0.001146
13.0011,DATA_RX_OK,rx=3,sender=0,delay_s=0.001146
13.0011,DATA_RX_OK,rx=12,sender=0,delay_s=0.001146
13.0011,DATA_RX_OK,rx=20,sender=0,delay_s=0.001146
13.0011,DATA_RX_OK,rx=8,sender=0,delay_s=0.001146
13.0011,DATA_RX_OK,rx=15,sender=0,delay_s=0.001146
13.0011,DATA_RX_OK,rx=6,sender=0,delay_s=0.001146
13.0011,DATA_RX_OK,rx=7,sender=0,delay_s=0.001146
13.0011,DATA_RX_OK,rx=18,sender=0,delay_s=0.001146
13.0011,DATA_RX_OK,rx=9,sender=0,delay_s=0.001146
13.0011,DATA_RX_OK,rx=4,sender=0,delay_s=0.001146
13.0012,REPORT_RX_RSU,rsu=20,by=3,about=11,delta=0.020000
13.0013,REPORT_RX_RSU,rsu=20,by=16,about=1,delta=0.020000
13.0015,REPORT_RX_RSU,rsu=20,by=6,about=14,delta=0.020000
13.1,REPLAY_SENT,nonce=13000000000
13.1007,DATA_DROP_REPLAY,rx=21,sender=0,nonce=13000000000
13.1007,DATA_DROP_REPLAY,rx=2,sender=0,nonce=13000000000
13.1007,DATA_DROP_REPLAY,rx=19,sender=0,nonce=13000000000
13.1007,DATA_DROP_REPLAY,rx=10,sender=0,nonce=13000000000
13.1007,DATA_DROP_REPLAY,rx=13,sender=0,nonce=13000000000
13.1007,DATA_DROP_REPLAY,rx=1,sender=0,nonce=13000000000
13.1007,DATA_DROP_REPLAY,rx=5,sender=0,nonce=13000000000
13.1007,DATA_DROP_REPLAY,rx=14,sender=0,nonce=13000000000
13.1007,DATA_DROP_REPLAY,rx=16,sender=0,nonce=13000000000
13.1007,DATA_DROP_REPLAY,rx=22,sender=0,nonce=13000000000
13.1007,DATA_DROP_REPLAY,rx=17,sender=0,nonce=13000000000
13.1007,DATA_DROP_REPLAY,rx=11,sender=0,nonce=13000000000
13.1007,DATA_DROP_REPLAY,rx=12,sender=0,nonce=13000000000
13.1007,DATA_DROP_REPLAY,rx=20,sender=0,nonce=13000000000
13.1007,DATA_DROP_REPLAY,rx=3,sender=0,nonce=13000000000
13.1007,DATA_DROP_REPLAY,rx=15,sender=0,nonce=13000000000
13.1007,DATA_DROP_REPLAY,rx=6,sender=0,nonce=13000000000
13.1007,DATA_DROP_REPLAY,rx=8,sender=0,nonce=13000000000
13.1007,DATA_DROP_REPLAY,rx=7,sender=0,nonce=13000000000
13.1007,DATA_DROP_REPLAY,rx=18,sender=0,nonce=13000000000
13.1007,DATA_DROP_REPLAY,rx=9,sender=0,nonce=13000000000
13.1007,DATA_DROP_REPLAY,rx=4,sender=0,nonce=13000000000
13.101,DATA_DROP_SIG,rx=21,sender=0,nonce=13100000000
13.101,DATA_DROP_SIG,rx=2,sender=0,nonce=13100000000
13.101,DATA_DROP_SIG,rx=19,sender=0,nonce=13100000000
13.101,DATA_DROP_SIG,rx=10,sender=0,nonce=13100000000
13.101,DATA_DROP_SIG,rx=13,sender=0,nonce=13100000000
13.101,DATA_DROP_SIG,rx=1,sender=0,nonce=13100000000
13.101,DATA_DROP_SIG,rx=5,sender=0,nonce=13100000000
13.101,DATA_DROP_SIG,rx=14,sender=0,nonce=13100000000
13.101,DATA_DROP_SIG,rx=16,sender=0,nonce=13100000000
13.101,DATA_DROP_SIG,rx=22,sender=0,nonce=13100000000
13.101,DATA_DROP_SIG,rx=17,sender=0,nonce=13100000000
13.101,DATA_DROP_SIG,rx=11,sender=0,nonce=13100000000
13.101,DATA_DROP_SIG,rx=12,sender=0,nonce=13100000000
13.101,DATA_DROP_SIG,rx=20,sender=0,nonce=13100000000
13.101,DATA_DROP_SIG,rx=3,sender=0,nonce=13100000000
13.101,DATA_DROP_SIG,rx=15,sender=0,nonce=13100000000
13.101,DATA_DROP_SIG,rx=6,sender=0,nonce=13100000000
13.101,DATA_DROP_SIG,rx=8,sender=0,nonce=13100000000
13.101,DATA_DROP_SIG,rx=7,sender=0,nonce=13100000000
13.101,DATA_DROP_SIG,rx=18,sender=0,nonce=13100000000
13.101,DATA_DROP_SIG,rx=9,sender=0,nonce=13100000000
13.101,DATA_DROP_SIG,rx=4,sender=0,nonce=13100000000
13.2007,DATA_DROP_SIG,rx=21,sender=0,nonce=13200000000
13.2007,DATA_DROP_SIG,rx=10,sender=0,nonce=13200000000
13.2007,DATA_DROP_SIG,rx=19,sender=0,nonce=13200000000
13.2007,DATA_DROP_SIG,rx=2,sender=0,nonce=13200000000
13.2007,DATA_DROP_SIG,rx=13,sender=0,nonce=13200000000
13.2007,DATA_DROP_SIG,rx=1,sender=0,nonce=13200000000
13.2007,DATA_DROP_SIG,rx=5,sender=0,nonce=13200000000
13.2007,DATA_DROP_SIG,rx=16,sender=0,nonce=13200000000
13.2007,DATA_DROP_SIG,rx=14,sender=0,nonce=13200000000
13.2007,DATA_DROP_SIG,rx=17,sender=0,nonce=13200000000
13.2007,DATA_DROP_SIG,rx=22,sender=0,nonce=13200000000
13.2007,DATA_DROP_SIG,rx=11,sender=0,nonce=13200000000
13.2007,DATA_DROP_SIG,rx=12,sender=0,nonce=13200000000
13.2007,DATA_DROP_SIG,rx=20,sender=0,nonce=13200000000
13.2007,DATA_DROP_SIG,rx=3,sender=0,nonce=13200000000
13.2007,DATA_DROP_SIG,rx=15,sender=0,nonce=13200000000
13.2007,DATA_DROP_SIG,rx=6,sender=0,nonce=13200000000
13.2007,DATA_DROP_SIG,rx=7,sender=0,nonce=13200000000
13.2007,DATA_DROP_SIG,rx=8,sender=0,nonce=13200000000
13.2007,DATA_DROP_SIG,rx=18,sender=0,nonce=13200000000
13.2007,DATA_DROP_SIG,rx=9,sender=0,nonce=13200000000
13.2007,DATA_DROP_SIG,rx=4,sender=0,nonce=13200000000
13.3007,DATA_RX_OK,rx=21,sender=0,delay_s=0.000662
13.3007,DATA_RX_OK,rx=10,sender=0,delay_s=0.000662
13.3007,DATA_RX_OK,rx=19,sender=0,delay_s=0.000662
13.3007,DATA_RX_OK,rx=2,sender=0,delay_s=0.000662
13.3007,DATA_RX_OK,rx=13,sender=0,delay_s=0.000662
13.3007,DATA_RX_OK,rx=1,sender=0,delay_s=0.000662
13.3007,DATA_RX_OK,rx=5,sender=0,delay_s=0.000662
13.3007,DATA_RX_OK,rx=16,sender=0,delay_s=0.000662
13.3007,DATA_RX_OK,rx=14,sender=0,delay_s=0.000662
13.3007,DATA_RX_OK,rx=17,sender=0,delay_s=0.000662
13.3007,DATA_RX_OK,rx=11,sender=0,delay_s=0.000662
13.3007,DATA_RX_OK,rx=20,sender=0,delay_s=0.000662
13.3007,DATA_RX_OK,rx=12,sender=0,delay_s=0.000662
13.3007,DATA_RX_OK,rx=22,sender=0,delay_s=0.000662
13.3007,DATA_RX_OK,rx=3,sender=0,delay_s=0.000662
13.3007,DATA_RX_OK,rx=15,sender=0,delay_s=0.000662
13.3007,DATA_RX_OK,rx=6,sender=0,delay_s=0.000662
13.3007,DATA_RX_OK,rx=7,sender=0,delay_s=0.000662
13.3007,DATA_RX_OK,rx=18,sender=0,delay_s=0.000662
13.3007,DATA_RX_OK,rx=8,sender=0,delay_s=0.000662
13.3007,DATA_RX_OK,rx=9,sender=0,delay_s=0.000662
13.3007,DATA_RX_OK,rx=4,sender=0,delay_s=0.000662
13.4,REPLAY_SENT,nonce=13300000000
13.4007,DATA_DROP_REPLAY,rx=21,sender=0,nonce=13300000000
13.4007,DATA_DROP_REPLAY,rx=10,sender=0,nonce=13300000000
13.4007,DATA_DROP_REPLAY,rx=19,sender=0,nonce=13300000000
13.4007,DATA_DROP_REPLAY,rx=2,sender=0,nonce=13300000000
13.4007,DATA_DROP_REPLAY,rx=13,sender=0,nonce=13300000000
13.4007,DATA_DROP_REPLAY,rx=1,sender=0,nonce=13300000000
13.4007,DATA_DROP_REPLAY,rx=5,sender=0,nonce=13300000000
13.4007,DATA_DROP_REPLAY,rx=16,sender=0,nonce=13300000000
13.4007,DATA_DROP_REPLAY,rx=14,sender=0,nonce=13300000000
13.4007,DATA_DROP_REPLAY,rx=17,sender=0,nonce=13300000000
13.4007,DATA_DROP_REPLAY,rx=11,sender=0,nonce=13300000000
13.4007,DATA_DROP_REPLAY,rx=22,sender=0,nonce=13300000000
13.4007,DATA_DROP_REPLAY,rx=20,sender=0,nonce=13300000000
13.4007,DATA_DROP_REPLAY,rx=12,sender=0,nonce=13300000000
13.4007,DATA_DROP_REPLAY,rx=3,sender=0,nonce=13300000000
13.4007,DATA_DROP_REPLAY,rx=15,sender=0,nonce=13300000000
13.4007,DATA_DROP_REPLAY,rx=6,sender=0,nonce=13300000000
13.4007,DATA_DROP_REPLAY,rx=7,sender=0,nonce=13300000000
13.4007,DATA_DROP_REPLAY,rx=18,sender=0,nonce=13300000000
13.4007,DATA_DROP_REPLAY,rx=8,sender=0,nonce=13300000000
13.4007,DATA_DROP_REPLAY,rx=9,sender=0,nonce=13300000000
13.4007,DATA_DROP_REPLAY,rx=4,sender=0,nonce=13300000000
13.4009,DATA_RX_OK,rx=21,sender=0,delay_s=0.000924
13.4009,DATA_RX_OK,rx=10,sender=0,delay_s=0.000924
13.4009,DATA_RX_OK,rx=19,sender=0,delay_s=0.000924
13.4009,DATA_RX_OK,rx=2,sender=0,delay_s=0.000924
13.4009,DATA_RX_OK,rx=13,sender=0,delay_s=0.000924
13.4009,DATA_RX_OK,rx=1,sender=0,delay_s=0.000924
13.4009,DATA_RX_OK,rx=5,sender=0,delay_s=0.000924
13.4009,DATA_RX_OK,rx=16,sender=0,delay_s=0.000924
13.4009,DATA_RX_OK,rx=14,sender=0,delay_s=0.000924
13.4009,DATA_RX_OK,rx=17,sender=0,delay_s=0.000924
13.4009,DATA_RX_OK,rx=11,sender=0,delay_s=0.000924
13.4009,DATA_RX_OK,rx=22,sender=0,delay_s=0.000924
13.4009,DATA_RX_OK,rx=20,sender=0,delay_s=0.000924
13.4009,DATA_RX_OK,rx=12,sender=0,delay_s=0.000924
13.4009,DATA_RX_OK,rx=3,sender=0,delay_s=0.000924
13.4009,DATA_RX_OK,rx=15,sender=0,delay_s=0.000924
13.4009,DATA_RX_OK,rx=6,sender=0,delay_s=0.000924
13.4009,DATA_RX_OK,rx=7,sender=0,delay_s=0.000924
13.4009,DATA_RX_OK,rx=18,sender=0,delay_s=0.000924
13.4009,DATA_RX_OK,rx=8,sender=0,delay_s=0.000924
13.4009,DATA_RX_OK,rx=9,sender=0,delay_s=0.000924
13.4009,DATA_RX_OK,rx=4,sender=0,delay_s=0.000924
13.5007,DATA_RX_OK,rx=21,sender=0,delay_s=0.000662
13.5007,DATA_RX_OK,rx=10,sender=0,delay_s=0.000662
13.5007,DATA_RX_OK,rx=19,sender=0,delay_s=0.000662
13.5007,DATA_RX_OK,rx=2,sender=0,delay_s=0.000662
13.5007,DATA_RX_OK,rx=13,sender=0,delay_s=0.000662
13.5007,DATA_RX_OK,rx=1,sender=0,delay_s=0.000662
13.5007,DATA_RX_OK,rx=5,sender=0,delay_s=0.000662
13.5007,DATA_RX_OK,rx=14,sender=0,delay_s=0.000662
13.5007,DATA_RX_OK,rx=16,sender=0,delay_s=0.000662
13.5007,DATA_RX_OK,rx=17,sender=0,delay_s=0.000662
13.5007,DATA_RX_OK,rx=22,sender=0,delay_s=0.000662
13.5007,DATA_RX_OK,rx=11,sender=0,delay_s=0.000662
13.5007,DATA_RX_OK,rx=3,sender=0,delay_s=0.000662
13.5007,DATA_RX_OK,rx=20,sender=0,delay_s=0.000662
13.5007,DATA_RX_OK,rx=12,sender=0,delay_s=0.000662
13.5007,DATA_RX_OK,rx=15,sender=0,delay_s=0.000662
13.5007,DATA_RX_OK,rx=6,sender=0,delay_s=0.000662
13.5007,DATA_RX_OK,rx=18,sender=0,delay_s=0.000662
13.5007,DATA_RX_OK,rx=7,sender=0,delay_s=0.000662
13.5007,DATA_RX_OK,rx=8,sender=0,delay_s=0.000662
13.5007,DATA_RX_OK,rx=9,sender=0,delay_s=0.000662
13.5007,DATA_RX_OK,rx=4,sender=0,delay_s=0.000662
13.6007,DATA_RX_OK,rx=21,sender=0,delay_s=0.000662
13.6007,DATA_RX_OK,rx=10,sender=0,delay_s=0.000662
13.6007,DATA_RX_OK,rx=13,sender=0,delay_s=0.000662
13.6007,DATA_RX_OK,rx=19,sender=0,delay_s=0.000662
13.6007,DATA_RX_OK,rx=2,sender=0,delay_s=0.000662
13.6007,DATA_RX_OK,rx=1,sender=0,delay_s=0.000662
13.6007,DATA_RX_OK,rx=5,sender=0,delay_s=0.000662
13.6007,DATA_RX_OK,rx=14,sender=0,delay_s=0.000662
13.6007,DATA_RX_OK,rx=22,sender=0,delay_s=0.000662
13.6007,DATA_RX_OK,rx=3,sender=0,delay_s=0.000662
13.6007,DATA_RX_OK,rx=17,sender=0,delay_s=0.000662
13.6007,DATA_RX_OK,rx=11,sender=0,delay_s=0.000662
13.6007,DATA_RX_OK,rx=16,sender=0,delay_s=0.000662
13.6007,DATA_RX_OK,rx=20,sender=0,delay_s=0.000662
13.6007,DATA_RX_OK,rx=12,sender=0,delay_s=0.000662
13.6007,DATA_RX_OK,rx=15,sender=0,delay_s=0.000662
13.6007,DATA_RX_OK,rx=18,sender=0,delay_s=0.000662
13.6007,DATA_RX_OK,rx=6,sender=0,delay_s=0.000662
13.6007,DATA_RX_OK,rx=7,sender=0,delay_s=0.000662
13.6007,DATA_RX_OK,rx=8,sender=0,delay_s=0.000662
13.6007,DATA_RX_OK,rx=9,sender=0,delay_s=0.000662
13.6007,DATA_RX_OK,rx=4,sender=0,delay_s=0.000662
13.65,BLOCK_MINE_START,block_next=14
13.7,REPLAY_SENT,nonce=13600000000
13.7,BLOCK_COMMIT_ITEM,accused=15,delta=0.020000,trust=0.800000
13.7,BLOCK_COMMIT_ITEM,accused=1,delta=0.020000,trust=0.820000
13.7,BLOCK_COMMIT_ITEM,accused=2,delta=0.020000,trust=0.760000
13.7,BLOCK_COMMIT_ITEM,accused=0,delta=0.020000,trust=0.770000
13.7,BLOCK_COMMIT_ITEM,accused=12,delta=0.020000,trust=0.730000
13.7,BLOCK_COMMIT_ITEM,accused=11,delta=0.020000,trust=0.640000
13.7,BLOCK_COMMIT_ITEM,accused=1,delta=0.020000,trust=0.840000
13.7,BLOCK_COMMIT_ITEM,accused=14,delta=0.020000,trust=0.820000
13.7,BLOCK_COMMIT_DONE,block=14,items=8,lat_s=0.050000
13.7007,DATA_DROP_REPLAY,rx=21,sender=0,nonce=13600000000
13.7007,DATA_DROP_REPLAY,rx=10,sender=0,nonce=13600000000
13.7007,DATA_DROP_REPLAY,rx=13,sender=0,nonce=13600000000
13.7007,DATA_DROP_REPLAY,rx=2,sender=0,nonce=13600000000
13.7007,DATA_DROP_REPLAY,rx=19,sender=0,nonce=13600000000
13.7007,DATA_DROP_REPLAY,rx=1,sender=0,nonce=13600000000
13.7007,DATA_DROP_REPLAY,rx=5,sender=0,nonce=13600000000
13.7007,DATA_DROP_REPLAY,rx=14,sender=0,nonce=13600000000
13.7007,DATA_DROP_REPLAY,rx=22,sender=0,nonce=13600000000
13.7007,DATA_DROP_REPLAY,rx=3,sender=0,nonce=13600000000
13.7007,DATA_DROP_REPLAY,rx=11,sender=0,nonce=13600000000
13.7007,DATA_DROP_REPLAY,rx=17,sender=0,nonce=13600000000
13.7007,DATA_DROP_REPLAY,rx=16,sender=0,nonce=13600000000
13.7007,DATA_DROP_REPLAY,rx=20,sender=0,nonce=13600000000
13.7007,DATA_DROP_REPLAY,rx=12,sender=0,nonce=13600000000
13.7007,DATA_DROP_REPLAY,rx=15,sender=0,nonce=13600000000
13.7007,DATA_DROP_REPLAY,rx=18,sender=0,nonce=13600000000
13.7007,DATA_DROP_REPLAY,rx=6,sender=0,nonce=13600000000
13.7007,DATA_DROP_REPLAY,rx=7,sender=0,nonce=13600000000
13.7007,DATA_DROP_REPLAY,rx=8,sender=0,nonce=13600000000
13.7007,DATA_DROP_REPLAY,rx=9,sender=0,nonce=13600000000
13.7007,DATA_DROP_REPLAY,rx=4,sender=0,nonce=13600000000
13.7009,DATA_RX_OK,rx=21,sender=0,delay_s=0.000933
13.7009,DATA_RX_OK,rx=10,sender=0,delay_s=0.000933
13.7009,DATA_RX_OK,rx=13,sender=0,delay_s=0.000933
13.7009,DATA_RX_OK,rx=2,sender=0,delay_s=0.000933
13.7009,DATA_RX_OK,rx=19,sender=0,delay_s=0.000933
13.7009,DATA_RX_OK,rx=1,sender=0,delay_s=0.000933
13.7009,DATA_RX_OK,rx=5,sender=0,delay_s=0.000933
13.7009,DATA_RX_OK,rx=14,sender=0,delay_s=0.000933
13.7009,DATA_RX_OK,rx=22,sender=0,delay_s=0.000933
13.7009,DATA_RX_OK,rx=3,sender=0,delay_s=0.000933
13.7009,DATA_RX_OK,rx=11,sender=0,delay_s=0.000933
13.7009,DATA_RX_OK,rx=17,sender=0,delay_s=0.000933
13.7009,DATA_RX_OK,rx=16,sender=0,delay_s=0.000933
13.7009,DATA_RX_OK,rx=20,sender=0,delay_s=0.000933
13.7009,DATA_RX_OK,rx=12,sender=0,delay_s=0.000933
13.7009,DATA_RX_OK,rx=15,sender=0,delay_s=0.000933
13.7009,DATA_RX_OK,rx=18,sender=0,delay_s=0.000933
13.7009,DATA_RX_OK,rx=6,sender=0,delay_s=0.000933
13.7009,DATA_RX_OK,rx=7,sender=0,delay_s=0.000933
13.7009,DATA_RX_OK,rx=8,sender=0,delay_s=0.000933
13.7009,DATA_RX_OK,rx=9,sender=0,delay_s=0.000933
13.7009,DATA_RX_OK,rx=4,sender=0,delay_s=0.000933
13.8007,DATA_RX_OK,rx=21,sender=0,delay_s=0.000662
13.8007,DATA_RX_OK,rx=10,sender=0,delay_s=0.000662
13.8007,DATA_RX_OK,rx=13,sender=0,delay_s=0.000662
13.8007,DATA_RX_OK,rx=2,sender=0,delay_s=0.000662
13.8007,DATA_RX_OK,rx=19,sender=0,delay_s=0.000662
13.8007,DATA_RX_OK,rx=1,sender=0,delay_s=0.000662
13.8007,DATA_RX_OK,rx=5,sender=0,delay_s=0.000662
13.8007,DATA_RX_OK,rx=14,sender=0,delay_s=0.000662
13.8007,DATA_RX_OK,rx=3,sender=0,delay_s=0.000662
13.8007,DATA_RX_OK,rx=22,sender=0,delay_s=0.000662
13.8007,DATA_RX_OK,rx=11,sender=0,delay_s=0.000662
13.8007,DATA_RX_OK,rx=17,sender=0,delay_s=0.000662
13.8007,DATA_RX_OK,rx=16,sender=0,delay_s=0.000662
13.8007,DATA_RX_OK,rx=20,sender=0,delay_s=0.000662
13.8007,DATA_RX_OK,rx=12,sender=0,delay_s=0.000662
13.8007,DATA_RX_OK,rx=18,sender=0,delay_s=0.000662
13.8007,DATA_RX_OK,rx=15,sender=0,delay_s=0.000662
13.8007,DATA_RX_OK,rx=6,sender=0,delay_s=0.000662
13.8007,DATA_RX_OK,rx=7,sender=0,delay_s=0.000662
13.8007,DATA_RX_OK,rx=8,sender=0,delay_s=0.000662
13.8007,DATA_RX_OK,rx=9,sender=0,delay_s=0.000662
13.8007,DATA_RX_OK,rx=4,sender=0,delay_s=0.000662
13.9007,DATA_RX_OK,rx=21,sender=0,delay_s=0.000662
13.9007,DATA_RX_OK,rx=10,sender=0,delay_s=0.000662
13.9007,DATA_RX_OK,rx=13,sender=0,delay_s=0.000662
13.9007,DATA_RX_OK,rx=2,sender=0,delay_s=0.000662
13.9007,DATA_RX_OK,rx=19,sender=0,delay_s=0.000662
13.9007,DATA_RX_OK,rx=1,sender=0,delay_s=0.000662
13.9007,DATA_RX_OK,rx=5,sender=0,delay_s=0.000662
13.9007,DATA_RX_OK,rx=3,sender=0,delay_s=0.000662
13.9007,DATA_RX_OK,rx=14,sender=0,delay_s=0.000662
13.9007,DATA_RX_OK,rx=22,sender=0,delay_s=0.000662
13.9007,DATA_RX_OK,rx=11,sender=0,delay_s=0.000662
13.9007,DATA_RX_OK,rx=17,sender=0,delay_s=0.000662
13.9007,DATA_RX_OK,rx=20,sender=0,delay_s=0.000662
13.9007,DATA_RX_OK,rx=16,sender=0,delay_s=0.000662
13.9007,DATA_RX_OK,rx=18,sender=0,delay_s=0.000662
13.9007,DATA_RX_OK,rx=12,sender=0,delay_s=0.000662
13.9007,DATA_RX_OK,rx=15,sender=0,delay_s=0.000662
13.9007,DATA_RX_OK,rx=6,sender=0,delay_s=0.000662
13.9007,DATA_RX_OK,rx=7,sender=0,delay_s=0.000662
13.9007,DATA_RX_OK,rx=8,sender=0,delay_s=0.000662
13.9007,DATA_RX_OK,rx=9,sender=0,delay_s=0.000662
13.9007,DATA_RX_OK,rx=4,sender=0,delay_s=0.000662
14,REPORT_SENT,by=0,about=14,delta=0.020000
14,REPORT_SENT,by=1,about=16,delta=0.020000
14,REPORT_SENT,by=2,about=9,delta=0.020000
14,REPORT_SENT,by=3,about=12,delta=0.020000
14,REPORT_SENT,by=4,about=19,delta=0.020000
14,REPORT_SENT,by=5,about=3,delta=0.020000
14,REPORT_SENT,by=6,about=11,delta=0.020000
14,REPORT_SENT,by=7,about=15,delta=0.020000
14,REPORT_SENT,by=8,about=11,delta=0.020000
14,REPORT_SENT,by=9,about=0,delta=0.020000
14,REPORT_SENT,by=10,about=0,delta=0.020000
14,REPORT_SENT,by=11,about=1,delta=0.020000
14,REPORT_SENT,by=12,about=10,delta=0.020000
14,REPORT_SENT,by=13,about=16,delta=0.020000
14,REPORT_SENT,by=14,about=3,delta=0.020000
14,REPORT_SENT,by=15,about=14,delta=0.020000
14,REPORT_SENT,by=16,about=16,delta=0.020000
14,REPORT_SENT,by=17,about=10,delta=0.020000
14,REPORT_SENT,by=18,about=14,delta=0.020000
14,REPORT_SENT,by=19,about=18,delta=0.020000
14,REPLAY_SENT,nonce=13900000000
14.0002,REPORT_RX_RSU,rsu=20,by=16,about=16,delta=0.020000
14.0006,REPORT_RX_RSU,rsu=20,by=6,about=11,delta=0.020000
14.0007,DATA_DROP_REPLAY,rx=21,sender=0,nonce=13900000000
14.0007,DATA_DROP_REPLAY,rx=13,sender=0,nonce=13900000000
14.0007,DATA_DROP_REPLAY,rx=10,sender=0,nonce=13900000000
14.0007,DATA_DROP_REPLAY,rx=2,sender=0,nonce=13900000000
14.0007,DATA_DROP_REPLAY,rx=19,sender=0,nonce=13900000000
14.0007,DATA_DROP_REPLAY,rx=5,sender=0,nonce=13900000000
14.0007,DATA_DROP_REPLAY,rx=1,sender=0,nonce=13900000000
14.0007,DATA_DROP_REPLAY,rx=3,sender=0,nonce=13900000000
14.0007,DATA_DROP_REPLAY,rx=22,sender=0,nonce=13900000000
14.0007,DATA_DROP_REPLAY,rx=14,sender=0,nonce=13900000000
14.0007,DATA_DROP_REPLAY,rx=11,sender=0,nonce=13900000000
14.0007,DATA_DROP_REPLAY,rx=17,sender=0,nonce=13900000000
14.0007,DATA_DROP_REPLAY,rx=20,sender=0,nonce=13900000000
14.0007,DATA_DROP_REPLAY,rx=16,sender=0,nonce=13900000000
14.0007,DATA_DROP_REPLAY,rx=18,sender=0,nonce=13900000000
14.0007,DATA_DROP_REPLAY,rx=12,sender=0,nonce=13900000000
14.0007,DATA_DROP_REPLAY,rx=15,sender=0,nonce=13900000000
14.0007,DATA_DROP_REPLAY,rx=6,sender=0,nonce=13900000000
14.0007,DATA_DROP_REPLAY,rx=7,sender=0,nonce=13900000000
14.0007,DATA_DROP_REPLAY,rx=9,sender=0,nonce=13900000000
14.0007,DATA_DROP_REPLAY,rx=8,sender=0,nonce=13900000000
14.0007,DATA_DROP_REPLAY,rx=4,sender=0,nonce=13900000000
14.0007,REPORT_RX_RSU,rsu=20,by=12,about=10,delta=0.020000
14.0008,REPORT_RX_RSU,rsu=20,by=4,about=19,delta=0.020000
14.0014,REPORT_RX_RSU,rsu=20,by=18,about=14,delta=0.020000
14.0014,DATA_RX_OK,rx=21,sender=0,delay_s=0.001404
14.0014,DATA_RX_OK,rx=13,sender=0,delay_s=0.001404
14.0014,DATA_RX_OK,rx=10,sender=0,delay_s=0.001404
14.0014,DATA_RX_OK,rx=19,sender=0,delay_s=0.001404
14.0016,REPORT_RX_RSU,rsu=20,by=11,about=1,delta=0.020000
14.002,REPORT_RX_RSU,rsu=20,by=3,about=12,delta=0.020000
14.0029,REPORT_RX_RSU,rsu=20,by=2,about=9,delta=0.020000
14.1007,DATA_DROP_SIG,rx=21,sender=0,nonce=14100000000
14.1007,DATA_DROP_SIG,rx=13,sender=0,nonce=14100000000
14.1007,DATA_DROP_SIG,rx=10,sender=0,nonce=14100000000
14.1007,DATA_DROP_SIG,rx=2,sender=0,nonce=14100000000
14.1007,DATA_DROP_SIG,rx=19,sender=0,nonce=14100000000
14.1007,DATA_DROP_SIG,rx=3,sender=0,nonce=14100000000
14.1007,DATA_DROP_SIG,rx=5,sender=0,nonce=14100000000
14.1007,DATA_DROP_SIG,rx=22,sender=0,nonce=14100000000
14.1007,DATA_DROP_SIG,rx=1,sender=0,nonce=14100000000
14.1007,DATA_DROP_SIG,rx=14,sender=0,nonce=14100000000
14.1007,DATA_DROP_SIG,rx=11,sender=0,nonce=14100000000
14.1007,DATA_DROP_SIG,rx=17,sender=0,nonce=14100000000
14.1007,DATA_DROP_SIG,rx=20,sender=0,nonce=14100000000
14.1007,DATA_DROP_SIG,rx=18,sender=0,nonce=14100000000
14.1007,DATA_DROP_SIG,rx=16,sender=0,nonce=14100000000
14.1007,DATA_DROP_SIG,rx=15,sender=0,nonce=14100000000
14.1007,DATA_DROP_SIG,rx=12,sender=0,nonce=14100000000
14.1007,DATA_DROP_SIG,rx=6,sender=0,nonce=14100000000
14.1007,DATA_DROP_SIG,rx=7,sender=0,nonce=14100000000
14.1007,DATA_DROP_SIG,rx=9,sender=0,nonce=14100000000
14.1007,DATA_DROP_SIG,rx=8,sender=0,nonce=14100000000
14.1007,DATA_DROP_SIG,rx=4,sender=0,nonce=14100000000
14.2007,DATA_RX_OK,rx=21,sender=0,delay_s=0.000662
14.2007,DATA_RX_OK,rx=13,sender=0,delay_s=0.000662
14.2007,DATA_RX_OK,rx=10,sender=0,delay_s=0.000662
14.2007,DATA_RX_OK,rx=2,sender=0,delay_s=0.000662
14.2007,DATA_RX_OK,rx=19,sender=0,delay_s=0.000662
14.2007,DATA_RX_OK,rx=3,sender=0,delay_s=0.000662
14.2007,DATA_RX_OK,rx=5,sender=0,delay_s=0.000662
14.2007,DATA_RX_OK,rx=22,sender=0,delay_s=0.000662
14.2007,DATA_RX_OK,rx=14,sender=0,delay_s=0.000662
14.2007,DATA_RX_OK,rx=1,sender=0,delay_s=0.000662
14.2007,DATA_RX_OK,rx=11,sender=0,delay_s=0.000662
14.2007,DATA_RX_OK,rx=17,sender=0,delay_s=0.000662
14.2007,DATA_RX_OK,rx=20,sender=0,delay_s=0.000662
14.2007,DATA_RX_OK,rx=18,sender=0,delay_s=0.000662
14.2007,DATA_RX_OK,rx=16,sender=0,delay_s=0.000662
14.2007,DATA_RX_OK,rx=15,sender=0,delay_s=0.000662
14.2007,DATA_RX_OK,rx=6,sender=0,delay_s=0.000662
14.2007,DATA_RX_OK,rx=12,sender=0,delay_s=0.000662
14.2007,DATA_RX_OK,rx=7,sender=0,delay_s=0.000662
14.2007,DATA_RX_OK,rx=9,sender=0,delay_s=0.000662
14.2007,DATA_RX_OK,rx=8,sender=0,delay_s=0.000662
14.2007,DATA_RX_OK,rx=4,sender=0,delay_s=0.000662
14.3,REPLAY_SENT,nonce=14200000000
14.3007,DATA_DROP_REPLAY,rx=21,sender=0,nonce=14200000000
14.3007,DATA_DROP_REPLAY,rx=13,sender=0,nonce=14200000000
14.3007,DATA_DROP_REPLAY,rx=2,sender=0,nonce=14200000000
14.3007,DATA_DROP_REPLAY,rx=19,sender=0,nonce=14200000000
14.3007,DATA_DROP_REPLAY,rx=10,sender=0,nonce=14200000000
14.3007,DATA_DROP_REPLAY,rx=5,sender=0,nonce=14200000000
14.3007,DATA_DROP_REPLAY,rx=3,sender=0,nonce=14200000000
14.3007,DATA_DROP_REPLAY,rx=22,sender=0,nonce=14200000000
14.3007,DATA_DROP_REPLAY,rx=14,sender=0,nonce=14200000000
14.3007,DATA_DROP_REPLAY,rx=1,sender=0,nonce=14200000000
14.3007,DATA_DROP_REPLAY,rx=11,sender=0,nonce=14200000000
14.3007,DATA_DROP_REPLAY,rx=17,sender=0,nonce=14200000000
14.3007,DATA_DROP_REPLAY,rx=20,sender=0,nonce=14200000000
14.3007,DATA_DROP_REPLAY,rx=18,sender=0,nonce=14200000000
14.3007,DATA_DROP_REPLAY,rx=16,sender=0,nonce=14200000000
14.3007,DATA_DROP_REPLAY,rx=6,sender=0,nonce=14200000000
14.3007,DATA_DROP_REPLAY,rx=15,sender=0,nonce=14200000000
14.3007,DATA_DROP_REPLAY,rx=12,sender=0,nonce=14200000000
14.3007,DATA_DROP_REPLAY,rx=7,sender=0,nonce=14200000000
14.3007,DATA_DROP_REPLAY,rx=9,sender=0,nonce=14200000000
14.3007,DATA_DROP_REPLAY,rx=8,sender=0,nonce=14200000000
14.3007,DATA_DROP_REPLAY,rx=4,sender=0,nonce=14200000000
14.301,DATA_RX_OK,rx=21,sender=0,delay_s=0.000960
14.301,DATA_RX_OK,rx=13,sender=0,delay_s=0.000960
14.301,DATA_RX_OK,rx=2,sender=0,delay_s=0.000960
14.301,DATA_RX_OK,rx=19,sender=0,delay_s=0.000960
14.301,DATA_RX_OK,rx=10,sender=0,delay_s=0.000960
14.301,DATA_RX_OK,rx=5,sender=0,delay_s=0.000960
14.301,DATA_RX_OK,rx=3,sender=0,delay_s=0.000960
14.301,DATA_RX_OK,rx=22,sender=0,delay_s=0.000960
14.301,DATA_RX_OK,rx=14,sender=0,delay_s=0.000960
14.301,DATA_RX_OK,rx=1,sender=0,delay_s=0.000960
14.301,DATA_RX_OK,rx=11,sender=0,delay_s=0.000960
14.301,DATA_RX_OK,rx=17,sender=0,delay_s=0.000960
14.301,DATA_RX_OK,rx=20,sender=0,delay_s=0.000960
14.301,DATA_RX_OK,rx=18,sender=0,delay_s=0.000960
14.301,DATA_RX_OK,rx=16,sender=0,delay_s=0.000960
14.301,DATA_RX_OK,rx=6,sender=0,delay_s=0.000960
14.301,DATA_RX_OK,rx=15,sender=0,delay_s=0.000960
14.301,DATA_RX_OK,rx=12,sender=0,delay_s=0.000960
14.301,DATA_RX_OK,rx=7,sender=0,delay_s=0.000960
14.301,DATA_RX_OK,rx=9,sender=0,delay_s=0.000960
14.301,DATA_RX_OK,rx=8,sender=0,delay_s=0.000960
14.301,DATA_RX_OK,rx=4,sender=0,delay_s=0.000960
14.4007,DATA_RX_OK,rx=13,sender=0,delay_s=0.000662
14.4007,DATA_RX_OK,rx=21,sender=0,delay_s=0.000662
14.4007,DATA_RX_OK,rx=2,sender=0,delay_s=0.000662
14.4007,DATA_RX_OK,rx=19,sender=0,delay_s=0.000662
14.4007,DATA_RX_OK,rx=10,sender=0,delay_s=0.000662
14.4007,DATA_RX_OK,rx=5,sender=0,delay_s=0.000662
14.4007,DATA_RX_OK,rx=22,sender=0,delay_s=0.000662
14.4007,DATA_RX_OK,rx=3,sender=0,delay_s=0.000662
14.4007,DATA_RX_OK,rx=14,sender=0,delay_s=0.000662
14.4007,DATA_RX_OK,rx=1,sender=0,delay_s=0.000662
14.4007,DATA_RX_OK,rx=11,sender=0,delay_s=0.000662
14.4007,DATA_RX_OK,rx=17,sender=0,delay_s=0.000662
14.4007,DATA_RX_OK,rx=20,sender=0,delay_s=0.000662
14.4007,DATA_RX_OK,rx=16,sender=0,delay_s=0.000662
14.4007,DATA_RX_OK,rx=18,sender=0,delay_s=0.000662
14.4007,DATA_RX_OK,rx=6,sender=0,delay_s=0.000662
14.4007,DATA_RX_OK,rx=15,sender=0,delay_s=0.000662
14.4007,DATA_RX_OK,rx=12,sender=0,delay_s=0.000662
14.4007,DATA_RX_OK,rx=7,sender=0,delay_s=0.000662
14.4007,DATA_RX_OK,rx=9,sender=0,delay_s=0.000662
14.4007,DATA_RX_OK,rx=8,sender=0,delay_s=0.000662
14.4007,DATA_RX_OK,rx=4,sender=0,delay_s=0.000662
14.5007,DATA_RX_OK,rx=13,sender=0,delay_s=0.000662
14.5007,DATA_RX_OK,rx=21,sender=0,delay_s=0.000662
14.5007,DATA_RX_OK,rx=2,sender=0,delay_s=0.000662
14.5007,DATA_RX_OK,rx=19,sender=0,delay_s=0.000662
14.5007,DATA_RX_OK,rx=10,sender=0,delay_s=0.000662
14.5007,DATA_RX_OK,rx=5,sender=0,delay_s=0.000662
14.5007,DATA_RX_OK,rx=22,sender=0,delay_s=0.000662
14.5007,DATA_RX_OK,rx=14,sender=0,delay_s=0.000662
14.5007,DATA_RX_OK,rx=3,sender=0,delay_s=0.000662
14.5007,DATA_RX_OK,rx=1,sender=0,delay_s=0.000662
14.5007,DATA_RX_OK,rx=11,sender=0,delay_s=0.000662
14.5007,DATA_RX_OK,rx=17,sender=0,delay_s=0.000662
14.5007,DATA_RX_OK,rx=20,sender=0,delay_s=0.000662
14.5007,DATA_RX_OK,rx=16,sender=0,delay_s=0.000662
14.5007,DATA_RX_OK,rx=6,sender=0,delay_s=0.000662
14.5007,DATA_RX_OK,rx=18,sender=0,delay_s=0.000662
14.5007,DATA_RX_OK,rx=15,sender=0,delay_s=0.000662
14.5007,DATA_RX_OK,rx=12,sender=0,delay_s=0.000662
14.5007,DATA_RX_OK,rx=7,sender=0,delay_s=0.000662
14.5007,DATA_RX_OK,rx=9,sender=0,delay_s=0.000662
14.5007,DATA_RX_OK,rx=8,sender=0,delay_s=0.000662
14.5007,DATA_RX_OK,rx=4,sender=0,delay_s=0.000662
14.6,REPLAY_SENT,nonce=14500000000
14.6007,DATA_DROP_REPLAY,rx=13,sender=0,nonce=14500000000
14.6007,DATA_DROP_REPLAY,rx=21,sender=0,nonce=14500000000
14.6007,DATA_DROP_REPLAY,rx=2,sender=0,nonce=14500000000
14.6007,DATA_DROP_REPLAY,rx=19,sender=0,nonce=14500000000
14.6007,DATA_DROP_REPLAY,rx=5,sender=0,nonce=14500000000
14.6007,DATA_DROP_REPLAY,rx=10,sender=0,nonce=14500000000
14.6007,DATA_DROP_REPLAY,rx=22,sender=0,nonce=14500000000
14.6007,DATA_DROP_REPLAY,rx=14,sender=0,nonce=14500000000
14.6007,DATA_DROP_REPLAY,rx=3,sender=0,nonce=14500000000
14.6007,DATA_DROP_REPLAY,rx=1,sender=0,nonce=14500000000
14.6007,DATA_DROP_REPLAY,rx=17,sender=0,nonce=14500000000
14.6007,DATA_DROP_REPLAY,rx=11,sender=0,nonce=14500000000
14.6007,DATA_DROP_REPLAY,rx=16,sender=0,nonce=14500000000
14.6007,DATA_DROP_REPLAY,rx=20,sender=0,nonce=14500000000
14.6007,DATA_DROP_REPLAY,rx=6,sender=0,nonce=14500000000
14.6007,DATA_DROP_REPLAY,rx=18,sender=0,nonce=14500000000
14.6007,DATA_DROP_REPLAY,rx=15,sender=0,nonce=14500000000
14.6007,DATA_DROP_REPLAY,rx=12,sender=0,nonce=14500000000
14.6007,DATA_DROP_REPLAY,rx=7,sender=0,nonce=14500000000
14.6007,DATA_DROP_REPLAY,rx=9,sender=0,nonce=14500000000
14.6007,DATA_DROP_REPLAY,rx=8,sender=0,nonce=14500000000
14.6007,DATA_DROP_REPLAY,rx=4,sender=0,nonce=14500000000
14.601,DATA_RX_OK,rx=13,sender=0,delay_s=0.000969
14.601,DATA_RX_OK,rx=21,sender=0,delay_s=0.000969
14.601,DATA_RX_OK,rx=2,sender=0,delay_s=0.000969
14.601,DATA_RX_OK,rx=19,sender=0,delay_s=0.000969
14.601,DATA_RX_OK,rx=5,sender=0,delay_s=0.000969
14.601,DATA_RX_OK,rx=10,sender=0,delay_s=0.000969
14.601,DATA_RX_OK,rx=22,sender=0,delay_s=0.000969
14.601,DATA_RX_OK,rx=14,sender=0,delay_s=0.000969
14.601,DATA_RX_OK,rx=3,sender=0,delay_s=0.000969
14.601,DATA_RX_OK,rx=1,sender=0,delay_s=0.000969
14.601,DATA_RX_OK,rx=17,sender=0,delay_s=0.000969
14.601,DATA_RX_OK,rx=11,sender=0,delay_s=0.000969
14.601,DATA_RX_OK,rx=16,sender=0,delay_s=0.000969
14.601,DATA_RX_OK,rx=20,sender=0,delay_s=0.000969
14.601,DATA_RX_OK,rx=6,sender=0,delay_s=0.000969
14.601,DATA_RX_OK,rx=18,sender=0,delay_s=0.000969
14.601,DATA_RX_OK,rx=15,sender=0,delay_s=0.000969
14.601,DATA_RX_OK,rx=12,sender=0,delay_s=0.000969
14.601,DATA_RX_OK,rx=7,sender=0,delay_s=0.000969
14.601,DATA_RX_OK,rx=9,sender=0,delay_s=0.000969
14.601,DATA_RX_OK,rx=8,sender=0,delay_s=0.000969
14.601,DATA_RX_OK,rx=4,sender=0,delay_s=0.000969
14.7,BLOCK_MINE_START,block_next=15
14.7007,DATA_RX_OK,rx=13,sender=0,delay_s=0.000662
14.7007,DATA_RX_OK,rx=2,sender=0,delay_s=0.000662
14.7007,DATA_RX_OK,rx=21,sender=0,delay_s=0.000662
14.7007,DATA_RX_OK,rx=19,sender=0,delay_s=0.000662
14.7007,DATA_RX_OK,rx=5,sender=0,delay_s=0.000662
14.7007,DATA_RX_OK,rx=10,sender=0,delay_s=0.000662
14.7007,DATA_RX_OK,rx=22,sender=0,delay_s=0.000662
14.7007,DATA_RX_OK,rx=14,sender=0,delay_s=0.000662
14.7007,DATA_RX_OK,rx=3,sender=0,delay_s=0.000662
14.7007,DATA_RX_OK,rx=1,sender=0,delay_s=0.000662
14.7007,DATA_RX_OK,rx=17,sender=0,delay_s=0.000662
14.7007,DATA_RX_OK,rx=6,sender=0,delay_s=0.000662
14.7007,DATA_RX_OK,rx=11,sender=0,delay_s=0.000662
14.7007,DATA_RX_OK,rx=16,sender=0,delay_s=0.000662
14.7007,DATA_RX_OK,rx=20,sender=0,delay_s=0.000662
14.7007,DATA_RX_OK,rx=18,sender=0,delay_s=0.000662
14.7007,DATA_RX_OK,rx=15,sender=0,delay_s=0.000662
14.7007,DATA_RX_OK,rx=7,sender=0,delay_s=0.000662
14.7007,DATA_RX_OK,rx=12,sender=0,delay_s=0.000662
14.7007,DATA_RX_OK,rx=9,sender=0,delay_s=0.000662
14.7007,DATA_RX_OK,rx=8,sender=0,delay_s=0.000662
14.7007,DATA_RX_OK,rx=4,sender=0,delay_s=0.000662
14.75,BLOCK_COMMIT_ITEM,accused=16,delta=0.020000,trust=0.730000
14.75,BLOCK_COMMIT_ITEM,accused=11,delta=0.020000,trust=0.660000
14.75,BLOCK_COMMIT_ITEM,accused=10,delta=0.020000,trust=0.730000
14.75,BLOCK_COMMIT_ITEM,accused=19,delta=0.020000,trust=0.810000
14.75,BLOCK_COMMIT_ITEM,accused=14,delta=0.020000,trust=0.840000
14.75,BLOCK_COMMIT_ITEM,accused=1,delta=0.020000,trust=0.860000
14.75,BLOCK_COMMIT_ITEM,accused=12,delta=0.020000,trust=0.750000
14.75,BLOCK_COMMIT_ITEM,accused=9,delta=0.020000,trust=0.800000
14.75,BLOCK_COMMIT_DONE,block=15,items=8,lat_s=0.050000
14.8007,DATA_RX_OK,rx=13,sender=0,delay_s=0.000662
14.8007,DATA_RX_OK,rx=2,sender=0,delay_s=0.000662
14.8007,DATA_RX_OK,rx=21,sender=0,delay_s=0.000662
14.8007,DATA_RX_OK,rx=19,sender=0,delay_s=0.000662
14.8007,DATA_RX_OK,rx=5,sender=0,delay_s=0.000662
14.8007,DATA_RX_OK,rx=22,sender=0,delay_s=0.000662
14.8007,DATA_RX_OK,rx=14,sender=0,delay_s=0.000662
14.8007,DATA_RX_OK,rx=10,sender=0,delay_s=0.000662
14.8007,DATA_RX_OK,rx=3,sender=0,delay_s=0.000662
14.8007,DATA_RX_OK,rx=1,sender=0,delay_s=0.000662
14.8007,DATA_RX_OK,rx=6,sender=0,delay_s=0.000662
14.8007,DATA_RX_OK,rx=17,sender=0,delay_s=0.000662
14.8007,DATA_RX_OK,rx=16,sender=0,delay_s=0.000662
14.8007,DATA_RX_OK,rx=11,sender=0,delay_s=0.000662
14.8007,DATA_RX_OK,rx=20,sender=0,delay_s=0.000662
14.8007,DATA_RX_OK,rx=18,sender=0,delay_s=0.000662
14.8007,DATA_RX_OK,rx=7,sender=0,delay_s=0.000662
14.8007,DATA_RX_OK,rx=15,sender=0,delay_s=0.000662
14.8007,DATA_RX_OK,rx=12,sender=0,delay_s=0.000662
14.8007,DATA_RX_OK,rx=9,sender=0,delay_s=0.000662
14.8007,DATA_RX_OK,rx=8,sender=0,delay_s=0.000662
14.8007,DATA_RX_OK,rx=4,sender=0,delay_s=0.000662
14.9,REPLAY_SENT,nonce=14800000000
14.9007,DATA_DROP_REPLAY,rx=13,sender=0,nonce=14800000000
14.9007,DATA_DROP_REPLAY,rx=2,sender=0,nonce=14800000000
14.9007,DATA_DROP_REPLAY,rx=21,sender=0,nonce=14800000000
14.9007,DATA_DROP_REPLAY,rx=19,sender=0,nonce=14800000000
14.9007,DATA_DROP_REPLAY,rx=5,sender=0,nonce=14800000000
14.9007,DATA_DROP_REPLAY,rx=14,sender=0,nonce=14800000000
14.9007,DATA_DROP_REPLAY,rx=22,sender=0,nonce=14800000000
14.9007,DATA_DROP_REPLAY,rx=3,sender=0,nonce=14800000000
14.9007,DATA_DROP_REPLAY,rx=10,sender=0,nonce=14800000000
14.9007,DATA_DROP_REPLAY,rx=1,sender=0,nonce=14800000000
14.9007,DATA_DROP_REPLAY,rx=6,sender=0,nonce=14800000000
14.9007,DATA_DROP_REPLAY,rx=17,sender=0,nonce=14800000000
14.9007,DATA_DROP_REPLAY,rx=16,sender=0,nonce=14800000000
14.9007,DATA_DROP_REPLAY,rx=20,sender=0,nonce=14800000000
14.9007,DATA_DROP_REPLAY,rx=11,sender=0,nonce=14800000000
14.9007,DATA_DROP_REPLAY,rx=18,sender=0,nonce=14800000000
14.9007,DATA_DROP_REPLAY,rx=7,sender=0,nonce=14800000000
14.9007,DATA_DROP_REPLAY,rx=15,sender=0,nonce=14800000000
14.9007,DATA_DROP_REPLAY,rx=12,sender=0,nonce=14800000000
14.9007,DATA_DROP_REPLAY,rx=9,sender=0,nonce=14800000000
14.9007,DATA_DROP_REPLAY,rx=8,sender=0,nonce=14800000000
14.9007,DATA_DROP_REPLAY,rx=4,sender=0,nonce=14800000000
14.901,DATA_RX_OK,rx=13,sender=0,delay_s=0.001005
14.901,DATA_RX_OK,rx=2,sender=0,delay_s=0.001005
14.901,DATA_RX_OK,rx=21,sender=0,delay_s=0.001005
14.901,DATA_RX_OK,rx=19,sender=0,delay_s=0.001005
14.901,DATA_RX_OK,rx=5,sender=0,delay_s=0.001005
14.901,DATA_RX_OK,rx=14,sender=0,delay_s=0.001005
14.901,DATA_RX_OK,rx=22,sender=0,delay_s=0.001005
14.901,DATA_RX_OK,rx=3,sender=0,delay_s=0.001005
14.901,DATA_RX_OK,rx=10,sender=0,delay_s=0.001005
14.901,DATA_RX_OK,rx=1,sender=0,delay_s=0.001005
14.901,DATA_RX_OK,rx=6,sender=0,delay_s=0.001005
14.901,DATA_RX_OK,rx=17,sender=0,delay_s=0.001005
14.901,DATA_RX_OK,rx=16,sender=0,delay_s=0.001005
14.901,DATA_RX_OK,rx=20,sender=0,delay_s=0.001005
14.901,DATA_RX_OK,rx=11,sender=0,delay_s=0.001005
14.901,DATA_RX_OK,rx=18,sender=0,delay_s=0.001005
14.901,DATA_RX_OK,rx=7,sender=0,delay_s=0.001005
14.901,DATA_RX_OK,rx=15,sender=0,delay_s=0.001005
14.901,DATA_RX_OK,rx=12,sender=0,delay_s=0.001005
14.901,DATA_RX_OK,rx=9,sender=0,delay_s=0.001005
14.901,DATA_RX_OK,rx=8,sender=0,delay_s=0.001005
14.901,DATA_RX_OK,rx=4,sender=0,delay_s=0.001005
15,REPORT_SENT,by=0,about=11,delta=0.020000
15,REPORT_SENT,by=1,about=13,delta=0.020000
15,REPORT_SENT,by=2,about=12,delta=0.020000
15,REPORT_SENT,by=3,about=2,delta=0.020000
15,REPORT_SENT,by=4,about=13,delta=0.020000
15,REPORT_SENT,by=5,about=2,delta=0.020000
15,REPORT_SENT,by=6,about=8,delta=-0.050000
15,REPORT_SENT,by=7,about=4,delta=-0.050000
15,REPORT_SENT,by=8,about=1,delta=0.020000
15,REPORT_SENT,by=9,about=11,delta=0.020000
15,REPORT_SENT,by=10,about=16,delta=0.020000
15,REPORT_SENT,by=11,about=18,delta=0.020000
15,REPORT_SENT,by=12,about=7,delta=0.020000
15,REPORT_SENT,by=13,about=17,delta=0.020000
15,REPORT_SENT,by=14,about=6,delta=0.020000
15,REPORT_SENT,by=15,about=17,delta=0.020000
15,REPORT_SENT,by=16,about=1,delta=0.020000
15,REPORT_SENT,by=17,about=3,delta=0.020000
15,REPORT_SENT,by=18,about=2,delta=0.020000
15,REPORT_SENT,by=19,about=0,delta=0.020000
15.0002,REPORT_RX_RSU,rsu=20,by=12,about=7,delta=0.020000
15.0004,REPORT_RX_RSU,rsu=20,by=16,about=1,delta=0.020000
15.0008,REPORT_RX_RSU,rsu=20,by=18,about=2,delta=0.020000
15.0009,DATA_RX_OK,rx=13,sender=0,delay_s=0.000877
15.0009,DATA_RX_OK,rx=2,sender=0,delay_s=0.000877
15.0009,DATA_RX_OK,rx=21,sender=0,delay_s=0.000877
15.0009,DATA_RX_OK,rx=19,sender=0,delay_s=0.000877
15.0009,DATA_RX_OK,rx=5,sender=0,delay_s=0.000877
15.0009,DATA_RX_OK,rx=14,sender=0,delay_s=0.000877
15.0009,DATA_RX_OK,rx=22,sender=0,delay_s=0.000877
15.0009,DATA_RX_OK,rx=3,sender=0,delay_s=0.000877
15.0009,DATA_RX_OK,rx=10,sender=0,delay_s=0.000877
15.0009,DATA_RX_OK,rx=1,sender=0,delay_s=0.000877
15.0009,DATA_RX_OK,rx=6,sender=0,delay_s=0.000877
15.0009,DATA_RX_OK,rx=16,sender=0,delay_s=0.000877
15.0009,DATA_RX_OK,rx=17,sender=0,delay_s=0.000877
15.0009,DATA_RX_OK,rx=20,sender=0,delay_s=0.000877
15.0009,DATA_RX_OK,rx=18,sender=0,delay_s=0.000877
15.0009,DATA_RX_OK,rx=11,sender=0,delay_s=0.000877
15.0009,DATA_RX_OK,rx=7,sender=0,delay_s=0.000877
15.0009,DATA_RX_OK,rx=15,sender=0,delay_s=0.000877
15.0009,DATA_RX_OK,rx=12,sender=0,delay_s=0.000877
15.0009,DATA_RX_OK,rx=9,sender=0,delay_s=0.000877
15.0009,DATA_RX_OK,rx=8,sender=0,delay_s=0.000877
15.0009,DATA_RX_OK,rx=4,sender=0,delay_s=0.000877
15.0009,REPORT_RX_RSU,rsu=20,by=3,about=2,delta=0.020000
15.0011,REPORT_RX_RSU,rsu=20,by=11,about=18,delta=0.020000
15.0012,REPORT_RX_RSU,rsu=20,by=6,about=8,delta=-0.050000
15.0014,REPORT_RX_RSU,rsu=20,by=4,about=13,delta=0.020000
15.0016,REPORT_RX_RSU,rsu=20,by=2,about=12,delta=0.020000
15.1007,DATA_RX_OK,rx=13,sender=0,delay_s=0.000662
15.1007,DATA_RX_OK,rx=2,sender=0,delay_s=0.000662
15.1007,DATA_RX_OK,rx=21,sender=0,delay_s=0.000662
15.1007,DATA_RX_OK,rx=14,sender=0,delay_s=0.000662
15.1007,DATA_RX_OK,rx=19,sender=0,delay_s=0.000662
15.1007,DATA_RX_OK,rx=5,sender=0,delay_s=0.000662
15.1007,DATA_RX_OK,rx=22,sender=0,delay_s=0.000662
15.1007,DATA_RX_OK,rx=3,sender=0,delay_s=0.000662
15.1007,DATA_RX_OK,rx=10,sender=0,delay_s=0.000662
15.1007,DATA_RX_OK,rx=1,sender=0,delay_s=0.000662
15.1007,DATA_RX_OK,rx=16,sender=0,delay_s=0.000662
15.1007,DATA_RX_OK,rx=6,sender=0,delay_s=0.000662
15.1007,DATA_RX_OK,rx=17,sender=0,delay_s=0.000662
15.1007,DATA_RX_OK,rx=20,sender=0,delay_s=0.000662
15.1007,DATA_RX_OK,rx=11,sender=0,delay_s=0.000662
15.1007,DATA_RX_OK,rx=18,sender=0,delay_s=0.000662
15.1007,DATA_RX_OK,rx=7,sender=0,delay_s=0.000662
15.1007,DATA_RX_OK,rx=15,sender=0,delay_s=0.000662
15.1007,DATA_RX_OK,rx=12,sender=0,delay_s=0.000662
15.1007,DATA_RX_OK,rx=9,sender=0,delay_s=0.000662
15.1007,DATA_RX_OK,rx=8,sender=0,delay_s=0.000662
15.1007,DATA_RX_OK,rx=4,sender=0,delay_s=0.000662
15.2,REPLAY_SENT,nonce=15100000000
15.2007,DATA_DROP_REPLAY,rx=2,sender=0,nonce=15100000000
15.2007,DATA_DROP_REPLAY,rx=13,sender=0,nonce=15100000000
15.2007,DATA_DROP_REPLAY,rx=21,sender=0,nonce=15100000000
15.2007,DATA_DROP_REPLAY,rx=14,sender=0,nonce=15100000000
15.2007,DATA_DROP_REPLAY,rx=19,sender=0,nonce=15100000000
15.2007,DATA_DROP_REPLAY,rx=5,sender=0,nonce=15100000000
15.2007,DATA_DROP_REPLAY,rx=22,sender=0,nonce=15100000000
15.2007,DATA_DROP_REPLAY,rx=3,sender=0,nonce=15100000000
15.2007,DATA_DROP_REPLAY,rx=10,sender=0,nonce=15100000000
15.2007,DATA_DROP_REPLAY,rx=1,sender=0,nonce=15100000000
15.2007,DATA_DROP_REPLAY,rx=16,sender=0,nonce=15100000000
15.2007,DATA_DROP_REPLAY,rx=17,sender=0,nonce=15100000000
15.2007,DATA_DROP_REPLAY,rx=6,sender=0,nonce=15100000000
15.2007,DATA_DROP_REPLAY,rx=20,sender=0,nonce=15100000000
15.2007,DATA_DROP_REPLAY,rx=11,sender=0,nonce=15100000000
15.2007,DATA_DROP_REPLAY,rx=7,sender=0,nonce=15100000000
15.2007,DATA_DROP_REPLAY,rx=18,sender=0,nonce=15100000000
15.2007,DATA_DROP_REPLAY,rx=12,sender=0,nonce=15100000000
15.2007,DATA_DROP_REPLAY,rx=15,sender=0,nonce=15100000000
15.2007,DATA_DROP_REPLAY,rx=9,sender=0,nonce=15100000000
15.2007,DATA_DROP_REPLAY,rx=4,sender=0,nonce=15100000000
15.2007,DATA_DROP_REPLAY,rx=8,sender=0,nonce=15100000000
15.201,DATA_RX_OK,rx=2,sender=0,delay_s=0.001032
15.201,DATA_RX_OK,rx=13,sender=0,delay_s=0.001032
15.201,DATA_RX_OK,rx=21,sender=0,delay_s=0.001032
15.201,DATA_RX_OK,rx=14,sender=0,delay_s=0.001032
15.201,DATA_RX_OK,rx=19,sender=0,delay_s=0.001032
15.201,DATA_RX_OK,rx=5,sender=0,delay_s=0.001032
15.201,DATA_RX_OK,rx=22,sender=0,delay_s=0.001032
15.201,DATA_RX_OK,rx=3,sender=0,delay_s=0.001032
15.201,DATA_RX_OK,rx=10,sender=0,delay_s=0.001032
15.201,DATA_RX_OK,rx=1,sender=0,delay_s=0.001032
15.201,DATA_RX_OK,rx=16,sender=0,delay_s=0.001032
15.201,DATA_RX_OK,rx=17,sender=0,delay_s=0.001032
15.201,DATA_RX_OK,rx=6,sender=0,delay_s=0.001032
15.201,DATA_RX_OK,rx=20,sender=0,delay_s=0.001032
15.201,DATA_RX_OK,rx=11,sender=0,delay_s=0.001032
15.201,DATA_RX_OK,rx=7,sender=0,delay_s=0.001032
15.201,DATA_RX_OK,rx=18,sender=0,delay_s=0.001032
15.201,DATA_RX_OK,rx=12,sender=0,delay_s=0.001032
15.201,DATA_RX_OK,rx=15,sender=0,delay_s=0.001032
15.201,DATA_RX_OK,rx=9,sender=0,delay_s=0.001032
15.201,DATA_RX_OK,rx=4,sender=0,delay_s=0.001032
15.201,DATA_RX_OK,rx=8,sender=0,delay_s=0.001032
15.3007,DATA_DROP_SIG,rx=2,sender=0,nonce=15300000000
15.3007,DATA_DROP_SIG,rx=13,sender=0,nonce=15300000000
15.3007,DATA_DROP_SIG,rx=21,sender=0,nonce=15300000000
15.3007,DATA_DROP_SIG,rx=14,sender=0,nonce=15300000000
15.3007,DATA_DROP_SIG,rx=19,sender=0,nonce=15300000000
15.3007,DATA_DROP_SIG,rx=5,sender=0,nonce=15300000000
15.3007,DATA_DROP_SIG,rx=22,sender=0,nonce=15300000000
15.3007,DATA_DROP_SIG,rx=10,sender=0,nonce=15300000000
15.3007,DATA_DROP_SIG,rx=3,sender=0,nonce=15300000000
15.3007,DATA_DROP_SIG,rx=1,sender=0,nonce=15300000000
15.3007,DATA_DROP_SIG,rx=16,sender=0,nonce=15300000000
15.3007,DATA_DROP_SIG,rx=17,sender=0,nonce=15300000000
15.3007,DATA_DROP_SIG,rx=20,sender=0,nonce=15300000000
15.3007,DATA_DROP_SIG,rx=6,sender=0,nonce=15300000000
15.3007,DATA_DROP_SIG,rx=7,sender=0,nonce=15300000000
15.3007,DATA_DROP_SIG,rx=11,sender=0,nonce=15300000000
15.3007,DATA_DROP_SIG,rx=18,sender=0,nonce=15300000000
15.3007,DATA_DROP_SIG,rx=12,sender=0,nonce=15300000000
15.3007,DATA_DROP_SIG,rx=15,sender=0,nonce=15300000000
15.3007,DATA_DROP_SIG,rx=9,sender=0,nonce=15300000000
15.3007,DATA_DROP_SIG,rx=4,sender=0,nonce=15300000000
15.3007,DATA_DROP_SIG,rx=8,sender=0,nonce=15300000000
15.4007,DATA_RX_OK,rx=2,sender=0,delay_s=0.000662
15.4007,DATA_RX_OK,rx=13,sender=0,delay_s=0.000662
15.4007,DATA_RX_OK,rx=21,sender=0,delay_s=0.000662
15.4007,DATA_RX_OK,rx=14,sender=0,delay_s=0.000662
15.4007,DATA_RX_OK,rx=19,sender=0,delay_s=0.000662
15.4007,DATA_RX_OK,rx=5,sender=0,delay_s=0.000662
15.4007,DATA_RX_OK,rx=22,sender=0,delay_s=0.000662
15.4007,DATA_RX_OK,rx=10,sender=0,delay_s=0.000662
15.4007,DATA_RX_OK,rx=3,sender=0,delay_s=0.000662
15.4007,DATA_RX_OK,rx=1,sender=0,delay_s=0.000662
15.4007,DATA_RX_OK,rx=16,sender=0,delay_s=0.000662
15.4007,DATA_RX_OK,rx=17,sender=0,delay_s=0.000662
15.4007,DATA_RX_OK,rx=20,sender=0,delay_s=0.000662
15.4007,DATA_RX_OK,rx=6,sender=0,delay_s=0.000662
15.4007,DATA_RX_OK,rx=7,sender=0,delay_s=0.000662
15.4007,DATA_RX_OK,rx=11,sender=0,delay_s=0.000662
15.4007,DATA_RX_OK,rx=12,sender=0,delay_s=0.000662
15.4007,DATA_RX_OK,rx=18,sender=0,delay_s=0.000662
15.4007,DATA_RX_OK,rx=15,sender=0,delay_s=0.000662
15.4007,DATA_RX_OK,rx=9,sender=0,delay_s=0.000662
15.4007,DATA_RX_OK,rx=4,sender=0,delay_s=0.000662
15.4007,DATA_RX_OK,rx=8,sender=0,delay_s=0.000662
15.5,REPLAY_SENT,nonce=15400000000
15.5007,DATA_DROP_REPLAY,rx=2,sender=0,nonce=15400000000
15.5007,DATA_DROP_REPLAY,rx=13,sender=0,nonce=15400000000
15.5007,DATA_DROP_REPLAY,rx=21,sender=0,nonce=15400000000
15.5007,DATA_DROP_REPLAY,rx=14,sender=0,nonce=15400000000
15.5007,DATA_DROP_REPLAY,rx=19,sender=0,nonce=15400000000
15.5007,DATA_DROP_REPLAY,rx=5,sender=0,nonce=15400000000
15.5007,DATA_DROP_REPLAY,rx=22,sender=0,nonce=15400000000
15.5007,DATA_DROP_REPLAY,rx=10,sender=0,nonce=15400000000
15.5007,DATA_DROP_REPLAY,rx=3,sender=0,nonce=15400000000
15.5007,DATA_DROP_REPLAY,rx=1,sender=0,nonce=15400000000
15.5007,DATA_DROP_REPLAY,rx=16,sender=0,nonce=15400000000
15.5007,DATA_DROP_REPLAY,rx=17,sender=0,nonce=15400000000
15.5007,DATA_DROP_REPLAY,rx=20,sender=0,nonce=15400000000
15.5007,DATA_DROP_REPLAY,rx=7,sender=0,nonce=15400000000
15.5007,DATA_DROP_REPLAY,rx=6,sender=0,nonce=15400000000
15.5007,DATA_DROP_REPLAY,rx=12,sender=0,nonce=15400000000
15.5007,DATA_DROP_REPLAY,rx=11,sender=0,nonce=15400000000
15.5007,DATA_DROP_REPLAY,rx=18,sender=0,nonce=15400000000
15.5007,DATA_DROP_REPLAY,rx=15,sender=0,nonce=15400000000
15.5007,DATA_DROP_REPLAY,rx=9,sender=0,nonce=15400000000
15.5007,DATA_DROP_REPLAY,rx=4,sender=0,nonce=15400000000
15.5007,DATA_DROP_REPLAY,rx=8,sender=0,nonce=15400000000
15.501,DATA_RX_OK,rx=2,sender=0,delay_s=0.000978
15.501,DATA_RX_OK,rx=13,sender=0,delay_s=0.000978
15.501,DATA_RX_OK,rx=21,sender=0,delay_s=0.000978
15.501,DATA_RX_OK,rx=14,sender=0,delay_s=0.000978
15.501,DATA_RX_OK,rx=19,sender=0,delay_s=0.000978
15.501,DATA_RX_OK,rx=5,sender=0,delay_s=0.000978
15.501,DATA_RX_OK,rx=22,sender=0,delay_s=0.000978
15.501,DATA_RX_OK,rx=10,sender=0,delay_s=0.000978
15.501,DATA_RX_OK,rx=3,sender=0,delay_s=0.000978
15.501,DATA_RX_OK,rx=1,sender=0,delay_s=0.000978
15.501,DATA_RX_OK,rx=16,sender=0,delay_s=0.000978
15.501,DATA_RX_OK,rx=17,sender=0,delay_s=0.000978
15.501,DATA_RX_OK,rx=20,sender=0,delay_s=0.000978
15.501,DATA_RX_OK,rx=7,sender=0,delay_s=0.000978
15.501,DATA_RX_OK,rx=6,sender=0,delay_s=0.000978
15.501,DATA_RX_OK,rx=12,sender=0,delay_s=0.000978
15.501,DATA_RX_OK,rx=11,sender=0,delay_s=0.000978
15.501,DATA_RX_OK,rx=18,sender=0,delay_s=0.000978
15.501,DATA_RX_OK,rx=15,sender=0,delay_s=0.000978
15.501,DATA_RX_OK,rx=9,sender=0,delay_s=0.000978
15.501,DATA_RX_OK,rx=4,sender=0,delay_s=0.000978
15.501,DATA_RX_OK,rx=8,sender=0,delay_s=0.000978
15.6007,DATA_RX_OK,rx=2,sender=0,delay_s=0.000662
15.6007,DATA_RX_OK,rx=13,sender=0,delay_s=0.000662
15.6007,DATA_RX_OK,rx=21,sender=0,delay_s=0.000662
15.6007,DATA_RX_OK,rx=14,sender=0,delay_s=0.000662
15.6007,DATA_RX_OK,rx=19,sender=0,delay_s=0.000662
15.6007,DATA_RX_OK,rx=5,sender=0,delay_s=0.000662
15.6007,DATA_RX_OK,rx=10,sender=0,delay_s=0.000662
15.6007,DATA_RX_OK,rx=22,sender=0,delay_s=0.000662
15.6007,DATA_RX_OK,rx=3,sender=0,delay_s=0.000662
15.6007,DATA_RX_OK,rx=1,sender=0,delay_s=0.000662
15.6007,DATA_RX_OK,rx=16,sender=0,delay_s=0.000662
15.6007,DATA_RX_OK,rx=17,sender=0,delay_s=0.000662
15.6007,DATA_RX_OK,rx=20,sender=0,delay_s=0.000662
15.6007,DATA_RX_OK,rx=7,sender=0,delay_s=0.000662
15.6007,DATA_RX_OK,rx=12,sender=0,delay_s=0.000662
15.6007,DATA_RX_OK,rx=6,sender=0,delay_s=0.000662
15.6007,DATA_RX_OK,rx=11,sender=0,delay_s=0.000662
15.6007,DATA_RX_OK,rx=18,sender=0,delay_s=0.000662
15.6007,DATA_RX_OK,rx=15,sender=0,delay_s=0.000662
15.6007,DATA_RX_OK,rx=9,sender=0,delay_s=0.000662
15.6007,DATA_RX_OK,rx=4,sender=0,delay_s=0.000662
15.6007,DATA_RX_OK,rx=8,sender=0,delay_s=0.000662
15.7007,DATA_RX_OK,rx=2,sender=0,delay_s=0.000662
15.7007,DATA_RX_OK,rx=13,sender=0,delay_s=0.000662
15.7007,DATA_RX_OK,rx=21,sender=0,delay_s=0.000662
15.7007,DATA_RX_OK,rx=14,sender=0,delay_s=0.000662
15.7007,DATA_RX_OK,rx=19,sender=0,delay_s=0.000662
15.7007,DATA_RX_OK,rx=5,sender=0,delay_s=0.000662
15.7007,DATA_RX_OK,rx=10,sender=0,delay_s=0.000662
15.7007,DATA_RX_OK,rx=22,sender=0,delay_s=0.000662
15.7007,DATA_RX_OK,rx=3,sender=0,delay_s=0.000662
15.7007,DATA_RX_OK,rx=1,sender=0,delay_s=0.000662
15.7007,DATA_RX_OK,rx=16,sender=0,delay_s=0.000662
15.7007,DATA_RX_OK,rx=17,sender=0,delay_s=0.000662
15.7007,DATA_RX_OK,rx=20,sender=0,delay_s=0.000662
15.7007,DATA_RX_OK,rx=7,sender=0,delay_s=0.000662
15.7007,DATA_RX_OK,rx=12,sender=0,delay_s=0.000662
15.7007,DATA_RX_OK,rx=6,sender=0,delay_s=0.000662
15.7007,DATA_RX_OK,rx=11,sender=0,delay_s=0.000662
15.7007,DATA_RX_OK,rx=18,sender=0,delay_s=0.000662
15.7007,DATA_RX_OK,rx=15,sender=0,delay_s=0.000662
15.7007,DATA_RX_OK,rx=9,sender=0,delay_s=0.000662
15.7007,DATA_RX_OK,rx=4,sender=0,delay_s=0.000662
15.7007,DATA_RX_OK,rx=8,sender=0,delay_s=0.000662
15.75,BLOCK_MINE_START,block_next=16
15.8,REPLAY_SENT,nonce=15700000000
15.8,BLOCK_COMMIT_ITEM,accused=7,delta=0.020000,trust=0.710000
15.8,BLOCK_COMMIT_ITEM,accused=1,delta=0.020000,trust=0.880000
15.8,BLOCK_COMMIT_ITEM,accused=2,delta=0.020000,trust=0.780000
15.8,BLOCK_COMMIT_ITEM,accused=2,delta=0.020000,trust=0.800000
15.8,BLOCK_COMMIT_ITEM,accused=18,delta=0.020000,trust=0.770000
15.8,BLOCK_COMMIT_ITEM,accused=8,delta=-0.050000,trust=0.740000
15.8,BLOCK_COMMIT_ITEM,accused=13,delta=0.020000,trust=0.800000
15.8,BLOCK_COMMIT_ITEM,accused=12,delta=0.020000,trust=0.770000
15.8,BLOCK_COMMIT_DONE,block=16,items=8,lat_s=0.050000
15.8007,DATA_DROP_REPLAY,rx=2,sender=0,nonce=15700000000
15.8007,DATA_DROP_REPLAY,rx=21,sender=0,nonce=15700000000
15.8007,DATA_DROP_REPLAY,rx=13,sender=0,nonce=15700000000
15.8007,DATA_DROP_REPLAY,rx=14,sender=0,nonce=15700000000
15.8007,DATA_DROP_REPLAY,rx=19,sender=0,nonce=15700000000
15.8007,DATA_DROP_REPLAY,rx=5,sender=0,nonce=15700000000
15.8007,DATA_DROP_REPLAY,rx=10,sender=0,nonce=15700000000
15.8007,DATA_DROP_REPLAY,rx=22,sender=0,nonce=15700000000
15.8007,DATA_DROP_REPLAY,rx=3,sender=0,nonce=15700000000
15.8007,DATA_DROP_REPLAY,rx=1,sender=0,nonce=15700000000
15.8007,DATA_DROP_REPLAY,rx=16,sender=0,nonce=15700000000
15.8007,DATA_DROP_REPLAY,rx=17,sender=0,nonce=15700000000
15.8007,DATA_DROP_REPLAY,rx=20,sender=0,nonce=15700000000
15.8007,DATA_DROP_REPLAY,rx=7,sender=0,nonce=15700000000
15.8007,DATA_DROP_REPLAY,rx=12,sender=0,nonce=15700000000
15.8007,DATA_DROP_REPLAY,rx=11,sender=0,nonce=15700000000
15.8007,DATA_DROP_REPLAY,rx=6,sender=0,nonce=15700000000
15.8007,DATA_DROP_REPLAY,rx=18,sender=0,nonce=15700000000
15.8007,DATA_DROP_REPLAY,rx=15,sender=0,nonce=15700000000
15.8007,DATA_DROP_REPLAY,rx=9,sender=0,nonce=15700000000
15.8007,DATA_DROP_REPLAY,rx=4,sender=0,nonce=15700000000
15.8007,DATA_DROP_REPLAY,rx=8,sender=0,nonce=15700000000
15.8011,DATA_RX_OK,rx=2,sender=0,delay_s=0.001059
15.8011,DATA_RX_OK,rx=21,sender=0,delay_s=0.001059
15.8011,DATA_RX_OK,rx=13,sender=0,delay_s=0.001059
15.8011,DATA_RX_OK,rx=14,sender=0,delay_s=0.001059
15.8011,DATA_RX_OK,rx=19,sender=0,delay_s=0.001059
15.8011,DATA_RX_OK,rx=5,sender=0,delay_s=0.001059
15.8011,DATA_RX_OK,rx=10,sender=0,delay_s=0.001059
15.8011,DATA_RX_OK,rx=22,sender=0,delay_s=0.001059
15.8011,DATA_RX_OK,rx=3,sender=0,delay_s=0.001059
15.8011,DATA_RX_OK,rx=1,sender=0,delay_s=0.001059
15.8011,DATA_RX_OK,rx=16,sender=0,delay_s=0.001059
15.8011,DATA_RX_OK,rx=17,sender=0,delay_s=0.001059
15.8011,DATA_RX_OK,rx=20,sender=0,delay_s=0.001059
15.8011,DATA_RX_OK,rx=7,sender=0,delay_s=0.001059
15.8011,DATA_RX_OK,rx=12,sender=0,delay_s=0.001059
15.8011,DATA_RX_OK,rx=11,sender=0,delay_s=0.001059
15.8011,DATA_RX_OK,rx=6,sender=0,delay_s=0.001059
15.8011,DATA_RX_OK,rx=18,sender=0,delay_s=0.001059
15.8011,DATA_RX_OK,rx=15,sender=0,delay_s=0.001059
15.8011,DATA_RX_OK,rx=9,sender=0,delay_s=0.001059
15.8011,DATA_RX_OK,rx=4,sender=0,delay_s=0.001059
15.8011,DATA_RX_OK,rx=8,sender=0,delay_s=0.001059
15.9007,DATA_RX_OK,rx=2,sender=0,delay_s=0.000662
15.9007,DATA_RX_OK,rx=21,sender=0,delay_s=0.000662
15.9007,DATA_RX_OK,rx=13,sender=0,delay_s=0.000662
15.9007,DATA_RX_OK,rx=14,sender=0,delay_s=0.000662
15.9007,DATA_RX_OK,rx=19,sender=0,delay_s=0.000662
15.9007,DATA_RX_OK,rx=5,sender=0,delay_s=0.000662
15.9007,DATA_RX_OK,rx=10,sender=0,delay_s=0.000662
15.9007,DATA_RX_OK,rx=22,sender=0,delay_s=0.000662
15.9007,DATA_RX_OK,rx=3,sender=0,delay_s=0.000662
15.9007,DATA_RX_OK,rx=1,sender=0,delay_s=0.000662
15.9007,DATA_RX_OK,rx=16,sender=0,delay_s=0.000662
15.9007,DATA_RX_OK,rx=17,sender=0,delay_s=0.000662
15.9007,DATA_RX_OK,rx=20,sender=0,delay_s=0.000662
15.9007,DATA_RX_OK,rx=12,sender=0,delay_s=0.000662
15.9007,DATA_RX_OK,rx=7,sender=0,delay_s=0.000662
15.9007,DATA_RX_OK,rx=11,sender=0,delay_s=0.000662
15.9007,DATA_RX_OK,rx=6,sender=0,delay_s=0.000662
15.9007,DATA_RX_OK,rx=15,sender=0,delay_s=0.000662
15.9007,DATA_RX_OK,rx=18,sender=0,delay_s=0.000662
15.9007,DATA_RX_OK,rx=9,sender=0,delay_s=0.000662
15.9007,DATA_RX_OK,rx=4,sender=0,delay_s=0.000662
15.9007,DATA_RX_OK,rx=8,sender=0,delay_s=0.000662
16,REPORT_SENT,by=0,about=9,delta=0.020000
16,REPORT_SENT,by=1,about=7,delta=0.020000
16,REPORT_SENT,by=2,about=12,delta=0.020000
16,REPORT_SENT,by=3,about=16,delta=0.020000
16,REPORT_SENT,by=4,about=2,delta=0.020000
16,REPORT_SENT,by=5,about=9,delta=0.020000
16,REPORT_SENT,by=6,about=13,delta=0.020000
16,REPORT_SENT,by=7,about=4,delta=0.020000
16,REPORT_SENT,by=8,about=18,delta=0.020000
16,REPORT_SENT,by=9,about=5,delta=0.020000
16,REPORT_SENT,by=10,about=10,delta=0.020000
16,REPORT_SENT,by=11,about=3,delta=0.020000
16,REPORT_SENT,by=12,about=6,delta=0.020000
16,REPORT_SENT,by=13,about=14,delta=-0.050000
16,REPORT_SENT,by=14,about=5,delta=0.020000
16,REPORT_SENT,by=15,about=6,delta=0.020000
16,REPORT_SENT,by=16,about=0,delta=0.020000
16,REPORT_SENT,by=17,about=4,delta=-0.050000
16,REPORT_SENT,by=18,about=1,delta=0.020000
16,REPORT_SENT,by=19,about=11,delta=0.020000
16.0002,REPORT_RX_RSU,rsu=20,by=16,about=0,delta=0.020000
16.0004,REPORT_RX_RSU,rsu=20,by=4,about=2,delta=0.020000
16.0009,REPORT_RX_RSU,rsu=20,by=6,about=13,delta=0.020000
16.0011,DATA_RX_OK,rx=2,sender=0,delay_s=0.001058
16.0011,DATA_RX_OK,rx=14,sender=0,delay_s=0.001058
16.0011,DATA_RX_OK,rx=21,sender=0,delay_s=0.001058
16.0011,DATA_RX_OK,rx=13,sender=0,delay_s=0.001058
16.0011,DATA_RX_OK,rx=19,sender=0,delay_s=0.001058
16.0011,DATA_RX_OK,rx=5,sender=0,delay_s=0.001058
16.0011,DATA_RX_OK,rx=10,sender=0,delay_s=0.001058
16.0011,DATA_RX_OK,rx=22,sender=0,delay_s=0.001058
16.0011,DATA_RX_OK,rx=3,sender=0,delay_s=0.001058
16.0011,DATA_RX_OK,rx=1,sender=0,delay_s=0.001058
16.0011,DATA_RX_OK,rx=16,sender=0,delay_s=0.001058
16.0011,DATA_RX_OK,rx=17,sender=0,delay_s=0.001058
16.0011,DATA_RX_OK,rx=20,sender=0,delay_s=0.001058
16.0011,DATA_RX_OK,rx=12,sender=0,delay_s=0.001058
16.0011,DATA_RX_OK,rx=7,sender=0,delay_s=0.001058
16.0011,DATA_RX_OK,rx=11,sender=0,delay_s=0.001059
16.0011,DATA_RX_OK,rx=6,sender=0,delay_s=0.001059
16.0011,DATA_RX_OK,rx=15,sender=0,delay_s=0.001059
16.0011,DATA_RX_OK,rx=18,sender=0,delay_s=0.001059
16.0011,DATA_RX_OK,rx=9,sender=0,delay_s=0.001059
16.0011,DATA_RX_OK,rx=4,sender=0,delay_s=0.001059
16.0011,DATA_RX_OK,rx=8,sender=0,delay_s=0.001059
16.0012,REPORT_RX_RSU,rsu=20,by=12,about=6,delta=0.020000
16.0015,REPORT_RX_RSU,rsu=20,by=2,about=12,delta=0.020000
16.0017,REPORT_RX_RSU,rsu=20,by=18,about=1,delta=0.020000
16.0019,REPORT_RX_RSU,rsu=20,by=11,about=3,delta=0.020000
16.002,REPORT_RX_RSU,rsu=20,by=3,about=16,delta=0.020000
16.1,REPLAY_SENT,nonce=16000000000
16.1007,DATA_DROP_REPLAY,rx=2,sender=0,nonce=16000000000
16.1007,DATA_DROP_REPLAY,rx=14,sender=0,nonce=16000000000
16.1007,DATA_DROP_REPLAY,rx=21,sender=0,nonce=16000000000
16.1007,DATA_DROP_REPLAY,rx=13,sender=0,nonce=16000000000
16.1007,DATA_DROP_REPLAY,rx=19,sender=0,nonce=16000000000
16.1007,DATA_DROP_REPLAY,rx=5,sender=0,nonce=16000000000
16.1007,DATA_DROP_REPLAY,rx=22,sender=0,nonce=16000000000
16.1007,DATA_DROP_REPLAY,rx=3,sender=0,nonce=16000000000
16.1007,DATA_DROP_REPLAY,rx=10,sender=0,nonce=16000000000
16.1007,DATA_DROP_REPLAY,rx=1,sender=0,nonce=16000000000
16.1007,DATA_DROP_REPLAY,rx=17,sender=0,nonce=16000000000
16.1007,DATA_DROP_REPLAY,rx=16,sender=0,nonce=16000000000
16.1007,DATA_DROP_REPLAY,rx=20,sender=0,nonce=16000000000
16.1007,DATA_DROP_REPLAY,rx=12,sender=0,nonce=16000000000
16.1007,DATA_DROP_REPLAY,rx=7,sender=0,nonce=16000000000
16.1007,DATA_DROP_REPLAY,rx=6,sender=0,nonce=16000000000
16.1007,DATA_DROP_REPLAY,rx=11,sender=0,nonce=16000000000
16.1007,DATA_DROP_REPLAY,rx=15,sender=0,nonce=16000000000
16.1007,DATA_DROP_REPLAY,rx=18,sender=0,nonce=16000000000
16.1007,DATA_DROP_REPLAY,rx=9,sender=0,nonce=16000000000
16.1007,DATA_DROP_REPLAY,rx=4,sender=0,nonce=16000000000
16.101,DATA_RX_OK,rx=2,sender=0,delay_s=0.001023
16.101,DATA_RX_OK,rx=14,sender=0,delay_s=0.001023
16.101,DATA_RX_OK,rx=21,sender=0,delay_s=0.001023
16.101,DATA_RX_OK,rx=13,sender=0,delay_s=0.001023
16.101,DATA_RX_OK,rx=19,sender=0,delay_s=0.001023
16.101,DATA_RX_OK,rx=5,sender=0,delay_s=0.001023
16.101,DATA_RX_OK,rx=22,sender=0,delay_s=0.001023
16.101,DATA_RX_OK,rx=3,sender=0,delay_s=0.001023
16.101,DATA_RX_OK,rx=10,sender=0,delay_s=0.001023
16.101,DATA_RX_OK,rx=1,sender=0,delay_s=0.001023
16.101,DATA_RX_OK,rx=17,sender=0,delay_s=0.001023
16.101,DATA_RX_OK,rx=16,sender=0,delay_s=0.001023
16.101,DATA_RX_OK,rx=20,sender=0,delay_s=0.001023
16.101,DATA_RX_OK,rx=12,sender=0,delay_s=0.001023
16.101,DATA_RX_OK,rx=7,sender=0,delay_s=0.001023
16.101,DATA_RX_OK,rx=6,sender=0,delay_s=0.001023
16.101,DATA_RX_OK,rx=11,sender=0,delay_s=0.001023
16.101,DATA_RX_OK,rx=15,sender=0,delay_s=0.001023
16.101,DATA_RX_OK,rx=18,sender=0,delay_s=0.001023
16.101,DATA_RX_OK,rx=9,sender=0,delay_s=0.001023
16.101,DATA_RX_OK,rx=4,sender=0,delay_s=0.001023
16.2007,DATA_RX_OK,rx=2,sender=0,delay_s=0.000662
16.2007,DATA_RX_OK,rx=14,sender=0,delay_s=0.000662
16.2007,DATA_RX_OK,rx=21,sender=0,delay_s=0.000662
16.2007,DATA_RX_OK,rx=13,sender=0,delay_s=0.000662
16.2007,DATA_RX_OK,rx=22,sender=0,delay_s=0.000662
16.2007,DATA_RX_OK,rx=3,sender=0,delay_s=0.000662
16.2007,DATA_RX_OK,rx=5,sender=0,delay_s=0.000662
16.2007,DATA_RX_OK,rx=19,sender=0,delay_s=0.000662
16.2007,DATA_RX_OK,rx=10,sender=0,delay_s=0.000662
16.2007,DATA_RX_OK,rx=1,sender=0,delay_s=0.000662
16.2007,DATA_RX_OK,rx=17,sender=0,delay_s=0.000662
16.2007,DATA_RX_OK,rx=16,sender=0,delay_s=0.000662
16.2007,DATA_RX_OK,rx=20,sender=0,delay_s=0.000662
16.2007,DATA_RX_OK,rx=12,sender=0,delay_s=0.000662
16.2007,DATA_RX_OK,rx=7,sender=0,delay_s=0.000662
16.2007,DATA_RX_OK,rx=6,sender=0,delay_s=0.000662
16.2007,DATA_RX_OK,rx=11,sender=0,delay_s=0.000662
16.2007,DATA_RX_OK,rx=15,sender=0,delay_s=0.000662
16.2007,DATA_RX_OK,rx=18,sender=0,delay_s=0.000662
16.2007,DATA_RX_OK,rx=9,sender=0,delay_s=0.000662
16.2007,DATA_RX_OK,rx=4,sender=0,delay_s=0.000662
16.3007,DATA_RX_OK,rx=2,sender=0,delay_s=0.000662
16.3007,DATA_RX_OK,rx=14,sender=0,delay_s=0.000662
16.3007,DATA_RX_OK,rx=21,sender=0,delay_s=0.000662
16.3007,DATA_RX_OK,rx=13,sender=0,delay_s=0.000662
16.3007,DATA_RX_OK,rx=3,sender=0,delay_s=0.000662
16.3007,DATA_RX_OK,rx=22,sender=0,delay_s=0.000662
16.3007,DATA_RX_OK,rx=5,sender=0,delay_s=0.000662
16.3007,DATA_RX_OK,rx=19,sender=0,delay_s=0.000662
16.3007,DATA_RX_OK,rx=10,sender=0,delay_s=0.000662
16.3007,DATA_RX_OK,rx=17,sender=0,delay_s=0.000662
16.3007,DATA_RX_OK,rx=1,sender=0,delay_s=0.000662
16.3007,DATA_RX_OK,rx=16,sender=0,delay_s=0.000662
16.3007,DATA_RX_OK,rx=20,sender=0,delay_s=0.000662
16.3007,DATA_RX_OK,rx=12,sender=0,delay_s=0.000662
16.3007,DATA_RX_OK,rx=7,sender=0,delay_s=0.000662
16.3007,DATA_RX_OK,rx=6,sender=0,delay_s=0.000662
16.3007,DATA_RX_OK,rx=11,sender=0,delay_s=0.000662
16.3007,DATA_RX_OK,rx=15,sender=0,delay_s=0.000662
16.3007,DATA_RX_OK,rx=18,sender=0,delay_s=0.000662
16.3007,DATA_RX_OK,rx=9,sender=0,delay_s=0.000662
16.3007,DATA_RX_OK,rx=4,sender=0,delay_s=0.000662
16.4,REPLAY_SENT,nonce=16300000000
16.4007,DATA_DROP_REPLAY,rx=2,sender=0,nonce=16300000000
16.4007,DATA_DROP_REPLAY,rx=14,sender=0,nonce=16300000000
16.4007,DATA_DROP_REPLAY,rx=21,sender=0,nonce=16300000000
16.4007,DATA_DROP_REPLAY,rx=3,sender=0,nonce=16300000000
16.4007,DATA_DROP_REPLAY,rx=13,sender=0,nonce=16300000000
16.4007,DATA_DROP_REPLAY,rx=22,sender=0,nonce=16300000000
16.4007,DATA_DROP_REPLAY,rx=5,sender=0,nonce=16300000000
16.4007,DATA_DROP_REPLAY,rx=19,sender=0,nonce=16300000000
16.4007,DATA_DROP_REPLAY,rx=10,sender=0,nonce=16300000000
16.4007,DATA_DROP_REPLAY,rx=17,sender=0,nonce=16300000000
16.4007,DATA_DROP_REPLAY,rx=1,sender=0,nonce=16300000000
16.4007,DATA_DROP_REPLAY,rx=16,sender=0,nonce=16300000000
16.4007,DATA_DROP_REPLAY,rx=20,sender=0,nonce=16300000000
16.4007,DATA_DROP_REPLAY,rx=12,sender=0,nonce=16300000000
16.4007,DATA_DROP_REPLAY,rx=7,sender=0,nonce=16300000000
16.4007,DATA_DROP_REPLAY,rx=6,sender=0,nonce=16300000000
16.4007,DATA_DROP_REPLAY,rx=11,sender=0,nonce=16300000000
16.4007,DATA_DROP_REPLAY,rx=15,sender=0,nonce=16300000000
16.4007,DATA_DROP_REPLAY,rx=18,sender=0,nonce=16300000000
16.4007,DATA_DROP_REPLAY,rx=9,sender=0,nonce=16300000000
16.4007,DATA_DROP_REPLAY,rx=4,sender=0,nonce=16300000000
16.401,DATA_RX_OK,rx=2,sender=0,delay_s=0.000996
16.401,DATA_RX_OK,rx=14,sender=0,delay_s=0.000996
16.401,DATA_RX_OK,rx=21,sender=0,delay_s=0.000996
16.401,DATA_RX_OK,rx=3,sender=0,delay_s=0.000996
16.401,DATA_RX_OK,rx=13,sender=0,delay_s=0.000996
16.401,DATA_RX_OK,rx=22,sender=0,delay_s=0.000996
16.401,DATA_RX_OK,rx=5,sender=0,delay_s=0.000996
16.401,DATA_RX_OK,rx=19,sender=0,delay_s=0.000996
16.401,DATA_RX_OK,rx=10,sender=0,delay_s=0.000996
16.401,DATA_RX_OK,rx=17,sender=0,delay_s=0.000996
16.401,DATA_RX_OK,rx=1,sender=0,delay_s=0.000996
16.401,DATA_RX_OK,rx=16,sender=0,delay_s=0.000996
16.401,DATA_RX_OK,rx=20,sender=0,delay_s=0.000996
16.401,DATA_RX_OK,rx=12,sender=0,delay_s=0.000996
16.401,DATA_RX_OK,rx=7,sender=0,delay_s=0.000996
16.401,DATA_RX_OK,rx=6,sender=0,delay_s=0.000996
16.401,DATA_RX_OK,rx=11,sender=0,delay_s=0.000996
16.401,DATA_RX_OK,rx=15,sender=0,delay_s=0.000996
16.401,DATA_RX_OK,rx=18,sender=0,delay_s=0.000996
16.401,DATA_RX_OK,rx=9,sender=0,delay_s=0.000996
16.401,DATA_RX_OK,rx=4,sender=0,delay_s=0.000996
16.5007,DATA_RX_OK,rx=14,sender=0,delay_s=0.000662
16.5007,DATA_RX_OK,rx=2,sender=0,delay_s=0.000662
16.5007,DATA_RX_OK,rx=21,sender=0,delay_s=0.000662
16.5007,DATA_RX_OK,rx=3,sender=0,delay_s=0.000662
16.5007,DATA_RX_OK,rx=22,sender=0,delay_s=0.000662
16.5007,DATA_RX_OK,rx=13,sender=0,delay_s=0.000662
16.5007,DATA_RX_OK,rx=5,sender=0,delay_s=0.000662
16.5007,DATA_RX_OK,rx=19,sender=0,delay_s=0.000662
16.5007,DATA_RX_OK,rx=10,sender=0,delay_s=0.000662
16.5007,DATA_RX_OK,rx=17,sender=0,delay_s=0.000662
16.5007,DATA_RX_OK,rx=1,sender=0,delay_s=0.000662
16.5007,DATA_RX_OK,rx=16,sender=0,delay_s=0.000662
16.5007,DATA_RX_OK,rx=20,sender=0,delay_s=0.000662
16.5007,DATA_RX_OK,rx=12,sender=0,delay_s=0.000662
16.5007,DATA_RX_OK,rx=7,sender=0,delay_s=0.000662
16.5007,DATA_RX_OK,rx=6,sender=0,delay_s=0.000662
16.5007,DATA_RX_OK,rx=11,sender=0,delay_s=0.000662
16.5007,DATA_RX_OK,rx=15,sender=0,delay_s=0.000662
16.5007,DATA_RX_OK,rx=18,sender=0,delay_s=0.000662
16.5007,DATA_RX_OK,rx=9,sender=0,delay_s=0.000662
16.5007,DATA_RX_OK,rx=4,sender=0,delay_s=0.000662
16.6007,DATA_RX_OK,rx=14,sender=0,delay_s=0.000662
16.6007,DATA_RX_OK,rx=2,sender=0,delay_s=0.000662
16.6007,DATA_RX_OK,rx=21,sender=0,delay_s=0.000662
16.6007,DATA_RX_OK,rx=3,sender=0,delay_s=0.000662
16.6007,DATA_RX_OK,rx=22,sender=0,delay_s=0.000662
16.6007,DATA_RX_OK,rx=13,sender=0,delay_s=0.000662
16.6007,DATA_RX_OK,rx=5,sender=0,delay_s=0.000662
16.6007,DATA_RX_OK,rx=19,sender=0,delay_s=0.000662
16.6007,DATA_RX_OK,rx=10,sender=0,delay_s=0.000662
16.6007,DATA_RX_OK,rx=17,sender=0,delay_s=0.000662
16.6007,DATA_RX_OK,rx=1,sender=0,delay_s=0.000662
16.6007,DATA_RX_OK,rx=16,sender=0,delay_s=0.000662
16.6007,DATA_RX_OK,rx=20,sender=0,delay_s=0.000662
16.6007,DATA_RX_OK,rx=7,sender=0,delay_s=0.000662
16.6007,DATA_RX_OK,rx=12,sender=0,delay_s=0.000662
16.6007,DATA_RX_OK,rx=6,sender=0,delay_s=0.000662
16.6007,DATA_RX_OK,rx=11,sender=0,delay_s=0.000662
16.6007,DATA_RX_OK,rx=15,sender=0,delay_s=0.000662
16.6007,DATA_RX_OK,rx=18,sender=0,delay_s=0.000662
16.6007,DATA_RX_OK,rx=4,sender=0,delay_s=0.000662
16.6007,DATA_RX_OK,rx=9,sender=0,delay_s=0.000662
16.7,REPLAY_SENT,nonce=16600000000
16.7007,DATA_DROP_REPLAY,rx=14,sender=0,nonce=16600000000
16.7007,DATA_DROP_REPLAY,rx=2,sender=0,nonce=16600000000
16.7007,DATA_DROP_REPLAY,rx=3,sender=0,nonce=16600000000
16.7007,DATA_DROP_REPLAY,rx=21,sender=0,nonce=16600000000
16.7007,DATA_DROP_REPLAY,rx=22,sender=0,nonce=16600000000
16.7007,DATA_DROP_REPLAY,rx=13,sender=0,nonce=16600000000
16.7007,DATA_DROP_REPLAY,rx=5,sender=0,nonce=16600000000
16.7007,DATA_DROP_REPLAY,rx=19,sender=0,nonce=16600000000
16.7007,DATA_DROP_REPLAY,rx=10,sender=0,nonce=16600000000
16.7007,DATA_DROP_REPLAY,rx=17,sender=0,nonce=16600000000
16.7007,DATA_DROP_REPLAY,rx=1,sender=0,nonce=16600000000
16.7007,DATA_DROP_REPLAY,rx=16,sender=0,nonce=16600000000
16.7007,DATA_DROP_REPLAY,rx=20,sender=0,nonce=16600000000
16.7007,DATA_DROP_REPLAY,rx=7,sender=0,nonce=16600000000
16.7007,DATA_DROP_REPLAY,rx=6,sender=0,nonce=16600000000
16.7007,DATA_DROP_REPLAY,rx=12,sender=0,nonce=16600000000
16.7007,DATA_DROP_REPLAY,rx=11,sender=0,nonce=16600000000
16.7007,DATA_DROP_REPLAY,rx=15,sender=0,nonce=16600000000
16.7007,DATA_DROP_REPLAY,rx=18,sender=0,nonce=16600000000
16.7007,DATA_DROP_REPLAY,rx=4,sender=0,nonce=16600000000
16.7007,DATA_DROP_REPLAY,rx=9,sender=0,nonce=16600000000
16.701,DATA_RX_OK,rx=14,sender=0,delay_s=0.001014
16.701,DATA_RX_OK,rx=2,sender=0,delay_s=0.001014
16.701,DATA_RX_OK,rx=3,sender=0,delay_s=0.001014
16.701,DATA_RX_OK,rx=21,sender=0,delay_s=0.001014
16.701,DATA_RX_OK,rx=22,sender=0,delay_s=0.001014
16.701,DATA_RX_OK,rx=13,sender=0,delay_s=0.001014
16.701,DATA_RX_OK,rx=5,sender=0,delay_s=0.001014
16.701,DATA_RX_OK,rx=19,sender=0,delay_s=0.001014
16.701,DATA_RX_OK,rx=10,sender=0,delay_s=0.001014
16.701,DATA_RX_OK,rx=17,sender=0,delay_s=0.001014
16.701,DATA_RX_OK,rx=1,sender=0,delay_s=0.001014
16.701,DATA_RX_OK,rx=16,sender=0,delay_s=0.001014
16.701,DATA_RX_OK,rx=20,sender=0,delay_s=0.001014
16.701,DATA_RX_OK,rx=7,sender=0,delay_s=0.001014
16.701,DATA_RX_OK,rx=6,sender=0,delay_s=0.001014
16.701,DATA_RX_OK,rx=12,sender=0,delay_s=0.001014
16.701,DATA_RX_OK,rx=11,sender=0,delay_s=0.001014
16.701,DATA_RX_OK,rx=15,sender=0,delay_s=0.001014
16.701,DATA_RX_OK,rx=18,sender=0,delay_s=0.001014
16.701,DATA_RX_OK,rx=4,sender=0,delay_s=0.001014
16.701,DATA_RX_OK,rx=9,sender=0,delay_s=0.001014
16.8,BLOCK_MINE_START,block_next=17
16.8007,DATA_DROP_SIG,rx=14,sender=0,nonce=16800000000
16.8007,DATA_DROP_SIG,rx=2,sender=0,nonce=16800000000
16.8007,DATA_DROP_SIG,rx=3,sender=0,nonce=16800000000
16.8007,DATA_DROP_SIG,rx=21,sender=0,nonce=16800000000
16.8007,DATA_DROP_SIG,rx=22,sender=0,nonce=16800000000
16.8007,DATA_DROP_SIG,rx=13,sender=0,nonce=16800000000
16.8007,DATA_DROP_SIG,rx=5,sender=0,nonce=16800000000
16.8007,DATA_DROP_SIG,rx=19,sender=0,nonce=16800000000
16.8007,DATA_DROP_SIG,rx=17,sender=0,nonce=16800000000
16.8007,DATA_DROP_SIG,rx=10,sender=0,nonce=16800000000
16.8007,DATA_DROP_SIG,rx=1,sender=0,nonce=16800000000
16.8007,DATA_DROP_SIG,rx=16,sender=0,nonce=16800000000
16.8007,DATA_DROP_SIG,rx=20,sender=0,nonce=16800000000
16.8007,DATA_DROP_SIG,rx=7,sender=0,nonce=16800000000
16.8007,DATA_DROP_SIG,rx=6,sender=0,nonce=16800000000
16.8007,DATA_DROP_SIG,rx=12,sender=0,nonce=16800000000
16.8007,DATA_DROP_SIG,rx=11,sender=0,nonce=16800000000
16.8007,DATA_DROP_SIG,rx=15,sender=0,nonce=16800000000
16.8007,DATA_DROP_SIG,rx=18,sender=0,nonce=16800000000
16.8007,DATA_DROP_SIG,rx=4,sender=0,nonce=16800000000
16.8007,DATA_DROP_SIG,rx=9,sender=0,nonce=16800000000
16.85,BLOCK_COMMIT_ITEM,accused=0,delta=0.020000,trust=0.790000
16.85,BLOCK_COMMIT_ITEM,accused=2,delta=0.020000,trust=0.820000
16.85,BLOCK_COMMIT_ITEM,accused=13,delta=0.020000,trust=0.820000
16.85,BLOCK_COMMIT_ITEM,accused=6,delta=0.020000,trust=0.810000
16.85,BLOCK_COMMIT_ITEM,accused=12,delta=0.020000,trust=0.790000
16.85,BLOCK_COMMIT_ITEM,accused=1,delta=0.020000,trust=0.900000
16.85,BLOCK_COMMIT_ITEM,accused=3,delta=0.020000,trust=0.740000
16.85,BLOCK_COMMIT_ITEM,accused=16,delta=0.020000,trust=0.750000
16.85,BLOCK_COMMIT_DONE,block=17,items=8,lat_s=0.050000
16.9007,DATA_RX_OK,rx=14,sender=0,delay_s=0.000662
16.9007,DATA_RX_OK,rx=2,sender=0,delay_s=0.000662
16.9007,DATA_RX_OK,rx=3,sender=0,delay_s=0.000662
16.9007,DATA_RX_OK,rx=21,sender=0,delay_s=0.000662
16.9007,DATA_RX_OK,rx=13,sender=0,delay_s=0.000662
16.9007,DATA_RX_OK,rx=22,sender=0,delay_s=0.000662
16.9007,DATA_RX_OK,rx=5,sender=0,delay_s=0.000662
16.9007,DATA_RX_OK,rx=19,sender=0,delay_s=0.000662
16.9007,DATA_RX_OK,rx=17,sender=0,delay_s=0.000662
16.9007,DATA_RX_OK,rx=10,sender=0,delay_s=0.000662
16.9007,DATA_RX_OK,rx=1,sender=0,delay_s=0.000662
16.9007,DATA_RX_OK,rx=16,sender=0,delay_s=0.000662
16.9007,DATA_RX_OK,rx=20,sender=0,delay_s=0.000662
16.9007,DATA_RX_OK,rx=6,sender=0,delay_s=0.000662
16.9007,DATA_RX_OK,rx=7,sender=0,delay_s=0.000662
16.9007,DATA_RX_OK,rx=12,sender=0,delay_s=0.000662
16.9007,DATA_RX_OK,rx=11,sender=0,delay_s=0.000662
16.9007,DATA_RX_OK,rx=15,sender=0,delay_s=0.000662
16.9007,DATA_RX_OK,rx=18,sender=0,delay_s=0.000662
16.9007,DATA_RX_OK,rx=4,sender=0,delay_s=0.000662
16.9007,DATA_RX_OK,rx=9,sender=0,delay_s=0.000662
17,REPORT_SENT,by=0,about=0,delta=0.020000
17,REPORT_SENT,by=1,about=8,delta=-0.050000
17,REPORT_SENT,by=2,about=16,delta=-0.050000
17,REPORT_SENT,by=3,about=16,delta=0.020000
17,REPORT_SENT,by=4,about=2,delta=0.020000
17,REPORT_SENT,by=5,about=9,delta=0.020000
17,REPORT_SENT,by=6,about=5,delta=0.020000
17,REPORT_SENT,by=7,about=11,delta=0.020000
17,REPORT_SENT,by=8,about=8,delta=0.020000
17,REPORT_SENT,by=9,about=2,delta=0.020000
17,REPORT_SENT,by=10,about=8,delta=0.020000
17,REPORT_SENT,by=11,about=11,delta=0.020000
17,REPORT_SENT,by=12,about=7,delta=0.020000
17,REPORT_SENT,by=13,about=16,delta=0.020000
17,REPORT_SENT,by=14,about=0,delta=0.020000
17,REPORT_SENT,by=15,about=4,delta=0.020000
17,REPORT_SENT,by=16,about=3,delta=0.020000
17,REPORT_SENT,by=17,about=14,delta=0.020000
17,REPORT_SENT,by=18,about=2,delta=0.020000
17,REPORT_SENT,by=19,about=4,delta=0.020000
17,REPLAY_SENT,nonce=16900000000
17.0002,REPORT_RX_RSU,rsu=20,by=2,about=16,delta=-0.050000
17.0007,DATA_DROP_REPLAY,rx=14,sender=0,nonce=16900000000
17.0007,DATA_DROP_REPLAY,rx=2,sender=0,nonce=16900000000
17.0007,DATA_DROP_REPLAY,rx=3,sender=0,nonce=16900000000
17.0007,DATA_DROP_REPLAY,rx=21,sender=0,nonce=16900000000
17.0007,DATA_DROP_REPLAY,rx=13,sender=0,nonce=16900000000
17.0007,DATA_DROP_REPLAY,rx=22,sender=0,nonce=16900000000
17.0007,DATA_DROP_REPLAY,rx=5,sender=0,nonce=16900000000
17.0007,DATA_DROP_REPLAY,rx=17,sender=0,nonce=16900000000
17.0007,DATA_DROP_REPLAY,rx=19,sender=0,nonce=16900000000
17.0007,DATA_DROP_REPLAY,rx=10,sender=0,nonce=16900000000
17.0007,DATA_DROP_REPLAY,rx=1,sender=0,nonce=16900000000
17.0007,DATA_DROP_REPLAY,rx=16,sender=0,nonce=16900000000
17.0007,DATA_DROP_REPLAY,rx=20,sender=0,nonce=16900000000
17.0007,DATA_DROP_REPLAY,rx=6,sender=0,nonce=16900000000
17.0007,DATA_DROP_REPLAY,rx=7,sender=0,nonce=16900000000
17.0007,DATA_DROP_REPLAY,rx=12,sender=0,nonce=16900000000
17.0007,DATA_DROP_REPLAY,rx=11,sender=0,nonce=16900000000
17.0007,DATA_DROP_REPLAY,rx=15,sender=0,nonce=16900000000
17.0007,DATA_DROP_REPLAY,rx=18,sender=0,nonce=16900000000
17.0007,DATA_DROP_REPLAY,rx=4,sender=0,nonce=16900000000
17.0007,DATA_DROP_REPLAY,rx=9,sender=0,nonce=16900000000
17.0009,REPORT_RX_RSU,rsu=20,by=16,about=3,delta=0.020000
17.001,DATA_DROP_SIG,rx=14,sender=0,nonce=17000000000
17.001,DATA_DROP_SIG,rx=2,sender=0,nonce=17000000000
17.001,DATA_DROP_SIG,rx=3,sender=0,nonce=17000000000
17.001,DATA_DROP_SIG,rx=21,sender=0,nonce=17000000000
17.001,DATA_DROP_SIG,rx=13,sender=0,nonce=17000000000
17.001,DATA_DROP_SIG,rx=22,sender=0,nonce=17000000000
17.001,DATA_DROP_SIG,rx=5,sender=0,nonce=17000000000
17.001,DATA_DROP_SIG,rx=17,sender=0,nonce=17000000000
17.001,DATA_DROP_SIG,rx=19,sender=0,nonce=17000000000
17.001,DATA_DROP_SIG,rx=10,sender=0,nonce=17000000000
17.001,DATA_DROP_SIG,rx=1,sender=0,nonce=17000000000
17.001,DATA_DROP_SIG,rx=16,sender=0,nonce=17000000000
17.001,DATA_DROP_SIG,rx=20,sender=0,nonce=17000000000
17.001,DATA_DROP_SIG,rx=6,sender=0,nonce=17000000000
17.001,DATA_DROP_SIG,rx=7,sender=0,nonce=17000000000
17.001,DATA_DROP_SIG,rx=12,sender=0,nonce=17000000000
17.001,DATA_DROP_SIG,rx=11,sender=0,nonce=17000000000
17.001,DATA_DROP_SIG,rx=15,sender=0,nonce=17000000000
17.001,DATA_DROP_SIG,rx=18,sender=0,nonce=17000000000
17.001,DATA_DROP_SIG,rx=4,sender=0,nonce=17000000000
17.001,DATA_DROP_SIG,rx=9,sender=0,nonce=17000000000
17.001,REPORT_RX_RSU,rsu=20,by=6,about=5,delta=0.020000
17.0012,REPORT_RX_RSU,rsu=20,by=18,about=2,delta=0.020000
17.0013,REPORT_RX_RSU,rsu=20,by=3,about=16,delta=0.020000
17.0015,REPORT_RX_RSU,rsu=20,by=12,about=7,delta=0.020000
17.0016,REPORT_RX_RSU,rsu=20,by=4,about=2,delta=0.020000
17.0018,REPORT_RX_RSU,rsu=20,by=11,about=11,delta=0.020000
17.1007,DATA_RX_OK,rx=14,sender=0,delay_s=0.000662
17.1007,DATA_RX_OK,rx=2,sender=0,delay_s=0.000662
17.1007,DATA_RX_OK,rx=3,sender=0,delay_s=0.000662
17.1007,DATA_RX_OK,rx=13,sender=0,delay_s=0.000662
17.1007,DATA_RX_OK,rx=21,sender=0,delay_s=0.000662
17.1007,DATA_RX_OK,rx=22,sender=0,delay_s=0.000662
17.1007,DATA_RX_OK,rx=5,sender=0,delay_s=0.000662
17.1007,DATA_RX_OK,rx=17,sender=0,delay_s=0.000662
17.1007,DATA_RX_OK,rx=19,sender=0,delay_s=0.000662
17.1007,DATA_RX_OK,rx=10,sender=0,delay_s=0.000662
17.1007,DATA_RX_OK,rx=16,sender=0,delay_s=0.000662
17.1007,DATA_RX_OK,rx=1,sender=0,delay_s=0.000662
17.1007,DATA_RX_OK,rx=20,sender=0,delay_s=0.000662
17.1007,DATA_RX_OK,rx=6,sender=0,delay_s=0.000662
17.1007,DATA_RX_OK,rx=7,sender=0,delay_s=0.000662
17.1007,DATA_RX_OK,rx=12,sender=0,delay_s=0.000662
17.1007,DATA_RX_OK,rx=11,sender=0,delay_s=0.000662
17.1007,DATA_RX_OK,rx=15,sender=0,delay_s=0.000662
17.1007,DATA_RX_OK,rx=18,sender=0,delay_s=0.000662
17.1007,DATA_RX_OK,rx=9,sender=0,delay_s=0.000662
17.1007,DATA_RX_OK,rx=4,sender=0,delay_s=0.000662
17.2007,DATA_RX_OK,rx=14,sender=0,delay_s=0.000662
17.2007,DATA_RX_OK,rx=2,sender=0,delay_s=0.000662
17.2007,DATA_RX_OK,rx=3,sender=0,delay_s=0.000662
17.2007,DATA_RX_OK,rx=13,sender=0,delay_s=0.000662
17.2007,DATA_RX_OK,rx=21,sender=0,delay_s=0.000662
17.2007,DATA_RX_OK,rx=22,sender=0,delay_s=0.000662
17.2007,DATA_RX_OK,rx=5,sender=0,delay_s=0.000662
17.2007,DATA_RX_OK,rx=17,sender=0,delay_s=0.000662
17.2007,DATA_RX_OK,rx=19,sender=0,delay_s=0.000662
17.2007,DATA_RX_OK,rx=10,sender=0,delay_s=0.000662
17.2007,DATA_RX_OK,rx=16,sender=0,delay_s=0.000662
17.2007,DATA_RX_OK,rx=1,sender=0,delay_s=0.000662
17.2007,DATA_RX_OK,rx=20,sender=0,delay_s=0.000662
17.2007,DATA_RX_OK,rx=6,sender=0,delay_s=0.000662
17.2007,DATA_RX_OK,rx=7,sender=0,delay_s=0.000662
17.2007,DATA_RX_OK,rx=12,sender=0,delay_s=0.000662
17.2007,DATA_RX_OK,rx=11,sender=0,delay_s=0.000662
17.2007,DATA_RX_OK,rx=15,sender=0,delay_s=0.000662
17.2007,DATA_RX_OK,rx=18,sender=0,delay_s=0.000662
17.2007,DATA_RX_OK,rx=4,sender=0,delay_s=0.000662
17.2007,DATA_RX_OK,rx=9,sender=0,delay_s=0.000662
17.3,REPLAY_SENT,nonce=17200000000
17.3007,DATA_DROP_REPLAY,rx=14,sender=0,nonce=17200000000
17.3007,DATA_DROP_REPLAY,rx=2,sender=0,nonce=17200000000
17.3007,DATA_DROP_REPLAY,rx=3,sender=0,nonce=17200000000
17.3007,DATA_DROP_REPLAY,rx=13,sender=0,nonce=17200000000
17.3007,DATA_DROP_REPLAY,rx=21,sender=0,nonce=17200000000
17.3007,DATA_DROP_REPLAY,rx=22,sender=0,nonce=17200000000
17.3007,DATA_DROP_REPLAY,rx=5,sender=0,nonce=17200000000
17.3007,DATA_DROP_REPLAY,rx=17,sender=0,nonce=17200000000
17.3007,DATA_DROP_REPLAY,rx=19,sender=0,nonce=17200000000
17.3007,DATA_DROP_REPLAY,rx=10,sender=0,nonce=17200000000
17.3007,DATA_DROP_REPLAY,rx=16,sender=0,nonce=17200000000
17.3007,DATA_DROP_REPLAY,rx=1,sender=0,nonce=17200000000
17.3007,DATA_DROP_REPLAY,rx=20,sender=0,nonce=17200000000
17.3007,DATA_DROP_REPLAY,rx=6,sender=0,nonce=17200000000
17.3007,DATA_DROP_REPLAY,rx=7,sender=0,nonce=17200000000
17.3007,DATA_DROP_REPLAY,rx=12,sender=0,nonce=17200000000
17.3007,DATA_DROP_REPLAY,rx=11,sender=0,nonce=17200000000
17.3007,DATA_DROP_REPLAY,rx=15,sender=0,nonce=17200000000
17.3007,DATA_DROP_REPLAY,rx=18,sender=0,nonce=17200000000
17.3007,DATA_DROP_REPLAY,rx=9,sender=0,nonce=17200000000
17.3007,DATA_DROP_REPLAY,rx=4,sender=0,nonce=17200000000
17.3009,DATA_RX_OK,rx=14,sender=0,delay_s=0.000942
17.3009,DATA_RX_OK,rx=2,sender=0,delay_s=0.000942
17.3009,DATA_RX_OK,rx=3,sender=0,delay_s=0.000942
17.3009,DATA_RX_OK,rx=13,sender=0,delay_s=0.000942
17.3009,DATA_RX_OK,rx=21,sender=0,delay_s=0.000942
17.3009,DATA_RX_OK,rx=22,sender=0,delay_s=0.000942
17.3009,DATA_RX_OK,rx=5,sender=0,delay_s=0.000942
17.3009,DATA_RX_OK,rx=17,sender=0,delay_s=0.000942
17.3009,DATA_RX_OK,rx=19,sender=0,delay_s=0.000942
17.3009,DATA_RX_OK,rx=10,sender=0,delay_s=0.000942
17.3009,DATA_RX_OK,rx=16,sender=0,delay_s=0.000942
17.3009,DATA_RX_OK,rx=1,sender=0,delay_s=0.000942
17.3009,DATA_RX_OK,rx=20,sender=0,delay_s=0.000942
17.3009,DATA_RX_OK,rx=6,sender=0,delay_s=0.000942
17.3009,DATA_RX_OK,rx=7,sender=0,delay_s=0.000942
17.3009,DATA_RX_OK,rx=12,sender=0,delay_s=0.000942
17.3009,DATA_RX_OK,rx=11,sender=0,delay_s=0.000942
17.3009,DATA_RX_OK,rx=15,sender=0,delay_s=0.000942
17.3009,DATA_RX_OK,rx=18,sender=0,delay_s=0.000942
17.3009,DATA_RX_OK,rx=9,sender=0,delay_s=0.000942
17.3009,DATA_RX_OK,rx=4,sender=0,delay_s=0.000942
17.4007,DATA_DROP_SIG,rx=14,sender=0,nonce=17400000000
17.4007,DATA_DROP_SIG,rx=3,sender=0,nonce=17400000000
17.4007,DATA_DROP_SIG,rx=2,sender=0,nonce=17400000000
17.4007,DATA_DROP_SIG,rx=13,sender=0,nonce=17400000000
17.4007,DATA_DROP_SIG,rx=21,sender=0,nonce=17400000000
17.4007,DATA_DROP_SIG,rx=22,sender=0,nonce=17400000000
17.4007,DATA_DROP_SIG,rx=17,sender=0,nonce=17400000000
17.4007,DATA_DROP_SIG,rx=5,sender=0,nonce=17400000000
17.4007,DATA_DROP_SIG,rx=19,sender=0,nonce=17400000000
17.4007,DATA_DROP_SIG,rx=10,sender=0,nonce=17400000000
17.4007,DATA_DROP_SIG,rx=16,sender=0,nonce=17400000000
17.4007,DATA_DROP_SIG,rx=1,sender=0,nonce=17400000000
17.4007,DATA_DROP_SIG,rx=20,sender=0,nonce=17400000000
17.4007,DATA_DROP_SIG,rx=6,sender=0,nonce=17400000000
17.4007,DATA_DROP_SIG,rx=7,sender=0,nonce=17400000000
17.4007,DATA_DROP_SIG,rx=12,sender=0,nonce=17400000000
17.4007,DATA_DROP_SIG,rx=11,sender=0,nonce=17400000000
17.4007,DATA_DROP_SIG,rx=15,sender=0,nonce=17400000000
17.4007,DATA_DROP_SIG,rx=18,sender=0,nonce=17400000000
17.4007,DATA_DROP_SIG,rx=9,sender=0,nonce=17400000000
17.4007,DATA_DROP_SIG,rx=4,sender=0,nonce=17400000000
17.5007,DATA_RX_OK,rx=14,sender=0,delay_s=0.000662
17.5007,DATA_RX_OK,rx=3,sender=0,delay_s=0.000662
17.5007,DATA_RX_OK,rx=13,sender=0,delay_s=0.000662
17.5007,DATA_RX_OK,rx=2,sender=0,delay_s=0.000662
17.5007,DATA_RX_OK,rx=21,sender=0,delay_s=0.000662
17.5007,DATA_RX_OK,rx=22,sender=0,delay_s=0.000662
17.5007,DATA_RX_OK,rx=17,sender=0,delay_s=0.000662
17.5007,DATA_RX_OK,rx=5,sender=0,delay_s=0.000662
17.5007,DATA_RX_OK,rx=19,sender=0,delay_s=0.000662
17.5007,DATA_RX_OK,rx=16,sender=0,delay_s=0.000662
17.5007,DATA_RX_OK,rx=10,sender=0,delay_s=0.000662
17.5007,DATA_RX_OK,rx=1,sender=0,delay_s=0.000662
17.5007,DATA_RX_OK,rx=20,sender=0,delay_s=0.000662
17.5007,DATA_RX_OK,rx=6,sender=0,delay_s=0.000662
17.5007,DATA_RX_OK,rx=7,sender=0,delay_s=0.000662
17.5007,DATA_RX_OK,rx=12,sender=0,delay_s=0.000662
17.5007,DATA_RX_OK,rx=15,sender=0,delay_s=0.000662
17.5007,DATA_RX_OK,rx=11,sender=0,delay_s=0.000662
17.5007,DATA_RX_OK,rx=18,sender=0,delay_s=0.000662
17.5007,DATA_RX_OK,rx=9,sender=0,delay_s=0.000662
17.5007,DATA_RX_OK,rx=4,sender=0,delay_s=0.000662
17.6,REPLAY_SENT,nonce=17500000000
17.6007,DATA_DROP_REPLAY,rx=14,sender=0,nonce=17500000000
17.6007,DATA_DROP_REPLAY,rx=3,sender=0,nonce=17500000000
17.6007,DATA_DROP_REPLAY,rx=13,sender=0,nonce=17500000000
17.6007,DATA_DROP_REPLAY,rx=2,sender=0,nonce=17500000000
17.6007,DATA_DROP_REPLAY,rx=21,sender=0,nonce=17500000000
17.6007,DATA_DROP_REPLAY,rx=22,sender=0,nonce=17500000000
17.6007,DATA_DROP_REPLAY,rx=17,sender=0,nonce=17500000000
17.6007,DATA_DROP_REPLAY,rx=5,sender=0,nonce=17500000000
17.6007,DATA_DROP_REPLAY,rx=19,sender=0,nonce=17500000000
17.6007,DATA_DROP_REPLAY,rx=16,sender=0,nonce=17500000000
17.6007,DATA_DROP_REPLAY,rx=10,sender=0,nonce=17500000000
17.6007,DATA_DROP_REPLAY,rx=1,sender=0,nonce=17500000000
17.6007,DATA_DROP_REPLAY,rx=20,sender=0,nonce=17500000000
17.6007,DATA_DROP_REPLAY,rx=6,sender=0,nonce=17500000000
17.6007,DATA_DROP_REPLAY,rx=7,sender=0,nonce=17500000000
17.6007,DATA_DROP_REPLAY,rx=12,sender=0,nonce=17500000000
17.6007,DATA_DROP_REPLAY,rx=15,sender=0,nonce=17500000000
17.6007,DATA_DROP_REPLAY,rx=11,sender=0,nonce=17500000000
17.6007,DATA_DROP_REPLAY,rx=4,sender=0,nonce=17500000000
17.6007,DATA_DROP_REPLAY,rx=9,sender=0,nonce=17500000000
17.6007,DATA_DROP_REPLAY,rx=18,sender=0,nonce=17500000000
17.601,DATA_DROP_SIG,rx=14,sender=0,nonce=17600000000
17.601,DATA_DROP_SIG,rx=3,sender=0,nonce=17600000000
17.601,DATA_DROP_SIG,rx=13,sender=0,nonce=17600000000
17.601,DATA_DROP_SIG,rx=2,sender=0,nonce=17600000000
17.601,DATA_DROP_SIG,rx=21,sender=0,nonce=17600000000
17.601,DATA_DROP_SIG,rx=22,sender=0,nonce=17600000000
17.601,DATA_DROP_SIG,rx=17,sender=0,nonce=17600000000
17.601,DATA_DROP_SIG,rx=5,sender=0,nonce=17600000000
17.601,DATA_DROP_SIG,rx=19,sender=0,nonce=17600000000
17.601,DATA_DROP_SIG,rx=16,sender=0,nonce=17600000000
17.601,DATA_DROP_SIG,rx=10,sender=0,nonce=17600000000
17.601,DATA_DROP_SIG,rx=1,sender=0,nonce=17600000000
17.601,DATA_DROP_SIG,rx=20,sender=0,nonce=17600000000
17.601,DATA_DROP_SIG,rx=6,sender=0,nonce=17600000000
17.601,DATA_DROP_SIG,rx=7,sender=0,nonce=17600000000
17.601,DATA_DROP_SIG,rx=12,sender=0,nonce=17600000000
17.601,DATA_DROP_SIG,rx=15,sender=0,nonce=17600000000
17.601,DATA_DROP_SIG,rx=11,sender=0,nonce=17600000000
17.601,DATA_DROP_SIG,rx=4,sender=0,nonce=17600000000
17.601,DATA_DROP_SIG,rx=9,sender=0,nonce=17600000000
17.601,DATA_DROP_SIG,rx=18,sender=0,nonce=17600000000
17.7007,DATA_RX_OK,rx=14,sender=0,delay_s=0.000662
17.7007,DATA_RX_OK,rx=13,sender=0,delay_s=0.000662
17.7007,DATA_RX_OK,rx=2,sender=0,delay_s=0.000662
17.7007,DATA_RX_OK,rx=3,sender=0,delay_s=0.000662
17.7007,DATA_RX_OK,rx=21,sender=0,delay_s=0.000662
17.7007,DATA_RX_OK,rx=22,sender=0,delay_s=0.000662
17.7007,DATA_RX_OK,rx=17,sender=0,delay_s=0.000662
17.7007,DATA_RX_OK,rx=5,sender=0,delay_s=0.000662
17.7007,DATA_RX_OK,rx=19,sender=0,delay_s=0.000662
17.7007,DATA_RX_OK,rx=10,sender=0,delay_s=0.000662
17.7007,DATA_RX_OK,rx=16,sender=0,delay_s=0.000662
17.7007,DATA_RX_OK,rx=1,sender=0,delay_s=0.000662
17.7007,DATA_RX_OK,rx=6,sender=0,delay_s=0.000662
17.7007,DATA_RX_OK,rx=20,sender=0,delay_s=0.000662
17.7007,DATA_RX_OK,rx=7,sender=0,delay_s=0.000662
17.7007,DATA_RX_OK,rx=12,sender=0,delay_s=0.000662
17.7007,DATA_RX_OK,rx=15,sender=0,delay_s=0.000662
17.7007,DATA_RX_OK,rx=11,sender=0,delay_s=0.000662
17.7007,DATA_RX_OK,rx=4,sender=0,delay_s=0.000662
17.7007,DATA_RX_OK,rx=9,sender=0,delay_s=0.000662
17.7007,DATA_RX_OK,rx=18,sender=0,delay_s=0.000662
17.8007,DATA_RX_OK,rx=14,sender=0,delay_s=0.000662
17.8007,DATA_RX_OK,rx=13,sender=0,delay_s=0.000662
17.8007,DATA_RX_OK,rx=2,sender=0,delay_s=0.000662
17.8007,DATA_RX_OK,rx=3,sender=0,delay_s=0.000662
17.8007,DATA_RX_OK,rx=21,sender=0,delay_s=0.000662
17.8007,DATA_RX_OK,rx=22,sender=0,delay_s=0.000662
17.8007,DATA_RX_OK,rx=17,sender=0,delay_s=0.000662
17.8007,DATA_RX_OK,rx=5,sender=0,delay_s=0.000662
17.8007,DATA_RX_OK,rx=19,sender=0,delay_s=0.000662
17.8007,DATA_RX_OK,rx=10,sender=0,delay_s=0.000662
17.8007,DATA_RX_OK,rx=16,sender=0,delay_s=0.000662
17.8007,DATA_RX_OK,rx=1,sender=0,delay_s=0.000662
17.8007,DATA_RX_OK,rx=6,sender=0,delay_s=0.000662
17.8007,DATA_RX_OK,rx=20,sender=0,delay_s=0.000662
17.8007,DATA_RX_OK,rx=7,sender=0,delay_s=0.000662
17.8007,DATA_RX_OK,rx=12,sender=0,delay_s=0.000662
17.8007,DATA_RX_OK,rx=15,sender=0,delay_s=0.000662
17.8007,DATA_RX_OK,rx=11,sender=0,delay_s=0.000662
17.8007,DATA_RX_OK,rx=4,sender=0,delay_s=0.000662
17.8007,DATA_RX_OK,rx=9,sender=0,delay_s=0.000662
17.8007,DATA_RX_OK,rx=18,sender=0,delay_s=0.000662
17.85,BLOCK_MINE_START,block_next=18
17.9,REPLAY_SENT,nonce=17800000000
17.9,BLOCK_COMMIT_ITEM,accused=16,delta=-0.050000,trust=0.700000
17.9,BLOCK_COMMIT_ITEM,accused=3,delta=0.020000,trust=0.760000
17.9,BLOCK_COMMIT_ITEM,accused=5,delta=0.020000,trust=0.750000
17.9,BLOCK_COMMIT_ITEM,accused=2,delta=0.020000,trust=0.840000
17.9,BLOCK_COMMIT_ITEM,accused=16,delta=0.020000,trust=0.720000
17.9,BLOCK_COMMIT_ITEM,accused=7,delta=0.020000,trust=0.730000
17.9,BLOCK_COMMIT_ITEM,accused=2,delta=0.020000,trust=0.860000
17.9,BLOCK_COMMIT_ITEM,accused=11,delta=0.020000,trust=0.680000
17.9,BLOCK_COMMIT_DONE,block=18,items=8,lat_s=0.050000
17.9007,DATA_DROP_REPLAY,rx=14,sender=0,nonce=17800000000
17.9007,DATA_DROP_REPLAY,rx=13,sender=0,nonce=17800000000
17.9007,DATA_DROP_REPLAY,rx=2,sender=0,nonce=17800000000
17.9007,DATA_DROP_REPLAY,rx=3,sender=0,nonce=17800000000
17.9007,DATA_DROP_REPLAY,rx=21,sender=0,nonce=17800000000
17.9007,DATA_DROP_REPLAY,rx=22,sender=0,nonce=17800000000
17.9007,DATA_DROP_REPLAY,rx=17,sender=0,nonce=17800000000
17.9007,DATA_DROP_REPLAY,rx=5,sender=0,nonce=17800000000
17.9007,DATA_DROP_REPLAY,rx=19,sender=0,nonce=17800000000
17.9007,DATA_DROP_REPLAY,rx=10,sender=0,nonce=17800000000
17.9007,DATA_DROP_REPLAY,rx=16,sender=0,nonce=17800000000
17.9007,DATA_DROP_REPLAY,rx=1,sender=0,nonce=17800000000
17.9007,DATA_DROP_REPLAY,rx=6,sender=0,nonce=17800000000
17.9007,DATA_DROP_REPLAY,rx=7,sender=0,nonce=17800000000
17.9007,DATA_DROP_REPLAY,rx=20,sender=0,nonce=17800000000
17.9007,DATA_DROP_REPLAY,rx=12,sender=0,nonce=17800000000
17.9007,DATA_DROP_REPLAY,rx=15,sender=0,nonce=17800000000
17.9007,DATA_DROP_REPLAY,rx=4,sender=0,nonce=17800000000
17.9007,DATA_DROP_REPLAY,rx=11,sender=0,nonce=17800000000
17.9007,DATA_DROP_REPLAY,rx=9,sender=0,nonce=17800000000
17.9007,DATA_DROP_REPLAY,rx=18,sender=0,nonce=17800000000
17.901,DATA_DROP_SIG,rx=14,sender=0,nonce=17900000000
17.901,DATA_DROP_SIG,rx=13,sender=0,nonce=17900000000
17.901,DATA_DROP_SIG,rx=2,sender=0,nonce=17900000000
17.901,DATA_DROP_SIG,rx=3,sender=0,nonce=17900000000
17.901,DATA_DROP_SIG,rx=21,sender=0,nonce=17900000000
17.901,DATA_DROP_SIG,rx=22,sender=0,nonce=17900000000
17.901,DATA_DROP_SIG,rx=17,sender=0,nonce=17900000000
17.901,DATA_DROP_SIG,rx=5,sender=0,nonce=17900000000
17.901,DATA_DROP_SIG,rx=19,sender=0,nonce=17900000000
17.901,DATA_DROP_SIG,rx=10,sender=0,nonce=17900000000
17.901,DATA_DROP_SIG,rx=16,sender=0,nonce=17900000000
17.901,DATA_DROP_SIG,rx=1,sender=0,nonce=17900000000
17.901,DATA_DROP_SIG,rx=6,sender=0,nonce=17900000000
17.901,DATA_DROP_SIG,rx=7,sender=0,nonce=17900000000
17.901,DATA_DROP_SIG,rx=20,sender=0,nonce=17900000000
17.901,DATA_DROP_SIG,rx=12,sender=0,nonce=17900000000
17.901,DATA_DROP_SIG,rx=15,sender=0,nonce=17900000000
17.901,DATA_DROP_SIG,rx=4,sender=0,nonce=17900000000
17.901,DATA_DROP_SIG,rx=11,sender=0,nonce=17900000000
17.901,DATA_DROP_SIG,rx=9,sender=0,nonce=17900000000
17.901,DATA_DROP_SIG,rx=18,sender=0,nonce=17900000000
18,REPORT_SENT,by=0,about=6,delta=0.020000
18,REPORT_SENT,by=1,about=9,delta=0.020000
18,REPORT_SENT,by=2,about=8,delta=0.020000
18,REPORT_SENT,by=3,about=14,delta=0.020000
18,REPORT_SENT,by=4,about=0,delta=0.020000
18,REPORT_SENT,by=5,about=0,delta=0.020000
18,REPORT_SENT,by=6,about=19,delta=0.020000
18,REPORT_SENT,by=7,about=8,delta=0.020000
18,REPORT_SENT,by=8,about=13,delta=-0.050000
18,REPORT_SENT,by=9,about=3,delta=0.020000
18,REPORT_SENT,by=10,about=2,delta=-0.050000
18,REPORT_SENT,by=11,about=8,delta=0.020000
18,REPORT_SENT,by=12,about=7,delta=0.020000
18,REPORT_SENT,by=13,about=13,delta=0.020000
18,REPORT_SENT,by=14,about=19,delta=0.020000
18,REPORT_SENT,by=15,about=9,delta=0.020000
18,REPORT_SENT,by=16,about=2,delta=-0.050000
18,REPORT_SENT,by=17,about=12,delta=0.020000
18,REPORT_SENT,by=18,about=4,delta=0.020000
18,REPORT_SENT,by=19,about=5,delta=0.020000
18.0002,REPORT_RX_RSU,rsu=20,by=18,about=4,delta=0.020000
18.0003,REPORT_RX_RSU,rsu=20,by=6,about=19,delta=0.020000
18.0005,REPORT_RX_RSU,rsu=20,by=16,about=2,delta=-0.050000
18.0006,REPORT_RX_RSU,rsu=20,by=12,about=7,delta=0.020000
18.0008,REPORT_RX_RSU,rsu=20,by=11,about=8,delta=0.020000
18.0014,REPORT_RX_RSU,rsu=20,by=4,about=0,delta=0.020000
18.0014,DATA_RX_OK,rx=14,sender=0,delay_s=0.001383
18.0014,DATA_RX_OK,rx=13,sender=0,delay_s=0.001383
18.0014,DATA_RX_OK,rx=2,sender=0,delay_s=0.001383
18.0014,DATA_RX_OK,rx=3,sender=0,delay_s=0.001383
18.0014,DATA_RX_OK,rx=21,sender=0,delay_s=0.001383
18.0014,DATA_RX_OK,rx=22,sender=0,delay_s=0.001383
18.0014,DATA_RX_OK,rx=17,sender=0,delay_s=0.001383
18.0014,DATA_RX_OK,rx=5,sender=0,delay_s=0.001383
18.0014,DATA_RX_OK,rx=19,sender=0,delay_s=0.001383
18.0014,DATA_RX_OK,rx=10,sender=0,delay_s=0.001383
18.0014,DATA_RX_OK,rx=16,sender=0,delay_s=0.001383
18.0014,DATA_RX_OK,rx=1,sender=0,delay_s=0.001383
18.0014,DATA_RX_OK,rx=6,sender=0,delay_s=0.001383
18.0014,DATA_RX_OK,rx=7,sender=0,delay_s=0.001383
18.0014,DATA_RX_OK,rx=20,sender=0,delay_s=0.001383
18.0014,DATA_RX_OK,rx=12,sender=0,delay_s=0.001383
18.0014,DATA_RX_OK,rx=15,sender=0,delay_s=0.001383
18.0014,DATA_RX_OK,rx=4,sender=0,delay_s=0.001383
18.0014,DATA_RX_OK,rx=11,sender=0,delay_s=0.001383
18.0014,DATA_RX_OK,rx=18,sender=0,delay_s=0.001383
18.0014,DATA_RX_OK,rx=9,sender=0,delay_s=0.001383
18.0014,DATA_RX_OK,rx=8,sender=0,delay_s=0.001383
18.0016,REPORT_RX_RSU,rsu=20,by=3,about=14,delta=0.020000
18.0018,REPORT_RX_RSU,rsu=20,by=2,about=8,delta=0.020000
18.1007,DATA_DROP_SIG,rx=14,sender=0,nonce=18100000000
18.1007,DATA_DROP_SIG,rx=13,sender=0,nonce=18100000000
18.1007,DATA_DROP_SIG,rx=2,sender=0,nonce=18100000000
18.1007,DATA_DROP_SIG,rx=3,sender=0,nonce=18100000000
18.1007,DATA_DROP_SIG,rx=21,sender=0,nonce=18100000000
18.1007,DATA_DROP_SIG,rx=22,sender=0,nonce=18100000000
18.1007,DATA_DROP_SIG,rx=17,sender=0,nonce=18100000000
18.1007,DATA_DROP_SIG,rx=5,sender=0,nonce=18100000000
18.1007,DATA_DROP_SIG,rx=10,sender=0,nonce=18100000000
18.1007,DATA_DROP_SIG,rx=19,sender=0,nonce=18100000000
18.1007,DATA_DROP_SIG,rx=16,sender=0,nonce=18100000000
18.1007,DATA_DROP_SIG,rx=1,sender=0,nonce=18100000000
18.1007,DATA_DROP_SIG,rx=6,sender=0,nonce=18100000000
18.1007,DATA_DROP_SIG,rx=7,sender=0,nonce=18100000000
18.1007,DATA_DROP_SIG,rx=20,sender=0,nonce=18100000000
18.1007,DATA_DROP_SIG,rx=12,sender=0,nonce=18100000000
18.1007,DATA_DROP_SIG,rx=4,sender=0,nonce=18100000000
18.1007,DATA_DROP_SIG,rx=15,sender=0,nonce=18100000000
18.1007,DATA_DROP_SIG,rx=11,sender=0,nonce=18100000000
18.1007,DATA_DROP_SIG,rx=18,sender=0,nonce=18100000000
18.1007,DATA_DROP_SIG,rx=9,sender=0,nonce=18100000000
18.1007,DATA_DROP_SIG,rx=8,sender=0,nonce=18100000000
18.2,REPLAY_SENT,nonce=18100000000
18.2007,DATA_DROP_SIG,rx=14,sender=0,nonce=18100000000
18.2007,DATA_DROP_SIG,rx=13,sender=0,nonce=18100000000
18.2007,DATA_DROP_SIG,rx=3,sender=0,nonce=18100000000
18.2007,DATA_DROP_SIG,rx=2,sender=0,nonce=18100000000
18.2007,DATA_DROP_SIG,rx=21,sender=0,nonce=18100000000
18.2007,DATA_DROP_SIG,rx=22,sender=0,nonce=18100000000
18.2007,DATA_DROP_SIG,rx=17,sender=0,nonce=18100000000
18.2007,DATA_DROP_SIG,rx=5,sender=0,nonce=18100000000
18.2007,DATA_DROP_SIG,rx=10,sender=0,nonce=18100000000
18.2007,DATA_DROP_SIG,rx=19,sender=0,nonce=18100000000
18.2007,DATA_DROP_SIG,rx=16,sender=0,nonce=18100000000
18.2007,DATA_DROP_SIG,rx=1,sender=0,nonce=18100000000
18.2007,DATA_DROP_SIG,rx=6,sender=0,nonce=18100000000
18.2007,DATA_DROP_SIG,rx=7,sender=0,nonce=18100000000
18.2007,DATA_DROP_SIG,rx=20,sender=0,nonce=18100000000
18.2007,DATA_DROP_SIG,rx=12,sender=0,nonce=18100000000
18.2007,DATA_DROP_SIG,rx=4,sender=0,nonce=18100000000
18.2007,DATA_DROP_SIG,rx=15,sender=0,nonce=18100000000
18.2007,DATA_DROP_SIG,rx=11,sender=0,nonce=18100000000
18.2007,DATA_DROP_SIG,rx=18,sender=0,nonce=18100000000
18.2007,DATA_DROP_SIG,rx=9,sender=0,nonce=18100000000
18.2007,DATA_DROP_SIG,rx=8,sender=0,nonce=18100000000
18.2011,DATA_RX_OK,rx=14,sender=0,delay_s=0.001059
18.2011,DATA_RX_OK,rx=13,sender=0,delay_s=0.001059
18.2011,DATA_RX_OK,rx=3,sender=0,delay_s=0.001059
18.2011,DATA_RX_OK,rx=2,sender=0,delay_s=0.001059
18.2011,DATA_RX_OK,rx=21,sender=0,delay_s=0.001059
18.2011,DATA_RX_OK,rx=22,sender=0,delay_s=0.001059
18.2011,DATA_RX_OK,rx=17,sender=0,delay_s=0.001059
18.2011,DATA_RX_OK,rx=5,sender=0,delay_s=0.001059
18.2011,DATA_RX_OK,rx=10,sender=0,delay_s=0.001059
18.2011,DATA_RX_OK,rx=19,sender=0,delay_s=0.001059
18.2011,DATA_RX_OK,rx=16,sender=0,delay_s=0.001059
18.2011,DATA_RX_OK,rx=1,sender=0,delay_s=0.001059
18.2011,DATA_RX_OK,rx=6,sender=0,delay_s=0.001059
18.2011,DATA_RX_OK,rx=7,sender=0,delay_s=0.001059
18.2011,DATA_RX_OK,rx=20,sender=0,delay_s=0.001059
18.2011,DATA_RX_OK,rx=12,sender=0,delay_s=0.001059
18.2011,DATA_RX_OK,rx=4,sender=0,delay_s=0.001059
18.2011,DATA_RX_OK,rx=15,sender=0,delay_s=0.001059
18.2011,DATA_RX_OK,rx=11,sender=0,delay_s=0.001059
18.2011,DATA_RX_OK,rx=18,sender=0,delay_s=0.001059
18.2011,DATA_RX_OK,rx=9,sender=0,delay_s=0.001059
18.2011,DATA_RX_OK,rx=8,sender=0,delay_s=0.001059
18.3007,DATA_RX_OK,rx=14,sender=0,delay_s=0.000662
18.3007,DATA_RX_OK,rx=13,sender=0,delay_s=0.000662
18.3007,DATA_RX_OK,rx=3,sender=0,delay_s=0.000662
18.3007,DATA_RX_OK,rx=2,sender=0,delay_s=0.000662
18.3007,DATA_RX_OK,rx=21,sender=0,delay_s=0.000662
18.3007,DATA_RX_OK,rx=22,sender=0,delay_s=0.000662
18.3007,DATA_RX_OK,rx=5,sender=0,delay_s=0.000662
18.3007,DATA_RX_OK,rx=17,sender=0,delay_s=0.000662
18.3007,DATA_RX_OK,rx=10,sender=0,delay_s=0.000662
18.3007,DATA_RX_OK,rx=19,sender=0,delay_s=0.000662
18.3007,DATA_RX_OK,rx=16,sender=0,delay_s=0.000662
18.3007,DATA_RX_OK,rx=1,sender=0,delay_s=0.000662
18.3007,DATA_RX_OK,rx=6,sender=0,delay_s=0.000662
18.3007,DATA_RX_OK,rx=7,sender=0,delay_s=0.000662
18.3007,DATA_RX_OK,rx=20,sender=0,delay_s=0.000662
18.3007,DATA_RX_OK,rx=12,sender=0,delay_s=0.000662
18.3007,DATA_RX_OK,rx=4,sender=0,delay_s=0.000662
18.3007,DATA_RX_OK,rx=11,sender=0,delay_s=0.000662
18.3007,DATA_RX_OK,rx=15,sender=0,delay_s=0.000662
18.3007,DATA_RX_OK,rx=18,sender=0,delay_s=0.000662
18.3007,DATA_RX_OK,rx=9,sender=0,delay_s=0.000662
18.3007,DATA_RX_OK,rx=8,sender=0,delay_s=0.000662
18.4007,DATA_RX_OK,rx=14,sender=0,delay_s=0.000662
18.4007,DATA_RX_OK,rx=13,sender=0,delay_s=0.000662
18.4007,DATA_RX_OK,rx=3,sender=0,delay_s=0.000662
18.4007,DATA_RX_OK,rx=21,sender=0,delay_s=0.000662
18.4007,DATA_RX_OK,rx=2,sender=0,delay_s=0.000662
18.4007,DATA_RX_OK,rx=22,sender=0,delay_s=0.000662
18.4007,DATA_RX_OK,rx=10,sender=0,delay_s=0.000662
18.4007,DATA_RX_OK,rx=17,sender=0,delay_s=0.000662
18.4007,DATA_RX_OK,rx=5,sender=0,delay_s=0.000662
18.4007,DATA_RX_OK,rx=19,sender=0,delay_s=0.000662
18.4007,DATA_RX_OK,rx=16,sender=0,delay_s=0.000662
18.4007,DATA_RX_OK,rx=1,sender=0,delay_s=0.000662
18.4007,DATA_RX_OK,rx=6,sender=0,delay_s=0.000662
18.4007,DATA_RX_OK,rx=7,sender=0,delay_s=0.000662
18.4007,DATA_RX_OK,rx=20,sender=0,delay_s=0.000662
18.4007,DATA_RX_OK,rx=12,sender=0,delay_s=0.000662
18.4007,DATA_RX_OK,rx=4,sender=0,delay_s=0.000662
18.4007,DATA_RX_OK,rx=11,sender=0,delay_s=0.000662
18.4007,DATA_RX_OK,rx=15,sender=0,delay_s=0.000662
18.4007,DATA_RX_OK,rx=18,sender=0,delay_s=0.000662
18.4007,DATA_RX_OK,rx=9,sender=0,delay_s=0.000662
18.4007,DATA_RX_OK,rx=8,sender=0,delay_s=0.000662
18.5,REPLAY_SENT,nonce=18400000000
18.5007,DATA_DROP_REPLAY,rx=14,sender=0,nonce=18400000000
18.5007,DATA_DROP_REPLAY,rx=3,sender=0,nonce=18400000000
18.5007,DATA_DROP_REPLAY,rx=13,sender=0,nonce=18400000000
18.5007,DATA_DROP_REPLAY,rx=2,sender=0,nonce=18400000000
18.5007,DATA_DROP_REPLAY,rx=21,sender=0,nonce=18400000000
18.5007,DATA_DROP_REPLAY,rx=22,sender=0,nonce=18400000000
18.5007,DATA_DROP_REPLAY,rx=10,sender=0,nonce=18400000000
18.5007,DATA_DROP_REPLAY,rx=17,sender=0,nonce=18400000000
18.5007,DATA_DROP_REPLAY,rx=5,sender=0,nonce=18400000000
18.5007,DATA_DROP_REPLAY,rx=19,sender=0,nonce=18400000000
18.5007,DATA_DROP_REPLAY,rx=1,sender=0,nonce=18400000000
18.5007,DATA_DROP_REPLAY,rx=16,sender=0,nonce=18400000000
18.5007,DATA_DROP_REPLAY,rx=6,sender=0,nonce=18400000000
18.5007,DATA_DROP_REPLAY,rx=7,sender=0,nonce=18400000000
18.5007,DATA_DROP_REPLAY,rx=20,sender=0,nonce=18400000000
18.5007,DATA_DROP_REPLAY,rx=12,sender=0,nonce=18400000000
18.5007,DATA_DROP_REPLAY,rx=4,sender=0,nonce=18400000000
18.5007,DATA_DROP_REPLAY,rx=11,sender=0,nonce=18400000000
18.5007,DATA_DROP_REPLAY,rx=15,sender=0,nonce=18400000000
18.5007,DATA_DROP_REPLAY,rx=18,sender=0,nonce=18400000000
18.5007,DATA_DROP_REPLAY,rx=9,sender=0,nonce=18400000000
18.5007,DATA_DROP_REPLAY,rx=8,sender=0,nonce=18400000000
18.501,DATA_RX_OK,rx=14,sender=0,delay_s=0.001005
18.501,DATA_RX_OK,rx=3,sender=0,delay_s=0.001005
18.501,DATA_RX_OK,rx=13,sender=0,delay_s=0.001005
18.501,DATA_RX_OK,rx=2,sender=0,delay_s=0.001005
18.501,DATA_RX_OK,rx=21,sender=0,delay_s=0.001005
18.501,DATA_RX_OK,rx=22,sender=0,delay_s=0.001005
18.501,DATA_RX_OK,rx=10,sender=0,delay_s=0.001005
18.501,DATA_RX_OK,rx=17,sender=0,delay_s=0.001005
18.501,DATA_RX_OK,rx=5,sender=0,delay_s=0.001005
18.501,DATA_RX_OK,rx=19,sender=0,delay_s=0.001005
18.501,DATA_RX_OK,rx=1,sender=0,delay_s=0.001005
18.501,DATA_RX_OK,rx=16,sender=0,delay_s=0.001005
18.501,DATA_RX_OK,rx=6,sender=0,delay_s=0.001005
18.501,DATA_RX_OK,rx=7,sender=0,delay_s=0.001005
18.501,DATA_RX_OK,rx=20,sender=0,delay_s=0.001005
18.501,DATA_RX_OK,rx=12,sender=0,delay_s=0.001005
18.501,DATA_RX_OK,rx=4,sender=0,delay_s=0.001005
18.501,DATA_RX_OK,rx=11,sender=0,delay_s=0.001005
18.501,DATA_RX_OK,rx=15,sender=0,delay_s=0.001005
18.501,DATA_RX_OK,rx=18,sender=0,delay_s=0.001005
18.501,DATA_RX_OK,rx=9,sender=0,delay_s=0.001005
18.501,DATA_RX_OK,rx=8,sender=0,delay_s=0.001005
18.6007,DATA_DROP_SIG,rx=14,sender=0,nonce=18600000000
18.6007,DATA_DROP_SIG,rx=2,sender=0,nonce=18600000000
18.6007,DATA_DROP_SIG,rx=3,sender=0,nonce=18600000000
18.6007,DATA_DROP_SIG,rx=21,sender=0,nonce=18600000000
18.6007,DATA_DROP_SIG,rx=13,sender=0,nonce=18600000000
18.6007,DATA_DROP_SIG,rx=22,sender=0,nonce=18600000000
18.6007,DATA_DROP_SIG,rx=10,sender=0,nonce=18600000000
18.6007,DATA_DROP_SIG,rx=17,sender=0,nonce=18600000000
18.6007,DATA_DROP_SIG,rx=5,sender=0,nonce=18600000000
18.6007,DATA_DROP_SIG,rx=19,sender=0,nonce=18600000000
18.6007,DATA_DROP_SIG,rx=1,sender=0,nonce=18600000000
18.6007,DATA_DROP_SIG,rx=16,sender=0,nonce=18600000000
18.6007,DATA_DROP_SIG,rx=6,sender=0,nonce=18600000000
18.6007,DATA_DROP_SIG,rx=7,sender=0,nonce=18600000000
18.6007,DATA_DROP_SIG,rx=20,sender=0,nonce=18600000000
18.6007,DATA_DROP_SIG,rx=12,sender=0,nonce=18600000000
18.6007,DATA_DROP_SIG,rx=4,sender=0,nonce=18600000000
18.6007,DATA_DROP_SIG,rx=11,sender=0,nonce=18600000000
18.6007,DATA_DROP_SIG,rx=15,sender=0,nonce=18600000000
18.6007,DATA_DROP_SIG,rx=18,sender=0,nonce=18600000000
18.6007,DATA_DROP_SIG,rx=9,sender=0,nonce=18600000000
18.6007,DATA_DROP_SIG,rx=8,sender=0,nonce=18600000000
18.7007,DATA_RX_OK,rx=14,sender=0,delay_s=0.000662
18.7007,DATA_RX_OK,rx=2,sender=0,delay_s=0.000662
18.7007,DATA_RX_OK,rx=3,sender=0,delay_s=0.000662
18.7007,DATA_RX_OK,rx=21,sender=0,delay_s=0.000662
18.7007,DATA_RX_OK,rx=13,sender=0,delay_s=0.000662
18.7007,DATA_RX_OK,rx=10,sender=0,delay_s=0.000662
18.7007,DATA_RX_OK,rx=22,sender=0,delay_s=0.000662
18.7007,DATA_RX_OK,rx=17,sender=0,delay_s=0.000662
18.7007,DATA_RX_OK,rx=5,sender=0,delay_s=0.000662
18.7007,DATA_RX_OK,rx=19,sender=0,delay_s=0.000662
18.7007,DATA_RX_OK,rx=1,sender=0,delay_s=0.000662
18.7007,DATA_RX_OK,rx=16,sender=0,delay_s=0.000662
18.7007,DATA_RX_OK,rx=6,sender=0,delay_s=0.000662
18.7007,DATA_RX_OK,rx=7,sender=0,delay_s=0.000662
18.7007,DATA_RX_OK,rx=20,sender=0,delay_s=0.000662
18.7007,DATA_RX_OK,rx=12,sender=0,delay_s=0.000662
18.7007,DATA_RX_OK,rx=4,sender=0,delay_s=0.000662
18.7007,DATA_RX_OK,rx=11,sender=0,delay_s=0.000662
18.7007,DATA_RX_OK,rx=15,sender=0,delay_s=0.000662
18.7007,DATA_RX_OK,rx=18,sender=0,delay_s=0.000662
18.7007,DATA_RX_OK,rx=9,sender=0,delay_s=0.000662
18.7007,DATA_RX_OK,rx=8,sender=0,delay_s=0.000662
18.8,REPLAY_SENT,nonce=18700000000
18.8007,DATA_DROP_REPLAY,rx=2,sender=0,nonce=18700000000
18.8007,DATA_DROP_REPLAY,rx=3,sender=0,nonce=18700000000
18.8007,DATA_DROP_REPLAY,rx=14,sender=0,nonce=18700000000
18.8007,DATA_DROP_REPLAY,rx=21,sender=0,nonce=18700000000
18.8007,DATA_DROP_REPLAY,rx=13,sender=0,nonce=18700000000
18.8007,DATA_DROP_REPLAY,rx=10,sender=0,nonce=18700000000
18.8007,DATA_DROP_REPLAY,rx=22,sender=0,nonce=18700000000
18.8007,DATA_DROP_REPLAY,rx=17,sender=0,nonce=18700000000
18.8007,DATA_DROP_REPLAY,rx=5,sender=0,nonce=18700000000
18.8007,DATA_DROP_REPLAY,rx=19,sender=0,nonce=18700000000
18.8007,DATA_DROP_REPLAY,rx=1,sender=0,nonce=18700000000
18.8007,DATA_DROP_REPLAY,rx=16,sender=0,nonce=18700000000
18.8007,DATA_DROP_REPLAY,rx=6,sender=0,nonce=18700000000
18.8007,DATA_DROP_REPLAY,rx=7,sender=0,nonce=18700000000
18.8007,DATA_DROP_REPLAY,rx=20,sender=0,nonce=18700000000
18.8007,DATA_DROP_REPLAY,rx=12,sender=0,nonce=18700000000
18.8007,DATA_DROP_REPLAY,rx=4,sender=0,nonce=18700000000
18.8007,DATA_DROP_REPLAY,rx=11,sender=0,nonce=18700000000
18.8007,DATA_DROP_REPLAY,rx=15,sender=0,nonce=18700000000
18.8007,DATA_DROP_REPLAY,rx=18,sender=0,nonce=18700000000
18.8007,DATA_DROP_REPLAY,rx=9,sender=0,nonce=18700000000
18.8007,DATA_DROP_REPLAY,rx=8,sender=0,nonce=18700000000
18.801,DATA_RX_OK,rx=2,sender=0,delay_s=0.000960
18.801,DATA_RX_OK,rx=3,sender=0,delay_s=0.000960
18.801,DATA_RX_OK,rx=14,sender=0,delay_s=0.000960
18.801,DATA_RX_OK,rx=21,sender=0,delay_s=0.000960
18.801,DATA_RX_OK,rx=13,sender=0,delay_s=0.000960
18.801,DATA_RX_OK,rx=10,sender=0,delay_s=0.000960
18.801,DATA_RX_OK,rx=22,sender=0,delay_s=0.000960
18.801,DATA_RX_OK,rx=17,sender=0,delay_s=0.000960
18.801,DATA_RX_OK,rx=5,sender=0,delay_s=0.000960
18.801,DATA_RX_OK,rx=19,sender=0,delay_s=0.000960
18.801,DATA_RX_OK,rx=1,sender=0,delay_s=0.000960
18.801,DATA_RX_OK,rx=16,sender=0,delay_s=0.000960
18.801,DATA_RX_OK,rx=6,sender=0,delay_s=0.000960
18.801,DATA_RX_OK,rx=7,sender=0,delay_s=0.000960
18.801,DATA_RX_OK,rx=20,sender=0,delay_s=0.000960
18.801,DATA_RX_OK,rx=12,sender=0,delay_s=0.000960
18.801,DATA_RX_OK,rx=4,sender=0,delay_s=0.000960
18.801,DATA_RX_OK,rx=11,sender=0,delay_s=0.000960
18.801,DATA_RX_OK,rx=15,sender=0,delay_s=0.000960
18.801,DATA_RX_OK,rx=18,sender=0,delay_s=0.000960
18.801,DATA_RX_OK,rx=9,sender=0,delay_s=0.000960
18.801,DATA_RX_OK,rx=8,sender=0,delay_s=0.000960
18.9,BLOCK_MINE_START,block_next=19
18.9007,DATA_RX_OK,rx=2,sender=0,delay_s=0.000662
18.9007,DATA_RX_OK,rx=3,sender=0,delay_s=0.000662
18.9007,DATA_RX_OK,rx=21,sender=0,delay_s=0.000662
18.9007,DATA_RX_OK,rx=14,sender=0,delay_s=0.000662
18.9007,DATA_RX_OK,rx=13,sender=0,delay_s=0.000662
18.9007,DATA_RX_OK,rx=10,sender=0,delay_s=0.000662
18.9007,DATA_RX_OK,rx=22,sender=0,delay_s=0.000662
18.9007,DATA_RX_OK,rx=17,sender=0,delay_s=0.000662
18.9007,DATA_RX_OK,rx=5,sender=0,delay_s=0.000662
18.9007,DATA_RX_OK,rx=1,sender=0,delay_s=0.000662
18.9007,DATA_RX_OK,rx=19,sender=0,delay_s=0.000662
18.9007,DATA_RX_OK,rx=16,sender=0,delay_s=0.000662
18.9007,DATA_RX_OK,rx=6,sender=0,delay_s=0.000662
18.9007,DATA_RX_OK,rx=7,sender=0,delay_s=0.000662
18.9007,DATA_RX_OK,rx=20,sender=0,delay_s=0.000662
18.9007,DATA_RX_OK,rx=12,sender=0,delay_s=0.000662
18.9007,DATA_RX_OK,rx=11,sender=0,delay_s=0.000662
18.9007,DATA_RX_OK,rx=4,sender=0,delay_s=0.000662
18.9007,DATA_RX_OK,rx=15,sender=0,delay_s=0.000662
18.9007,DATA_RX_OK,rx=18,sender=0,delay_s=0.000662
18.9007,DATA_RX_OK,rx=9,sender=0,delay_s=0.000662
18.9007,DATA_RX_OK,rx=8,sender=0,delay_s=0.000662
18.95,BLOCK_COMMIT_ITEM,accused=4,delta=0.020000,trust=0.740000
18.95,BLOCK_COMMIT_ITEM,accused=19,delta=0.020000,trust=0.830000
18.95,BLOCK_COMMIT_ITEM,accused=2,delta=-0.050000,trust=0.810000
18.95,BLOCK_COMMIT_ITEM,accused=7,delta=0.020000,trust=0.750000
18.95,BLOCK_COMMIT_ITEM,accused=8,delta=0.020000,trust=0.760000
18.95,BLOCK_COMMIT_ITEM,accused=0,delta=0.020000,trust=0.810000
18.95,BLOCK_COMMIT_ITEM,accused=14,delta=0.020000,trust=0.860000
18.95,BLOCK_COMMIT_ITEM,accused=8,delta=0.020000,trust=0.780000
18.95,BLOCK_COMMIT_DONE,block=19,items=8,lat_s=0.050000
19,REPORT_SENT,by=0,about=12,delta=0.020000
19,REPORT_SENT,by=1,about=8,delta=0.020000
19,REPORT_SENT,by=2,about=2,delta=0.020000
19,REPORT_SENT,by=3,about=18,delta=0.020000
19,REPORT_SENT,by=4,about=5,delta=0.020000
19,REPORT_SENT,by=5,about=1,delta=0.020000
19,REPORT_SENT,by=6,about=6,delta=0.020000
19,REPORT_SENT,by=7,about=8,delta=0.020000
19,REPORT_SENT,by=8,about=19,delta=0.020000
19,REPORT_SENT,by=9,about=3,delta=0.020000
19,REPORT_SENT,by=10,about=19,delta=0.020000
19,REPORT_SENT,by=11,about=9,delta=0.020000
19,REPORT_SENT,by=12,about=11,delta=0.020000
19,REPORT_SENT,by=13,about=10,delta=-0.050000
19,REPORT_SENT,by=14,about=19,delta=0.020000
19,REPORT_SENT,by=15,about=15,delta=0.020000
19,REPORT_SENT,by=16,about=11,delta=0.020000
19,REPORT_SENT,by=17,about=0,delta=0.020000
19,REPORT_SENT,by=18,about=18,delta=0.020000
19,REPORT_SENT,by=19,about=15,delta=0.020000
19.0002,REPORT_RX_RSU,rsu=20,by=3,about=18,delta=0.020000
19.0006,REPORT_RX_RSU,rsu=20,by=4,about=5,delta=0.020000
19.0008,DATA_DROP_SIG,rx=2,sender=0,nonce=19000000000
19.0008,DATA_DROP_SIG,rx=21,sender=0,nonce=19000000000
19.0008,DATA_DROP_SIG,rx=3,sender=0,nonce=19000000000
19.0008,DATA_DROP_SIG,rx=14,sender=0,nonce=19000000000
19.0008,DATA_DROP_SIG,rx=13,sender=0,nonce=19000000000
19.0008,DATA_DROP_SIG,rx=10,sender=0,nonce=19000000000
19.0008,DATA_DROP_SIG,rx=17,sender=0,nonce=19000000000
19.0008,DATA_DROP_SIG,rx=22,sender=0,nonce=19000000000
19.0008,DATA_DROP_SIG,rx=1,sender=0,nonce=19000000000
19.0008,DATA_DROP_SIG,rx=5,sender=0,nonce=19000000000
19.0008,DATA_DROP_SIG,rx=19,sender=0,nonce=19000000000
19.0008,DATA_DROP_SIG,rx=6,sender=0,nonce=19000000000
19.0008,DATA_DROP_SIG,rx=16,sender=0,nonce=19000000000
19.0008,DATA_DROP_SIG,rx=20,sender=0,nonce=19000000000
19.0008,DATA_DROP_SIG,rx=7,sender=0,nonce=19000000000
19.0008,DATA_DROP_SIG,rx=12,sender=0,nonce=19000000000
19.0008,DATA_DROP_SIG,rx=11,sender=0,nonce=19000000000
19.0008,DATA_DROP_SIG,rx=4,sender=0,nonce=19000000000
19.0008,DATA_DROP_SIG,rx=15,sender=0,nonce=19000000000
19.0008,DATA_DROP_SIG,rx=18,sender=0,nonce=19000000000
19.0008,DATA_DROP_SIG,rx=9,sender=0,nonce=19000000000
19.0008,DATA_DROP_SIG,rx=8,sender=0,nonce=19000000000
19.0008,REPORT_RX_RSU,rsu=20,by=2,about=2,delta=0.020000
19.0009,REPORT_RX_RSU,rsu=20,by=18,about=18,delta=0.020000
19.0011,REPORT_RX_RSU,rsu=20,by=16,about=11,delta=0.020000
19.0012,REPORT_RX_RSU,rsu=20,by=12,about=11,delta=0.020000
19.0014,REPORT_RX_RSU,rsu=20,by=6,about=6,delta=0.020000
19.0015,REPORT_RX_RSU,rsu=20,by=11,about=9,delta=0.020000
19.1,REPLAY_SENT,nonce=19000000000
19.1007,DATA_DROP_SIG,rx=2,sender=0,nonce=19000000000
19.1007,DATA_DROP_SIG,rx=21,sender=0,nonce=19000000000
19.1007,DATA_DROP_SIG,rx=3,sender=0,nonce=19000000000
19.1007,DATA_DROP_SIG,rx=14,sender=0,nonce=19000000000
19.1007,DATA_DROP_SIG,rx=10,sender=0,nonce=19000000000
19.1007,DATA_DROP_SIG,rx=13,sender=0,nonce=19000000000
19.1007,DATA_DROP_SIG,rx=17,sender=0,nonce=19000000000
19.1007,DATA_DROP_SIG,rx=1,sender=0,nonce=19000000000
19.1007,DATA_DROP_SIG,rx=22,sender=0,nonce=19000000000
19.1007,DATA_DROP_SIG,rx=5,sender=0,nonce=19000000000
19.1007,DATA_DROP_SIG,rx=19,sender=0,nonce=19000000000
19.1007,DATA_DROP_SIG,rx=6,sender=0,nonce=19000000000
19.1007,DATA_DROP_SIG,rx=16,sender=0,nonce=19000000000
19.1007,DATA_DROP_SIG,rx=20,sender=0,nonce=19000000000
19.1007,DATA_DROP_SIG,rx=7,sender=0,nonce=19000000000
19.1007,DATA_DROP_SIG,rx=12,sender=0,nonce=19000000000
19.1007,DATA_DROP_SIG,rx=11,sender=0,nonce=19000000000
19.1007,DATA_DROP_SIG,rx=15,sender=0,nonce=19000000000
19.1007,DATA_DROP_SIG,rx=4,sender=0,nonce=19000000000
19.1007,DATA_DROP_SIG,rx=18,sender=0,nonce=19000000000
19.1007,DATA_DROP_SIG,rx=9,sender=0,nonce=19000000000
19.1007,DATA_DROP_SIG,rx=8,sender=0,nonce=19000000000
19.101,DATA_RX_OK,rx=2,sender=0,delay_s=0.000978
19.101,DATA_RX_OK,rx=21,sender=0,delay_s=0.000978
19.101,DATA_RX_OK,rx=3,sender=0,delay_s=0.000978
19.101,DATA_RX_OK,rx=14,sender=0,delay_s=0.000978
19.101,DATA_RX_OK,rx=10,sender=0,delay_s=0.000978
19.101,DATA_RX_OK,rx=13,sender=0,delay_s=0.000978
19.101,DATA_RX_OK,rx=17,sender=0,delay_s=0.000978
19.101,DATA_RX_OK,rx=1,sender=0,delay_s=0.000978
19.101,DATA_RX_OK,rx=22,sender=0,delay_s=0.000978
19.101,DATA_RX_OK,rx=5,sender=0,delay_s=0.000978
19.101,DATA_RX_OK,rx=19,sender=0,delay_s=0.000978
19.101,DATA_RX_OK,rx=6,sender=0,delay_s=0.000978
19.101,DATA_RX_OK,rx=16,sender=0,delay_s=0.000978
19.101,DATA_RX_OK,rx=20,sender=0,delay_s=0.000978
19.101,DATA_RX_OK,rx=7,sender=0,delay_s=0.000978
19.101,DATA_RX_OK,rx=12,sender=0,delay_s=0.000978
19.101,DATA_RX_OK,rx=11,sender=0,delay_s=0.000978
19.101,DATA_RX_OK,rx=15,sender=0,delay_s=0.000978
19.101,DATA_RX_OK,rx=4,sender=0,delay_s=0.000978
19.101,DATA_RX_OK,rx=18,sender=0,delay_s=0.000978
19.101,DATA_RX_OK,rx=9,sender=0,delay_s=0.000978
19.101,DATA_RX_OK,rx=8,sender=0,delay_s=0.000978
19.2007,DATA_RX_OK,rx=2,sender=0,delay_s=0.000662
19.2007,DATA_RX_OK,rx=21,sender=0,delay_s=0.000662
19.2007,DATA_RX_OK,rx=3,sender=0,delay_s=0.000662
19.2007,DATA_RX_OK,rx=14,sender=0,delay_s=0.000662
19.2007,DATA_RX_OK,rx=10,sender=0,delay_s=0.000662
19.2007,DATA_RX_OK,rx=13,sender=0,delay_s=0.000662
19.2007,DATA_RX_OK,rx=1,sender=0,delay_s=0.000662
19.2007,DATA_RX_OK,rx=17,sender=0,delay_s=0.000662
19.2007,DATA_RX_OK,rx=22,sender=0,delay_s=0.000662
19.2007,DATA_RX_OK,rx=5,sender=0,delay_s=0.000662
19.2007,DATA_RX_OK,rx=19,sender=0,delay_s=0.000662
19.2007,DATA_RX_OK,rx=6,sender=0,delay_s=0.000662
19.2007,DATA_RX_OK,rx=16,sender=0,delay_s=0.000662
19.2007,DATA_RX_OK,rx=20,sender=0,delay_s=0.000662
19.2007,DATA_RX_OK,rx=7,sender=0,delay_s=0.000662
19.2007,DATA_RX_OK,rx=12,sender=0,delay_s=0.000662
19.2007,DATA_RX_OK,rx=11,sender=0,delay_s=0.000662
19.2007,DATA_RX_OK,rx=15,sender=0,delay_s=0.000662
19.2007,DATA_RX_OK,rx=4,sender=0,delay_s=0.000662
19.2007,DATA_RX_OK,rx=9,sender=0,delay_s=0.000662
19.2007,DATA_RX_OK,rx=18,sender=0,delay_s=0.000662
19.2007,DATA_RX_OK,rx=8,sender=0,delay_s=0.000662
19.3007,DATA_RX_OK,rx=2,sender=0,delay_s=0.000662
19.3007,DATA_RX_OK,rx=3,sender=0,delay_s=0.000662
19.3007,DATA_RX_OK,rx=21,sender=0,delay_s=0.000662
19.3007,DATA_RX_OK,rx=14,sender=0,delay_s=0.000662
19.3007,DATA_RX_OK,rx=10,sender=0,delay_s=0.000662
19.3007,DATA_RX_OK,rx=13,sender=0,delay_s=0.000662
19.3007,DATA_RX_OK,rx=1,sender=0,delay_s=0.000662
19.3007,DATA_RX_OK,rx=17,sender=0,delay_s=0.000662
19.3007,DATA_RX_OK,rx=22,sender=0,delay_s=0.000662
19.3007,DATA_RX_OK,rx=5,sender=0,delay_s=0.000662
19.3007,DATA_RX_OK,rx=19,sender=0,delay_s=0.000662
19.3007,DATA_RX_OK,rx=16,sender=0,delay_s=0.000662
19.3007,DATA_RX_OK,rx=6,sender=0,delay_s=0.000662
19.3007,DATA_RX_OK,rx=20,sender=0,delay_s=0.000662
19.3007,DATA_RX_OK,rx=7,sender=0,delay_s=0.000662
19.3007,DATA_RX_OK,rx=12,sender=0,delay_s=0.000662
19.3007,DATA_RX_OK,rx=11,sender=0,delay_s=0.000662
19.3007,DATA_RX_OK,rx=15,sender=0,delay_s=0.000662
19.3007,DATA_RX_OK,rx=4,sender=0,delay_s=0.000662
19.3007,DATA_RX_OK,rx=9,sender=0,delay_s=0.000662
19.3007,DATA_RX_OK,rx=18,sender=0,delay_s=0.000662
19.3007,DATA_RX_OK,rx=8,sender=0,delay_s=0.000662
19.4,REPLAY_SENT,nonce=19300000000
19.4007,DATA_DROP_REPLAY,rx=2,sender=0,nonce=19300000000
19.4007,DATA_DROP_REPLAY,rx=3,sender=0,nonce=19300000000
19.4007,DATA_DROP_REPLAY,rx=21,sender=0,nonce=19300000000
19.4007,DATA_DROP_REPLAY,rx=14,sender=0,nonce=19300000000
19.4007,DATA_DROP_REPLAY,rx=13,sender=0,nonce=19300000000
19.4007,DATA_DROP_REPLAY,rx=10,sender=0,nonce=19300000000
19.4007,DATA_DROP_REPLAY,rx=17,sender=0,nonce=19300000000
19.4007,DATA_DROP_REPLAY,rx=1,sender=0,nonce=19300000000
19.4007,DATA_DROP_REPLAY,rx=22,sender=0,nonce=19300000000
19.4007,DATA_DROP_REPLAY,rx=5,sender=0,nonce=19300000000
19.4007,DATA_DROP_REPLAY,rx=16,sender=0,nonce=19300000000
19.4007,DATA_DROP_REPLAY,rx=19,sender=0,nonce=19300000000
19.4007,DATA_DROP_REPLAY,rx=6,sender=0,nonce=19300000000
19.4007,DATA_DROP_REPLAY,rx=20,sender=0,nonce=19300000000
19.4007,DATA_DROP_REPLAY,rx=7,sender=0,nonce=19300000000
19.4007,DATA_DROP_REPLAY,rx=11,sender=0,nonce=19300000000
19.4007,DATA_DROP_REPLAY,rx=12,sender=0,nonce=19300000000
19.4007,DATA_DROP_REPLAY,rx=4,sender=0,nonce=19300000000
19.4007,DATA_DROP_REPLAY,rx=15,sender=0,nonce=19300000000
19.4007,DATA_DROP_REPLAY,rx=9,sender=0,nonce=19300000000
19.4007,DATA_DROP_REPLAY,rx=18,sender=0,nonce=19300000000
19.4007,DATA_DROP_REPLAY,rx=8,sender=0,nonce=19300000000
19.401,DATA_RX_OK,rx=2,sender=0,delay_s=0.000951
19.401,DATA_RX_OK,rx=3,sender=0,delay_s=0.000951
19.401,DATA_RX_OK,rx=21,sender=0,delay_s=0.000951
19.401,DATA_RX_OK,rx=14,sender=0,delay_s=0.000951
19.401,DATA_RX_OK,rx=13,sender=0,delay_s=0.000951
19.401,DATA_RX_OK,rx=10,sender=0,delay_s=0.000951
19.401,DATA_RX_OK,rx=17,sender=0,delay_s=0.000951
19.401,DATA_RX_OK,rx=1,sender=0,delay_s=0.000951
19.401,DATA_RX_OK,rx=22,sender=0,delay_s=0.000951
19.401,DATA_RX_OK,rx=5,sender=0,delay_s=0.000951
19.401,DATA_RX_OK,rx=16,sender=0,delay_s=0.000951
19.401,DATA_RX_OK,rx=19,sender=0,delay_s=0.000951
19.401,DATA_RX_OK,rx=6,sender=0,delay_s=0.000951
19.401,DATA_RX_OK,rx=20,sender=0,delay_s=0.000951
19.401,DATA_RX_OK,rx=7,sender=0,delay_s=0.000951
19.401,DATA_RX_OK,rx=11,sender=0,delay_s=0.000951
19.401,DATA_RX_OK,rx=12,sender=0,delay_s=0.000951
19.401,DATA_RX_OK,rx=4,sender=0,delay_s=0.000951
19.401,DATA_RX_OK,rx=15,sender=0,delay_s=0.000951
19.401,DATA_RX_OK,rx=9,sender=0,delay_s=0.000951
19.401,DATA_RX_OK,rx=18,sender=0,delay_s=0.000951
19.401,DATA_RX_OK,rx=8,sender=0,delay_s=0.000951
19.5007,DATA_RX_OK,rx=2,sender=0,delay_s=0.000662
19.5007,DATA_RX_OK,rx=3,sender=0,delay_s=0.000662
19.5007,DATA_RX_OK,rx=21,sender=0,delay_s=0.000662
19.5007,DATA_RX_OK,rx=14,sender=0,delay_s=0.000662
19.5007,DATA_RX_OK,rx=13,sender=0,delay_s=0.000662
19.5007,DATA_RX_OK,rx=10,sender=0,delay_s=0.000662
19.5007,DATA_RX_OK,rx=1,sender=0,delay_s=0.000662
19.5007,DATA_RX_OK,rx=17,sender=0,delay_s=0.000662
19.5007,DATA_RX_OK,rx=22,sender=0,delay_s=0.000662
19.5007,DATA_RX_OK,rx=5,sender=0,delay_s=0.000662
19.5007,DATA_RX_OK,rx=16,sender=0,delay_s=0.000662
19.5007,DATA_RX_OK,rx=19,sender=0,delay_s=0.000662
19.5007,DATA_RX_OK,rx=6,sender=0,delay_s=0.000662
19.5007,DATA_RX_OK,rx=20,sender=0,delay_s=0.000662
19.5007,DATA_RX_OK,rx=7,sender=0,delay_s=0.000662
19.5007,DATA_RX_OK,rx=11,sender=0,delay_s=0.000662
19.5007,DATA_RX_OK,rx=12,sender=0,delay_s=0.000662
19.5007,DATA_RX_OK,rx=4,sender=0,delay_s=0.000662
19.5007,DATA_RX_OK,rx=15,sender=0,delay_s=0.000662
19.5007,DATA_RX_OK,rx=9,sender=0,delay_s=0.000662
19.5007,DATA_RX_OK,rx=18,sender=0,delay_s=0.000662
19.5007,DATA_RX_OK,rx=8,sender=0,delay_s=0.000662
19.6007,DATA_RX_OK,rx=2,sender=0,delay_s=0.000662
19.6007,DATA_RX_OK,rx=3,sender=0,delay_s=0.000662
19.6007,DATA_RX_OK,rx=14,sender=0,delay_s=0.000662
19.6007,DATA_RX_OK,rx=21,sender=0,delay_s=0.000662
19.6007,DATA_RX_OK,rx=13,sender=0,delay_s=0.000662
19.6007,DATA_RX_OK,rx=10,sender=0,delay_s=0.000662
19.6007,DATA_RX_OK,rx=1,sender=0,delay_s=0.000662
19.6007,DATA_RX_OK,rx=17,sender=0,delay_s=0.000662
19.6007,DATA_RX_OK,rx=22,sender=0,delay_s=0.000662
19.6007,DATA_RX_OK,rx=5,sender=0,delay_s=0.000662
19.6007,DATA_RX_OK,rx=16,sender=0,delay_s=0.000662
19.6007,DATA_RX_OK,rx=19,sender=0,delay_s=0.000662
19.6007,DATA_RX_OK,rx=6,sender=0,delay_s=0.000662
19.6007,DATA_RX_OK,rx=20,sender=0,delay_s=0.000662
19.6007,DATA_RX_OK,rx=7,sender=0,delay_s=0.000662
19.6007,DATA_RX_OK,rx=11,sender=0,delay_s=0.000662
19.6007,DATA_RX_OK,rx=12,sender=0,delay_s=0.000662
19.6007,DATA_RX_OK,rx=4,sender=0,delay_s=0.000662
19.6007,DATA_RX_OK,rx=15,sender=0,delay_s=0.000662
19.6007,DATA_RX_OK,rx=9,sender=0,delay_s=0.000662
19.6007,DATA_RX_OK,rx=18,sender=0,delay_s=0.000662
19.6007,DATA_RX_OK,rx=8,sender=0,delay_s=0.000662
19.7,REPLAY_SENT,nonce=19600000000
19.7007,DATA_DROP_REPLAY,rx=2,sender=0,nonce=19600000000
19.7007,DATA_DROP_REPLAY,rx=3,sender=0,nonce=19600000000
19.7007,DATA_DROP_REPLAY,rx=14,sender=0,nonce=19600000000
19.7007,DATA_DROP_REPLAY,rx=21,sender=0,nonce=19600000000
19.7007,DATA_DROP_REPLAY,rx=13,sender=0,nonce=19600000000
19.7007,DATA_DROP_REPLAY,rx=10,sender=0,nonce=19600000000
19.7007,DATA_DROP_REPLAY,rx=17,sender=0,nonce=19600000000
19.7007,DATA_DROP_REPLAY,rx=1,sender=0,nonce=19600000000
19.7007,DATA_DROP_REPLAY,rx=22,sender=0,nonce=19600000000
19.7007,DATA_DROP_REPLAY,rx=5,sender=0,nonce=19600000000
19.7007,DATA_DROP_REPLAY,rx=16,sender=0,nonce=19600000000
19.7007,DATA_DROP_REPLAY,rx=19,sender=0,nonce=19600000000
19.7007,DATA_DROP_REPLAY,rx=6,sender=0,nonce=19600000000
19.7007,DATA_DROP_REPLAY,rx=20,sender=0,nonce=19600000000
19.7007,DATA_DROP_REPLAY,rx=7,sender=0,nonce=19600000000
19.7007,DATA_DROP_REPLAY,rx=11,sender=0,nonce=19600000000
19.7007,DATA_DROP_REPLAY,rx=12,sender=0,nonce=19600000000
19.7007,DATA_DROP_REPLAY,rx=4,sender=0,nonce=19600000000
19.7007,DATA_DROP_REPLAY,rx=9,sender=0,nonce=19600000000
19.7007,DATA_DROP_REPLAY,rx=15,sender=0,nonce=19600000000
19.7007,DATA_DROP_REPLAY,rx=18,sender=0,nonce=19600000000
19.7007,DATA_DROP_REPLAY,rx=8,sender=0,nonce=19600000000
19.7009,DATA_RX_OK,rx=2,sender=0,delay_s=0.000924
19.7009,DATA_RX_OK,rx=3,sender=0,delay_s=0.000924
19.7009,DATA_RX_OK,rx=14,sender=0,delay_s=0.000924
19.7009,DATA_RX_OK,rx=21,sender=0,delay_s=0.000924
19.7009,DATA_RX_OK,rx=13,sender=0,delay_s=0.000924
19.7009,DATA_RX_OK,rx=10,sender=0,delay_s=0.000924
19.7009,DATA_RX_OK,rx=17,sender=0,delay_s=0.000924
19.7009,DATA_RX_OK,rx=1,sender=0,delay_s=0.000924
19.7009,DATA_RX_OK,rx=22,sender=0,delay_s=0.000924
19.7009,DATA_RX_OK,rx=5,sender=0,delay_s=0.000924
19.7009,DATA_RX_OK,rx=16,sender=0,delay_s=0.000924
19.7009,DATA_RX_OK,rx=19,sender=0,delay_s=0.000924
19.7009,DATA_RX_OK,rx=6,sender=0,delay_s=0.000924
19.7009,DATA_RX_OK,rx=20,sender=0,delay_s=0.000924
19.7009,DATA_RX_OK,rx=7,sender=0,delay_s=0.000924
19.7009,DATA_RX_OK,rx=11,sender=0,delay_s=0.000924
19.7009,DATA_RX_OK,rx=12,sender=0,delay_s=0.000924
19.7009,DATA_RX_OK,rx=4,sender=0,delay_s=0.000924
19.7009,DATA_RX_OK,rx=9,sender=0,delay_s=0.000924
19.7009,DATA_RX_OK,rx=15,sender=0,delay_s=0.000924
19.7009,DATA_RX_OK,rx=18,sender=0,delay_s=0.000924
19.7009,DATA_RX_OK,rx=8,sender=0,delay_s=0.000924
19.8007,DATA_RX_OK,rx=14,sender=0,delay_s=0.000662
19.8007,DATA_RX_OK,rx=2,sender=0,delay_s=0.000662
19.8007,DATA_RX_OK,rx=3,sender=0,delay_s=0.000662
19.8007,DATA_RX_OK,rx=21,sender=0,delay_s=0.000662
19.8007,DATA_RX_OK,rx=13,sender=0,delay_s=0.000662
19.8007,DATA_RX_OK,rx=10,sender=0,delay_s=0.000662
19.8007,DATA_RX_OK,rx=17,sender=0,delay_s=0.000662
19.8007,DATA_RX_OK,rx=22,sender=0,delay_s=0.000662
19.8007,DATA_RX_OK,rx=1,sender=0,delay_s=0.000662
19.8007,DATA_RX_OK,rx=5,sender=0,delay_s=0.000662
19.8007,DATA_RX_OK,rx=16,sender=0,delay_s=0.000662
19.8007,DATA_RX_OK,rx=19,sender=0,delay_s=0.000662
19.8007,DATA_RX_OK,rx=6,sender=0,delay_s=0.000662
19.8007,DATA_RX_OK,rx=20,sender=0,delay_s=0.000662
19.8007,DATA_RX_OK,rx=11,sender=0,delay_s=0.000662
19.8007,DATA_RX_OK,rx=7,sender=0,delay_s=0.000662
19.8007,DATA_RX_OK,rx=12,sender=0,delay_s=0.000662
19.8007,DATA_RX_OK,rx=4,sender=0,delay_s=0.000662
19.8007,DATA_RX_OK,rx=9,sender=0,delay_s=0.000662
19.8007,DATA_RX_OK,rx=15,sender=0,delay_s=0.000662
19.8007,DATA_RX_OK,rx=18,sender=0,delay_s=0.000662
19.8007,DATA_RX_OK,rx=8,sender=0,delay_s=0.000662
19.9007,DATA_RX_OK,rx=14,sender=0,delay_s=0.000662
19.9007,DATA_RX_OK,rx=2,sender=0,delay_s=0.000662
19.9007,DATA_RX_OK,rx=3,sender=0,delay_s=0.000662
19.9007,DATA_RX_OK,rx=21,sender=0,delay_s=0.000662
19.9007,DATA_RX_OK,rx=13,sender=0,delay_s=0.000662
19.9007,DATA_RX_OK,rx=10,sender=0,delay_s=0.000662
19.9007,DATA_RX_OK,rx=22,sender=0,delay_s=0.000662
19.9007,DATA_RX_OK,rx=17,sender=0,delay_s=0.000662
19.9007,DATA_RX_OK,rx=5,sender=0,delay_s=0.000662
19.9007,DATA_RX_OK,rx=1,sender=0,delay_s=0.000662
19.9007,DATA_RX_OK,rx=16,sender=0,delay_s=0.000662
19.9007,DATA_RX_OK,rx=20,sender=0,delay_s=0.000662
19.9007,DATA_RX_OK,rx=19,sender=0,delay_s=0.000662
19.9007,DATA_RX_OK,rx=6,sender=0,delay_s=0.000662
19.9007,DATA_RX_OK,rx=11,sender=0,delay_s=0.000662
19.9007,DATA_RX_OK,rx=7,sender=0,delay_s=0.000662
19.9007,DATA_RX_OK,rx=12,sender=0,delay_s=0.000662
19.9007,DATA_RX_OK,rx=4,sender=0,delay_s=0.000662
19.9007,DATA_RX_OK,rx=9,sender=0,delay_s=0.000662
19.9007,DATA_RX_OK,rx=15,sender=0,delay_s=0.000662
19.9007,DATA_RX_OK,rx=18,sender=0,delay_s=0.000662
19.9007,DATA_RX_OK,rx=8,sender=0,delay_s=0.000662
19.95,BLOCK_MINE_START,block_next=20
20,REPORT_SENT,by=0,about=8,delta=0.020000
20,REPORT_SENT,by=1,about=1,delta=0.020000
20,REPORT_SENT,by=2,about=12,delta=-0.050000
20,REPORT_SENT,by=3,about=14,delta=0.020000
20,REPORT_SENT,by=4,about=7,delta=0.020000
20,REPORT_SENT,by=5,about=1,delta=0.020000
20,REPORT_SENT,by=6,about=11,delta=0.020000
20,REPORT_SENT,by=7,about=14,delta=0.020000
20,REPORT_SENT,by=8,about=0,delta=0.020000
20,REPORT_SENT,by=9,about=11,delta=0.020000
20,REPORT_SENT,by=10,about=1,delta=-0.050000
20,REPORT_SENT,by=11,about=13,delta=0.020000
20,REPORT_SENT,by=12,about=17,delta=-0.050000
20,REPORT_SENT,by=13,about=10,delta=0.020000
20,REPORT_SENT,by=14,about=3,delta=0.020000
20,REPORT_SENT,by=15,about=15,delta=0.020000
20,REPORT_SENT,by=16,about=8,delta=0.020000
20,REPORT_SENT,by=17,about=11,delta=0.020000
20,REPORT_SENT,by=18,about=16,delta=0.020000
20,REPORT_SENT,by=19,about=12,delta=0.020000
20,REPLAY_SENT,nonce=19900000000
20,BLOCK_COMMIT_ITEM,accused=18,delta=0.020000,trust=0.790000
20,BLOCK_COMMIT_ITEM,accused=5,delta=0.020000,trust=0.770000
20,BLOCK_COMMIT_ITEM,accused=2,delta=0.020000,trust=0.830000
20,BLOCK_COMMIT_ITEM,accused=18,delta=0.020000,trust=0.810000
20,BLOCK_COMMIT_ITEM,accused=11,delta=0.020000,trust=0.700000
20,BLOCK_COMMIT_ITEM,accused=11,delta=0.020000,trust=0.720000
20,BLOCK_COMMIT_ITEM,accused=6,delta=0.020000,trust=0.830000
20,BLOCK_COMMIT_ITEM,accused=9,delta=0.020000,trust=0.820000
20,BLOCK_COMMIT_DONE,block=20,items=8,lat_s=0.050000
20.0002,REPORT_RX_RSU,rsu=20,by=11,about=13,delta=0.020000
20.0004,REPORT_RX_RSU,rsu=20,by=12,about=17,delta=-0.050000
20.0009,DATA_DROP_REPLAY,rx=14,sender=0,nonce=19900000000
20.0009,DATA_DROP_REPLAY,rx=3,sender=0,nonce=19900000000
20.0009,DATA_DROP_REPLAY,rx=2,sender=0,nonce=19900000000
20.0009,DATA_DROP_REPLAY,rx=21,sender=0,nonce=19900000000
20.0009,DATA_DROP_REPLAY,rx=13,sender=0,nonce=19900000000
20.0009,DATA_DROP_REPLAY,rx=10,sender=0,nonce=19900000000
20.0009,DATA_DROP_REPLAY,rx=22,sender=0,nonce=19900000000
20.0009,DATA_DROP_REPLAY,rx=5,sender=0,nonce=19900000000
20.0009,DATA_DROP_REPLAY,rx=17,sender=0,nonce=19900000000
20.0009,DATA_DROP_REPLAY,rx=1,sender=0,nonce=19900000000
20.0009,DATA_DROP_REPLAY,rx=16,sender=0,nonce=19900000000
20.0009,DATA_DROP_REPLAY,rx=20,sender=0,nonce=19900000000
20.0009,DATA_DROP_REPLAY,rx=6,sender=0,nonce=19900000000
20.0009,DATA_DROP_REPLAY,rx=11,sender=0,nonce=19900000000
20.0009,DATA_DROP_REPLAY,rx=19,sender=0,nonce=19900000000
20.0009,DATA_DROP_REPLAY,rx=7,sender=0,nonce=19900000000
20.0009,DATA_DROP_REPLAY,rx=12,sender=0,nonce=19900000000
20.0009,DATA_DROP_REPLAY,rx=9,sender=0,nonce=19900000000
20.0009,DATA_DROP_REPLAY,rx=4,sender=0,nonce=19900000000
20.0009,DATA_DROP_REPLAY,rx=15,sender=0,nonce=19900000000
20.0009,DATA_DROP_REPLAY,rx=18,sender=0,nonce=19900000000
20.0009,DATA_DROP_REPLAY,rx=8,sender=0,nonce=19900000000
20.001,REPORT_RX_RSU,rsu=20,by=3,about=14,delta=0.020000
20.0012,DATA_RX_OK,rx=14,sender=0,delay_s=0.001157
20.0012,DATA_RX_OK,rx=3,sender=0,delay_s=0.001157
20.0012,DATA_RX_OK,rx=2,sender=0,delay_s=0.001157
20.0012,DATA_RX_OK,rx=21,sender=0,delay_s=0.001157
20.0012,DATA_RX_OK,rx=13,sender=0,delay_s=0.001157
20.0012,DATA_RX_OK,rx=10,sender=0,delay_s=0.001157
20.0012,DATA_RX_OK,rx=22,sender=0,delay_s=0.001157
20.0012,DATA_RX_OK,rx=5,sender=0,delay_s=0.001157
20.0012,DATA_RX_OK,rx=17,sender=0,delay_s=0.001157
20.0012,DATA_RX_OK,rx=1,sender=0,delay_s=0.001157
20.0012,DATA_RX_OK,rx=16,sender=0,delay_s=0.001157
20.0012,DATA_RX_OK,rx=20,sender=0,delay_s=0.001157
20.0012,DATA_RX_OK,rx=6,sender=0,delay_s=0.001157
20.0012,DATA_RX_OK,rx=11,sender=0,delay_s=0.001157
20.0012,DATA_RX_OK,rx=19,sender=0,delay_s=0.001157
20.0012,DATA_RX_OK,rx=7,sender=0,delay_s=0.001157
20.0012,DATA_RX_OK,rx=12,sender=0,delay_s=0.001157
20.0012,DATA_RX_OK,rx=9,sender=0,delay_s=0.001157
20.0012,DATA_RX_OK,rx=4,sender=0,delay_s=0.001157
20.0012,DATA_RX_OK,rx=15,sender=0,delay_s=0.001157
20.0012,DATA_RX_OK,rx=18,sender=0,delay_s=0.001157
20.0012,DATA_RX_OK,rx=8,sender=0,delay_s=0.001157
20.0012,REPORT_RX_RSU,rsu=20,by=2,about=12,delta=-0.050000
20.0015,REPORT_RX_RSU,rsu=20,by=16,about=8,delta=0.020000
20.0016,REPORT_RX_RSU,rsu=20,by=4,about=7,delta=0.020000
20.0018,REPORT_RX_RSU,rsu=20,by=18,about=16,delta=0.020000
20.002,REPORT_RX_RSU,rsu=20,by=6,about=11,delta=0.020000
20.1007,DATA_RX_OK,rx=14,sender=0,delay_s=0.000662
20.1007,DATA_RX_OK,rx=3,sender=0,delay_s=0.000662
20.1007,DATA_RX_OK,rx=2,sender=0,delay_s=0.000662
20.1007,DATA_RX_OK,rx=21,sender=0,delay_s=0.000662
20.1007,DATA_RX_OK,rx=13,sender=0,delay_s=0.000662
20.1007,DATA_RX_OK,rx=10,sender=0,delay_s=0.000662
20.1007,DATA_RX_OK,rx=17,sender=0,delay_s=0.000662
20.1007,DATA_RX_OK,rx=22,sender=0,delay_s=0.000662
20.1007,DATA_RX_OK,rx=1,sender=0,delay_s=0.000662
20.1007,DATA_RX_OK,rx=5,sender=0,delay_s=0.000662
20.1007,DATA_RX_OK,rx=16,sender=0,delay_s=0.000662
20.1007,DATA_RX_OK,rx=20,sender=0,delay_s=0.000662
20.1007,DATA_RX_OK,rx=19,sender=0,delay_s=0.000662
20.1007,DATA_RX_OK,rx=11,sender=0,delay_s=0.000662
20.1007,DATA_RX_OK,rx=6,sender=0,delay_s=0.000662
20.1007,DATA_RX_OK,rx=7,sender=0,delay_s=0.000662
20.1007,DATA_RX_OK,rx=12,sender=0,delay_s=0.000662
20.1007,DATA_RX_OK,rx=4,sender=0,delay_s=0.000662
20.1007,DATA_RX_OK,rx=9,sender=0,delay_s=0.000662
20.1007,DATA_RX_OK,rx=15,sender=0,delay_s=0.000662
20.1007,DATA_RX_OK,rx=18,sender=0,delay_s=0.000662
20.1007,DATA_RX_OK,rx=8,sender=0,delay_s=0.000662
20.2007,DATA_RX_OK,rx=3,sender=0,delay_s=0.000662
20.2007,DATA_RX_OK,rx=14,sender=0,delay_s=0.000662
20.2007,DATA_RX_OK,rx=2,sender=0,delay_s=0.000662
20.2007,DATA_RX_OK,rx=21,sender=0,delay_s=0.000662
20.2007,DATA_RX_OK,rx=13,sender=0,delay_s=0.000662
20.2007,DATA_RX_OK,rx=10,sender=0,delay_s=0.000662
20.2007,DATA_RX_OK,rx=17,sender=0,delay_s=0.000662
20.2007,DATA_RX_OK,rx=1,sender=0,delay_s=0.000662
20.2007,DATA_RX_OK,rx=22,sender=0,delay_s=0.000662
20.2007,DATA_RX_OK,rx=5,sender=0,delay_s=0.000662
20.2007,DATA_RX_OK,rx=16,sender=0,delay_s=0.000662
20.2007,DATA_RX_OK,rx=20,sender=0,delay_s=0.000662
20.2007,DATA_RX_OK,rx=19,sender=0,delay_s=0.000662
20.2007,DATA_RX_OK,rx=11,sender=0,delay_s=0.000662
20.2007,DATA_RX_OK,rx=7,sender=0,delay_s=0.000662
20.2007,DATA_RX_OK,rx=6,sender=0,delay_s=0.000662
20.2007,DATA_RX_OK,rx=12,sender=0,delay_s=0.000662
20.2007,DATA_RX_OK,rx=4,sender=0,delay_s=0.000662
20.2007,DATA_RX_OK,rx=9,sender=0,delay_s=0.000662
20.2007,DATA_RX_OK,rx=15,sender=0,delay_s=0.000662
20.2007,DATA_RX_OK,rx=18,sender=0,delay_s=0.000662
20.2007,DATA_RX_OK,rx=8,sender=0,delay_s=0.000662
20.3,REPLAY_SENT,nonce=20200000000
20.3007,DATA_DROP_REPLAY,rx=3,sender=0,nonce=20200000000
20.3007,DATA_DROP_REPLAY,rx=14,sender=0,nonce=20200000000
20.3007,DATA_DROP_REPLAY,rx=2,sender=0,nonce=20200000000
20.3007,DATA_DROP_REPLAY,rx=21,sender=0,nonce=20200000000
20.3007,DATA_DROP_REPLAY,rx=13,sender=0,nonce=20200000000
20.3007,DATA_DROP_REPLAY,rx=10,sender=0,nonce=20200000000
20.3007,DATA_DROP_REPLAY,rx=17,sender=0,nonce=20200000000
20.3007,DATA_DROP_REPLAY,rx=1,sender=0,nonce=20200000000
20.3007,DATA_DROP_REPLAY,rx=22,sender=0,nonce=20200000000
20.3007,DATA_DROP_REPLAY,rx=5,sender=0,nonce=20200000000
20.3007,DATA_DROP_REPLAY,rx=16,sender=0,nonce=20200000000
20.3007,DATA_DROP_REPLAY,rx=20,sender=0,nonce=20200000000
20.3007,DATA_DROP_REPLAY,rx=19,sender=0,nonce=20200000000
20.3007,DATA_DROP_REPLAY,rx=11,sender=0,nonce=20200000000
20.3007,DATA_DROP_REPLAY,rx=7,sender=0,nonce=20200000000
20.3007,DATA_DROP_REPLAY,rx=6,sender=0,nonce=20200000000
20.3007,DATA_DROP_REPLAY,rx=12,sender=0,nonce=20200000000
20.3007,DATA_DROP_REPLAY,rx=4,sender=0,nonce=20200000000
20.3007,DATA_DROP_REPLAY,rx=9,sender=0,nonce=20200000000
20.3007,DATA_DROP_REPLAY,rx=15,sender=0,nonce=20200000000
20.3007,DATA_DROP_REPLAY,rx=18,sender=0,nonce=20200000000
20.3007,DATA_DROP_REPLAY,rx=8,sender=0,nonce=20200000000
20.301,DATA_RX_OK,rx=3,sender=0,delay_s=0.000996
20.301,DATA_RX_OK,rx=14,sender=0,delay_s=0.000996
20.301,DATA_RX_OK,rx=2,sender=0,delay_s=0.000996
20.301,DATA_RX_OK,rx=21,sender=0,delay_s=0.000996
20.301,DATA_RX_OK,rx=13,sender=0,delay_s=0.000996
20.301,DATA_RX_OK,rx=10,sender=0,delay_s=0.000996
20.301,DATA_RX_OK,rx=17,sender=0,delay_s=0.000996
20.301,DATA_RX_OK,rx=1,sender=0,delay_s=0.000996
20.301,DATA_RX_OK,rx=22,sender=0,delay_s=0.000996
20.301,DATA_RX_OK,rx=5,sender=0,delay_s=0.000996
20.301,DATA_RX_OK,rx=16,sender=0,delay_s=0.000996
20.301,DATA_RX_OK,rx=20,sender=0,delay_s=0.000996
20.301,DATA_RX_OK,rx=19,sender=0,delay_s=0.000996
20.301,DATA_RX_OK,rx=11,sender=0,delay_s=0.000996
20.301,DATA_RX_OK,rx=7,sender=0,delay_s=0.000996
20.301,DATA_RX_OK,rx=6,sender=0,delay_s=0.000996
20.301,DATA_RX_OK,rx=12,sender=0,delay_s=0.000996
20.301,DATA_RX_OK,rx=4,sender=0,delay_s=0.000996
20.301,DATA_RX_OK,rx=9,sender=0,delay_s=0.000996
20.301,DATA_RX_OK,rx=15,sender=0,delay_s=0.000996
20.301,DATA_RX_OK,rx=18,sender=0,delay_s=0.000996
20.301,DATA_RX_OK,rx=8,sender=0,delay_s=0.000996
20.4007,DATA_RX_OK,rx=3,sender=0,delay_s=0.000662
20.4007,DATA_RX_OK,rx=14,sender=0,delay_s=0.000662
20.4007,DATA_RX_OK,rx=2,sender=0,delay_s=0.000662
20.4007,DATA_RX_OK,rx=21,sender=0,delay_s=0.000662
20.4007,DATA_RX_OK,rx=13,sender=0,delay_s=0.000662
20.4007,DATA_RX_OK,rx=17,sender=0,delay_s=0.000662
20.4007,DATA_RX_OK,rx=10,sender=0,delay_s=0.000662
20.4007,DATA_RX_OK,rx=1,sender=0,delay_s=0.000662
20.4007,DATA_RX_OK,rx=22,sender=0,delay_s=0.000662
20.4007,DATA_RX_OK,rx=5,sender=0,delay_s=0.000662
20.4007,DATA_RX_OK,rx=16,sender=0,delay_s=0.000662
20.4007,DATA_RX_OK,rx=20,sender=0,delay_s=0.000662
20.4007,DATA_RX_OK,rx=19,sender=0,delay_s=0.000662
20.4007,DATA_RX_OK,rx=7,sender=0,delay_s=0.000662
20.4007,DATA_RX_OK,rx=11,sender=0,delay_s=0.000662
20.4007,DATA_RX_OK,rx=6,sender=0,delay_s=0.000662
20.4007,DATA_RX_OK,rx=12,sender=0,delay_s=0.000662
20.4007,DATA_RX_OK,rx=4,sender=0,delay_s=0.000662
20.4007,DATA_RX_OK,rx=9,sender=0,delay_s=0.000662
20.4007,DATA_RX_OK,rx=15,sender=0,delay_s=0.000662
20.4007,DATA_RX_OK,rx=18,sender=0,delay_s=0.000662
20.4007,DATA_RX_OK,rx=8,sender=0,delay_s=0.000662
20.5007,DATA_RX_OK,rx=3,sender=0,delay_s=0.000662
20.5007,DATA_RX_OK,rx=14,sender=0,delay_s=0.000662
20.5007,DATA_RX_OK,rx=21,sender=0,delay_s=0.000662
20.5007,DATA_RX_OK,rx=2,sender=0,delay_s=0.000662
20.5007,DATA_RX_OK,rx=17,sender=0,delay_s=0.000662
20.5007,DATA_RX_OK,rx=10,sender=0,delay_s=0.000662
20.5007,DATA_RX_OK,rx=1,sender=0,delay_s=0.000662
20.5007,DATA_RX_OK,rx=13,sender=0,delay_s=0.000662
20.5007,DATA_RX_OK,rx=22,sender=0,delay_s=0.000662
20.5007,DATA_RX_OK,rx=5,sender=0,delay_s=0.000662
20.5007,DATA_RX_OK,rx=16,sender=0,delay_s=0.000662
20.5007,DATA_RX_OK,rx=20,sender=0,delay_s=0.000662
20.5007,DATA_RX_OK,rx=7,sender=0,delay_s=0.000662
20.5007,DATA_RX_OK,rx=19,sender=0,delay_s=0.000662
20.5007,DATA_RX_OK,rx=11,sender=0,delay_s=0.000662
20.5007,DATA_RX_OK,rx=6,sender=0,delay_s=0.000662
20.5007,DATA_RX_OK,rx=12,sender=0,delay_s=0.000662
20.5007,DATA_RX_OK,rx=4,sender=0,delay_s=0.000662
20.5007,DATA_RX_OK,rx=9,sender=0,delay_s=0.000662
20.5007,DATA_RX_OK,rx=15,sender=0,delay_s=0.000662
20.5007,DATA_RX_OK,rx=18,sender=0,delay_s=0.000662
20.5007,DATA_RX_OK,rx=8,sender=0,delay_s=0.000662
20.6,REPLAY_SENT,nonce=20500000000
20.6007,DATA_DROP_REPLAY,rx=3,sender=0,nonce=20500000000
20.6007,DATA_DROP_REPLAY,rx=21,sender=0,nonce=20500000000
20.6007,DATA_DROP_REPLAY,rx=14,sender=0,nonce=20500000000
20.6007,DATA_DROP_REPLAY,rx=2,sender=0,nonce=20500000000
20.6007,DATA_DROP_REPLAY,rx=17,sender=0,nonce=20500000000
20.6007,DATA_DROP_REPLAY,rx=10,sender=0,nonce=20500000000
20.6007,DATA_DROP_REPLAY,rx=1,sender=0,nonce=20500000000
20.6007,DATA_DROP_REPLAY,rx=13,sender=0,nonce=20500000000
20.6007,DATA_DROP_REPLAY,rx=22,sender=0,nonce=20500000000
20.6007,DATA_DROP_REPLAY,rx=5,sender=0,nonce=20500000000
20.6007,DATA_DROP_REPLAY,rx=16,sender=0,nonce=20500000000
20.6007,DATA_DROP_REPLAY,rx=20,sender=0,nonce=20500000000
20.6007,DATA_DROP_REPLAY,rx=7,sender=0,nonce=20500000000
20.6007,DATA_DROP_REPLAY,rx=19,sender=0,nonce=20500000000
20.6007,DATA_DROP_REPLAY,rx=11,sender=0,nonce=20500000000
20.6007,DATA_DROP_REPLAY,rx=6,sender=0,nonce=20500000000
20.6007,DATA_DROP_REPLAY,rx=12,sender=0,nonce=20500000000
20.6007,DATA_DROP_REPLAY,rx=4,sender=0,nonce=20500000000
20.6007,DATA_DROP_REPLAY,rx=9,sender=0,nonce=20500000000
20.6007,DATA_DROP_REPLAY,rx=15,sender=0,nonce=20500000000
20.6007,DATA_DROP_REPLAY,rx=18,sender=0,nonce=20500000000
20.6007,DATA_DROP_REPLAY,rx=8,sender=0,nonce=20500000000
20.6011,DATA_RX_OK,rx=3,sender=0,delay_s=0.001059
20.6011,DATA_RX_OK,rx=21,sender=0,delay_s=0.001059
20.6011,DATA_RX_OK,rx=14,sender=0,delay_s=0.001059
20.6011,DATA_RX_OK,rx=2,sender=0,delay_s=0.001059
20.6011,DATA_RX_OK,rx=17,sender=0,delay_s=0.001059
20.6011,DATA_RX_OK,rx=10,sender=0,delay_s=0.001059
20.6011,DATA_RX_OK,rx=1,sender=0,delay_s=0.001059
20.6011,DATA_RX_OK,rx=13,sender=0,delay_s=0.001059
20.6011,DATA_RX_OK,rx=22,sender=0,delay_s=0.001059
20.6011,DATA_RX_OK,rx=5,sender=0,delay_s=0.001059
20.6011,DATA_RX_OK,rx=16,sender=0,delay_s=0.001059
20.6011,DATA_RX_OK,rx=20,sender=0,delay_s=0.001059
20.6011,DATA_RX_OK,rx=7,sender=0,delay_s=0.001059
20.6011,DATA_RX_OK,rx=19,sender=0,delay_s=0.001059
20.6011,DATA_RX_OK,rx=11,sender=0,delay_s=0.001059
20.6011,DATA_RX_OK,rx=6,sender=0,delay_s=0.001059
20.6011,DATA_RX_OK,rx=12,sender=0,delay_s=0.001059
20.6011,DATA_RX_OK,rx=4,sender=0,delay_s=0.001059
20.6011,DATA_RX_OK,rx=9,sender=0,delay_s=0.001059
20.6011,DATA_RX_OK,rx=15,sender=0,delay_s=0.001059
20.6011,DATA_RX_OK,rx=18,sender=0,delay_s=0.001059
20.6011,DATA_RX_OK,rx=8,sender=0,delay_s=0.001059
20.7007,DATA_RX_OK,rx=3,sender=0,delay_s=0.000662
20.7007,DATA_RX_OK,rx=21,sender=0,delay_s=0.000662
20.7007,DATA_RX_OK,rx=14,sender=0,delay_s=0.000662
20.7007,DATA_RX_OK,rx=2,sender=0,delay_s=0.000662
20.7007,DATA_RX_OK,rx=17,sender=0,delay_s=0.000662
20.7007,DATA_RX_OK,rx=10,sender=0,delay_s=0.000662
20.7007,DATA_RX_OK,rx=1,sender=0,delay_s=0.000662
20.7007,DATA_RX_OK,rx=13,sender=0,delay_s=0.000662
20.7007,DATA_RX_OK,rx=22,sender=0,delay_s=0.000662
20.7007,DATA_RX_OK,rx=16,sender=0,delay_s=0.000662
20.7007,DATA_RX_OK,rx=5,sender=0,delay_s=0.000662
20.7007,DATA_RX_OK,rx=20,sender=0,delay_s=0.000662
20.7007,DATA_RX_OK,rx=7,sender=0,delay_s=0.000662
20.7007,DATA_RX_OK,rx=19,sender=0,delay_s=0.000662
20.7007,DATA_RX_OK,rx=11,sender=0,delay_s=0.000662
20.7007,DATA_RX_OK,rx=12,sender=0,delay_s=0.000662
20.7007,DATA_RX_OK,rx=6,sender=0,delay_s=0.000662
20.7007,DATA_RX_OK,rx=4,sender=0,delay_s=0.000662
20.7007,DATA_RX_OK,rx=9,sender=0,delay_s=0.000662
20.7007,DATA_RX_OK,rx=15,sender=0,delay_s=0.000662
20.7007,DATA_RX_OK,rx=18,sender=0,delay_s=0.000662
20.7007,DATA_RX_OK,rx=8,sender=0,delay_s=0.000662
20.8007,DATA_RX_OK,rx=3,sender=0,delay_s=0.000662
20.8007,DATA_RX_OK,rx=21,sender=0,delay_s=0.000662
20.8007,DATA_RX_OK,rx=14,sender=0,delay_s=0.000662
20.8007,DATA_RX_OK,rx=2,sender=0,delay_s=0.000662
20.8007,DATA_RX_OK,rx=17,sender=0,delay_s=0.000662
20.8007,DATA_RX_OK,rx=1,sender=0,delay_s=0.000662
20.8007,DATA_RX_OK,rx=10,sender=0,delay_s=0.000662
20.8007,DATA_RX_OK,rx=13,sender=0,delay_s=0.000662
20.8007,DATA_RX_OK,rx=22,sender=0,delay_s=0.000662
20.8007,DATA_RX_OK,rx=16,sender=0,delay_s=0.000662
20.8007,DATA_RX_OK,rx=5,sender=0,delay_s=0.000662
20.8007,DATA_RX_OK,rx=20,sender=0,delay_s=0.000662
20.8007,DATA_RX_OK,rx=7,sender=0,delay_s=0.000662
20.8007,DATA_RX_OK,rx=11,sender=0,delay_s=0.000662
20.8007,DATA_RX_OK,rx=19,sender=0,delay_s=0.000662
20.8007,DATA_RX_OK,rx=12,sender=0,delay_s=0.000662
20.8007,DATA_RX_OK,rx=6,sender=0,delay_s=0.000662
20.8007,DATA_RX_OK,rx=4,sender=0,delay_s=0.000662
20.8007,DATA_RX_OK,rx=9,sender=0,delay_s=0.000662
20.8007,DATA_RX_OK,rx=15,sender=0,delay_s=0.000662
20.8007,DATA_RX_OK,rx=18,sender=0,delay_s=0.000662
20.8007,DATA_RX_OK,rx=8,sender=0,delay_s=0.000662
20.9,REPLAY_SENT,nonce=20800000000
20.9007,DATA_DROP_REPLAY,rx=3,sender=0,nonce=20800000000
20.9007,DATA_DROP_REPLAY,rx=21,sender=0,nonce=20800000000
20.9007,DATA_DROP_REPLAY,rx=14,sender=0,nonce=20800000000
20.9007,DATA_DROP_REPLAY,rx=2,sender=0,nonce=20800000000
20.9007,DATA_DROP_REPLAY,rx=17,sender=0,nonce=20800000000
20.9007,DATA_DROP_REPLAY,rx=1,sender=0,nonce=20800000000
20.9007,DATA_DROP_REPLAY,rx=10,sender=0,nonce=20800000000
20.9007,DATA_DROP_REPLAY,rx=13,sender=0,nonce=20800000000
20.9007,DATA_DROP_REPLAY,rx=22,sender=0,nonce=20800000000
20.9007,DATA_DROP_REPLAY,rx=16,sender=0,nonce=20800000000
20.9007,DATA_DROP_REPLAY,rx=5,sender=0,nonce=20800000000
20.9007,DATA_DROP_REPLAY,rx=20,sender=0,nonce=20800000000
20.9007,DATA_DROP_REPLAY,rx=7,sender=0,nonce=20800000000
20.9007,DATA_DROP_REPLAY,rx=11,sender=0,nonce=20800000000
20.9007,DATA_DROP_REPLAY,rx=19,sender=0,nonce=20800000000
20.9007,DATA_DROP_REPLAY,rx=12,sender=0,nonce=20800000000
20.9007,DATA_DROP_REPLAY,rx=6,sender=0,nonce=20800000000
20.9007,DATA_DROP_REPLAY,rx=4,sender=0,nonce=20800000000
20.9007,DATA_DROP_REPLAY,rx=9,sender=0,nonce=20800000000
20.9007,DATA_DROP_REPLAY,rx=15,sender=0,nonce=20800000000
20.9007,DATA_DROP_REPLAY,rx=18,sender=0,nonce=20800000000
20.9007,DATA_DROP_REPLAY,rx=8,sender=0,nonce=20800000000
20.9011,DATA_RX_OK,rx=3,sender=0,delay_s=0.001059
20.9011,DATA_RX_OK,rx=21,sender=0,delay_s=0.001059
20.9011,DATA_RX_OK,rx=14,sender=0,delay_s=0.001059
20.9011,DATA_RX_OK,rx=2,sender=0,delay_s=0.001059
20.9011,DATA_RX_OK,rx=17,sender=0,delay_s=0.001059
20.9011,DATA_RX_OK,rx=1,sender=0,delay_s=0.001059
20.9011,DATA_RX_OK,rx=10,sender=0,delay_s=0.001059
20.9011,DATA_RX_OK,rx=13,sender=0,delay_s=0.001059
20.9011,DATA_RX_OK,rx=22,sender=0,delay_s=0.001059
20.9011,DATA_RX_OK,rx=16,sender=0,delay_s=0.001059
20.9011,DATA_RX_OK,rx=5,sender=0,delay_s=0.001059
20.9011,DATA_RX_OK,rx=20,sender=0,delay_s=0.001059
20.9011,DATA_RX_OK,rx=7,sender=0,delay_s=0.001059
20.9011,DATA_RX_OK,rx=11,sender=0,delay_s=0.001059
20.9011,DATA_RX_OK,rx=19,sender=0,delay_s=0.001059
20.9011,DATA_RX_OK,rx=12,sender=0,delay_s=0.001059
20.9011,DATA_RX_OK,rx=6,sender=0,delay_s=0.001059
20.9011,DATA_RX_OK,rx=4,sender=0,delay_s=0.001059
20.9011,DATA_RX_OK,rx=9,sender=0,delay_s=0.001059
20.9011,DATA_RX_OK,rx=15,sender=0,delay_s=0.001059
20.9011,DATA_RX_OK,rx=18,sender=0,delay_s=0.001059
20.9011,DATA_RX_OK,rx=8,sender=0,delay_s=0.001059
21,REPORT_SENT,by=0,about=0,delta=0.020000
21,REPORT_SENT,by=1,about=1,delta=0.020000
21,REPORT_SENT,by=2,about=9,delta=0.020000
21,REPORT_SENT,by=3,about=15,delta=0.020000
21,REPORT_SENT,by=4,about=8,delta=0.020000
21,REPORT_SENT,by=5,about=10,delta=-0.050000
21,REPORT_SENT,by=6,about=10,delta=0.020000
21,REPORT_SENT,by=7,about=1,delta=0.020000
21,REPORT_SENT,by=8,about=6,delta=0.020000
21,REPORT_SENT,by=9,about=4,delta=0.020000
21,REPORT_SENT,by=10,about=8,delta=0.020000
21,REPORT_SENT,by=11,about=8,delta=0.020000
21,REPORT_SENT,by=12,about=8,delta=0.020000
21,REPORT_SENT,by=13,about=17,delta=0.020000
21,REPORT_SENT,by=14,about=3,delta=0.020000
21,REPORT_SENT,by=15,about=16,delta=0.020000
21,REPORT_SENT,by=16,about=17,delta=0.020000
21,REPORT_SENT,by=17,about=8,delta=0.020000
21,REPORT_SENT,by=18,about=19,delta=0.020000
21,REPORT_SENT,by=19,about=6,delta=0.020000
21,BLOCK_MINE_START,block_next=21
21.0002,REPORT_RX_RSU,rsu=20,by=6,about=10,delta=0.020000
21.0004,REPORT_RX_RSU,rsu=20,by=4,about=8,delta=0.020000
21.0005,REPORT_RX_RSU,rsu=20,by=3,about=15,delta=0.020000
21.0007,REPORT_RX_RSU,rsu=20,by=18,about=19,delta=0.020000
21.0011,REPORT_RX_RSU,rsu=20,by=16,about=17,delta=0.020000
21.0012,DATA_RX_OK,rx=3,sender=0,delay_s=0.001167
21.0012,DATA_RX_OK,rx=21,sender=0,delay_s=0.001167
21.0012,DATA_RX_OK,rx=14,sender=0,delay_s=0.001167
21.0012,DATA_RX_OK,rx=2,sender=0,delay_s=0.001167
21.0012,DATA_RX_OK,rx=17,sender=0,delay_s=0.001167
21.0012,DATA_RX_OK,rx=1,sender=0,delay_s=0.001167
21.0012,DATA_RX_OK,rx=10,sender=0,delay_s=0.001167
21.0012,DATA_RX_OK,rx=13,sender=0,delay_s=0.001167
21.0012,DATA_RX_OK,rx=22,sender=0,delay_s=0.001167
21.0012,DATA_RX_OK,rx=16,sender=0,delay_s=0.001167
21.0012,DATA_RX_OK,rx=5,sender=0,delay_s=0.001167
21.0012,DATA_RX_OK,rx=20,sender=0,delay_s=0.001167
21.0012,DATA_RX_OK,rx=7,sender=0,delay_s=0.001167
21.0012,DATA_RX_OK,rx=11,sender=0,delay_s=0.001167
21.0012,DATA_RX_OK,rx=19,sender=0,delay_s=0.001167
21.0012,DATA_RX_OK,rx=12,sender=0,delay_s=0.001167
21.0012,DATA_RX_OK,rx=6,sender=0,delay_s=0.001167
21.0012,DATA_RX_OK,rx=4,sender=0,delay_s=0.001167
21.0012,DATA_RX_OK,rx=9,sender=0,delay_s=0.001167
21.0012,DATA_RX_OK,rx=15,sender=0,delay_s=0.001167
21.0012,DATA_RX_OK,rx=18,sender=0,delay_s=0.001167
21.0012,DATA_RX_OK,rx=8,sender=0,delay_s=0.001167
21.0012,REPORT_RX_RSU,rsu=20,by=2,about=9,delta=0.020000
21.0014,REPORT_RX_RSU,rsu=20,by=12,about=8,delta=0.020000
21.0015,REPORT_RX_RSU,rsu=20,by=11,about=8,delta=0.020000
21.05,BLOCK_COMMIT_ITEM,accused=13,delta=0.020000,trust=0.840000
21.05,BLOCK_COMMIT_ITEM,accused=17,delta=-0.050000,trust=0.690000
21.05,BLOCK_COMMIT_ITEM,accused=14,delta=0.020000,trust=0.880000
21.05,BLOCK_COMMIT_ITEM,accused=12,delta=-0.050000,trust=0.740000
21.05,BLOCK_COMMIT_ITEM,accused=8,delta=0.020000,trust=0.800000
21.05,BLOCK_COMMIT_ITEM,accused=7,delta=0.020000,trust=0.770000
21.05,BLOCK_COMMIT_ITEM,accused=16,delta=0.020000,trust=0.740000
21.05,BLOCK_COMMIT_ITEM,accused=11,delta=0.020000,trust=0.740000
21.05,BLOCK_COMMIT_ITEM,accused=10,delta=0.020000,trust=0.750000
21.05,BLOCK_COMMIT_ITEM,accused=8,delta=0.020000,trust=0.820000
21.05,BLOCK_COMMIT_ITEM,accused=15,delta=0.020000,trust=0.820000
21.05,BLOCK_COMMIT_ITEM,accused=19,delta=0.020000,trust=0.850000
21.05,BLOCK_COMMIT_ITEM,accused=17,delta=0.020000,trust=0.710000
21.05,BLOCK_COMMIT_ITEM,accused=9,delta=0.020000,trust=0.840000
21.05,BLOCK_COMMIT_ITEM,accused=8,delta=0.020000,trust=0.840000
21.05,BLOCK_COMMIT_ITEM,accused=8,delta=0.020000,trust=0.860000
21.05,BLOCK_COMMIT_DONE,block=21,items=16,lat_s=0.050000
21.1007,DATA_RX_OK,rx=3,sender=0,delay_s=0.000662
21.1007,DATA_RX_OK,rx=21,sender=0,delay_s=0.000662
21.1007,DATA_RX_OK,rx=14,sender=0,delay_s=0.000662
21.1007,DATA_RX_OK,rx=2,sender=0,delay_s=0.000662
21.1007,DATA_RX_OK,rx=17,sender=0,delay_s=0.000662
21.1007,DATA_RX_OK,rx=1,sender=0,delay_s=0.000662
21.1007,DATA_RX_OK,rx=10,sender=0,delay_s=0.000662
21.1007,DATA_RX_OK,rx=13,sender=0,delay_s=0.000662
21.1007,DATA_RX_OK,rx=22,sender=0,delay_s=0.000662
21.1007,DATA_RX_OK,rx=16,sender=0,delay_s=0.000662
21.1007,DATA_RX_OK,rx=5,sender=0,delay_s=0.000662
21.1007,DATA_RX_OK,rx=20,sender=0,delay_s=0.000662
21.1007,DATA_RX_OK,rx=7,sender=0,delay_s=0.000662
21.1007,DATA_RX_OK,rx=11,sender=0,delay_s=0.000662
21.1007,DATA_RX_OK,rx=19,sender=0,delay_s=0.000662
21.1007,DATA_RX_OK,rx=12,sender=0,delay_s=0.000662
21.1007,DATA_RX_OK,rx=6,sender=0,delay_s=0.000662
21.1007,DATA_RX_OK,rx=4,sender=0,delay_s=0.000662
21.1007,DATA_RX_OK,rx=9,sender=0,delay_s=0.000662
21.1007,DATA_RX_OK,rx=15,sender=0,delay_s=0.000662
21.1007,DATA_RX_OK,rx=18,sender=0,delay_s=0.000662
21.1007,DATA_RX_OK,rx=8,sender=0,delay_s=0.000662
21.2,REPLAY_SENT,nonce=21100000000
21.2007,DATA_DROP_REPLAY,rx=3,sender=0,nonce=21100000000
21.2007,DATA_DROP_REPLAY,rx=21,sender=0,nonce=21100000000
21.2007,DATA_DROP_REPLAY,rx=14,sender=0,nonce=21100000000
21.2007,DATA_DROP_REPLAY,rx=2,sender=0,nonce=21100000000
21.2007,DATA_DROP_REPLAY,rx=17,sender=0,nonce=21100000000
21.2007,DATA_DROP_REPLAY,rx=1,sender=0,nonce=21100000000
21.2007,DATA_DROP_REPLAY,rx=13,sender=0,nonce=21100000000
21.2007,DATA_DROP_REPLAY,rx=10,sender=0,nonce=21100000000
21.2007,DATA_DROP_REPLAY,rx=22,sender=0,nonce=21100000000
21.2007,DATA_DROP_REPLAY,rx=16,sender=0,nonce=21100000000
21.2007,DATA_DROP_REPLAY,rx=5,sender=0,nonce=21100000000
21.2007,DATA_DROP_REPLAY,rx=20,sender=0,nonce=21100000000
21.2007,DATA_DROP_REPLAY,rx=11,sender=0,nonce=21100000000
21.2007,DATA_DROP_REPLAY,rx=7,sender=0,nonce=21100000000
21.2007,DATA_DROP_REPLAY,rx=19,sender=0,nonce=21100000000
21.2007,DATA_DROP_REPLAY,rx=12,sender=0,nonce=21100000000
21.2007,DATA_DROP_REPLAY,rx=6,sender=0,nonce=21100000000
21.2007,DATA_DROP_REPLAY,rx=4,sender=0,nonce=21100000000
21.2007,DATA_DROP_REPLAY,rx=9,sender=0,nonce=21100000000
21.2007,DATA_DROP_REPLAY,rx=15,sender=0,nonce=21100000000
21.2007,DATA_DROP_REPLAY,rx=18,sender=0,nonce=21100000000
21.2007,DATA_DROP_REPLAY,rx=8,sender=0,nonce=21100000000
21.201,DATA_RX_OK,rx=3,sender=0,delay_s=0.000996
21.201,DATA_RX_OK,rx=21,sender=0,delay_s=0.000996
21.201,DATA_RX_OK,rx=14,sender=0,delay_s=0.000996
21.201,DATA_RX_OK,rx=2,sender=0,delay_s=0.000996
21.201,DATA_RX_OK,rx=17,sender=0,delay_s=0.000996
21.201,DATA_RX_OK,rx=1,sender=0,delay_s=0.000996
21.201,DATA_RX_OK,rx=13,sender=0,delay_s=0.000996
21.201,DATA_RX_OK,rx=10,sender=0,delay_s=0.000996
21.201,DATA_RX_OK,rx=22,sender=0,delay_s=0.000996
21.201,DATA_RX_OK,rx=16,sender=0,delay_s=0.000996
21.201,DATA_RX_OK,rx=5,sender=0,delay_s=0.000996
21.201,DATA_RX_OK,rx=20,sender=0,delay_s=0.000996
21.201,DATA_RX_OK,rx=11,sender=0,delay_s=0.000996
21.201,DATA_RX_OK,rx=7,sender=0,delay_s=0.000996
21.201,DATA_RX_OK,rx=19,sender=0,delay_s=0.000996
21.201,DATA_RX_OK,rx=12,sender=0,delay_s=0.000996
21.201,DATA_RX_OK,rx=6,sender=0,delay_s=0.000996
21.201,DATA_RX_OK,rx=4,sender=0,delay_s=0.000996
21.201,DATA_RX_OK,rx=9,sender=0,delay_s=0.000996
21.201,DATA_RX_OK,rx=15,sender=0,delay_s=0.000996
21.201,DATA_RX_OK,rx=18,sender=0,delay_s=0.000996
21.201,DATA_RX_OK,rx=8,sender=0,delay_s=0.000996
21.3007,DATA_RX_OK,rx=3,sender=0,delay_s=0.000662
21.3007,DATA_RX_OK,rx=14,sender=0,delay_s=0.000662
21.3007,DATA_RX_OK,rx=21,sender=0,delay_s=0.000662
21.3007,DATA_RX_OK,rx=2,sender=0,delay_s=0.000662
21.3007,DATA_RX_OK,rx=17,sender=0,delay_s=0.000662
21.3007,DATA_RX_OK,rx=1,sender=0,delay_s=0.000662
21.3007,DATA_RX_OK,rx=13,sender=0,delay_s=0.000662
21.3007,DATA_RX_OK,rx=10,sender=0,delay_s=0.000662
21.3007,DATA_RX_OK,rx=22,sender=0,delay_s=0.000662
21.3007,DATA_RX_OK,rx=16,sender=0,delay_s=0.000662
21.3007,DATA_RX_OK,rx=5,sender=0,delay_s=0.000662
21.3007,DATA_RX_OK,rx=20,sender=0,delay_s=0.000662
21.3007,DATA_RX_OK,rx=11,sender=0,delay_s=0.000662
21.3007,DATA_RX_OK,rx=7,sender=0,delay_s=0.000662
21.3007,DATA_RX_OK,rx=19,sender=0,delay_s=0.000662
21.3007,DATA_RX_OK,rx=12,sender=0,delay_s=0.000662
21.3007,DATA_RX_OK,rx=6,sender=0,delay_s=0.000662
21.3007,DATA_RX_OK,rx=4,sender=0,delay_s=0.000662
21.3007,DATA_RX_OK,rx=9,sender=0,delay_s=0.000662
21.3007,DATA_RX_OK,rx=15,sender=0,delay_s=0.000662
21.3007,DATA_RX_OK,rx=18,sender=0,delay_s=0.000662
21.3007,DATA_RX_OK,rx=8,sender=0,delay_s=0.000662
21.4007,DATA_RX_OK,rx=3,sender=0,delay_s=0.000662
21.4007,DATA_RX_OK,rx=14,sender=0,delay_s=0.000662
21.4007,DATA_RX_OK,rx=21,sender=0,delay_s=0.000662
21.4007,DATA_RX_OK,rx=2,sender=0,delay_s=0.000662
21.4007,DATA_RX_OK,rx=17,sender=0,delay_s=0.000662
21.4007,DATA_RX_OK,rx=1,sender=0,delay_s=0.000662
21.4007,DATA_RX_OK,rx=13,sender=0,delay_s=0.000662
21.4007,DATA_RX_OK,rx=10,sender=0,delay_s=0.000662
21.4007,DATA_RX_OK,rx=22,sender=0,delay_s=0.000662
21.4007,DATA_RX_OK,rx=16,sender=0,delay_s=0.000662
21.4007,DATA_RX_OK,rx=5,sender=0,delay_s=0.000662
21.4007,DATA_RX_OK,rx=11,sender=0,delay_s=0.000662
21.4007,DATA_RX_OK,rx=20,sender=0,delay_s=0.000662
21.4007,DATA_RX_OK,rx=7,sender=0,delay_s=0.000662
21.4007,DATA_RX_OK,rx=19,sender=0,delay_s=0.000662
21.4007,DATA_RX_OK,rx=12,sender=0,delay_s=0.000662
21.4007,DATA_RX_OK,rx=6,sender=0,delay_s=0.000662
21.4007,DATA_RX_OK,rx=4,sender=0,delay_s=0.000662
21.4007,DATA_RX_OK,rx=9,sender=0,delay_s=0.000662
21.4007,DATA_RX_OK,rx=15,sender=0,delay_s=0.000662
21.4007,DATA_RX_OK,rx=18,sender=0,delay_s=0.000662
21.4007,DATA_RX_OK,rx=8,sender=0,delay_s=0.000662
21.5,REPLAY_SENT,nonce=21400000000
21.5007,DATA_DROP_REPLAY,rx=3,sender=0,nonce=21400000000
21.5007,DATA_DROP_REPLAY,rx=14,sender=0,nonce=21400000000
21.5007,DATA_DROP_REPLAY,rx=21,sender=0,nonce=21400000000
21.5007,DATA_DROP_REPLAY,rx=17,sender=0,nonce=21400000000
21.5007,DATA_DROP_REPLAY,rx=13,sender=0,nonce=21400000000
21.5007,DATA_DROP_REPLAY,rx=1,sender=0,nonce=21400000000
21.5007,DATA_DROP_REPLAY,rx=2,sender=0,nonce=21400000000
21.5007,DATA_DROP_REPLAY,rx=22,sender=0,nonce=21400000000
21.5007,DATA_DROP_REPLAY,rx=10,sender=0,nonce=21400000000
21.5007,DATA_DROP_REPLAY,rx=16,sender=0,nonce=21400000000
21.5007,DATA_DROP_REPLAY,rx=11,sender=0,nonce=21400000000
21.5007,DATA_DROP_REPLAY,rx=5,sender=0,nonce=21400000000
21.5007,DATA_DROP_REPLAY,rx=20,sender=0,nonce=21400000000
21.5007,DATA_DROP_REPLAY,rx=7,sender=0,nonce=21400000000
21.5007,DATA_DROP_REPLAY,rx=19,sender=0,nonce=21400000000
21.5007,DATA_DROP_REPLAY,rx=12,sender=0,nonce=21400000000
21.5007,DATA_DROP_REPLAY,rx=6,sender=0,nonce=21400000000
21.5007,DATA_DROP_REPLAY,rx=4,sender=0,nonce=21400000000
21.5007,DATA_DROP_REPLAY,rx=9,sender=0,nonce=21400000000
21.5007,DATA_DROP_REPLAY,rx=15,sender=0,nonce=21400000000
21.5007,DATA_DROP_REPLAY,rx=18,sender=0,nonce=21400000000
21.5007,DATA_DROP_REPLAY,rx=8,sender=0,nonce=21400000000
21.5009,DATA_DROP_SIG,rx=3,sender=0,nonce=21500000000
21.5009,DATA_DROP_SIG,rx=14,sender=0,nonce=21500000000
21.5009,DATA_DROP_SIG,rx=21,sender=0,nonce=21500000000
21.5009,DATA_DROP_SIG,rx=17,sender=0,nonce=21500000000
21.5009,DATA_DROP_SIG,rx=13,sender=0,nonce=21500000000
21.5009,DATA_DROP_SIG,rx=1,sender=0,nonce=21500000000
21.5009,DATA_DROP_SIG,rx=2,sender=0,nonce=21500000000
21.5009,DATA_DROP_SIG,rx=22,sender=0,nonce=21500000000
21.5009,DATA_DROP_SIG,rx=10,sender=0,nonce=21500000000
21.5009,DATA_DROP_SIG,rx=16,sender=0,nonce=21500000000
21.5009,DATA_DROP_SIG,rx=11,sender=0,nonce=21500000000
21.5009,DATA_DROP_SIG,rx=5,sender=0,nonce=21500000000
21.5009,DATA_DROP_SIG,rx=20,sender=0,nonce=21500000000
21.5009,DATA_DROP_SIG,rx=7,sender=0,nonce=21500000000
21.5009,DATA_DROP_SIG,rx=19,sender=0,nonce=21500000000
21.5009,DATA_DROP_SIG,rx=12,sender=0,nonce=21500000000
21.5009,DATA_DROP_SIG,rx=6,sender=0,nonce=21500000000
21.5009,DATA_DROP_SIG,rx=4,sender=0,nonce=21500000000
21.5009,DATA_DROP_SIG,rx=9,sender=0,nonce=21500000000
21.5009,DATA_DROP_SIG,rx=15,sender=0,nonce=21500000000
21.5009,DATA_DROP_SIG,rx=18,sender=0,nonce=21500000000
21.5009,DATA_DROP_SIG,rx=8,sender=0,nonce=21500000000
21.6007,DATA_RX_OK,rx=14,sender=0,delay_s=0.000662
21.6007,DATA_RX_OK,rx=3,sender=0,delay_s=0.000662
21.6007,DATA_RX_OK,rx=21,sender=0,delay_s=0.000662
21.6007,DATA_RX_OK,rx=13,sender=0,delay_s=0.000662
21.6007,DATA_RX_OK,rx=17,sender=0,delay_s=0.000662
21.6007,DATA_RX_OK,rx=1,sender=0,delay_s=0.000662
21.6007,DATA_RX_OK,rx=2,sender=0,delay_s=0.000662
21.6007,DATA_RX_OK,rx=22,sender=0,delay_s=0.000662
21.6007,DATA_RX_OK,rx=10,sender=0,delay_s=0.000662
21.6007,DATA_RX_OK,rx=16,sender=0,delay_s=0.000662
21.6007,DATA_RX_OK,rx=11,sender=0,delay_s=0.000662
21.6007,DATA_RX_OK,rx=5,sender=0,delay_s=0.000662
21.6007,DATA_RX_OK,rx=20,sender=0,delay_s=0.000662
21.6007,DATA_RX_OK,rx=7,sender=0,delay_s=0.000662
21.6007,DATA_RX_OK,rx=12,sender=0,delay_s=0.000662
21.6007,DATA_RX_OK,rx=19,sender=0,delay_s=0.000662
21.6007,DATA_RX_OK,rx=6,sender=0,delay_s=0.000662
21.6007,DATA_RX_OK,rx=4,sender=0,delay_s=0.000662
21.6007,DATA_RX_OK,rx=9,sender=0,delay_s=0.000662
21.6007,DATA_RX_OK,rx=15,sender=0,delay_s=0.000662
21.6007,DATA_RX_OK,rx=8,sender=0,delay_s=0.000662
21.6007,DATA_RX_OK,rx=18,sender=0,delay_s=0.000662
21.7007,DATA_RX_OK,rx=14,sender=0,delay_s=0.000662
21.7007,DATA_RX_OK,rx=3,sender=0,delay_s=0.000662
21.7007,DATA_RX_OK,rx=21,sender=0,delay_s=0.000662
21.7007,DATA_RX_OK,rx=13,sender=0,delay_s=0.000662
21.7007,DATA_RX_OK,rx=17,sender=0,delay_s=0.000662
21.7007,DATA_RX_OK,rx=1,sender=0,delay_s=0.000662
21.7007,DATA_RX_OK,rx=2,sender=0,delay_s=0.000662
21.7007,DATA_RX_OK,rx=22,sender=0,delay_s=0.000662
21.7007,DATA_RX_OK,rx=16,sender=0,delay_s=0.000662
21.7007,DATA_RX_OK,rx=10,sender=0,delay_s=0.000662
21.7007,DATA_RX_OK,rx=11,sender=0,delay_s=0.000662
21.7007,DATA_RX_OK,rx=5,sender=0,delay_s=0.000662
21.7007,DATA_RX_OK,rx=20,sender=0,delay_s=0.000662
21.7007,DATA_RX_OK,rx=7,sender=0,delay_s=0.000662
21.7007,DATA_RX_OK,rx=12,sender=0,delay_s=0.000662
21.7007,DATA_RX_OK,rx=19,sender=0,delay_s=0.000662
21.7007,DATA_RX_OK,rx=6,sender=0,delay_s=0.000662
21.7007,DATA_RX_OK,rx=4,sender=0,delay_s=0.000662
21.7007,DATA_RX_OK,rx=9,sender=0,delay_s=0.000662
21.7007,DATA_RX_OK,rx=15,sender=0,delay_s=0.000662
21.7007,DATA_RX_OK,rx=8,sender=0,delay_s=0.000662
21.7007,DATA_RX_OK,rx=18,sender=0,delay_s=0.000662
21.8,REPLAY_SENT,nonce=21700000000
21.8007,DATA_DROP_REPLAY,rx=14,sender=0,nonce=21700000000
21.8007,DATA_DROP_REPLAY,rx=3,sender=0,nonce=21700000000
21.8007,DATA_DROP_REPLAY,rx=21,sender=0,nonce=21700000000
21.8007,DATA_DROP_REPLAY,rx=13,sender=0,nonce=21700000000
21.8007,DATA_DROP_REPLAY,rx=1,sender=0,nonce=21700000000
21.8007,DATA_DROP_REPLAY,rx=17,sender=0,nonce=21700000000
21.8007,DATA_DROP_REPLAY,rx=2,sender=0,nonce=21700000000
21.8007,DATA_DROP_REPLAY,rx=22,sender=0,nonce=21700000000
21.8007,DATA_DROP_REPLAY,rx=16,sender=0,nonce=21700000000
21.8007,DATA_DROP_REPLAY,rx=5,sender=0,nonce=21700000000
21.8007,DATA_DROP_REPLAY,rx=10,sender=0,nonce=21700000000
21.8007,DATA_DROP_REPLAY,rx=11,sender=0,nonce=21700000000
21.8007,DATA_DROP_REPLAY,rx=20,sender=0,nonce=21700000000
21.8007,DATA_DROP_REPLAY,rx=7,sender=0,nonce=21700000000
21.8007,DATA_DROP_REPLAY,rx=19,sender=0,nonce=21700000000
21.8007,DATA_DROP_REPLAY,rx=12,sender=0,nonce=21700000000
21.8007,DATA_DROP_REPLAY,rx=6,sender=0,nonce=21700000000
21.8007,DATA_DROP_REPLAY,rx=4,sender=0,nonce=21700000000
21.8007,DATA_DROP_REPLAY,rx=9,sender=0,nonce=21700000000
21.8007,DATA_DROP_REPLAY,rx=15,sender=0,nonce=21700000000
21.8007,DATA_DROP_REPLAY,rx=8,sender=0,nonce=21700000000
21.8007,DATA_DROP_REPLAY,rx=18,sender=0,nonce=21700000000
21.8011,DATA_RX_OK,rx=14,sender=0,delay_s=0.001059
21.8011,DATA_RX_OK,rx=3,sender=0,delay_s=0.001059
21.8011,DATA_RX_OK,rx=21,sender=0,delay_s=0.001059
21.8011,DATA_RX_OK,rx=13,sender=0,delay_s=0.001059
21.8011,DATA_RX_OK,rx=1,sender=0,delay_s=0.001059
21.8011,DATA_RX_OK,rx=17,sender=0,delay_s=0.001059
21.8011,DATA_RX_OK,rx=2,sender=0,delay_s=0.001059
21.8011,DATA_RX_OK,rx=22,sender=0,delay_s=0.001059
21.8011,DATA_RX_OK,rx=16,sender=0,delay_s=0.001059
21.8011,DATA_RX_OK,rx=5,sender=0,delay_s=0.001059
21.8011,DATA_RX_OK,rx=10,sender=0,delay_s=0.001059
21.8011,DATA_RX_OK,rx=11,sender=0,delay_s=0.001059
21.8011,DATA_RX_OK,rx=20,sender=0,delay_s=0.001059
21.8011,DATA_RX_OK,rx=7,sender=0,delay_s=0.001059
21.8011,DATA_RX_OK,rx=19,sender=0,delay_s=0.001059
21.8011,DATA_RX_OK,rx=12,sender=0,delay_s=0.001059
21.8011,DATA_RX_OK,rx=6,sender=0,delay_s=0.001059
21.8011,DATA_RX_OK,rx=4,sender=0,delay_s=0.001059
21.8011,DATA_RX_OK,rx=9,sender=0,delay_s=0.001059
21.8011,DATA_RX_OK,rx=15,sender=0,delay_s=0.001059
21.8011,DATA_RX_OK,rx=8,sender=0,delay_s=0.001059
21.8011,DATA_RX_OK,rx=18,sender=0,delay_s=0.001059
21.9007,DATA_RX_OK,rx=14,sender=0,delay_s=0.000662
21.9007,DATA_RX_OK,rx=3,sender=0,delay_s=0.000662
21.9007,DATA_RX_OK,rx=21,sender=0,delay_s=0.000662
21.9007,DATA_RX_OK,rx=13,sender=0,delay_s=0.000662
21.9007,DATA_RX_OK,rx=1,sender=0,delay_s=0.000662
21.9007,DATA_RX_OK,rx=2,sender=0,delay_s=0.000662
21.9007,DATA_RX_OK,rx=17,sender=0,delay_s=0.000662
21.9007,DATA_RX_OK,rx=22,sender=0,delay_s=0.000662
21.9007,DATA_RX_OK,rx=5,sender=0,delay_s=0.000662
21.9007,DATA_RX_OK,rx=16,sender=0,delay_s=0.000662
21.9007,DATA_RX_OK,rx=10,sender=0,delay_s=0.000662
21.9007,DATA_RX_OK,rx=7,sender=0,delay_s=0.000662
21.9007,DATA_RX_OK,rx=11,sender=0,delay_s=0.000662
21.9007,DATA_RX_OK,rx=20,sender=0,delay_s=0.000662
21.9007,DATA_RX_OK,rx=19,sender=0,delay_s=0.000662
21.9007,DATA_RX_OK,rx=6,sender=0,delay_s=0.000662
21.9007,DATA_RX_OK,rx=12,sender=0,delay_s=0.000662
21.9007,DATA_RX_OK,rx=4,sender=0,delay_s=0.000662
21.9007,DATA_RX_OK,rx=9,sender=0,delay_s=0.000662
21.9007,DATA_RX_OK,rx=15,sender=0,delay_s=0.000662
21.9007,DATA_RX_OK,rx=8,sender=0,delay_s=0.000662
21.9007,DATA_RX_OK,rx=18,sender=0,delay_s=0.000662
22,REPORT_SENT,by=0,about=8,delta=0.020000
22,REPORT_SENT,by=1,about=10,delta=0.020000
22,REPORT_SENT,by=2,about=5,delta=0.020000
22,REPORT_SENT,by=3,about=0,delta=0.020000
22,REPORT_SENT,by=4,about=12,delta=-0.050000
22,REPORT_SENT,by=5,about=5,delta=-0.050000
22,REPORT_SENT,by=6,about=2,delta=0.020000
22,REPORT_SENT,by=7,about=16,delta=0.020000
22,REPORT_SENT,by=8,about=16,delta=0.020000
22,REPORT_SENT,by=9,about=0,delta=0.020000
22,REPORT_SENT,by=10,about=7,delta=0.020000
22,REPORT_SENT,by=11,about=0,delta=0.020000
22,REPORT_SENT,by=12,about=0,delta=0.020000
22,REPORT_SENT,by=13,about=17,delta=0.020000
22,REPORT_SENT,by=14,about=0,delta=0.020000
22,REPORT_SENT,by=15,about=12,delta=0.020000
22,REPORT_SENT,by=16,about=17,delta=0.020000
22,REPORT_SENT,by=17,about=18,delta=0.020000
22,REPORT_SENT,by=18,about=1,delta=-0.050000
22,REPORT_SENT,by=19,about=0,delta=0.020000
22.0002,REPORT_RX_RSU,rsu=20,by=16,about=17,delta=0.020000
22.0006,REPORT_RX_RSU,rsu=20,by=6,about=2,delta=0.020000
22.0007,DATA_RX_OK,rx=3,sender=0,delay_s=0.000745
22.0007,DATA_RX_OK,rx=14,sender=0,delay_s=0.000745
22.0007,DATA_RX_OK,rx=21,sender=0,delay_s=0.000745
22.0007,DATA_RX_OK,rx=13,sender=0,delay_s=0.000745
22.0007,DATA_RX_OK,rx=1,sender=0,delay_s=0.000745
22.0007,DATA_RX_OK,rx=2,sender=0,delay_s=0.000745
22.0007,DATA_RX_OK,rx=17,sender=0,delay_s=0.000745
22.0007,DATA_RX_OK,rx=22,sender=0,delay_s=0.000745
22.0007,DATA_RX_OK,rx=5,sender=0,delay_s=0.000745
22.0007,DATA_RX_OK,rx=7,sender=0,delay_s=0.000745
22.0007,DATA_RX_OK,rx=16,sender=0,delay_s=0.000745
22.0007,DATA_RX_OK,rx=10,sender=0,delay_s=0.000745
22.0007,DATA_RX_OK,rx=11,sender=0,delay_s=0.000745
22.0007,DATA_RX_OK,rx=20,sender=0,delay_s=0.000745
22.0007,DATA_RX_OK,rx=19,sender=0,delay_s=0.000745
22.0007,DATA_RX_OK,rx=6,sender=0,delay_s=0.000745
22.0007,DATA_RX_OK,rx=12,sender=0,delay_s=0.000745
22.0007,DATA_RX_OK,rx=4,sender=0,delay_s=0.000745
22.0007,DATA_RX_OK,rx=9,sender=0,delay_s=0.000745
22.0007,DATA_RX_OK,rx=15,sender=0,delay_s=0.000745
22.0007,DATA_RX_OK,rx=18,sender=0,delay_s=0.000745
22.0007,DATA_RX_OK,rx=8,sender=0,delay_s=0.000745
22.0008,REPORT_RX_RSU,rsu=20,by=4,about=12,delta=-0.050000
22.001,REPORT_RX_RSU,rsu=20,by=3,about=0,delta=0.020000
22.0011,REPORT_RX_RSU,rsu=20,by=11,about=0,delta=0.020000
22.0013,REPORT_RX_RSU,rsu=20,by=12,about=0,delta=0.020000
22.0018,REPORT_RX_RSU,rsu=20,by=18,about=1,delta=-0.050000
22.002,REPORT_RX_RSU,rsu=20,by=2,about=5,delta=0.020000
22.05,BLOCK_MINE_START,block_next=22
22.1,REPLAY_SENT,nonce=22000000000
22.1,BLOCK_COMMIT_ITEM,accused=17,delta=0.020000,trust=0.730000
22.1,BLOCK_COMMIT_ITEM,accused=2,delta=0.020000,trust=0.850000
22.1,BLOCK_COMMIT_ITEM,accused=12,delta=-0.050000,trust=0.690000
22.1,BLOCK_COMMIT_ITEM,accused=0,delta=0.020000,trust=0.830000
22.1,BLOCK_COMMIT_ITEM,accused=0,delta=0.020000,trust=0.850000
22.1,BLOCK_COMMIT_ITEM,accused=0,delta=0.020000,trust=0.870000
22.1,BLOCK_COMMIT_ITEM,accused=1,delta=-0.050000,trust=0.850000
22.1,BLOCK_COMMIT_ITEM,accused=5,delta=0.020000,trust=0.790000
22.1,BLOCK_COMMIT_DONE,block=22,items=8,lat_s=0.050000
22.1007,DATA_DROP_REPLAY,rx=3,sender=0,nonce=22000000000
22.1007,DATA_DROP_REPLAY,rx=14,sender=0,nonce=22000000000
22.1007,DATA_DROP_REPLAY,rx=21,sender=0,nonce=22000000000
22.1007,DATA_DROP_REPLAY,rx=13,sender=0,nonce=22000000000
22.1007,DATA_DROP_REPLAY,rx=1,sender=0,nonce=22000000000
22.1007,DATA_DROP_REPLAY,rx=2,sender=0,nonce=22000000000
22.1007,DATA_DROP_REPLAY,rx=22,sender=0,nonce=22000000000
22.1007,DATA_DROP_REPLAY,rx=17,sender=0,nonce=22000000000
22.1007,DATA_DROP_REPLAY,rx=5,sender=0,nonce=22000000000
22.1007,DATA_DROP_REPLAY,rx=7,sender=0,nonce=22000000000
22.1007,DATA_DROP_REPLAY,rx=16,sender=0,nonce=22000000000
22.1007,DATA_DROP_REPLAY,rx=10,sender=0,nonce=22000000000
22.1007,DATA_DROP_REPLAY,rx=11,sender=0,nonce=22000000000
22.1007,DATA_DROP_REPLAY,rx=20,sender=0,nonce=22000000000
22.1007,DATA_DROP_REPLAY,rx=19,sender=0,nonce=22000000000
22.1007,DATA_DROP_REPLAY,rx=6,sender=0,nonce=22000000000
22.1007,DATA_DROP_REPLAY,rx=12,sender=0,nonce=22000000000
22.1007,DATA_DROP_REPLAY,rx=4,sender=0,nonce=22000000000
22.1007,DATA_DROP_REPLAY,rx=9,sender=0,nonce=22000000000
22.1007,DATA_DROP_REPLAY,rx=15,sender=0,nonce=22000000000
22.1007,DATA_DROP_REPLAY,rx=18,sender=0,nonce=22000000000
22.1007,DATA_DROP_REPLAY,rx=8,sender=0,nonce=22000000000
22.101,DATA_RX_OK,rx=3,sender=0,delay_s=0.000987
22.101,DATA_RX_OK,rx=14,sender=0,delay_s=0.000987
22.101,DATA_RX_OK,rx=21,sender=0,delay_s=0.000987
22.101,DATA_RX_OK,rx=13,sender=0,delay_s=0.000987
22.101,DATA_RX_OK,rx=1,sender=0,delay_s=0.000987
22.101,DATA_RX_OK,rx=2,sender=0,delay_s=0.000987
22.101,DATA_RX_OK,rx=22,sender=0,delay_s=0.000987
22.101,DATA_RX_OK,rx=17,sender=0,delay_s=0.000987
22.101,DATA_RX_OK,rx=5,sender=0,delay_s=0.000987
22.101,DATA_RX_OK,rx=7,sender=0,delay_s=0.000987
22.101,DATA_RX_OK,rx=16,sender=0,delay_s=0.000987
22.101,DATA_RX_OK,rx=10,sender=0,delay_s=0.000987
22.101,DATA_RX_OK,rx=11,sender=0,delay_s=0.000987
22.101,DATA_RX_OK,rx=20,sender=0,delay_s=0.000987
22.101,DATA_RX_OK,rx=19,sender=0,delay_s=0.000987
22.101,DATA_RX_OK,rx=6,sender=0,delay_s=0.000987
22.101,DATA_RX_OK,rx=12,sender=0,delay_s=0.000987
22.101,DATA_RX_OK,rx=4,sender=0,delay_s=0.000987
22.101,DATA_RX_OK,rx=9,sender=0,delay_s=0.000987
22.101,DATA_RX_OK,rx=15,sender=0,delay_s=0.000987
22.101,DATA_RX_OK,rx=18,sender=0,delay_s=0.000987
22.101,DATA_RX_OK,rx=8,sender=0,delay_s=0.000987
22.2007,DATA_RX_OK,rx=3,sender=0,delay_s=0.000662
22.2007,DATA_RX_OK,rx=14,sender=0,delay_s=0.000662
22.2007,DATA_RX_OK,rx=21,sender=0,delay_s=0.000662
22.2007,DATA_RX_OK,rx=13,sender=0,delay_s=0.000662
22.2007,DATA_RX_OK,rx=1,sender=0,delay_s=0.000662
22.2007,DATA_RX_OK,rx=22,sender=0,delay_s=0.000662
22.2007,DATA_RX_OK,rx=2,sender=0,delay_s=0.000662
22.2007,DATA_RX_OK,rx=5,sender=0,delay_s=0.000662
22.2007,DATA_RX_OK,rx=17,sender=0,delay_s=0.000662
22.2007,DATA_RX_OK,rx=7,sender=0,delay_s=0.000662
22.2007,DATA_RX_OK,rx=16,sender=0,delay_s=0.000662
22.2007,DATA_RX_OK,rx=10,sender=0,delay_s=0.000662
22.2007,DATA_RX_OK,rx=11,sender=0,delay_s=0.000662
22.2007,DATA_RX_OK,rx=19,sender=0,delay_s=0.000662
22.2007,DATA_RX_OK,rx=6,sender=0,delay_s=0.000662
22.2007,DATA_RX_OK,rx=20,sender=0,delay_s=0.000662
22.2007,DATA_RX_OK,rx=12,sender=0,delay_s=0.000662
22.2007,DATA_RX_OK,rx=4,sender=0,delay_s=0.000662
22.2007,DATA_RX_OK,rx=9,sender=0,delay_s=0.000662
22.2007,DATA_RX_OK,rx=15,sender=0,delay_s=0.000662
22.2007,DATA_RX_OK,rx=18,sender=0,delay_s=0.000662
22.2007,DATA_RX_OK,rx=8,sender=0,delay_s=0.000662
22.3007,DATA_RX_OK,rx=3,sender=0,delay_s=0.000662
22.3007,DATA_RX_OK,rx=14,sender=0,delay_s=0.000662
22.3007,DATA_RX_OK,rx=21,sender=0,delay_s=0.000662
22.3007,DATA_RX_OK,rx=13,sender=0,delay_s=0.000662
22.3007,DATA_RX_OK,rx=1,sender=0,delay_s=0.000662
22.3007,DATA_RX_OK,rx=22,sender=0,delay_s=0.000662
22.3007,DATA_RX_OK,rx=2,sender=0,delay_s=0.000662
22.3007,DATA_RX_OK,rx=5,sender=0,delay_s=0.000662
22.3007,DATA_RX_OK,rx=17,sender=0,delay_s=0.000662
22.3007,DATA_RX_OK,rx=7,sender=0,delay_s=0.000662
22.3007,DATA_RX_OK,rx=6,sender=0,delay_s=0.000662
22.3007,DATA_RX_OK,rx=19,sender=0,delay_s=0.000662
22.3007,DATA_RX_OK,rx=10,sender=0,delay_s=0.000662
22.3007,DATA_RX_OK,rx=16,sender=0,delay_s=0.000662
22.3007,DATA_RX_OK,rx=11,sender=0,delay_s=0.000662
22.3007,DATA_RX_OK,rx=20,sender=0,delay_s=0.000662
22.3007,DATA_RX_OK,rx=12,sender=0,delay_s=0.000662
22.3007,DATA_RX_OK,rx=4,sender=0,delay_s=0.000662
22.3007,DATA_RX_OK,rx=9,sender=0,delay_s=0.000662
22.3007,DATA_RX_OK,rx=15,sender=0,delay_s=0.000662
22.3007,DATA_RX_OK,rx=18,sender=0,delay_s=0.000662
22.3007,DATA_RX_OK,rx=8,sender=0,delay_s=0.000662
22.4,REPLAY_SENT,nonce=22300000000
22.4007,DATA_DROP_REPLAY,rx=3,sender=0,nonce=22300000000
22.4007,DATA_DROP_REPLAY,rx=14,sender=0,nonce=22300000000
22.4007,DATA_DROP_REPLAY,rx=21,sender=0,nonce=22300000000
22.4007,DATA_DROP_REPLAY,rx=13,sender=0,nonce=22300000000
22.4007,DATA_DROP_REPLAY,rx=1,sender=0,nonce=22300000000
22.4007,DATA_DROP_REPLAY,rx=22,sender=0,nonce=22300000000
22.4007,DATA_DROP_REPLAY,rx=2,sender=0,nonce=22300000000
22.4007,DATA_DROP_REPLAY,rx=5,sender=0,nonce=22300000000
22.4007,DATA_DROP_REPLAY,rx=7,sender=0,nonce=22300000000
22.4007,DATA_DROP_REPLAY,rx=17,sender=0,nonce=22300000000
22.4007,DATA_DROP_REPLAY,rx=6,sender=0,nonce=22300000000
22.4007,DATA_DROP_REPLAY,rx=19,sender=0,nonce=22300000000
22.4007,DATA_DROP_REPLAY,rx=10,sender=0,nonce=22300000000
22.4007,DATA_DROP_REPLAY,rx=16,sender=0,nonce=22300000000
22.4007,DATA_DROP_REPLAY,rx=11,sender=0,nonce=22300000000
22.4007,DATA_DROP_REPLAY,rx=20,sender=0,nonce=22300000000
22.4007,DATA_DROP_REPLAY,rx=12,sender=0,nonce=22300000000
22.4007,DATA_DROP_REPLAY,rx=4,sender=0,nonce=22300000000
22.4007,DATA_DROP_REPLAY,rx=9,sender=0,nonce=22300000000
22.4007,DATA_DROP_REPLAY,rx=15,sender=0,nonce=22300000000
22.4007,DATA_DROP_REPLAY,rx=18,sender=0,nonce=22300000000
22.4007,DATA_DROP_REPLAY,rx=8,sender=0,nonce=22300000000
22.4011,DATA_RX_OK,rx=3,sender=0,delay_s=0.001050
22.4011,DATA_RX_OK,rx=14,sender=0,delay_s=0.001050
22.4011,DATA_RX_OK,rx=21,sender=0,delay_s=0.001050
22.4011,DATA_RX_OK,rx=13,sender=0,delay_s=0.001050
22.4011,DATA_RX_OK,rx=1,sender=0,delay_s=0.001050
22.4011,DATA_RX_OK,rx=22,sender=0,delay_s=0.001050
22.4011,DATA_RX_OK,rx=2,sender=0,delay_s=0.001050
22.4011,DATA_RX_OK,rx=5,sender=0,delay_s=0.001050
22.4011,DATA_RX_OK,rx=7,sender=0,delay_s=0.001050
22.4011,DATA_RX_OK,rx=17,sender=0,delay_s=0.001050
22.4011,DATA_RX_OK,rx=6,sender=0,delay_s=0.001050
22.4011,DATA_RX_OK,rx=19,sender=0,delay_s=0.001050
22.4011,DATA_RX_OK,rx=10,sender=0,delay_s=0.001050
22.4011,DATA_RX_OK,rx=16,sender=0,delay_s=0.001050
22.4011,DATA_RX_OK,rx=11,sender=0,delay_s=0.001050
22.4011,DATA_RX_OK,rx=20,sender=0,delay_s=0.001050
22.4011,DATA_RX_OK,rx=12,sender=0,delay_s=0.001050
22.4011,DATA_RX_OK,rx=4,sender=0,delay_s=0.001050
22.4011,DATA_RX_OK,rx=9,sender=0,delay_s=0.001050
22.4011,DATA_RX_OK,rx=15,sender=0,delay_s=0.001050
22.4011,DATA_RX_OK,rx=18,sender=0,delay_s=0.001050
22.4011,DATA_RX_OK,rx=8,sender=0,delay_s=0.001050
22.5007,DATA_RX_OK,rx=3,sender=0,delay_s=0.000662
22.5007,DATA_RX_OK,rx=14,sender=0,delay_s=0.000662
22.5007,DATA_RX_OK,rx=21,sender=0,delay_s=0.000662
22.5007,DATA_RX_OK,rx=13,sender=0,delay_s=0.000662
22.5007,DATA_RX_OK,rx=22,sender=0,delay_s=0.000662
22.5007,DATA_RX_OK,rx=1,sender=0,delay_s=0.000662
22.5007,DATA_RX_OK,rx=5,sender=0,delay_s=0.000662
22.5007,DATA_RX_OK,rx=2,sender=0,delay_s=0.000662
22.5007,DATA_RX_OK,rx=7,sender=0,delay_s=0.000662
22.5007,DATA_RX_OK,rx=17,sender=0,delay_s=0.000662
22.5007,DATA_RX_OK,rx=6,sender=0,delay_s=0.000662
22.5007,DATA_RX_OK,rx=19,sender=0,delay_s=0.000662
22.5007,DATA_RX_OK,rx=10,sender=0,delay_s=0.000662
22.5007,DATA_RX_OK,rx=16,sender=0,delay_s=0.000662
22.5007,DATA_RX_OK,rx=20,sender=0,delay_s=0.000662
22.5007,DATA_RX_OK,rx=11,sender=0,delay_s=0.000662
22.5007,DATA_RX_OK,rx=12,sender=0,delay_s=0.000662
22.5007,DATA_RX_OK,rx=4,sender=0,delay_s=0.000662
22.5007,DATA_RX_OK,rx=9,sender=0,delay_s=0.000662
22.5007,DATA_RX_OK,rx=15,sender=0,delay_s=0.000662
22.5007,DATA_RX_OK,rx=18,sender=0,delay_s=0.000662
22.5007,DATA_RX_OK,rx=8,sender=0,delay_s=0.000662
22.6007,DATA_RX_OK,rx=3,sender=0,delay_s=0.000662
22.6007,DATA_RX_OK,rx=14,sender=0,delay_s=0.000662
22.6007,DATA_RX_OK,rx=21,sender=0,delay_s=0.000662
22.6007,DATA_RX_OK,rx=13,sender=0,delay_s=0.000662
22.6007,DATA_RX_OK,rx=22,sender=0,delay_s=0.000662
22.6007,DATA_RX_OK,rx=1,sender=0,delay_s=0.000662
22.6007,DATA_RX_OK,rx=2,sender=0,delay_s=0.000662
22.6007,DATA_RX_OK,rx=5,sender=0,delay_s=0.000662
22.6007,DATA_RX_OK,rx=7,sender=0,delay_s=0.000662
22.6007,DATA_RX_OK,rx=17,sender=0,delay_s=0.000662
22.6007,DATA_RX_OK,rx=6,sender=0,delay_s=0.000662
22.6007,DATA_RX_OK,rx=19,sender=0,delay_s=0.000662
22.6007,DATA_RX_OK,rx=10,sender=0,delay_s=0.000662
22.6007,DATA_RX_OK,rx=20,sender=0,delay_s=0.000662
22.6007,DATA_RX_OK,rx=16,sender=0,delay_s=0.000662
22.6007,DATA_RX_OK,rx=11,sender=0,delay_s=0.000662
22.6007,DATA_RX_OK,rx=12,sender=0,delay_s=0.000662
22.6007,DATA_RX_OK,rx=4,sender=0,delay_s=0.000662
22.6007,DATA_RX_OK,rx=9,sender=0,delay_s=0.000662
22.6007,DATA_RX_OK,rx=15,sender=0,delay_s=0.000662
22.6007,DATA_RX_OK,rx=18,sender=0,delay_s=0.000662
22.6007,DATA_RX_OK,rx=8,sender=0,delay_s=0.000662
22.7,REPLAY_SENT,nonce=22600000000
22.7007,DATA_DROP_REPLAY,rx=3,sender=0,nonce=22600000000
22.7007,DATA_DROP_REPLAY,rx=14,sender=0,nonce=22600000000
22.7007,DATA_DROP_REPLAY,rx=21,sender=0,nonce=22600000000
22.7007,DATA_DROP_REPLAY,rx=13,sender=0,nonce=22600000000
22.7007,DATA_DROP_REPLAY,rx=22,sender=0,nonce=22600000000
22.7007,DATA_DROP_REPLAY,rx=2,sender=0,nonce=22600000000
22.7007,DATA_DROP_REPLAY,rx=1,sender=0,nonce=22600000000
22.7007,DATA_DROP_REPLAY,rx=5,sender=0,nonce=22600000000
22.7007,DATA_DROP_REPLAY,rx=7,sender=0,nonce=22600000000
22.7007,DATA_DROP_REPLAY,rx=17,sender=0,nonce=22600000000
22.7007,DATA_DROP_REPLAY,rx=6,sender=0,nonce=22600000000
22.7007,DATA_DROP_REPLAY,rx=19,sender=0,nonce=22600000000
22.7007,DATA_DROP_REPLAY,rx=10,sender=0,nonce=22600000000
22.7007,DATA_DROP_REPLAY,rx=20,sender=0,nonce=22600000000
22.7007,DATA_DROP_REPLAY,rx=16,sender=0,nonce=22600000000
22.7007,DATA_DROP_REPLAY,rx=11,sender=0,nonce=22600000000
22.7007,DATA_DROP_REPLAY,rx=12,sender=0,nonce=22600000000
22.7007,DATA_DROP_REPLAY,rx=4,sender=0,nonce=22600000000
22.7007,DATA_DROP_REPLAY,rx=15,sender=0,nonce=22600000000
22.7007,DATA_DROP_REPLAY,rx=9,sender=0,nonce=22600000000
22.7007,DATA_DROP_REPLAY,rx=18,sender=0,nonce=22600000000
22.7007,DATA_DROP_REPLAY,rx=8,sender=0,nonce=22600000000
22.701,DATA_RX_OK,rx=3,sender=0,delay_s=0.000978
22.701,DATA_RX_OK,rx=14,sender=0,delay_s=0.000978
22.701,DATA_RX_OK,rx=21,sender=0,delay_s=0.000978
22.701,DATA_RX_OK,rx=13,sender=0,delay_s=0.000978
22.701,DATA_RX_OK,rx=22,sender=0,delay_s=0.000978
22.701,DATA_RX_OK,rx=2,sender=0,delay_s=0.000978
22.701,DATA_RX_OK,rx=1,sender=0,delay_s=0.000978
22.701,DATA_RX_OK,rx=5,sender=0,delay_s=0.000978
22.701,DATA_RX_OK,rx=7,sender=0,delay_s=0.000978
22.701,DATA_RX_OK,rx=17,sender=0,delay_s=0.000978
22.701,DATA_RX_OK,rx=6,sender=0,delay_s=0.000978
22.701,DATA_RX_OK,rx=19,sender=0,delay_s=0.000978
22.701,DATA_RX_OK,rx=10,sender=0,delay_s=0.000978
22.701,DATA_RX_OK,rx=20,sender=0,delay_s=0.000978
22.701,DATA_RX_OK,rx=16,sender=0,delay_s=0.000978
22.701,DATA_RX_OK,rx=11,sender=0,delay_s=0.000978
22.701,DATA_RX_OK,rx=12,sender=0,delay_s=0.000978
22.701,DATA_RX_OK,rx=4,sender=0,delay_s=0.000978
22.701,DATA_RX_OK,rx=15,sender=0,delay_s=0.000978
22.701,DATA_RX_OK,rx=9,sender=0,delay_s=0.000978
22.701,DATA_RX_OK,rx=18,sender=0,delay_s=0.000978
22.701,DATA_RX_OK,rx=8,sender=0,delay_s=0.000978
22.8007,DATA_RX_OK,rx=3,sender=0,delay_s=0.000662
22.8007,DATA_RX_OK,rx=14,sender=0,delay_s=0.000662
22.8007,DATA_RX_OK,rx=21,sender=0,delay_s=0.000662
22.8007,DATA_RX_OK,rx=13,sender=0,delay_s=0.000662
22.8007,DATA_RX_OK,rx=2,sender=0,delay_s=0.000662
22.8007,DATA_RX_OK,rx=22,sender=0,delay_s=0.000662
22.8007,DATA_RX_OK,rx=1,sender=0,delay_s=0.000662
22.8007,DATA_RX_OK,rx=5,sender=0,delay_s=0.000662
22.8007,DATA_RX_OK,rx=7,sender=0,delay_s=0.000662
22.8007,DATA_RX_OK,rx=6,sender=0,delay_s=0.000662
22.8007,DATA_RX_OK,rx=17,sender=0,delay_s=0.000662
22.8007,DATA_RX_OK,rx=10,sender=0,delay_s=0.000662
22.8007,DATA_RX_OK,rx=19,sender=0,delay_s=0.000662
22.8007,DATA_RX_OK,rx=20,sender=0,delay_s=0.000662
22.8007,DATA_RX_OK,rx=16,sender=0,delay_s=0.000662
22.8007,DATA_RX_OK,rx=11,sender=0,delay_s=0.000662
22.8007,DATA_RX_OK,rx=12,sender=0,delay_s=0.000662
22.8007,DATA_RX_OK,rx=4,sender=0,delay_s=0.000662
22.8007,DATA_RX_OK,rx=15,sender=0,delay_s=0.000662
22.8007,DATA_RX_OK,rx=9,sender=0,delay_s=0.000662
22.8007,DATA_RX_OK,rx=18,sender=0,delay_s=0.000662
22.8007,DATA_RX_OK,rx=8,sender=0,delay_s=0.000662
22.9007,DATA_RX_OK,rx=3,sender=0,delay_s=0.000662
22.9007,DATA_RX_OK,rx=21,sender=0,delay_s=0.000662
22.9007,DATA_RX_OK,rx=14,sender=0,delay_s=0.000662
22.9007,DATA_RX_OK,rx=13,sender=0,delay_s=0.000662
22.9007,DATA_RX_OK,rx=2,sender=0,delay_s=0.000662
22.9007,DATA_RX_OK,rx=22,sender=0,delay_s=0.000662
22.9007,DATA_RX_OK,rx=1,sender=0,delay_s=0.000662
22.9007,DATA_RX_OK,rx=5,sender=0,delay_s=0.000662
22.9007,DATA_RX_OK,rx=7,sender=0,delay_s=0.000662
22.9007,DATA_RX_OK,rx=6,sender=0,delay_s=0.000662
22.9007,DATA_RX_OK,rx=17,sender=0,delay_s=0.000662
22.9007,DATA_RX_OK,rx=10,sender=0,delay_s=0.000662
22.9007,DATA_RX_OK,rx=19,sender=0,delay_s=0.000662
22.9007,DATA_RX_OK,rx=20,sender=0,delay_s=0.000662
22.9007,DATA_RX_OK,rx=16,sender=0,delay_s=0.000662
22.9007,DATA_RX_OK,rx=11,sender=0,delay_s=0.000662
22.9007,DATA_RX_OK,rx=12,sender=0,delay_s=0.000662
22.9007,DATA_RX_OK,rx=4,sender=0,delay_s=0.000662
22.9007,DATA_RX_OK,rx=15,sender=0,delay_s=0.000662
22.9007,DATA_RX_OK,rx=9,sender=0,delay_s=0.000662
22.9007,DATA_RX_OK,rx=18,sender=0,delay_s=0.000662
22.9007,DATA_RX_OK,rx=8,sender=0,delay_s=0.000662
23,REPORT_SENT,by=0,about=18,delta=0.020000
23,REPORT_SENT,by=1,about=17,delta=0.020000
23,REPORT_SENT,by=2,about=6,delta=0.020000
23,REPORT_SENT,by=3,about=15,delta=-0.050000
23,REPORT_SENT,by=4,about=13,delta=0.020000
23,REPORT_SENT,by=5,about=15,delta=0.020000
23,REPORT_SENT,by=6,about=0,delta=0.020000
23,REPORT_SENT,by=7,about=9,delta=0.020000
23,REPORT_SENT,by=8,about=7,delta=0.020000
23,REPORT_SENT,by=9,about=3,delta=0.020000
23,REPORT_SENT,by=10,about=4,delta=0.020000
23,REPORT_SENT,by=11,about=19,delta=0.020000
23,REPORT_SENT,by=12,about=11,delta=0.020000
23,REPORT_SENT,by=13,about=19,delta=0.020000
23,REPORT_SENT,by=14,about=1,delta=0.020000
23,REPORT_SENT,by=15,about=8,delta=0.020000
23,REPORT_SENT,by=16,about=18,delta=0.020000
23,REPORT_SENT,by=17,about=8,delta=0.020000
23,REPORT_SENT,by=18,about=16,delta=0.020000
23,REPORT_SENT,by=19,about=9,delta=0.020000
23,REPLAY_SENT,nonce=22900000000
23.0002,REPORT_RX_RSU,rsu=20,by=3,about=15,delta=-0.050000
23.0003,REPORT_RX_RSU,rsu=20,by=4,about=13,delta=0.020000
23.0008,REPORT_RX_RSU,rsu=20,by=12,about=11,delta=0.020000
23.0009,DATA_DROP_REPLAY,rx=3,sender=0,nonce=22900000000
23.0009,DATA_DROP_REPLAY,rx=21,sender=0,nonce=22900000000
23.0009,DATA_DROP_REPLAY,rx=14,sender=0,nonce=22900000000
23.0009,DATA_DROP_REPLAY,rx=13,sender=0,nonce=22900000000
23.0009,DATA_DROP_REPLAY,rx=2,sender=0,nonce=22900000000
23.0009,DATA_DROP_REPLAY,rx=22,sender=0,nonce=22900000000
23.0009,DATA_DROP_REPLAY,rx=1,sender=0,nonce=22900000000
23.0009,DATA_DROP_REPLAY,rx=5,sender=0,nonce=22900000000
23.0009,DATA_DROP_REPLAY,rx=7,sender=0,nonce=22900000000
23.0009,DATA_DROP_REPLAY,rx=6,sender=0,nonce=22900000000
23.0009,DATA_DROP_REPLAY,rx=17,sender=0,nonce=22900000000
23.0009,DATA_DROP_REPLAY,rx=10,sender=0,nonce=22900000000
23.0009,DATA_DROP_REPLAY,rx=19,sender=0,nonce=22900000000
23.0009,DATA_DROP_REPLAY,rx=20,sender=0,nonce=22900000000
23.0009,DATA_DROP_REPLAY,rx=16,sender=0,nonce=22900000000
23.0009,DATA_DROP_REPLAY,rx=11,sender=0,nonce=22900000000
23.0009,DATA_DROP_REPLAY,rx=12,sender=0,nonce=22900000000
23.0009,DATA_DROP_REPLAY,rx=4,sender=0,nonce=22900000000
23.0009,DATA_DROP_REPLAY,rx=15,sender=0,nonce=22900000000
23.0009,DATA_DROP_REPLAY,rx=9,sender=0,nonce=22900000000
23.0009,DATA_DROP_REPLAY,rx=18,sender=0,nonce=22900000000
23.0009,DATA_DROP_REPLAY,rx=8,sender=0,nonce=22900000000
23.0012,REPORT_RX_RSU,rsu=20,by=11,about=19,delta=0.020000
23.0013,DATA_RX_OK,rx=3,sender=0,delay_s=0.001303
23.0013,DATA_RX_OK,rx=21,sender=0,delay_s=0.001303
23.0013,DATA_RX_OK,rx=14,sender=0,delay_s=0.001303
23.0013,DATA_RX_OK,rx=13,sender=0,delay_s=0.001303
23.0013,DATA_RX_OK,rx=2,sender=0,delay_s=0.001303
23.0013,DATA_RX_OK,rx=22,sender=0,delay_s=0.001303
23.0013,DATA_RX_OK,rx=1,sender=0,delay_s=0.001303
23.0013,DATA_RX_OK,rx=5,sender=0,delay_s=0.001303
23.0013,DATA_RX_OK,rx=7,sender=0,delay_s=0.001303
23.0013,DATA_RX_OK,rx=6,sender=0,delay_s=0.001303
23.0013,DATA_RX_OK,rx=17,sender=0,delay_s=0.001303
23.0013,DATA_RX_OK,rx=10,sender=0,delay_s=0.001303
23.0013,DATA_RX_OK,rx=19,sender=0,delay_s=0.001303
23.0013,DATA_RX_OK,rx=20,sender=0,delay_s=0.001303
23.0013,DATA_RX_OK,rx=16,sender=0,delay_s=0.001303
23.0013,DATA_RX_OK,rx=11,sender=0,delay_s=0.001303
23.0013,DATA_RX_OK,rx=12,sender=0,delay_s=0.001303
23.0013,DATA_RX_OK,rx=4,sender=0,delay_s=0.001303
23.0013,DATA_RX_OK,rx=15,sender=0,delay_s=0.001303
23.0013,DATA_RX_OK,rx=9,sender=0,delay_s=0.001303
23.0013,DATA_RX_OK,rx=18,sender=0,delay_s=0.001303
23.0013,DATA_RX_OK,rx=8,sender=0,delay_s=0.001303
23.0013,REPORT_RX_RSU,rsu=20,by=18,about=16,delta=0.020000
23.0017,REPORT_RX_RSU,rsu=20,by=6,about=0,delta=0.020000
23.0018,REPORT_RX_RSU,rsu=20,by=16,about=18,delta=0.020000
23.002,REPORT_RX_RSU,rsu=20,by=2,about=6,delta=0.020000
23.1,BLOCK_MINE_START,block_next=23
23.1007,DATA_RX_OK,rx=3,sender=0,delay_s=0.000662
23.1007,DATA_RX_OK,rx=21,sender=0,delay_s=0.000662
23.1007,DATA_RX_OK,rx=2,sender=0,delay_s=0.000662
23.1007,DATA_RX_OK,rx=13,sender=0,delay_s=0.000662
23.1007,DATA_RX_OK,rx=14,sender=0,delay_s=0.000662
23.1007,DATA_RX_OK,rx=22,sender=0,delay_s=0.000662
23.1007,DATA_RX_OK,rx=1,sender=0,delay_s=0.000662
23.1007,DATA_RX_OK,rx=5,sender=0,delay_s=0.000662
23.1007,DATA_RX_OK,rx=7,sender=0,delay_s=0.000662
23.1007,DATA_RX_OK,rx=6,sender=0,delay_s=0.000662
23.1007,DATA_RX_OK,rx=17,sender=0,delay_s=0.000662
23.1007,DATA_RX_OK,rx=10,sender=0,delay_s=0.000662
23.1007,DATA_RX_OK,rx=19,sender=0,delay_s=0.000662
23.1007,DATA_RX_OK,rx=20,sender=0,delay_s=0.000662
23.1007,DATA_RX_OK,rx=16,sender=0,delay_s=0.000662
23.1007,DATA_RX_OK,rx=11,sender=0,delay_s=0.000662
23.1007,DATA_RX_OK,rx=4,sender=0,delay_s=0.000662
23.1007,DATA_RX_OK,rx=12,sender=0,delay_s=0.000662
23.1007,DATA_RX_OK,rx=15,sender=0,delay_s=0.000662
23.1007,DATA_RX_OK,rx=9,sender=0,delay_s=0.000662
23.1007,DATA_RX_OK,rx=18,sender=0,delay_s=0.000662
23.1007,DATA_RX_OK,rx=8,sender=0,delay_s=0.000662
23.15,BLOCK_COMMIT_ITEM,accused=15,delta=-0.050000,trust=0.770000
23.15,BLOCK_COMMIT_ITEM,accused=13,delta=0.020000,trust=0.860000
23.15,BLOCK_COMMIT_ITEM,accused=11,delta=0.020000,trust=0.760000
23.15,BLOCK_COMMIT_ITEM,accused=19,delta=0.020000,trust=0.870000
23.15,BLOCK_COMMIT_ITEM,accused=16,delta=0.020000,trust=0.760000
23.15,BLOCK_COMMIT_ITEM,accused=0,delta=0.020000,trust=0.890000
23.15,BLOCK_COMMIT_ITEM,accused=18,delta=0.020000,trust=0.830000
23.15,BLOCK_COMMIT_ITEM,accused=6,delta=0.020000,trust=0.850000
23.15,BLOCK_COMMIT_DONE,block=23,items=8,lat_s=0.050000
23.2007,DATA_RX_OK,rx=3,sender=0,delay_s=0.000662
23.2007,DATA_RX_OK,rx=2,sender=0,delay_s=0.000662
23.2007,DATA_RX_OK,rx=21,sender=0,delay_s=0.000662
23.2007,DATA_RX_OK,rx=13,sender=0,delay_s=0.000662
23.2007,DATA_RX_OK,rx=22,sender=0,delay_s=0.000662
23.2007,DATA_RX_OK,rx=14,sender=0,delay_s=0.000662
23.2007,DATA_RX_OK,rx=5,sender=0,delay_s=0.000662
23.2007,DATA_RX_OK,rx=1,sender=0,delay_s=0.000662
23.2007,DATA_RX_OK,rx=7,sender=0,delay_s=0.000662
23.2007,DATA_RX_OK,rx=6,sender=0,delay_s=0.000662
23.2007,DATA_RX_OK,rx=17,sender=0,delay_s=0.000662
23.2007,DATA_RX_OK,rx=10,sender=0,delay_s=0.000662
23.2007,DATA_RX_OK,rx=19,sender=0,delay_s=0.000662
23.2007,DATA_RX_OK,rx=20,sender=0,delay_s=0.000662
23.2007,DATA_RX_OK,rx=16,sender=0,delay_s=0.000662
23.2007,DATA_RX_OK,rx=4,sender=0,delay_s=0.000662
23.2007,DATA_RX_OK,rx=11,sender=0,delay_s=0.000662
23.2007,DATA_RX_OK,rx=12,sender=0,delay_s=0.000662
23.2007,DATA_RX_OK,rx=15,sender=0,delay_s=0.000662
23.2007,DATA_RX_OK,rx=9,sender=0,delay_s=0.000662
23.2007,DATA_RX_OK,rx=18,sender=0,delay_s=0.000662
23.2007,DATA_RX_OK,rx=8,sender=0,delay_s=0.000662
23.3,REPLAY_SENT,nonce=23200000000
23.3007,DATA_DROP_REPLAY,rx=3,sender=0,nonce=23200000000
23.3007,DATA_DROP_REPLAY,rx=2,sender=0,nonce=23200000000
23.3007,DATA_DROP_REPLAY,rx=21,sender=0,nonce=23200000000
23.3007,DATA_DROP_REPLAY,rx=13,sender=0,nonce=23200000000
23.3007,DATA_DROP_REPLAY,rx=22,sender=0,nonce=23200000000
23.3007,DATA_DROP_REPLAY,rx=14,sender=0,nonce=23200000000
23.3007,DATA_DROP_REPLAY,rx=5,sender=0,nonce=23200000000
23.3007,DATA_DROP_REPLAY,rx=1,sender=0,nonce=23200000000
23.3007,DATA_DROP_REPLAY,rx=6,sender=0,nonce=23200000000
23.3007,DATA_DROP_REPLAY,rx=7,sender=0,nonce=23200000000
23.3007,DATA_DROP_REPLAY,rx=17,sender=0,nonce=23200000000
23.3007,DATA_DROP_REPLAY,rx=10,sender=0,nonce=23200000000
23.3007,DATA_DROP_REPLAY,rx=19,sender=0,nonce=23200000000
23.3007,DATA_DROP_REPLAY,rx=20,sender=0,nonce=23200000000
23.3007,DATA_DROP_REPLAY,rx=16,sender=0,nonce=23200000000
23.3007,DATA_DROP_REPLAY,rx=4,sender=0,nonce=23200000000
23.3007,DATA_DROP_REPLAY,rx=11,sender=0,nonce=23200000000
23.3007,DATA_DROP_REPLAY,rx=12,sender=0,nonce=23200000000
23.3007,DATA_DROP_REPLAY,rx=15,sender=0,nonce=23200000000
23.3007,DATA_DROP_REPLAY,rx=9,sender=0,nonce=23200000000
23.3007,DATA_DROP_REPLAY,rx=18,sender=0,nonce=23200000000
23.3007,DATA_DROP_REPLAY,rx=8,sender=0,nonce=23200000000
23.301,DATA_RX_OK,rx=3,sender=0,delay_s=0.001023
23.301,DATA_RX_OK,rx=2,sender=0,delay_s=0.001023
23.301,DATA_RX_OK,rx=21,sender=0,delay_s=0.001023
23.301,DATA_RX_OK,rx=13,sender=0,delay_s=0.001023
23.301,DATA_RX_OK,rx=22,sender=0,delay_s=0.001023
23.301,DATA_RX_OK,rx=14,sender=0,delay_s=0.001023
23.301,DATA_RX_OK,rx=5,sender=0,delay_s=0.001023
23.301,DATA_RX_OK,rx=1,sender=0,delay_s=0.001023
23.301,DATA_RX_OK,rx=6,sender=0,delay_s=0.001023
23.301,DATA_RX_OK,rx=7,sender=0,delay_s=0.001023
23.301,DATA_RX_OK,rx=17,sender=0,delay_s=0.001023
23.301,DATA_RX_OK,rx=10,sender=0,delay_s=0.001023
23.301,DATA_RX_OK,rx=19,sender=0,delay_s=0.001023
23.301,DATA_RX_OK,rx=20,sender=0,delay_s=0.001023
23.301,DATA_RX_OK,rx=16,sender=0,delay_s=0.001023
23.301,DATA_RX_OK,rx=4,sender=0,delay_s=0.001023
23.301,DATA_RX_OK,rx=11,sender=0,delay_s=0.001023
23.301,DATA_RX_OK,rx=12,sender=0,delay_s=0.001023
23.301,DATA_RX_OK,rx=15,sender=0,delay_s=0.001023
23.301,DATA_RX_OK,rx=9,sender=0,delay_s=0.001023
23.301,DATA_RX_OK,rx=18,sender=0,delay_s=0.001023
23.301,DATA_RX_OK,rx=8,sender=0,delay_s=0.001023
23.4007,DATA_RX_OK,rx=3,sender=0,delay_s=0.000662
23.4007,DATA_RX_OK,rx=2,sender=0,delay_s=0.000662
23.4007,DATA_RX_OK,rx=21,sender=0,delay_s=0.000662
23.4007,DATA_RX_OK,rx=13,sender=0,delay_s=0.000662
23.4007,DATA_RX_OK,rx=22,sender=0,delay_s=0.000662
23.4007,DATA_RX_OK,rx=14,sender=0,delay_s=0.000662
23.4007,DATA_RX_OK,rx=5,sender=0,delay_s=0.000662
23.4007,DATA_RX_OK,rx=1,sender=0,delay_s=0.000662
23.4007,DATA_RX_OK,rx=6,sender=0,delay_s=0.000662
23.4007,DATA_RX_OK,rx=7,sender=0,delay_s=0.000662
23.4007,DATA_RX_OK,rx=17,sender=0,delay_s=0.000662
23.4007,DATA_RX_OK,rx=10,sender=0,delay_s=0.000662
23.4007,DATA_RX_OK,rx=19,sender=0,delay_s=0.000662
23.4007,DATA_RX_OK,rx=20,sender=0,delay_s=0.000662
23.4007,DATA_RX_OK,rx=16,sender=0,delay_s=0.000662
23.4007,DATA_RX_OK,rx=4,sender=0,delay_s=0.000662
23.4007,DATA_RX_OK,rx=11,sender=0,delay_s=0.000662
23.4007,DATA_RX_OK,rx=12,sender=0,delay_s=0.000662
23.4007,DATA_RX_OK,rx=15,sender=0,delay_s=0.000662
23.4007,DATA_RX_OK,rx=9,sender=0,delay_s=0.000662
23.4007,DATA_RX_OK,rx=18,sender=0,delay_s=0.000662
23.4007,DATA_RX_OK,rx=8,sender=0,delay_s=0.000662
23.5007,DATA_RX_OK,rx=3,sender=0,delay_s=0.000662
23.5007,DATA_RX_OK,rx=2,sender=0,delay_s=0.000662
23.5007,DATA_RX_OK,rx=21,sender=0,delay_s=0.000662
23.5007,DATA_RX_OK,rx=13,sender=0,delay_s=0.000662
23.5007,DATA_RX_OK,rx=22,sender=0,delay_s=0.000662
23.5007,DATA_RX_OK,rx=14,sender=0,delay_s=0.000662
23.5007,DATA_RX_OK,rx=6,sender=0,delay_s=0.000662
23.5007,DATA_RX_OK,rx=5,sender=0,delay_s=0.000662
23.5007,DATA_RX_OK,rx=1,sender=0,delay_s=0.000662
23.5007,DATA_RX_OK,rx=7,sender=0,delay_s=0.000662
23.5007,DATA_RX_OK,rx=17,sender=0,delay_s=0.000662
23.5007,DATA_RX_OK,rx=10,sender=0,delay_s=0.000662
23.5007,DATA_RX_OK,rx=19,sender=0,delay_s=0.000662
23.5007,DATA_RX_OK,rx=16,sender=0,delay_s=0.000662
23.5007,DATA_RX_OK,rx=20,sender=0,delay_s=0.000662
23.5007,DATA_RX_OK,rx=11,sender=0,delay_s=0.000662
23.5007,DATA_RX_OK,rx=4,sender=0,delay_s=0.000662
23.5007,DATA_RX_OK,rx=15,sender=0,delay_s=0.000662
23.5007,DATA_RX_OK,rx=12,sender=0,delay_s=0.000662
23.5007,DATA_RX_OK,rx=9,sender=0,delay_s=0.000662
23.5007,DATA_RX_OK,rx=18,sender=0,delay_s=0.000662
23.5007,DATA_RX_OK,rx=8,sender=0,delay_s=0.000662
23.6,REPLAY_SENT,nonce=23500000000
23.6007,DATA_DROP_REPLAY,rx=3,sender=0,nonce=23500000000
23.6007,DATA_DROP_REPLAY,rx=21,sender=0,nonce=23500000000
23.6007,DATA_DROP_REPLAY,rx=2,sender=0,nonce=23500000000
23.6007,DATA_DROP_REPLAY,rx=13,sender=0,nonce=23500000000
23.6007,DATA_DROP_REPLAY,rx=22,sender=0,nonce=23500000000
23.6007,DATA_DROP_REPLAY,rx=14,sender=0,nonce=23500000000
23.6007,DATA_DROP_REPLAY,rx=6,sender=0,nonce=23500000000
23.6007,DATA_DROP_REPLAY,rx=5,sender=0,nonce=23500000000
23.6007,DATA_DROP_REPLAY,rx=1,sender=0,nonce=23500000000
23.6007,DATA_DROP_REPLAY,rx=7,sender=0,nonce=23500000000
23.6007,DATA_DROP_REPLAY,rx=17,sender=0,nonce=23500000000
23.6007,DATA_DROP_REPLAY,rx=10,sender=0,nonce=23500000000
23.6007,DATA_DROP_REPLAY,rx=16,sender=0,nonce=23500000000
23.6007,DATA_DROP_REPLAY,rx=20,sender=0,nonce=23500000000
23.6007,DATA_DROP_REPLAY,rx=19,sender=0,nonce=23500000000
23.6007,DATA_DROP_REPLAY,rx=11,sender=0,nonce=23500000000
23.6007,DATA_DROP_REPLAY,rx=15,sender=0,nonce=23500000000
23.6007,DATA_DROP_REPLAY,rx=4,sender=0,nonce=23500000000
23.6007,DATA_DROP_REPLAY,rx=12,sender=0,nonce=23500000000
23.6007,DATA_DROP_REPLAY,rx=9,sender=0,nonce=23500000000
23.6007,DATA_DROP_REPLAY,rx=18,sender=0,nonce=23500000000
23.6007,DATA_DROP_REPLAY,rx=8,sender=0,nonce=23500000000
23.6011,DATA_RX_OK,rx=3,sender=0,delay_s=0.001050
23.6011,DATA_RX_OK,rx=21,sender=0,delay_s=0.001050
23.6011,DATA_RX_OK,rx=2,sender=0,delay_s=0.001050
23.6011,DATA_RX_OK,rx=13,sender=0,delay_s=0.001050
23.6011,DATA_RX_OK,rx=22,sender=0,delay_s=0.001050
23.6011,DATA_RX_OK,rx=14,sender=0,delay_s=0.001050
23.6011,DATA_RX_OK,rx=6,sender=0,delay_s=0.001050
23.6011,DATA_RX_OK,rx=1,sender=0,delay_s=0.001050
23.6011,DATA_RX_OK,rx=5,sender=0,delay_s=0.001050
23.6011,DATA_RX_OK,rx=7,sender=0,delay_s=0.001050
23.6011,DATA_RX_OK,rx=17,sender=0,delay_s=0.001050
23.6011,DATA_RX_OK,rx=10,sender=0,delay_s=0.001050
23.6011,DATA_RX_OK,rx=16,sender=0,delay_s=0.001050
23.6011,DATA_RX_OK,rx=20,sender=0,delay_s=0.001050
23.6011,DATA_RX_OK,rx=19,sender=0,delay_s=0.001050
23.6011,DATA_RX_OK,rx=11,sender=0,delay_s=0.001050
23.6011,DATA_RX_OK,rx=15,sender=0,delay_s=0.001050
23.6011,DATA_RX_OK,rx=4,sender=0,delay_s=0.001050
23.6011,DATA_RX_OK,rx=12,sender=0,delay_s=0.001050
23.6011,DATA_RX_OK,rx=9,sender=0,delay_s=0.001050
23.6011,DATA_RX_OK,rx=18,sender=0,delay_s=0.001050
23.6011,DATA_RX_OK,rx=8,sender=0,delay_s=0.001050
23.7007,DATA_RX_OK,rx=3,sender=0,delay_s=0.000662
23.7007,DATA_RX_OK,rx=21,sender=0,delay_s=0.000662
23.7007,DATA_RX_OK,rx=2,sender=0,delay_s=0.000662
23.7007,DATA_RX_OK,rx=13,sender=0,delay_s=0.000662
23.7007,DATA_RX_OK,rx=22,sender=0,delay_s=0.000662
23.7007,DATA_RX_OK,rx=14,sender=0,delay_s=0.000662
23.7007,DATA_RX_OK,rx=6,sender=0,delay_s=0.000662
23.7007,DATA_RX_OK,rx=1,sender=0,delay_s=0.000662
23.7007,DATA_RX_OK,rx=5,sender=0,delay_s=0.000662
23.7007,DATA_RX_OK,rx=7,sender=0,delay_s=0.000662
23.7007,DATA_RX_OK,rx=17,sender=0,delay_s=0.000662
23.7007,DATA_RX_OK,rx=10,sender=0,delay_s=0.000662
23.7007,DATA_RX_OK,rx=16,sender=0,delay_s=0.000662
23.7007,DATA_RX_OK,rx=20,sender=0,delay_s=0.000662
23.7007,DATA_RX_OK,rx=11,sender=0,delay_s=0.000662
23.7007,DATA_RX_OK,rx=19,sender=0,delay_s=0.000662
23.7007,DATA_RX_OK,rx=15,sender=0,delay_s=0.000662
23.7007,DATA_RX_OK,rx=12,sender=0,delay_s=0.000662
23.7007,DATA_RX_OK,rx=4,sender=0,delay_s=0.000662
23.7007,DATA_RX_OK,rx=9,sender=0,delay_s=0.000662
23.7007,DATA_RX_OK,rx=18,sender=0,delay_s=0.000662
23.7007,DATA_RX_OK,rx=8,sender=0,delay_s=0.000662
23.8007,DATA_RX_OK,rx=3,sender=0,delay_s=0.000662
23.8007,DATA_RX_OK,rx=21,sender=0,delay_s=0.000662
23.8007,DATA_RX_OK,rx=13,sender=0,delay_s=0.000662
23.8007,DATA_RX_OK,rx=22,sender=0,delay_s=0.000662
23.8007,DATA_RX_OK,rx=2,sender=0,delay_s=0.000662
23.8007,DATA_RX_OK,rx=14,sender=0,delay_s=0.000662
23.8007,DATA_RX_OK,rx=6,sender=0,delay_s=0.000662
23.8007,DATA_RX_OK,rx=1,sender=0,delay_s=0.000662
23.8007,DATA_RX_OK,rx=5,sender=0,delay_s=0.000662
23.8007,DATA_RX_OK,rx=7,sender=0,delay_s=0.000662
23.8007,DATA_RX_OK,rx=17,sender=0,delay_s=0.000662
23.8007,DATA_RX_OK,rx=10,sender=0,delay_s=0.000662
23.8007,DATA_RX_OK,rx=16,sender=0,delay_s=0.000662
23.8007,DATA_RX_OK,rx=11,sender=0,delay_s=0.000662
23.8007,DATA_RX_OK,rx=20,sender=0,delay_s=0.000662
23.8007,DATA_RX_OK,rx=19,sender=0,delay_s=0.000662
23.8007,DATA_RX_OK,rx=15,sender=0,delay_s=0.000662
23.8007,DATA_RX_OK,rx=12,sender=0,delay_s=0.000662
23.8007,DATA_RX_OK,rx=4,sender=0,delay_s=0.000662
23.8007,DATA_RX_OK,rx=9,sender=0,delay_s=0.000662
23.8007,DATA_RX_OK,rx=18,sender=0,delay_s=0.000662
23.8007,DATA_RX_OK,rx=8,sender=0,delay_s=0.000662
23.9,REPLAY_SENT,nonce=23800000000
23.9007,DATA_DROP_REPLAY,rx=3,sender=0,nonce=23800000000
23.9007,DATA_DROP_REPLAY,rx=21,sender=0,nonce=23800000000
23.9007,DATA_DROP_REPLAY,rx=22,sender=0,nonce=23800000000
23.9007,DATA_DROP_REPLAY,rx=13,sender=0,nonce=23800000000
23.9007,DATA_DROP_REPLAY,rx=2,sender=0,nonce=23800000000
23.9007,DATA_DROP_REPLAY,rx=14,sender=0,nonce=23800000000
23.9007,DATA_DROP_REPLAY,rx=6,sender=0,nonce=23800000000
23.9007,DATA_DROP_REPLAY,rx=1,sender=0,nonce=23800000000
23.9007,DATA_DROP_REPLAY,rx=5,sender=0,nonce=23800000000
23.9007,DATA_DROP_REPLAY,rx=7,sender=0,nonce=23800000000
23.9007,DATA_DROP_REPLAY,rx=17,sender=0,nonce=23800000000
23.9007,DATA_DROP_REPLAY,rx=10,sender=0,nonce=23800000000
23.9007,DATA_DROP_REPLAY,rx=16,sender=0,nonce=23800000000
23.9007,DATA_DROP_REPLAY,rx=11,sender=0,nonce=23800000000
23.9007,DATA_DROP_REPLAY,rx=20,sender=0,nonce=23800000000
23.9007,DATA_DROP_REPLAY,rx=15,sender=0,nonce=23800000000
23.9007,DATA_DROP_REPLAY,rx=19,sender=0,nonce=23800000000
23.9007,DATA_DROP_REPLAY,rx=12,sender=0,nonce=23800000000
23.9007,DATA_DROP_REPLAY,rx=4,sender=0,nonce=23800000000
23.9007,DATA_DROP_REPLAY,rx=9,sender=0,nonce=23800000000
23.9007,DATA_DROP_REPLAY,rx=18,sender=0,nonce=23800000000
23.9007,DATA_DROP_REPLAY,rx=8,sender=0,nonce=23800000000
23.901,DATA_RX_OK,rx=3,sender=0,delay_s=0.000969
23.901,DATA_RX_OK,rx=21,sender=0,delay_s=0.000969
23.901,DATA_RX_OK,rx=22,sender=0,delay_s=0.000969
23.901,DATA_RX_OK,rx=13,sender=0,delay_s=0.000969
23.901,DATA_RX_OK,rx=2,sender=0,delay_s=0.000969
23.901,DATA_RX_OK,rx=14,sender=0,delay_s=0.000969
23.901,DATA_RX_OK,rx=6,sender=0,delay_s=0.000969
23.901,DATA_RX_OK,rx=1,sender=0,delay_s=0.000969
23.901,DATA_RX_OK,rx=5,sender=0,delay_s=0.000969
23.901,DATA_RX_OK,rx=7,sender=0,delay_s=0.000969
23.901,DATA_RX_OK,rx=17,sender=0,delay_s=0.000969
23.901,DATA_RX_OK,rx=10,sender=0,delay_s=0.000969
23.901,DATA_RX_OK,rx=16,sender=0,delay_s=0.000969
23.901,DATA_RX_OK,rx=11,sender=0,delay_s=0.000969
23.901,DATA_RX_OK,rx=20,sender=0,delay_s=0.000969
23.901,DATA_RX_OK,rx=15,sender=0,delay_s=0.000969
23.901,DATA_RX_OK,rx=19,sender=0,delay_s=0.000969
23.901,DATA_RX_OK,rx=12,sender=0,delay_s=0.000969
23.901,DATA_RX_OK,rx=4,sender=0,delay_s=0.000969
23.901,DATA_RX_OK,rx=9,sender=0,delay_s=0.000969
23.901,DATA_RX_OK,rx=18,sender=0,delay_s=0.000969
23.901,DATA_RX_OK,rx=8,sender=0,delay_s=0.000969
24,REPORT_SENT,by=0,about=3,delta=0.020000
24,REPORT_SENT,by=1,about=5,delta=0.020000
24,REPORT_SENT,by=2,about=18,delta=0.020000
24,REPORT_SENT,by=3,about=5,delta=0.020000
24,REPORT_SENT,by=4,about=12,delta=0.020000
24,REPORT_SENT,by=5,about=16,delta=0.020000
24,REPORT_SENT,by=6,about=1,delta=0.020000
24,REPORT_SENT,by=7,about=11,delta=0.020000
24,REPORT_SENT,by=8,about=19,delta=0.020000
24,REPORT_SENT,by=9,about=11,delta=0.020000
24,REPORT_SENT,by=10,about=3,delta=0.020000
24,REPORT_SENT,by=11,about=14,delta=0.020000
24,REPORT_SENT,by=12,about=13,delta=0.020000
24,REPORT_SENT,by=13,about=18,delta=0.020000
24,REPORT_SENT,by=14,about=7,delta=0.020000
24,REPORT_SENT,by=15,about=16,delta=0.020000
24,REPORT_SENT,by=16,about=11,delta=0.020000
24,REPORT_SENT,by=17,about=4,delta=0.020000
24,REPORT_SENT,by=18,about=0,delta=0.020000
24,REPORT_SENT,by=19,about=9,delta=0.020000
24.0001,REPORT_RX_RSU,rsu=20,by=11,about=14,delta=0.020000
24.0002,REPORT_RX_RSU,rsu=20,by=2,about=18,delta=0.020000
24.0004,REPORT_RX_RSU,rsu=20,by=18,about=0,delta=0.020000
24.0008,REPORT_RX_RSU,rsu=20,by=3,about=5,delta=0.020000
24.0009,DATA_RX_OK,rx=3,sender=0,delay_s=0.000939
24.0009,DATA_RX_OK,rx=21,sender=0,delay_s=0.000939
24.0009,DATA_RX_OK,rx=22,sender=0,delay_s=0.000939
24.0009,DATA_RX_OK,rx=13,sender=0,delay_s=0.000939
24.0009,DATA_RX_OK,rx=2,sender=0,delay_s=0.000939
24.0009,DATA_RX_OK,rx=14,sender=0,delay_s=0.000939
24.0009,DATA_RX_OK,rx=6,sender=0,delay_s=0.000939
24.0009,DATA_RX_OK,rx=1,sender=0,delay_s=0.000939
24.0009,DATA_RX_OK,rx=5,sender=0,delay_s=0.000939
24.0009,DATA_RX_OK,rx=17,sender=0,delay_s=0.000939
24.0009,DATA_RX_OK,rx=7,sender=0,delay_s=0.000939
24.0009,DATA_RX_OK,rx=10,sender=0,delay_s=0.000939
24.0009,DATA_RX_OK,rx=16,sender=0,delay_s=0.000939
24.0009,DATA_RX_OK,rx=11,sender=0,delay_s=0.000939
24.0009,DATA_RX_OK,rx=20,sender=0,delay_s=0.000939
24.0009,DATA_RX_OK,rx=15,sender=0,delay_s=0.000939
24.0009,DATA_RX_OK,rx=19,sender=0,delay_s=0.000939
24.0009,DATA_RX_OK,rx=12,sender=0,delay_s=0.000939
24.0009,DATA_RX_OK,rx=4,sender=0,delay_s=0.000939
24.0009,DATA_RX_OK,rx=9,sender=0,delay_s=0.000939
24.0009,DATA_RX_OK,rx=18,sender=0,delay_s=0.000939
24.0009,DATA_RX_OK,rx=8,sender=0,delay_s=0.000939
24.001,REPORT_RX_RSU,rsu=20,by=4,about=12,delta=0.020000
24.0011,REPORT_RX_RSU,rsu=20,by=12,about=13,delta=0.020000
24.0012,REPORT_RX_RSU,rsu=20,by=16,about=11,delta=0.020000
24.0014,REPORT_RX_RSU,rsu=20,by=6,about=1,delta=0.020000
24.1007,DATA_RX_OK,rx=3,sender=0,delay_s=0.000662
24.1007,DATA_RX_OK,rx=21,sender=0,delay_s=0.000662
24.1007,DATA_RX_OK,rx=22,sender=0,delay_s=0.000662
24.1007,DATA_RX_OK,rx=13,sender=0,delay_s=0.000662
24.1007,DATA_RX_OK,rx=2,sender=0,delay_s=0.000662
24.1007,DATA_RX_OK,rx=6,sender=0,delay_s=0.000662
24.1007,DATA_RX_OK,rx=14,sender=0,delay_s=0.000662
24.1007,DATA_RX_OK,rx=1,sender=0,delay_s=0.000662
24.1007,DATA_RX_OK,rx=5,sender=0,delay_s=0.000662
24.1007,DATA_RX_OK,rx=17,sender=0,delay_s=0.000662
24.1007,DATA_RX_OK,rx=7,sender=0,delay_s=0.000662
24.1007,DATA_RX_OK,rx=16,sender=0,delay_s=0.000662
24.1007,DATA_RX_OK,rx=10,sender=0,delay_s=0.000662
24.1007,DATA_RX_OK,rx=11,sender=0,delay_s=0.000662
24.1007,DATA_RX_OK,rx=20,sender=0,delay_s=0.000662
24.1007,DATA_RX_OK,rx=15,sender=0,delay_s=0.000662
24.1007,DATA_RX_OK,rx=19,sender=0,delay_s=0.000662
24.1007,DATA_RX_OK,rx=12,sender=0,delay_s=0.000662
24.1007,DATA_RX_OK,rx=9,sender=0,delay_s=0.000662
24.1007,DATA_RX_OK,rx=4,sender=0,delay_s=0.000662
24.1007,DATA_RX_OK,rx=18,sender=0,delay_s=0.000662
24.1007,DATA_RX_OK,rx=8,sender=0,delay_s=0.000662
24.15,BLOCK_MINE_START,block_next=24
24.2,REPLAY_SENT,nonce=24100000000
24.2,BLOCK_COMMIT_ITEM,accused=14,delta=0.020000,trust=0.900000
24.2,BLOCK_COMMIT_ITEM,accused=18,delta=0.020000,trust=0.850000
24.2,BLOCK_COMMIT_ITEM,accused=0,delta=0.020000,trust=0.910000
24.2,BLOCK_COMMIT_ITEM,accused=5,delta=0.020000,trust=0.810000
24.2,BLOCK_COMMIT_ITEM,accused=12,delta=0.020000,trust=0.710000
24.2,BLOCK_COMMIT_ITEM,accused=13,delta=0.020000,trust=0.880000
24.2,BLOCK_COMMIT_ITEM,accused=11,delta=0.020000,trust=0.780000
24.2,BLOCK_COMMIT_ITEM,accused=1,delta=0.020000,trust=0.870000
24.2,BLOCK_COMMIT_DONE,block=24,items=8,lat_s=0.050000
24.2007,DATA_DROP_REPLAY,rx=3,sender=0,nonce=24100000000
24.2007,DATA_DROP_REPLAY,rx=21,sender=0,nonce=24100000000
24.2007,DATA_DROP_REPLAY,rx=22,sender=0,nonce=24100000000
24.2007,DATA_DROP_REPLAY,rx=13,sender=0,nonce=24100000000
24.2007,DATA_DROP_REPLAY,rx=6,sender=0,nonce=24100000000
24.2007,DATA_DROP_REPLAY,rx=2,sender=0,nonce=24100000000
24.2007,DATA_DROP_REPLAY,rx=14,sender=0,nonce=24100000000
24.2007,DATA_DROP_REPLAY,rx=1,sender=0,nonce=24100000000
24.2007,DATA_DROP_REPLAY,rx=5,sender=0,nonce=24100000000
24.2007,DATA_DROP_REPLAY,rx=17,sender=0,nonce=24100000000
24.2007,DATA_DROP_REPLAY,rx=7,sender=0,nonce=24100000000
24.2007,DATA_DROP_REPLAY,rx=16,sender=0,nonce=24100000000
24.2007,DATA_DROP_REPLAY,rx=11,sender=0,nonce=24100000000
24.2007,DATA_DROP_REPLAY,rx=10,sender=0,nonce=24100000000
24.2007,DATA_DROP_REPLAY,rx=20,sender=0,nonce=24100000000
24.2007,DATA_DROP_REPLAY,rx=15,sender=0,nonce=24100000000
24.2007,DATA_DROP_REPLAY,rx=19,sender=0,nonce=24100000000
24.2007,DATA_DROP_REPLAY,rx=12,sender=0,nonce=24100000000
24.2007,DATA_DROP_REPLAY,rx=9,sender=0,nonce=24100000000
24.2007,DATA_DROP_REPLAY,rx=4,sender=0,nonce=24100000000
24.2007,DATA_DROP_REPLAY,rx=18,sender=0,nonce=24100000000
24.2007,DATA_DROP_REPLAY,rx=8,sender=0,nonce=24100000000
24.2009,DATA_RX_OK,rx=3,sender=0,delay_s=0.000933
24.2009,DATA_RX_OK,rx=21,sender=0,delay_s=0.000933
24.2009,DATA_RX_OK,rx=22,sender=0,delay_s=0.000933
24.2009,DATA_RX_OK,rx=13,sender=0,delay_s=0.000933
24.2009,DATA_RX_OK,rx=6,sender=0,delay_s=0.000933
24.2009,DATA_RX_OK,rx=2,sender=0,delay_s=0.000933
24.2009,DATA_RX_OK,rx=14,sender=0,delay_s=0.000933
24.2009,DATA_RX_OK,rx=1,sender=0,delay_s=0.000933
24.2009,DATA_RX_OK,rx=5,sender=0,delay_s=0.000933
24.2009,DATA_RX_OK,rx=17,sender=0,delay_s=0.000933
24.2009,DATA_RX_OK,rx=7,sender=0,delay_s=0.000933
24.2009,DATA_RX_OK,rx=16,sender=0,delay_s=0.000933
24.2009,DATA_RX_OK,rx=11,sender=0,delay_s=0.000933
24.2009,DATA_RX_OK,rx=10,sender=0,delay_s=0.000933
24.2009,DATA_RX_OK,rx=20,sender=0,delay_s=0.000933
24.2009,DATA_RX_OK,rx=15,sender=0,delay_s=0.000933
24.2009,DATA_RX_OK,rx=19,sender=0,delay_s=0.000933
24.2009,DATA_RX_OK,rx=12,sender=0,delay_s=0.000933
24.2009,DATA_RX_OK,rx=9,sender=0,delay_s=0.000933
24.2009,DATA_RX_OK,rx=4,sender=0,delay_s=0.000933
24.2009,DATA_RX_OK,rx=18,sender=0,delay_s=0.000933
24.2009,DATA_RX_OK,rx=8,sender=0,delay_s=0.000933
24.3007,DATA_RX_OK,rx=3,sender=0,delay_s=0.000662
24.3007,DATA_RX_OK,rx=21,sender=0,delay_s=0.000662
24.3007,DATA_RX_OK,rx=13,sender=0,delay_s=0.000662
24.3007,DATA_RX_OK,rx=22,sender=0,delay_s=0.000662
24.3007,DATA_RX_OK,rx=6,sender=0,delay_s=0.000662
24.3007,DATA_RX_OK,rx=2,sender=0,delay_s=0.000662
24.3007,DATA_RX_OK,rx=14,sender=0,delay_s=0.000662
24.3007,DATA_RX_OK,rx=1,sender=0,delay_s=0.000662
24.3007,DATA_RX_OK,rx=5,sender=0,delay_s=0.000662
24.3007,DATA_RX_OK,rx=17,sender=0,delay_s=0.000662
24.3007,DATA_RX_OK,rx=7,sender=0,delay_s=0.000662
24.3007,DATA_RX_OK,rx=16,sender=0,delay_s=0.000662
24.3007,DATA_RX_OK,rx=10,sender=0,delay_s=0.000662
24.3007,DATA_RX_OK,rx=11,sender=0,delay_s=0.000662
24.3007,DATA_RX_OK,rx=20,sender=0,delay_s=0.000662
24.3007,DATA_RX_OK,rx=15,sender=0,delay_s=0.000662
24.3007,DATA_RX_OK,rx=19,sender=0,delay_s=0.000662
24.3007,DATA_RX_OK,rx=9,sender=0,delay_s=0.000662
24.3007,DATA_RX_OK,rx=12,sender=0,delay_s=0.000662
24.3007,DATA_RX_OK,rx=4,sender=0,delay_s=0.000662
24.3007,DATA_RX_OK,rx=18,sender=0,delay_s=0.000662
24.3007,DATA_RX_OK,rx=8,sender=0,delay_s=0.000662
24.4007,DATA_RX_OK,rx=3,sender=0,delay_s=0.000662
24.4007,DATA_RX_OK,rx=13,sender=0,delay_s=0.000662
24.4007,DATA_RX_OK,rx=21,sender=0,delay_s=0.000662
24.4007,DATA_RX_OK,rx=22,sender=0,delay_s=0.000662
24.4007,DATA_RX_OK,rx=6,sender=0,delay_s=0.000662
24.4007,DATA_RX_OK,rx=2,sender=0,delay_s=0.000662
24.4007,DATA_RX_OK,rx=14,sender=0,delay_s=0.000662
24.4007,DATA_RX_OK,rx=1,sender=0,delay_s=0.000662
24.4007,DATA_RX_OK,rx=5,sender=0,delay_s=0.000662
24.4007,DATA_RX_OK,rx=7,sender=0,delay_s=0.000662
24.4007,DATA_RX_OK,rx=17,sender=0,delay_s=0.000662
24.4007,DATA_RX_OK,rx=16,sender=0,delay_s=0.000662
24.4007,DATA_RX_OK,rx=10,sender=0,delay_s=0.000662
24.4007,DATA_RX_OK,rx=11,sender=0,delay_s=0.000662
24.4007,DATA_RX_OK,rx=15,sender=0,delay_s=0.000662
24.4007,DATA_RX_OK,rx=20,sender=0,delay_s=0.000662
24.4007,DATA_RX_OK,rx=19,sender=0,delay_s=0.000662
24.4007,DATA_RX_OK,rx=4,sender=0,delay_s=0.000662
24.4007,DATA_RX_OK,rx=9,sender=0,delay_s=0.000662
24.4007,DATA_RX_OK,rx=12,sender=0,delay_s=0.000662
24.4007,DATA_RX_OK,rx=18,sender=0,delay_s=0.000662
24.4007,DATA_RX_OK,rx=8,sender=0,delay_s=0.000662
24.5,REPLAY_SENT,nonce=24400000000
24.5007,DATA_DROP_REPLAY,rx=13,sender=0,nonce=24400000000
24.5007,DATA_DROP_REPLAY,rx=3,sender=0,nonce=24400000000
24.5007,DATA_DROP_REPLAY,rx=21,sender=0,nonce=24400000000
24.5007,DATA_DROP_REPLAY,rx=22,sender=0,nonce=24400000000
24.5007,DATA_DROP_REPLAY,rx=6,sender=0,nonce=24400000000
24.5007,DATA_DROP_REPLAY,rx=2,sender=0,nonce=24400000000
24.5007,DATA_DROP_REPLAY,rx=14,sender=0,nonce=24400000000
24.5007,DATA_DROP_REPLAY,rx=1,sender=0,nonce=24400000000
24.5007,DATA_DROP_REPLAY,rx=5,sender=0,nonce=24400000000
24.5007,DATA_DROP_REPLAY,rx=7,sender=0,nonce=24400000000
24.5007,DATA_DROP_REPLAY,rx=17,sender=0,nonce=24400000000
24.5007,DATA_DROP_REPLAY,rx=16,sender=0,nonce=24400000000
24.5007,DATA_DROP_REPLAY,rx=10,sender=0,nonce=24400000000
24.5007,DATA_DROP_REPLAY,rx=15,sender=0,nonce=24400000000
24.5007,DATA_DROP_REPLAY,rx=20,sender=0,nonce=24400000000
24.5007,DATA_DROP_REPLAY,rx=11,sender=0,nonce=24400000000
24.5007,DATA_DROP_REPLAY,rx=19,sender=0,nonce=24400000000
24.5007,DATA_DROP_REPLAY,rx=4,sender=0,nonce=24400000000
24.5007,DATA_DROP_REPLAY,rx=9,sender=0,nonce=24400000000
24.5007,DATA_DROP_REPLAY,rx=12,sender=0,nonce=24400000000
24.5007,DATA_DROP_REPLAY,rx=18,sender=0,nonce=24400000000
24.5007,DATA_DROP_REPLAY,rx=8,sender=0,nonce=24400000000
24.501,DATA_RX_OK,rx=13,sender=0,delay_s=0.000969
24.501,DATA_RX_OK,rx=3,sender=0,delay_s=0.000969
24.501,DATA_RX_OK,rx=21,sender=0,delay_s=0.000969
24.501,DATA_RX_OK,rx=22,sender=0,delay_s=0.000969
24.501,DATA_RX_OK,rx=6,sender=0,delay_s=0.000969
24.501,DATA_RX_OK,rx=2,sender=0,delay_s=0.000969
24.501,DATA_RX_OK,rx=14,sender=0,delay_s=0.000969
24.501,DATA_RX_OK,rx=1,sender=0,delay_s=0.000969
24.501,DATA_RX_OK,rx=5,sender=0,delay_s=0.000969
24.501,DATA_RX_OK,rx=7,sender=0,delay_s=0.000969
24.501,DATA_RX_OK,rx=17,sender=0,delay_s=0.000969
24.501,DATA_RX_OK,rx=16,sender=0,delay_s=0.000969
24.501,DATA_RX_OK,rx=10,sender=0,delay_s=0.000969
24.501,DATA_RX_OK,rx=15,sender=0,delay_s=0.000969
24.501,DATA_RX_OK,rx=20,sender=0,delay_s=0.000969
24.501,DATA_RX_OK,rx=11,sender=0,delay_s=0.000969
24.501,DATA_RX_OK,rx=19,sender=0,delay_s=0.000969
24.501,DATA_RX_OK,rx=4,sender=0,delay_s=0.000969
24.501,DATA_RX_OK,rx=9,sender=0,delay_s=0.000969
24.501,DATA_RX_OK,rx=12,sender=0,delay_s=0.000969
24.501,DATA_RX_OK,rx=18,sender=0,delay_s=0.000969
24.501,DATA_RX_OK,rx=8,sender=0,delay_s=0.000969
24.6007,DATA_RX_OK,rx=13,sender=0,delay_s=0.000662
24.6007,DATA_RX_OK,rx=3,sender=0,delay_s=0.000662
24.6007,DATA_RX_OK,rx=21,sender=0,delay_s=0.000662
24.6007,DATA_RX_OK,rx=22,sender=0,delay_s=0.000662
24.6007,DATA_RX_OK,rx=6,sender=0,delay_s=0.000662
24.6007,DATA_RX_OK,rx=2,sender=0,delay_s=0.000662
24.6007,DATA_RX_OK,rx=14,sender=0,delay_s=0.000662
24.6007,DATA_RX_OK,rx=1,sender=0,delay_s=0.000662
24.6007,DATA_RX_OK,rx=5,sender=0,delay_s=0.000662
24.6007,DATA_RX_OK,rx=7,sender=0,delay_s=0.000662
24.6007,DATA_RX_OK,rx=16,sender=0,delay_s=0.000662
24.6007,DATA_RX_OK,rx=17,sender=0,delay_s=0.000662
24.6007,DATA_RX_OK,rx=15,sender=0,delay_s=0.000662
24.6007,DATA_RX_OK,rx=10,sender=0,delay_s=0.000662
24.6007,DATA_RX_OK,rx=20,sender=0,delay_s=0.000662
24.6007,DATA_RX_OK,rx=11,sender=0,delay_s=0.000662
24.6007,DATA_RX_OK,rx=19,sender=0,delay_s=0.000662
24.6007,DATA_RX_OK,rx=4,sender=0,delay_s=0.000662
24.6007,DATA_RX_OK,rx=9,sender=0,delay_s=0.000662
24.6007,DATA_RX_OK,rx=12,sender=0,delay_s=0.000662
24.6007,DATA_RX_OK,rx=18,sender=0,delay_s=0.000662
24.6007,DATA_RX_OK,rx=8,sender=0,delay_s=0.000662
24.7007,DATA_RX_OK,rx=13,sender=0,delay_s=0.000662
24.7007,DATA_RX_OK,rx=3,sender=0,delay_s=0.000662
24.7007,DATA_RX_OK,rx=6,sender=0,delay_s=0.000662
24.7007,DATA_RX_OK,rx=21,sender=0,delay_s=0.000662
24.7007,DATA_RX_OK,rx=22,sender=0,delay_s=0.000662
24.7007,DATA_RX_OK,rx=2,sender=0,delay_s=0.000662
24.7007,DATA_RX_OK,rx=14,sender=0,delay_s=0.000662
24.7007,DATA_RX_OK,rx=5,sender=0,delay_s=0.000662
24.7007,DATA_RX_OK,rx=1,sender=0,delay_s=0.000662
24.7007,DATA_RX_OK,rx=7,sender=0,delay_s=0.000662
24.7007,DATA_RX_OK,rx=16,sender=0,delay_s=0.000662
24.7007,DATA_RX_OK,rx=17,sender=0,delay_s=0.000662
24.7007,DATA_RX_OK,rx=15,sender=0,delay_s=0.000662
24.7007,DATA_RX_OK,rx=10,sender=0,delay_s=0.000662
24.7007,DATA_RX_OK,rx=20,sender=0,delay_s=0.000662
24.7007,DATA_RX_OK,rx=11,sender=0,delay_s=0.000662
24.7007,DATA_RX_OK,rx=19,sender=0,delay_s=0.000662
24.7007,DATA_RX_OK,rx=4,sender=0,delay_s=0.000662
24.7007,DATA_RX_OK,rx=9,sender=0,delay_s=0.000662
24.7007,DATA_RX_OK,rx=12,sender=0,delay_s=0.000662
24.7007,DATA_RX_OK,rx=18,sender=0,delay_s=0.000662
24.7007,DATA_RX_OK,rx=8,sender=0,delay_s=0.000662
24.8,REPLAY_SENT,nonce=24700000000
24.8007,DATA_DROP_REPLAY,rx=13,sender=0,nonce=24700000000
24.8007,DATA_DROP_REPLAY,rx=6,sender=0,nonce=24700000000
24.8007,DATA_DROP_REPLAY,rx=3,sender=0,nonce=24700000000
24.8007,DATA_DROP_REPLAY,rx=21,sender=0,nonce=24700000000
24.8007,DATA_DROP_REPLAY,rx=22,sender=0,nonce=24700000000
24.8007,DATA_DROP_REPLAY,rx=2,sender=0,nonce=24700000000
24.8007,DATA_DROP_REPLAY,rx=14,sender=0,nonce=24700000000
24.8007,DATA_DROP_REPLAY,rx=5,sender=0,nonce=24700000000
24.8007,DATA_DROP_REPLAY,rx=1,sender=0,nonce=24700000000
24.8007,DATA_DROP_REPLAY,rx=7,sender=0,nonce=24700000000
24.8007,DATA_DROP_REPLAY,rx=15,sender=0,nonce=24700000000
24.8007,DATA_DROP_REPLAY,rx=16,sender=0,nonce=24700000000
24.8007,DATA_DROP_REPLAY,rx=17,sender=0,nonce=24700000000
24.8007,DATA_DROP_REPLAY,rx=10,sender=0,nonce=24700000000
24.8007,DATA_DROP_REPLAY,rx=20,sender=0,nonce=24700000000
24.8007,DATA_DROP_REPLAY,rx=11,sender=0,nonce=24700000000
24.8007,DATA_DROP_REPLAY,rx=19,sender=0,nonce=24700000000
24.8007,DATA_DROP_REPLAY,rx=4,sender=0,nonce=24700000000
24.8007,DATA_DROP_REPLAY,rx=9,sender=0,nonce=24700000000
24.8007,DATA_DROP_REPLAY,rx=12,sender=0,nonce=24700000000
24.8007,DATA_DROP_REPLAY,rx=18,sender=0,nonce=24700000000
24.8007,DATA_DROP_REPLAY,rx=8,sender=0,nonce=24700000000
24.801,DATA_RX_OK,rx=13,sender=0,delay_s=0.000969
24.801,DATA_RX_OK,rx=6,sender=0,delay_s=0.000969
24.801,DATA_RX_OK,rx=3,sender=0,delay_s=0.000969
24.801,DATA_RX_OK,rx=21,sender=0,delay_s=0.000969
24.801,DATA_RX_OK,rx=22,sender=0,delay_s=0.000969
24.801,DATA_RX_OK,rx=2,sender=0,delay_s=0.000969
24.801,DATA_RX_OK,rx=14,sender=0,delay_s=0.000969
24.801,DATA_RX_OK,rx=5,sender=0,delay_s=0.000969
24.801,DATA_RX_OK,rx=1,sender=0,delay_s=0.000969
24.801,DATA_RX_OK,rx=7,sender=0,delay_s=0.000969
24.801,DATA_RX_OK,rx=15,sender=0,delay_s=0.000969
24.801,DATA_RX_OK,rx=16,sender=0,delay_s=0.000969
24.801,DATA_RX_OK,rx=17,sender=0,delay_s=0.000969
24.801,DATA_RX_OK,rx=10,sender=0,delay_s=0.000969
24.801,DATA_RX_OK,rx=20,sender=0,delay_s=0.000969
24.801,DATA_RX_OK,rx=11,sender=0,delay_s=0.000969
24.801,DATA_RX_OK,rx=19,sender=0,delay_s=0.000969
24.801,DATA_RX_OK,rx=4,sender=0,delay_s=0.000969
24.801,DATA_RX_OK,rx=9,sender=0,delay_s=0.000969
24.801,DATA_RX_OK,rx=12,sender=0,delay_s=0.000969
24.801,DATA_RX_OK,rx=18,sender=0,delay_s=0.000969
24.801,DATA_RX_OK,rx=8,sender=0,delay_s=0.000969
24.9007,DATA_RX_OK,rx=13,sender=0,delay_s=0.000662
24.9007,DATA_RX_OK,rx=6,sender=0,delay_s=0.000662
24.9007,DATA_RX_OK,rx=21,sender=0,delay_s=0.000662
24.9007,DATA_RX_OK,rx=22,sender=0,delay_s=0.000662
24.9007,DATA_RX_OK,rx=3,sender=0,delay_s=0.000662
24.9007,DATA_RX_OK,rx=2,sender=0,delay_s=0.000662
24.9007,DATA_RX_OK,rx=14,sender=0,delay_s=0.000662
24.9007,DATA_RX_OK,rx=5,sender=0,delay_s=0.000662
24.9007,DATA_RX_OK,rx=1,sender=0,delay_s=0.000662
24.9007,DATA_RX_OK,rx=7,sender=0,delay_s=0.000662
24.9007,DATA_RX_OK,rx=15,sender=0,delay_s=0.000662
24.9007,DATA_RX_OK,rx=16,sender=0,delay_s=0.000662
24.9007,DATA_RX_OK,rx=17,sender=0,delay_s=0.000662
24.9007,DATA_RX_OK,rx=10,sender=0,delay_s=0.000662
24.9007,DATA_RX_OK,rx=20,sender=0,delay_s=0.000662
24.9007,DATA_RX_OK,rx=11,sender=0,delay_s=0.000662
24.9007,DATA_RX_OK,rx=4,sender=0,delay_s=0.000662
24.9007,DATA_RX_OK,rx=19,sender=0,delay_s=0.000662
24.9007,DATA_RX_OK,rx=9,sender=0,delay_s=0.000662
24.9007,DATA_RX_OK,rx=12,sender=0,delay_s=0.000662
24.9007,DATA_RX_OK,rx=18,sender=0,delay_s=0.000662
24.9007,DATA_RX_OK,rx=8,sender=0,delay_s=0.000662
25,REPORT_SENT,by=0,about=4,delta=-0.050000
25,REPORT_SENT,by=1,about=11,delta=0.020000
25,REPORT_SENT,by=2,about=1,delta=0.020000
25,REPORT_SENT,by=3,about=19,delta=0.020000
25,REPORT_SENT,by=4,about=14,delta=0.020000
25,REPORT_SENT,by=5,about=7,delta=0.020000
25,REPORT_SENT,by=6,about=10,delta=0.020000
25,REPORT_SENT,by=7,about=5,delta=0.020000
25,REPORT_SENT,by=8,about=14,delta=0.020000
25,REPORT_SENT,by=9,about=12,delta=0.020000
25,REPORT_SENT,by=10,about=14,delta=-0.050000
25,REPORT_SENT,by=11,about=8,delta=0.020000
25,REPORT_SENT,by=12,about=16,delta=0.020000
25,REPORT_SENT,by=13,about=9,delta=0.020000
25,REPORT_SENT,by=14,about=8,delta=0.020000
25,REPORT_SENT,by=15,about=12,delta=0.020000
25,REPORT_SENT,by=16,about=16,delta=-0.050000
25,REPORT_SENT,by=17,about=15,delta=0.020000
25,REPORT_SENT,by=18,about=12,delta=0.020000
25,REPORT_SENT,by=19,about=8,delta=0.020000
25.0003,REPORT_RX_RSU,rsu=20,by=18,about=12,delta=0.020000
25.0007,REPORT_RX_RSU,rsu=20,by=3,about=19,delta=0.020000
25.0008,DATA_RX_OK,rx=13,sender=0,delay_s=0.000810
25.0008,DATA_RX_OK,rx=6,sender=0,delay_s=0.000810
25.0008,DATA_RX_OK,rx=22,sender=0,delay_s=0.000810
25.0008,DATA_RX_OK,rx=21,sender=0,delay_s=0.000810
25.0008,DATA_RX_OK,rx=3,sender=0,delay_s=0.000810
25.0008,DATA_RX_OK,rx=2,sender=0,delay_s=0.000810
25.0008,DATA_RX_OK,rx=14,sender=0,delay_s=0.000810
25.0008,DATA_RX_OK,rx=5,sender=0,delay_s=0.000810
25.0008,DATA_RX_OK,rx=1,sender=0,delay_s=0.000810
25.0008,DATA_RX_OK,rx=15,sender=0,delay_s=0.000810
25.0008,DATA_RX_OK,rx=7,sender=0,delay_s=0.000810
25.0008,DATA_RX_OK,rx=16,sender=0,delay_s=0.000810
25.0008,DATA_RX_OK,rx=10,sender=0,delay_s=0.000810
25.0008,DATA_RX_OK,rx=17,sender=0,delay_s=0.000810
25.0008,DATA_RX_OK,rx=20,sender=0,delay_s=0.000810
25.0008,DATA_RX_OK,rx=11,sender=0,delay_s=0.000810
25.0008,DATA_RX_OK,rx=4,sender=0,delay_s=0.000810
25.0008,DATA_RX_OK,rx=19,sender=0,delay_s=0.000810
25.0008,DATA_RX_OK,rx=9,sender=0,delay_s=0.000811
25.0008,DATA_RX_OK,rx=12,sender=0,delay_s=0.000811
25.0008,DATA_RX_OK,rx=18,sender=0,delay_s=0.000811
25.0008,DATA_RX_OK,rx=8,sender=0,delay_s=0.000811
25.0009,REPORT_RX_RSU,rsu=20,by=2,about=1,delta=0.020000
25.0012,REPORT_RX_RSU,rsu=20,by=4,about=14,delta=0.020000
25.0013,REPORT_RX_RSU,rsu=20,by=11,about=8,delta=0.020000
25.0016,REPORT_RX_RSU,rsu=20,by=12,about=16,delta=0.020000
25.0018,REPORT_RX_RSU,rsu=20,by=6,about=10,delta=0.020000
25.0025,REPORT_RX_RSU,rsu=20,by=16,about=16,delta=-0.050000
25.1,REPLAY_SENT,nonce=25000000000
25.1007,DATA_DROP_REPLAY,rx=13,sender=0,nonce=25000000000
25.1007,DATA_DROP_REPLAY,rx=6,sender=0,nonce=25000000000
25.1007,DATA_DROP_REPLAY,rx=21,sender=0,nonce=25000000000
25.1007,DATA_DROP_REPLAY,rx=22,sender=0,nonce=25000000000
25.1007,DATA_DROP_REPLAY,rx=3,sender=0,nonce=25000000000
25.1007,DATA_DROP_REPLAY,rx=2,sender=0,nonce=25000000000
25.1007,DATA_DROP_REPLAY,rx=14,sender=0,nonce=25000000000
25.1007,DATA_DROP_REPLAY,rx=5,sender=0,nonce=25000000000
25.1007,DATA_DROP_REPLAY,rx=1,sender=0,nonce=25000000000
25.1007,DATA_DROP_REPLAY,rx=15,sender=0,nonce=25000000000
25.1007,DATA_DROP_REPLAY,rx=7,sender=0,nonce=25000000000
25.1007,DATA_DROP_REPLAY,rx=16,sender=0,nonce=25000000000
25.1007,DATA_DROP_REPLAY,rx=10,sender=0,nonce=25000000000
25.1007,DATA_DROP_REPLAY,rx=17,sender=0,nonce=25000000000
25.1007,DATA_DROP_REPLAY,rx=20,sender=0,nonce=25000000000
25.1007,DATA_DROP_REPLAY,rx=4,sender=0,nonce=25000000000
25.1007,DATA_DROP_REPLAY,rx=11,sender=0,nonce=25000000000
25.1007,DATA_DROP_REPLAY,rx=19,sender=0,nonce=25000000000
25.1007,DATA_DROP_REPLAY,rx=9,sender=0,nonce=25000000000
25.1007,DATA_DROP_REPLAY,rx=12,sender=0,nonce=25000000000
25.1007,DATA_DROP_REPLAY,rx=18,sender=0,nonce=25000000000
25.1007,DATA_DROP_REPLAY,rx=8,sender=0,nonce=25000000000
25.101,DATA_RX_OK,rx=13,sender=0,delay_s=0.000987
25.101,DATA_RX_OK,rx=6,sender=0,delay_s=0.000987
25.101,DATA_RX_OK,rx=21,sender=0,delay_s=0.000987
25.101,DATA_RX_OK,rx=22,sender=0,delay_s=0.000987
25.101,DATA_RX_OK,rx=3,sender=0,delay_s=0.000987
25.101,DATA_RX_OK,rx=2,sender=0,delay_s=0.000987
25.101,DATA_RX_OK,rx=14,sender=0,delay_s=0.000987
25.101,DATA_RX_OK,rx=5,sender=0,delay_s=0.000987
25.101,DATA_RX_OK,rx=1,sender=0,delay_s=0.000987
25.101,DATA_RX_OK,rx=15,sender=0,delay_s=0.000987
25.101,DATA_RX_OK,rx=7,sender=0,delay_s=0.000987
25.101,DATA_RX_OK,rx=16,sender=0,delay_s=0.000987
25.101,DATA_RX_OK,rx=10,sender=0,delay_s=0.000987
25.101,DATA_RX_OK,rx=17,sender=0,delay_s=0.000987
25.101,DATA_RX_OK,rx=20,sender=0,delay_s=0.000987
25.101,DATA_RX_OK,rx=4,sender=0,delay_s=0.000987
25.101,DATA_RX_OK,rx=11,sender=0,delay_s=0.000987
25.101,DATA_RX_OK,rx=19,sender=0,delay_s=0.000987
25.101,DATA_RX_OK,rx=9,sender=0,delay_s=0.000987
25.101,DATA_RX_OK,rx=12,sender=0,delay_s=0.000987
25.101,DATA_RX_OK,rx=18,sender=0,delay_s=0.000987
25.101,DATA_RX_OK,rx=8,sender=0,delay_s=0.000987
25.2,BLOCK_MINE_START,block_next=25
25.2007,DATA_DROP_SIG,rx=13,sender=0,nonce=25200000000
25.2007,DATA_DROP_SIG,rx=6,sender=0,nonce=25200000000
25.2007,DATA_DROP_SIG,rx=21,sender=0,nonce=25200000000
25.2007,DATA_DROP_SIG,rx=22,sender=0,nonce=25200000000
25.2007,DATA_DROP_SIG,rx=3,sender=0,nonce=25200000000
25.2007,DATA_DROP_SIG,rx=2,sender=0,nonce=25200000000
25.2007,DATA_DROP_SIG,rx=14,sender=0,nonce=25200000000
25.2007,DATA_DROP_SIG,rx=5,sender=0,nonce=25200000000
25.2007,DATA_DROP_SIG,rx=1,sender=0,nonce=25200000000
25.2007,DATA_DROP_SIG,rx=15,sender=0,nonce=25200000000
25.2007,DATA_DROP_SIG,rx=7,sender=0,nonce=25200000000
25.2007,DATA_DROP_SIG,rx=16,sender=0,nonce=25200000000
25.2007,DATA_DROP_SIG,rx=17,sender=0,nonce=25200000000
25.2007,DATA_DROP_SIG,rx=10,sender=0,nonce=25200000000
25.2007,DATA_DROP_SIG,rx=20,sender=0,nonce=25200000000
25.2007,DATA_DROP_SIG,rx=4,sender=0,nonce=25200000000
25.2007,DATA_DROP_SIG,rx=11,sender=0,nonce=25200000000
25.2007,DATA_DROP_SIG,rx=19,sender=0,nonce=25200000000
25.2007,DATA_DROP_SIG,rx=9,sender=0,nonce=25200000000
25.2007,DATA_DROP_SIG,rx=12,sender=0,nonce=25200000000
25.2007,DATA_DROP_SIG,rx=18,sender=0,nonce=25200000000
25.2007,DATA_DROP_SIG,rx=8,sender=0,nonce=25200000000
25.25,BLOCK_COMMIT_ITEM,accused=12,delta=0.020000,trust=0.730000
25.25,BLOCK_COMMIT_ITEM,accused=19,delta=0.020000,trust=0.890000
25.25,BLOCK_COMMIT_ITEM,accused=1,delta=0.020000,trust=0.890000
25.25,BLOCK_COMMIT_ITEM,accused=14,delta=0.020000,trust=0.920000
25.25,BLOCK_COMMIT_ITEM,accused=8,delta=0.020000,trust=0.880000
25.25,BLOCK_COMMIT_ITEM,accused=16,delta=0.020000,trust=0.780000
25.25,BLOCK_COMMIT_ITEM,accused=10,delta=0.020000,trust=0.770000
25.25,BLOCK_COMMIT_ITEM,accused=16,delta=-0.050000,trust=0.730000
25.25,BLOCK_COMMIT_DONE,block=25,items=8,lat_s=0.050000
25.3007,DATA_RX_OK,rx=13,sender=0,delay_s=0.000662
25.3007,DATA_RX_OK,rx=6,sender=0,delay_s=0.000662
25.3007,DATA_RX_OK,rx=21,sender=0,delay_s=0.000662
25.3007,DATA_RX_OK,rx=3,sender=0,delay_s=0.000662
25.3007,DATA_RX_OK,rx=22,sender=0,delay_s=0.000662
25.3007,DATA_RX_OK,rx=2,sender=0,delay_s=0.000662
25.3007,DATA_RX_OK,rx=5,sender=0,delay_s=0.000662
25.3007,DATA_RX_OK,rx=14,sender=0,delay_s=0.000662
25.3007,DATA_RX_OK,rx=1,sender=0,delay_s=0.000662
25.3007,DATA_RX_OK,rx=15,sender=0,delay_s=0.000662
25.3007,DATA_RX_OK,rx=7,sender=0,delay_s=0.000662
25.3007,DATA_RX_OK,rx=16,sender=0,delay_s=0.000662
25.3007,DATA_RX_OK,rx=17,sender=0,delay_s=0.000662
25.3007,DATA_RX_OK,rx=10,sender=0,delay_s=0.000662
25.3007,DATA_RX_OK,rx=4,sender=0,delay_s=0.000662
25.3007,DATA_RX_OK,rx=20,sender=0,delay_s=0.000662
25.3007,DATA_RX_OK,rx=11,sender=0,delay_s=0.000662
25.3007,DATA_RX_OK,rx=19,sender=0,delay_s=0.000662
25.3007,DATA_RX_OK,rx=9,sender=0,delay_s=0.000662
25.3007,DATA_RX_OK,rx=12,sender=0,delay_s=0.000662
25.3007,DATA_RX_OK,rx=18,sender=0,delay_s=0.000662
25.3007,DATA_RX_OK,rx=8,sender=0,delay_s=0.000662
25.4,REPLAY_SENT,nonce=25300000000
25.4007,DATA_DROP_REPLAY,rx=13,sender=0,nonce=25300000000
25.4007,DATA_DROP_REPLAY,rx=6,sender=0,nonce=25300000000
25.4007,DATA_DROP_REPLAY,rx=21,sender=0,nonce=25300000000
25.4007,DATA_DROP_REPLAY,rx=3,sender=0,nonce=25300000000
25.4007,DATA_DROP_REPLAY,rx=22,sender=0,nonce=25300000000
25.4007,DATA_DROP_REPLAY,rx=2,sender=0,nonce=25300000000
25.4007,DATA_DROP_REPLAY,rx=5,sender=0,nonce=25300000000
25.4007,DATA_DROP_REPLAY,rx=14,sender=0,nonce=25300000000
25.4007,DATA_DROP_REPLAY,rx=1,sender=0,nonce=25300000000
25.4007,DATA_DROP_REPLAY,rx=15,sender=0,nonce=25300000000
25.4007,DATA_DROP_REPLAY,rx=7,sender=0,nonce=25300000000
25.4007,DATA_DROP_REPLAY,rx=16,sender=0,nonce=25300000000
25.4007,DATA_DROP_REPLAY,rx=17,sender=0,nonce=25300000000
25.4007,DATA_DROP_REPLAY,rx=10,sender=0,nonce=25300000000
25.4007,DATA_DROP_REPLAY,rx=4,sender=0,nonce=25300000000
25.4007,DATA_DROP_REPLAY,rx=20,sender=0,nonce=25300000000
25.4007,DATA_DROP_REPLAY,rx=11,sender=0,nonce=25300000000
25.4007,DATA_DROP_REPLAY,rx=19,sender=0,nonce=25300000000
25.4007,DATA_DROP_REPLAY,rx=9,sender=0,nonce=25300000000
25.4007,DATA_DROP_REPLAY,rx=12,sender=0,nonce=25300000000
25.4007,DATA_DROP_REPLAY,rx=18,sender=0,nonce=25300000000
25.4007,DATA_DROP_REPLAY,rx=8,sender=0,nonce=25300000000
25.4011,DATA_RX_OK,rx=13,sender=0,delay_s=0.001050
25.4011,DATA_RX_OK,rx=6,sender=0,delay_s=0.001050
25.4011,DATA_RX_OK,rx=21,sender=0,delay_s=0.001050
25.4011,DATA_RX_OK,rx=3,sender=0,delay_s=0.001050
25.4011,DATA_RX_OK,rx=22,sender=0,delay_s=0.001050
25.4011,DATA_RX_OK,rx=2,sender=0,delay_s=0.001050
25.4011,DATA_RX_OK,rx=5,sender=0,delay_s=0.001050
25.4011,DATA_RX_OK,rx=14,sender=0,delay_s=0.001050
25.4011,DATA_RX_OK,rx=1,sender=0,delay_s=0.001050
25.4011,DATA_RX_OK,rx=15,sender=0,delay_s=0.001050
25.4011,DATA_RX_OK,rx=7,sender=0,delay_s=0.001050
25.4011,DATA_RX_OK,rx=16,sender=0,delay_s=0.001050
25.4011,DATA_RX_OK,rx=17,sender=0,delay_s=0.001050
25.4011,DATA_RX_OK,rx=10,sender=0,delay_s=0.001050
25.4011,DATA_RX_OK,rx=4,sender=0,delay_s=0.001050
25.4011,DATA_RX_OK,rx=20,sender=0,delay_s=0.001050
25.4011,DATA_RX_OK,rx=11,sender=0,delay_s=0.001050
25.4011,DATA_RX_OK,rx=19,sender=0,delay_s=0.001050
25.4011,DATA_RX_OK,rx=9,sender=0,delay_s=0.001050
25.4011,DATA_RX_OK,rx=12,sender=0,delay_s=0.001050
25.4011,DATA_RX_OK,rx=18,sender=0,delay_s=0.001050
25.4011,DATA_RX_OK,rx=8,sender=0,delay_s=0.001050
25.5007,DATA_RX_OK,rx=13,sender=0,delay_s=0.000662
25.5007,DATA_RX_OK,rx=21,sender=0,delay_s=0.000662
25.5007,DATA_RX_OK,rx=6,sender=0,delay_s=0.000662
25.5007,DATA_RX_OK,rx=3,sender=0,delay_s=0.000662
25.5007,DATA_RX_OK,rx=22,sender=0,delay_s=0.000662
25.5007,DATA_RX_OK,rx=2,sender=0,delay_s=0.000662
25.5007,DATA_RX_OK,rx=5,sender=0,delay_s=0.000662
25.5007,DATA_RX_OK,rx=14,sender=0,delay_s=0.000662
25.5007,DATA_RX_OK,rx=15,sender=0,delay_s=0.000662
25.5007,DATA_RX_OK,rx=1,sender=0,delay_s=0.000662
25.5007,DATA_RX_OK,rx=16,sender=0,delay_s=0.000662
25.5007,DATA_RX_OK,rx=7,sender=0,delay_s=0.000662
25.5007,DATA_RX_OK,rx=17,sender=0,delay_s=0.000662
25.5007,DATA_RX_OK,rx=10,sender=0,delay_s=0.000662
25.5007,DATA_RX_OK,rx=4,sender=0,delay_s=0.000662
25.5007,DATA_RX_OK,rx=20,sender=0,delay_s=0.000662
25.5007,DATA_RX_OK,rx=11,sender=0,delay_s=0.000662
25.5007,DATA_RX_OK,rx=19,sender=0,delay_s=0.000662
25.5007,DATA_RX_OK,rx=9,sender=0,delay_s=0.000662
25.5007,DATA_RX_OK,rx=12,sender=0,delay_s=0.000662
25.5007,DATA_RX_OK,rx=18,sender=0,delay_s=0.000662
25.5007,DATA_RX_OK,rx=8,sender=0,delay_s=0.000662
25.6007,DATA_DROP_SIG,rx=13,sender=0,nonce=25600000000
25.6007,DATA_DROP_SIG,rx=21,sender=0,nonce=25600000000
25.6007,DATA_DROP_SIG,rx=6,sender=0,nonce=25600000000
25.6007,DATA_DROP_SIG,rx=3,sender=0,nonce=25600000000
25.6007,DATA_DROP_SIG,rx=22,sender=0,nonce=25600000000
25.6007,DATA_DROP_SIG,rx=2,sender=0,nonce=25600000000
25.6007,DATA_DROP_SIG,rx=5,sender=0,nonce=25600000000
25.6007,DATA_DROP_SIG,rx=14,sender=0,nonce=25600000000
25.6007,DATA_DROP_SIG,rx=15,sender=0,nonce=25600000000
25.6007,DATA_DROP_SIG,rx=1,sender=0,nonce=25600000000
25.6007,DATA_DROP_SIG,rx=16,sender=0,nonce=25600000000
25.6007,DATA_DROP_SIG,rx=7,sender=0,nonce=25600000000
25.6007,DATA_DROP_SIG,rx=17,sender=0,nonce=25600000000
25.6007,DATA_DROP_SIG,rx=4,sender=0,nonce=25600000000
25.6007,DATA_DROP_SIG,rx=10,sender=0,nonce=25600000000
25.6007,DATA_DROP_SIG,rx=20,sender=0,nonce=25600000000
25.6007,DATA_DROP_SIG,rx=11,sender=0,nonce=25600000000
25.6007,DATA_DROP_SIG,rx=9,sender=0,nonce=25600000000
25.6007,DATA_DROP_SIG,rx=19,sender=0,nonce=25600000000
25.6007,DATA_DROP_SIG,rx=12,sender=0,nonce=25600000000
25.6007,DATA_DROP_SIG,rx=18,sender=0,nonce=25600000000
25.6007,DATA_DROP_SIG,rx=8,sender=0,nonce=25600000000
25.7,REPLAY_SENT,nonce=25600000000
25.7007,DATA_DROP_SIG,rx=13,sender=0,nonce=25600000000
25.7007,DATA_DROP_SIG,rx=21,sender=0,nonce=25600000000
25.7007,DATA_DROP_SIG,rx=3,sender=0,nonce=25600000000
25.7007,DATA_DROP_SIG,rx=6,sender=0,nonce=25600000000
25.7007,DATA_DROP_SIG,rx=22,sender=0,nonce=25600000000
25.7007,DATA_DROP_SIG,rx=2,sender=0,nonce=25600000000
25.7007,DATA_DROP_SIG,rx=5,sender=0,nonce=25600000000
25.7007,DATA_DROP_SIG,rx=14,sender=0,nonce=25600000000
25.7007,DATA_DROP_SIG,rx=15,sender=0,nonce=25600000000
25.7007,DATA_DROP_SIG,rx=1,sender=0,nonce=25600000000
25.7007,DATA_DROP_SIG,rx=16,sender=0,nonce=25600000000
25.7007,DATA_DROP_SIG,rx=17,sender=0,nonce=25600000000
25.7007,DATA_DROP_SIG,rx=7,sender=0,nonce=25600000000
25.7007,DATA_DROP_SIG,rx=4,sender=0,nonce=25600000000
25.7007,DATA_DROP_SIG,rx=10,sender=0,nonce=25600000000
25.7007,DATA_DROP_SIG,rx=20,sender=0,nonce=25600000000
25.7007,DATA_DROP_SIG,rx=9,sender=0,nonce=25600000000
25.7007,DATA_DROP_SIG,rx=11,sender=0,nonce=25600000000
25.7007,DATA_DROP_SIG,rx=19,sender=0,nonce=25600000000
25.7007,DATA_DROP_SIG,rx=12,sender=0,nonce=25600000000
25.7007,DATA_DROP_SIG,rx=18,sender=0,nonce=25600000000
25.7007,DATA_DROP_SIG,rx=8,sender=0,nonce=25600000000
25.701,DATA_RX_OK,rx=13,sender=0,delay_s=0.001023
25.701,DATA_RX_OK,rx=21,sender=0,delay_s=0.001023
25.701,DATA_RX_OK,rx=3,sender=0,delay_s=0.001023
25.701,DATA_RX_OK,rx=6,sender=0,delay_s=0.001023
25.701,DATA_RX_OK,rx=22,sender=0,delay_s=0.001023
25.701,DATA_RX_OK,rx=2,sender=0,delay_s=0.001023
25.701,DATA_RX_OK,rx=5,sender=0,delay_s=0.001023
25.701,DATA_RX_OK,rx=14,sender=0,delay_s=0.001023
25.701,DATA_RX_OK,rx=15,sender=0,delay_s=0.001023
25.701,DATA_RX_OK,rx=1,sender=0,delay_s=0.001023
25.701,DATA_RX_OK,rx=16,sender=0,delay_s=0.001023
25.701,DATA_RX_OK,rx=17,sender=0,delay_s=0.001023
25.701,DATA_RX_OK,rx=7,sender=0,delay_s=0.001023
25.701,DATA_RX_OK,rx=4,sender=0,delay_s=0.001023
25.701,DATA_RX_OK,rx=10,sender=0,delay_s=0.001023
25.701,DATA_RX_OK,rx=20,sender=0,delay_s=0.001023
25.701,DATA_RX_OK,rx=9,sender=0,delay_s=0.001023
25.701,DATA_RX_OK,rx=11,sender=0,delay_s=0.001023
25.701,DATA_RX_OK,rx=19,sender=0,delay_s=0.001023
25.701,DATA_RX_OK,rx=12,sender=0,delay_s=0.001023
25.701,DATA_RX_OK,rx=18,sender=0,delay_s=0.001023
25.701,DATA_RX_OK,rx=8,sender=0,delay_s=0.001023
25.8007,DATA_RX_OK,rx=13,sender=0,delay_s=0.000662
25.8007,DATA_RX_OK,rx=21,sender=0,delay_s=0.000662
25.8007,DATA_RX_OK,rx=3,sender=0,delay_s=0.000662
25.8007,DATA_RX_OK,rx=6,sender=0,delay_s=0.000662
25.8007,DATA_RX_OK,rx=22,sender=0,delay_s=0.000662
25.8007,DATA_RX_OK,rx=2,sender=0,delay_s=0.000662
25.8007,DATA_RX_OK,rx=5,sender=0,delay_s=0.000662
25.8007,DATA_RX_OK,rx=14,sender=0,delay_s=0.000662
25.8007,DATA_RX_OK,rx=15,sender=0,delay_s=0.000662
25.8007,DATA_RX_OK,rx=16,sender=0,delay_s=0.000662
25.8007,DATA_RX_OK,rx=1,sender=0,delay_s=0.000662
25.8007,DATA_RX_OK,rx=17,sender=0,delay_s=0.000662
25.8007,DATA_RX_OK,rx=7,sender=0,delay_s=0.000662
25.8007,DATA_RX_OK,rx=4,sender=0,delay_s=0.000662
25.8007,DATA_RX_OK,rx=10,sender=0,delay_s=0.000662
25.8007,DATA_RX_OK,rx=20,sender=0,delay_s=0.000662
25.8007,DATA_RX_OK,rx=9,sender=0,delay_s=0.000662
25.8007,DATA_RX_OK,rx=19,sender=0,delay_s=0.000662
25.8007,DATA_RX_OK,rx=11,sender=0,delay_s=0.000662
25.8007,DATA_RX_OK,rx=12,sender=0,delay_s=0.000662
25.8007,DATA_RX_OK,rx=18,sender=0,delay_s=0.000662
25.8007,DATA_RX_OK,rx=8,sender=0,delay_s=0.000662
25.9007,DATA_RX_OK,rx=13,sender=0,delay_s=0.000662
25.9007,DATA_RX_OK,rx=21,sender=0,delay_s=0.000662
25.9007,DATA_RX_OK,rx=3,sender=0,delay_s=0.000662
25.9007,DATA_RX_OK,rx=6,sender=0,delay_s=0.000662
25.9007,DATA_RX_OK,rx=22,sender=0,delay_s=0.000662
25.9007,DATA_RX_OK,rx=2,sender=0,delay_s=0.000662
25.9007,DATA_RX_OK,rx=5,sender=0,delay_s=0.000662
25.9007,DATA_RX_OK,rx=14,sender=0,delay_s=0.000662
25.9007,DATA_RX_OK,rx=16,sender=0,delay_s=0.000662
25.9007,DATA_RX_OK,rx=17,sender=0,delay_s=0.000662
25.9007,DATA_RX_OK,rx=15,sender=0,delay_s=0.000662
25.9007,DATA_RX_OK,rx=1,sender=0,delay_s=0.000662
25.9007,DATA_RX_OK,rx=4,sender=0,delay_s=0.000662
25.9007,DATA_RX_OK,rx=7,sender=0,delay_s=0.000662
25.9007,DATA_RX_OK,rx=10,sender=0,delay_s=0.000662
25.9007,DATA_RX_OK,rx=20,sender=0,delay_s=0.000662
25.9007,DATA_RX_OK,rx=9,sender=0,delay_s=0.000662
25.9007,DATA_RX_OK,rx=19,sender=0,delay_s=0.000662
25.9007,DATA_RX_OK,rx=11,sender=0,delay_s=0.000662
25.9007,DATA_RX_OK,rx=12,sender=0,delay_s=0.000662
25.9007,DATA_RX_OK,rx=18,sender=0,delay_s=0.000662
25.9007,DATA_RX_OK,rx=8,sender=0,delay_s=0.000662
26,REPORT_SENT,by=0,about=1,delta=0.020000
26,REPORT_SENT,by=1,about=5,delta=-0.050000
26,REPORT_SENT,by=2,about=9,delta=0.020000
26,REPORT_SENT,by=3,about=19,delta=0.020000
26,REPORT_SENT,by=4,about=5,delta=0.020000
26,REPORT_SENT,by=5,about=13,delta=0.020000
26,REPORT_SENT,by=6,about=3,delta=0.020000
26,REPORT_SENT,by=7,about=6,delta=0.020000
26,REPORT_SENT,by=8,about=4,delta=0.020000
26,REPORT_SENT,by=9,about=12,delta=0.020000
26,REPORT_SENT,by=10,about=12,delta=0.020000
26,REPORT_SENT,by=11,about=7,delta=0.020000
26,REPORT_SENT,by=12,about=0,delta=0.020000
26,REPORT_SENT,by=13,about=13,delta=0.020000
26,REPORT_SENT,by=14,about=13,delta=0.020000
26,REPORT_SENT,by=15,about=4,delta=0.020000
26,REPORT_SENT,by=16,about=5,delta=0.020000
26,REPORT_SENT,by=17,about=18,delta=0.020000
26,REPORT_SENT,by=18,about=13,delta=0.020000
26,REPORT_SENT,by=19,about=10,delta=0.020000
26,REPLAY_SENT,nonce=25900000000
26.0002,REPORT_RX_RSU,rsu=20,by=11,about=7,delta=0.020000
26.0003,REPORT_RX_RSU,rsu=20,by=18,about=13,delta=0.020000
26.0005,REPORT_RX_RSU,rsu=20,by=3,about=19,delta=0.020000
26.0006,REPORT_RX_RSU,rsu=20,by=16,about=5,delta=0.020000
26.0007,REPORT_RX_RSU,rsu=20,by=12,about=0,delta=0.020000
26.0011,REPORT_RX_RSU,rsu=20,by=2,about=9,delta=0.020000
26.0012,DATA_DROP_REPLAY,rx=13,sender=0,nonce=25900000000
26.0012,DATA_DROP_REPLAY,rx=21,sender=0,nonce=25900000000
26.0012,DATA_DROP_REPLAY,rx=3,sender=0,nonce=25900000000
26.0012,DATA_DROP_REPLAY,rx=6,sender=0,nonce=25900000000
26.0012,DATA_DROP_REPLAY,rx=22,sender=0,nonce=25900000000
26.0012,DATA_DROP_REPLAY,rx=2,sender=0,nonce=25900000000
26.0012,DATA_DROP_REPLAY,rx=5,sender=0,nonce=25900000000
26.0012,DATA_DROP_REPLAY,rx=17,sender=0,nonce=25900000000
26.0012,DATA_DROP_REPLAY,rx=14,sender=0,nonce=25900000000
26.0012,DATA_DROP_REPLAY,rx=16,sender=0,nonce=25900000000
26.0012,DATA_DROP_REPLAY,rx=15,sender=0,nonce=25900000000
26.0012,DATA_DROP_REPLAY,rx=1,sender=0,nonce=25900000000
26.0012,DATA_DROP_REPLAY,rx=4,sender=0,nonce=25900000000
26.0012,DATA_DROP_REPLAY,rx=7,sender=0,nonce=25900000000
26.0012,DATA_DROP_REPLAY,rx=10,sender=0,nonce=25900000000
26.0012,DATA_DROP_REPLAY,rx=20,sender=0,nonce=25900000000
26.0012,DATA_DROP_REPLAY,rx=9,sender=0,nonce=25900000000
26.0012,DATA_DROP_REPLAY,rx=19,sender=0,nonce=25900000000
26.0012,DATA_DROP_REPLAY,rx=11,sender=0,nonce=25900000000
26.0012,DATA_DROP_REPLAY,rx=12,sender=0,nonce=25900000000
26.0012,DATA_DROP_REPLAY,rx=18,sender=0,nonce=25900000000
26.0012,DATA_DROP_REPLAY,rx=8,sender=0,nonce=25900000000
26.0016,REPORT_RX_RSU,rsu=20,by=6,about=3,delta=0.020000
26.0017,DATA_DROP_SIG,rx=13,sender=0,nonce=26000000000
26.0017,DATA_DROP_SIG,rx=21,sender=0,nonce=26000000000
26.0017,DATA_DROP_SIG,rx=3,sender=0,nonce=26000000000
26.0017,DATA_DROP_SIG,rx=6,sender=0,nonce=26000000000
26.0017,DATA_DROP_SIG,rx=22,sender=0,nonce=26000000000
26.0017,DATA_DROP_SIG,rx=2,sender=0,nonce=26000000000
26.0017,DATA_DROP_SIG,rx=5,sender=0,nonce=26000000000
26.0017,DATA_DROP_SIG,rx=17,sender=0,nonce=26000000000
26.0017,DATA_DROP_SIG,rx=14,sender=0,nonce=26000000000
26.0017,DATA_DROP_SIG,rx=16,sender=0,nonce=26000000000
26.0017,DATA_DROP_SIG,rx=15,sender=0,nonce=26000000000
26.0017,DATA_DROP_SIG,rx=1,sender=0,nonce=26000000000
26.0017,DATA_DROP_SIG,rx=4,sender=0,nonce=26000000000
26.0017,DATA_DROP_SIG,rx=7,sender=0,nonce=26000000000
26.0017,DATA_DROP_SIG,rx=10,sender=0,nonce=26000000000
26.0017,DATA_DROP_SIG,rx=20,sender=0,nonce=26000000000
26.0017,DATA_DROP_SIG,rx=9,sender=0,nonce=26000000000
26.0017,DATA_DROP_SIG,rx=19,sender=0,nonce=26000000000
26.0017,DATA_DROP_SIG,rx=11,sender=0,nonce=26000000000
26.0017,DATA_DROP_SIG,rx=12,sender=0,nonce=26000000000
26.0017,DATA_DROP_SIG,rx=18,sender=0,nonce=26000000000
26.0017,DATA_DROP_SIG,rx=8,sender=0,nonce=26000000000
26.0017,REPORT_RX_RSU,rsu=20,by=4,about=5,delta=0.020000
26.1007,DATA_RX_OK,rx=21,sender=0,delay_s=0.000662
26.1007,DATA_RX_OK,rx=13,sender=0,delay_s=0.000662
26.1007,DATA_RX_OK,rx=3,sender=0,delay_s=0.000662
26.1007,DATA_RX_OK,rx=6,sender=0,delay_s=0.000662
26.1007,DATA_RX_OK,rx=22,sender=0,delay_s=0.000662
26.1007,DATA_RX_OK,rx=2,sender=0,delay_s=0.000662
26.1007,DATA_RX_OK,rx=5,sender=0,delay_s=0.000662
26.1007,DATA_RX_OK,rx=17,sender=0,delay_s=0.000662
26.1007,DATA_RX_OK,rx=16,sender=0,delay_s=0.000662
26.1007,DATA_RX_OK,rx=14,sender=0,delay_s=0.000662
26.1007,DATA_RX_OK,rx=15,sender=0,delay_s=0.000662
26.1007,DATA_RX_OK,rx=1,sender=0,delay_s=0.000662
26.1007,DATA_RX_OK,rx=4,sender=0,delay_s=0.000662
26.1007,DATA_RX_OK,rx=7,sender=0,delay_s=0.000662
26.1007,DATA_RX_OK,rx=20,sender=0,delay_s=0.000662
26.1007,DATA_RX_OK,rx=10,sender=0,delay_s=0.000662
26.1007,DATA_RX_OK,rx=9,sender=0,delay_s=0.000662
26.1007,DATA_RX_OK,rx=19,sender=0,delay_s=0.000662
26.1007,DATA_RX_OK,rx=11,sender=0,delay_s=0.000662
26.1007,DATA_RX_OK,rx=12,sender=0,delay_s=0.000662
26.1007,DATA_RX_OK,rx=18,sender=0,delay_s=0.000662
26.1007,DATA_RX_OK,rx=8,sender=0,delay_s=0.000662
26.2007,DATA_RX_OK,rx=21,sender=0,delay_s=0.000662
26.2007,DATA_RX_OK,rx=3,sender=0,delay_s=0.000662
26.2007,DATA_RX_OK,rx=13,sender=0,delay_s=0.000662
26.2007,DATA_RX_OK,rx=6,sender=0,delay_s=0.000662
26.2007,DATA_RX_OK,rx=22,sender=0,delay_s=0.000662
26.2007,DATA_RX_OK,rx=2,sender=0,delay_s=0.000662
26.2007,DATA_RX_OK,rx=5,sender=0,delay_s=0.000662
26.2007,DATA_RX_OK,rx=17,sender=0,delay_s=0.000662
26.2007,DATA_RX_OK,rx=16,sender=0,delay_s=0.000662
26.2007,DATA_RX_OK,rx=14,sender=0,delay_s=0.000662
26.2007,DATA_RX_OK,rx=15,sender=0,delay_s=0.000662
26.2007,DATA_RX_OK,rx=1,sender=0,delay_s=0.000662
26.2007,DATA_RX_OK,rx=4,sender=0,delay_s=0.000662
26.2007,DATA_RX_OK,rx=20,sender=0,delay_s=0.000662
26.2007,DATA_RX_OK,rx=7,sender=0,delay_s=0.000662
26.2007,DATA_RX_OK,rx=10,sender=0,delay_s=0.000662
26.2007,DATA_RX_OK,rx=9,sender=0,delay_s=0.000662
26.2007,DATA_RX_OK,rx=19,sender=0,delay_s=0.000662
26.2007,DATA_RX_OK,rx=11,sender=0,delay_s=0.000662
26.2007,DATA_RX_OK,rx=12,sender=0,delay_s=0.000662
26.2007,DATA_RX_OK,rx=8,sender=0,delay_s=0.000662
26.2007,DATA_RX_OK,rx=18,sender=0,delay_s=0.000662
26.25,BLOCK_MINE_START,block_next=26
26.3,REPLAY_SENT,nonce=26200000000
26.3,BLOCK_COMMIT_ITEM,accused=7,delta=0.020000,trust=0.790000
26.3,BLOCK_COMMIT_ITEM,accused=13,delta=0.020000,trust=0.900000
26.3,BLOCK_COMMIT_ITEM,accused=19,delta=0.020000,trust=0.910000
26.3,BLOCK_COMMIT_ITEM,accused=5,delta=0.020000,trust=0.830000
26.3,BLOCK_COMMIT_ITEM,accused=0,delta=0.020000,trust=0.930000
26.3,BLOCK_COMMIT_ITEM,accused=9,delta=0.020000,trust=0.860000
26.3,BLOCK_COMMIT_ITEM,accused=3,delta=0.020000,trust=0.780000
26.3,BLOCK_COMMIT_ITEM,accused=5,delta=0.020000,trust=0.850000
26.3,BLOCK_COMMIT_DONE,block=26,items=8,lat_s=0.050000
26.3007,DATA_DROP_REPLAY,rx=21,sender=0,nonce=26200000000
26.3007,DATA_DROP_REPLAY,rx=3,sender=0,nonce=26200000000
26.3007,DATA_DROP_REPLAY,rx=6,sender=0,nonce=26200000000
26.3007,DATA_DROP_REPLAY,rx=13,sender=0,nonce=26200000000
26.3007,DATA_DROP_REPLAY,rx=22,sender=0,nonce=26200000000
26.3007,DATA_DROP_REPLAY,rx=2,sender=0,nonce=26200000000
26.3007,DATA_DROP_REPLAY,rx=5,sender=0,nonce=26200000000
26.3007,DATA_DROP_REPLAY,rx=17,sender=0,nonce=26200000000
26.3007,DATA_DROP_REPLAY,rx=16,sender=0,nonce=26200000000
26.3007,DATA_DROP_REPLAY,rx=14,sender=0,nonce=26200000000
26.3007,DATA_DROP_REPLAY,rx=15,sender=0,nonce=26200000000
26.3007,DATA_DROP_REPLAY,rx=1,sender=0,nonce=26200000000
26.3007,DATA_DROP_REPLAY,rx=20,sender=0,nonce=26200000000
26.3007,DATA_DROP_REPLAY,rx=4,sender=0,nonce=26200000000
26.3007,DATA_DROP_REPLAY,rx=7,sender=0,nonce=26200000000
26.3007,DATA_DROP_REPLAY,rx=10,sender=0,nonce=26200000000
26.3007,DATA_DROP_REPLAY,rx=9,sender=0,nonce=26200000000
26.3007,DATA_DROP_REPLAY,rx=19,sender=0,nonce=26200000000
26.3007,DATA_DROP_REPLAY,rx=11,sender=0,nonce=26200000000
26.3007,DATA_DROP_REPLAY,rx=12,sender=0,nonce=26200000000
26.3007,DATA_DROP_REPLAY,rx=8,sender=0,nonce=26200000000
26.3007,DATA_DROP_REPLAY,rx=18,sender=0,nonce=26200000000
26.301,DATA_RX_OK,rx=21,sender=0,delay_s=0.000987
26.301,DATA_RX_OK,rx=3,sender=0,delay_s=0.000987
26.301,DATA_RX_OK,rx=6,sender=0,delay_s=0.000987
26.301,DATA_RX_OK,rx=13,sender=0,delay_s=0.000987
26.301,DATA_RX_OK,rx=22,sender=0,delay_s=0.000987
26.301,DATA_RX_OK,rx=2,sender=0,delay_s=0.000987
26.301,DATA_RX_OK,rx=5,sender=0,delay_s=0.000987
26.301,DATA_RX_OK,rx=17,sender=0,delay_s=0.000987
26.301,DATA_RX_OK,rx=16,sender=0,delay_s=0.000987
26.301,DATA_RX_OK,rx=14,sender=0,delay_s=0.000987
26.301,DATA_RX_OK,rx=15,sender=0,delay_s=0.000987
26.301,DATA_RX_OK,rx=1,sender=0,delay_s=0.000987
26.301,DATA_RX_OK,rx=20,sender=0,delay_s=0.000987
26.301,DATA_RX_OK,rx=4,sender=0,delay_s=0.000987
26.301,DATA_RX_OK,rx=7,sender=0,delay_s=0.000987
26.301,DATA_RX_OK,rx=10,sender=0,delay_s=0.000987
26.301,DATA_RX_OK,rx=9,sender=0,delay_s=0.000987
26.301,DATA_RX_OK,rx=19,sender=0,delay_s=0.000987
26.301,DATA_RX_OK,rx=11,sender=0,delay_s=0.000987
26.301,DATA_RX_OK,rx=12,sender=0,delay_s=0.000987
26.301,DATA_RX_OK,rx=8,sender=0,delay_s=0.000987
26.301,DATA_RX_OK,rx=18,sender=0,delay_s=0.000987
26.4007,DATA_RX_OK,rx=21,sender=0,delay_s=0.000662
26.4007,DATA_RX_OK,rx=3,sender=0,delay_s=0.000662
26.4007,DATA_RX_OK,rx=6,sender=0,delay_s=0.000662
26.4007,DATA_RX_OK,rx=13,sender=0,delay_s=0.000662
26.4007,DATA_RX_OK,rx=22,sender=0,delay_s=0.000662
26.4007,DATA_RX_OK,rx=2,sender=0,delay_s=0.000662
26.4007,DATA_RX_OK,rx=5,sender=0,delay_s=0.000662
26.4007,DATA_RX_OK,rx=17,sender=0,delay_s=0.000662
26.4007,DATA_RX_OK,rx=16,sender=0,delay_s=0.000662
26.4007,DATA_RX_OK,rx=14,sender=0,delay_s=0.000662
26.4007,DATA_RX_OK,rx=1,sender=0,delay_s=0.000662
26.4007,DATA_RX_OK,rx=15,sender=0,delay_s=0.000662
26.4007,DATA_RX_OK,rx=20,sender=0,delay_s=0.000662
26.4007,DATA_RX_OK,rx=4,sender=0,delay_s=0.000662
26.4007,DATA_RX_OK,rx=9,sender=0,delay_s=0.000662
26.4007,DATA_RX_OK,rx=10,sender=0,delay_s=0.000662
26.4007,DATA_RX_OK,rx=7,sender=0,delay_s=0.000662
26.4007,DATA_RX_OK,rx=19,sender=0,delay_s=0.000662
26.4007,DATA_RX_OK,rx=11,sender=0,delay_s=0.000662
26.4007,DATA_RX_OK,rx=12,sender=0,delay_s=0.000662
26.4007,DATA_RX_OK,rx=8,sender=0,delay_s=0.000662
26.4007,DATA_RX_OK,rx=18,sender=0,delay_s=0.000662
26.5007,DATA_RX_OK,rx=21,sender=0,delay_s=0.000662
26.5007,DATA_RX_OK,rx=3,sender=0,delay_s=0.000662
26.5007,DATA_RX_OK,rx=6,sender=0,delay_s=0.000662
26.5007,DATA_RX_OK,rx=13,sender=0,delay_s=0.000662
26.5007,DATA_RX_OK,rx=22,sender=0,delay_s=0.000662
26.5007,DATA_RX_OK,rx=2,sender=0,delay_s=0.000662
26.5007,DATA_RX_OK,rx=5,sender=0,delay_s=0.000662
26.5007,DATA_RX_OK,rx=17,sender=0,delay_s=0.000662
26.5007,DATA_RX_OK,rx=16,sender=0,delay_s=0.000662
26.5007,DATA_RX_OK,rx=14,sender=0,delay_s=0.000662
26.5007,DATA_RX_OK,rx=1,sender=0,delay_s=0.000662
26.5007,DATA_RX_OK,rx=15,sender=0,delay_s=0.000662
26.5007,DATA_RX_OK,rx=20,sender=0,delay_s=0.000662
26.5007,DATA_RX_OK,rx=4,sender=0,delay_s=0.000662
26.5007,DATA_RX_OK,rx=9,sender=0,delay_s=0.000662
26.5007,DATA_RX_OK,rx=10,sender=0,delay_s=0.000662
26.5007,DATA_RX_OK,rx=7,sender=0,delay_s=0.000662
26.5007,DATA_RX_OK,rx=19,sender=0,delay_s=0.000662
26.5007,DATA_RX_OK,rx=11,sender=0,delay_s=0.000662
26.5007,DATA_RX_OK,rx=12,sender=0,delay_s=0.000662
26.5007,DATA_RX_OK,rx=8,sender=0,delay_s=0.000662
26.5007,DATA_RX_OK,rx=18,sender=0,delay_s=0.000662
26.6,REPLAY_SENT,nonce=26500000000
26.6007,DATA_DROP_REPLAY,rx=21,sender=0,nonce=26500000000
26.6007,DATA_DROP_REPLAY,rx=3,sender=0,nonce=26500000000
26.6007,DATA_DROP_REPLAY,rx=6,sender=0,nonce=26500000000
26.6007,DATA_DROP_REPLAY,rx=13,sender=0,nonce=26500000000
26.6007,DATA_DROP_REPLAY,rx=2,sender=0,nonce=26500000000
26.6007,DATA_DROP_REPLAY,rx=22,sender=0,nonce=26500000000
26.6007,DATA_DROP_REPLAY,rx=5,sender=0,nonce=26500000000
26.6007,DATA_DROP_REPLAY,rx=17,sender=0,nonce=26500000000
26.6007,DATA_DROP_REPLAY,rx=16,sender=0,nonce=26500000000
26.6007,DATA_DROP_REPLAY,rx=14,sender=0,nonce=26500000000
26.6007,DATA_DROP_REPLAY,rx=20,sender=0,nonce=26500000000
26.6007,DATA_DROP_REPLAY,rx=1,sender=0,nonce=26500000000
26.6007,DATA_DROP_REPLAY,rx=15,sender=0,nonce=26500000000
26.6007,DATA_DROP_REPLAY,rx=9,sender=0,nonce=26500000000
26.6007,DATA_DROP_REPLAY,rx=4,sender=0,nonce=26500000000
26.6007,DATA_DROP_REPLAY,rx=10,sender=0,nonce=26500000000
26.6007,DATA_DROP_REPLAY,rx=7,sender=0,nonce=26500000000
26.6007,DATA_DROP_REPLAY,rx=19,sender=0,nonce=26500000000
26.6007,DATA_DROP_REPLAY,rx=11,sender=0,nonce=26500000000
26.6007,DATA_DROP_REPLAY,rx=12,sender=0,nonce=26500000000
26.6007,DATA_DROP_REPLAY,rx=8,sender=0,nonce=26500000000
26.6007,DATA_DROP_REPLAY,rx=18,sender=0,nonce=26500000000
26.601,DATA_RX_OK,rx=21,sender=0,delay_s=0.000951
26.601,DATA_RX_OK,rx=3,sender=0,delay_s=0.000951
26.601,DATA_RX_OK,rx=6,sender=0,delay_s=0.000951
26.601,DATA_RX_OK,rx=13,sender=0,delay_s=0.000951
26.601,DATA_RX_OK,rx=2,sender=0,delay_s=0.000951
26.601,DATA_RX_OK,rx=22,sender=0,delay_s=0.000951
26.601,DATA_RX_OK,rx=5,sender=0,delay_s=0.000951
26.601,DATA_RX_OK,rx=17,sender=0,delay_s=0.000951
26.601,DATA_RX_OK,rx=16,sender=0,delay_s=0.000951
26.601,DATA_RX_OK,rx=14,sender=0,delay_s=0.000951
26.601,DATA_RX_OK,rx=20,sender=0,delay_s=0.000951
26.601,DATA_RX_OK,rx=1,sender=0,delay_s=0.000951
26.601,DATA_RX_OK,rx=15,sender=0,delay_s=0.000951
26.601,DATA_RX_OK,rx=9,sender=0,delay_s=0.000951
26.601,DATA_RX_OK,rx=4,sender=0,delay_s=0.000951
26.601,DATA_RX_OK,rx=10,sender=0,delay_s=0.000951
26.601,DATA_RX_OK,rx=7,sender=0,delay_s=0.000951
26.601,DATA_RX_OK,rx=19,sender=0,delay_s=0.000951
26.601,DATA_RX_OK,rx=11,sender=0,delay_s=0.000951
26.601,DATA_RX_OK,rx=12,sender=0,delay_s=0.000951
26.601,DATA_RX_OK,rx=8,sender=0,delay_s=0.000951
26.601,DATA_RX_OK,rx=18,sender=0,delay_s=0.000951
26.7007,DATA_RX_OK,rx=21,sender=0,delay_s=0.000662
26.7007,DATA_RX_OK,rx=3,sender=0,delay_s=0.000662
26.7007,DATA_RX_OK,rx=6,sender=0,delay_s=0.000662
26.7007,DATA_RX_OK,rx=2,sender=0,delay_s=0.000662
26.7007,DATA_RX_OK,rx=13,sender=0,delay_s=0.000662
26.7007,DATA_RX_OK,rx=5,sender=0,delay_s=0.000662
26.7007,DATA_RX_OK,rx=22,sender=0,delay_s=0.000662
26.7007,DATA_RX_OK,rx=17,sender=0,delay_s=0.000662
26.7007,DATA_RX_OK,rx=16,sender=0,delay_s=0.000662
26.7007,DATA_RX_OK,rx=14,sender=0,delay_s=0.000662
26.7007,DATA_RX_OK,rx=20,sender=0,delay_s=0.000662
26.7007,DATA_RX_OK,rx=15,sender=0,delay_s=0.000662
26.7007,DATA_RX_OK,rx=1,sender=0,delay_s=0.000662
26.7007,DATA_RX_OK,rx=9,sender=0,delay_s=0.000662
26.7007,DATA_RX_OK,rx=4,sender=0,delay_s=0.000662
26.7007,DATA_RX_OK,rx=10,sender=0,delay_s=0.000662
26.7007,DATA_RX_OK,rx=7,sender=0,delay_s=0.000662
26.7007,DATA_RX_OK,rx=19,sender=0,delay_s=0.000662
26.7007,DATA_RX_OK,rx=8,sender=0,delay_s=0.000662
26.7007,DATA_RX_OK,rx=11,sender=0,delay_s=0.000662
26.7007,DATA_RX_OK,rx=12,sender=0,delay_s=0.000662
26.7007,DATA_RX_OK,rx=18,sender=0,delay_s=0.000662
26.8007,DATA_DROP_SIG,rx=21,sender=0,nonce=26800000000
26.8007,DATA_DROP_SIG,rx=3,sender=0,nonce=26800000000
26.8007,DATA_DROP_SIG,rx=6,sender=0,nonce=26800000000
26.8007,DATA_DROP_SIG,rx=2,sender=0,nonce=26800000000
26.8007,DATA_DROP_SIG,rx=5,sender=0,nonce=26800000000
26.8007,DATA_DROP_SIG,rx=13,sender=0,nonce=26800000000
26.8007,DATA_DROP_SIG,rx=22,sender=0,nonce=26800000000
26.8007,DATA_DROP_SIG,rx=17,sender=0,nonce=26800000000
26.8007,DATA_DROP_SIG,rx=16,sender=0,nonce=26800000000
26.8007,DATA_DROP_SIG,rx=14,sender=0,nonce=26800000000
26.8007,DATA_DROP_SIG,rx=20,sender=0,nonce=26800000000
26.8007,DATA_DROP_SIG,rx=15,sender=0,nonce=26800000000
26.8007,DATA_DROP_SIG,rx=1,sender=0,nonce=26800000000
26.8007,DATA_DROP_SIG,rx=9,sender=0,nonce=26800000000
26.8007,DATA_DROP_SIG,rx=10,sender=0,nonce=26800000000
26.8007,DATA_DROP_SIG,rx=4,sender=0,nonce=26800000000
26.8007,DATA_DROP_SIG,rx=7,sender=0,nonce=26800000000
26.8007,DATA_DROP_SIG,rx=19,sender=0,nonce=26800000000
26.8007,DATA_DROP_SIG,rx=11,sender=0,nonce=26800000000
26.8007,DATA_DROP_SIG,rx=12,sender=0,nonce=26800000000
26.8007,DATA_DROP_SIG,rx=8,sender=0,nonce=26800000000
26.8007,DATA_DROP_SIG,rx=18,sender=0,nonce=26800000000
26.9,REPLAY_SENT,nonce=26800000000
26.9007,DATA_DROP_SIG,rx=21,sender=0,nonce=26800000000
26.9007,DATA_DROP_SIG,rx=3,sender=0,nonce=26800000000
26.9007,DATA_DROP_SIG,rx=6,sender=0,nonce=26800000000
26.9007,DATA_DROP_SIG,rx=2,sender=0,nonce=26800000000
26.9007,DATA_DROP_SIG,rx=5,sender=0,nonce=26800000000
26.9007,DATA_DROP_SIG,rx=13,sender=0,nonce=26800000000
26.9007,DATA_DROP_SIG,rx=22,sender=0,nonce=26800000000
26.9007,DATA_DROP_SIG,rx=17,sender=0,nonce=26800000000
26.9007,DATA_DROP_SIG,rx=16,sender=0,nonce=26800000000
26.9007,DATA_DROP_SIG,rx=14,sender=0,nonce=26800000000
26.9007,DATA_DROP_SIG,rx=15,sender=0,nonce=26800000000
26.9007,DATA_DROP_SIG,rx=20,sender=0,nonce=26800000000
26.9007,DATA_DROP_SIG,rx=9,sender=0,nonce=26800000000
26.9007,DATA_DROP_SIG,rx=1,sender=0,nonce=26800000000
26.9007,DATA_DROP_SIG,rx=10,sender=0,nonce=26800000000
26.9007,DATA_DROP_SIG,rx=4,sender=0,nonce=26800000000
26.9007,DATA_DROP_SIG,rx=19,sender=0,nonce=26800000000
26.9007,DATA_DROP_SIG,rx=7,sender=0,nonce=26800000000
26.9007,DATA_DROP_SIG,rx=12,sender=0,nonce=26800000000
26.9007,DATA_DROP_SIG,rx=11,sender=0,nonce=26800000000
26.9007,DATA_DROP_SIG,rx=8,sender=0,nonce=26800000000
26.9007,DATA_DROP_SIG,rx=18,sender=0,nonce=26800000000
26.901,DATA_RX_OK,rx=21,sender=0,delay_s=0.000987
26.901,DATA_RX_OK,rx=3,sender=0,delay_s=0.000987
26.901,DATA_RX_OK,rx=6,sender=0,delay_s=0.000987
26.901,DATA_RX_OK,rx=2,sender=0,delay_s=0.000987
26.901,DATA_RX_OK,rx=5,sender=0,delay_s=0.000987
26.901,DATA_RX_OK,rx=13,sender=0,delay_s=0.000987
26.901,DATA_RX_OK,rx=22,sender=0,delay_s=0.000987
26.901,DATA_RX_OK,rx=17,sender=0,delay_s=0.000987
26.901,DATA_RX_OK,rx=16,sender=0,delay_s=0.000987
26.901,DATA_RX_OK,rx=14,sender=0,delay_s=0.000987
26.901,DATA_RX_OK,rx=15,sender=0,delay_s=0.000987
26.901,DATA_RX_OK,rx=20,sender=0,delay_s=0.000987
26.901,DATA_RX_OK,rx=9,sender=0,delay_s=0.000987
26.901,DATA_RX_OK,rx=1,sender=0,delay_s=0.000987
26.901,DATA_RX_OK,rx=10,sender=0,delay_s=0.000987
26.901,DATA_RX_OK,rx=4,sender=0,delay_s=0.000987
26.901,DATA_RX_OK,rx=19,sender=0,delay_s=0.000987
26.901,DATA_RX_OK,rx=7,sender=0,delay_s=0.000987
26.901,DATA_RX_OK,rx=12,sender=0,delay_s=0.000987
26.901,DATA_RX_OK,rx=11,sender=0,delay_s=0.000987
26.901,DATA_RX_OK,rx=8,sender=0,delay_s=0.000987
26.901,DATA_RX_OK,rx=18,sender=0,delay_s=0.000987
27,REPORT_SENT,by=0,about=2,delta=0.020000
27,REPORT_SENT,by=1,about=18,delta=0.020000
27,REPORT_SENT,by=2,about=5,delta=0.020000
27,REPORT_SENT,by=3,about=14,delta=0.020000
27,REPORT_SENT,by=4,about=8,delta=0.020000
27,REPORT_SENT,by=5,about=10,delta=0.020000
27,REPORT_SENT,by=6,about=6,delta=-0.050000
27,REPORT_SENT,by=7,about=14,delta=0.020000
27,REPORT_SENT,by=8,about=15,delta=0.020000
27,REPORT_SENT,by=9,about=16,delta=0.020000
27,REPORT_SENT,by=10,about=17,delta=0.020000
27,REPORT_SENT,by=11,about=4,delta=0.020000
27,REPORT_SENT,by=12,about=19,delta=0.020000
27,REPORT_SENT,by=13,about=0,delta=0.020000
27,REPORT_SENT,by=14,about=17,delta=0.020000
27,REPORT_SENT,by=15,about=14,delta=0.020000
27,REPORT_SENT,by=16,about=0,delta=0.020000
27,REPORT_SENT,by=17,about=1,delta=0.020000
27,REPORT_SENT,by=18,about=16,delta=0.020000
27,REPORT_SENT,by=19,about=16,delta=0.020000
27.0002,REPORT_RX_RSU,rsu=20,by=4,about=8,delta=0.020000
27.0003,REPORT_RX_RSU,rsu=20,by=6,about=6,delta=-0.050000
27.0008,REPORT_RX_RSU,rsu=20,by=2,about=5,delta=0.020000
27.0009,DATA_RX_OK,rx=21,sender=0,delay_s=0.000890
27.0009,DATA_RX_OK,rx=3,sender=0,delay_s=0.000890
27.0009,DATA_RX_OK,rx=6,sender=0,delay_s=0.000891
27.0009,DATA_RX_OK,rx=2,sender=0,delay_s=0.000891
27.0009,DATA_RX_OK,rx=5,sender=0,delay_s=0.000891
27.0009,DATA_RX_OK,rx=13,sender=0,delay_s=0.000891
27.0009,DATA_RX_OK,rx=22,sender=0,delay_s=0.000891
27.0009,DATA_RX_OK,rx=17,sender=0,delay_s=0.000891
27.0009,DATA_RX_OK,rx=16,sender=0,delay_s=0.000891
27.0009,DATA_RX_OK,rx=14,sender=0,delay_s=0.000891
27.0009,DATA_RX_OK,rx=15,sender=0,delay_s=0.000891
27.0009,DATA_RX_OK,rx=20,sender=0,delay_s=0.000891
27.0009,DATA_RX_OK,rx=9,sender=0,delay_s=0.000891
27.0009,DATA_RX_OK,rx=1,sender=0,delay_s=0.000891
27.0009,DATA_RX_OK,rx=10,sender=0,delay_s=0.000891
27.0009,DATA_RX_OK,rx=4,sender=0,delay_s=0.000891
27.0009,DATA_RX_OK,rx=19,sender=0,delay_s=0.000891
27.0009,DATA_RX_OK,rx=7,sender=0,delay_s=0.000891
27.0009,DATA_RX_OK,rx=12,sender=0,delay_s=0.000891
27.0009,DATA_RX_OK,rx=11,sender=0,delay_s=0.000891
27.0009,DATA_RX_OK,rx=18,sender=0,delay_s=0.000891
27.0009,DATA_RX_OK,rx=8,sender=0,delay_s=0.000891
27.0009,REPORT_RX_RSU,rsu=20,by=12,about=19,delta=0.020000
27.0011,REPORT_RX_RSU,rsu=20,by=11,about=4,delta=0.020000
27.0012,REPORT_RX_RSU,rsu=20,by=3,about=14,delta=0.020000
27.0014,REPORT_RX_RSU,rsu=20,by=16,about=0,delta=0.020000
27.0015,REPORT_RX_RSU,rsu=20,by=18,about=16,delta=0.020000
27.1007,DATA_RX_OK,rx=21,sender=0,delay_s=0.000662
27.1007,DATA_RX_OK,rx=3,sender=0,delay_s=0.000662
27.1007,DATA_RX_OK,rx=6,sender=0,delay_s=0.000662
27.1007,DATA_RX_OK,rx=2,sender=0,delay_s=0.000662
27.1007,DATA_RX_OK,rx=5,sender=0,delay_s=0.000662
27.1007,DATA_RX_OK,rx=13,sender=0,delay_s=0.000662
27.1007,DATA_RX_OK,rx=22,sender=0,delay_s=0.000662
27.1007,DATA_RX_OK,rx=17,sender=0,delay_s=0.000662
27.1007,DATA_RX_OK,rx=16,sender=0,delay_s=0.000662
27.1007,DATA_RX_OK,rx=14,sender=0,delay_s=0.000662
27.1007,DATA_RX_OK,rx=15,sender=0,delay_s=0.000662
27.1007,DATA_RX_OK,rx=9,sender=0,delay_s=0.000662
27.1007,DATA_RX_OK,rx=20,sender=0,delay_s=0.000662
27.1007,DATA_RX_OK,rx=10,sender=0,delay_s=0.000662
27.1007,DATA_RX_OK,rx=1,sender=0,delay_s=0.000662
27.1007,DATA_RX_OK,rx=4,sender=0,delay_s=0.000662
27.1007,DATA_RX_OK,rx=19,sender=0,delay_s=0.000662
27.1007,DATA_RX_OK,rx=7,sender=0,delay_s=0.000662
27.1007,DATA_RX_OK,rx=12,sender=0,delay_s=0.000662
27.1007,DATA_RX_OK,rx=18,sender=0,delay_s=0.000662
27.1007,DATA_RX_OK,rx=11,sender=0,delay_s=0.000662
27.1007,DATA_RX_OK,rx=8,sender=0,delay_s=0.000662
27.2,REPLAY_SENT,nonce=27100000000
27.2007,DATA_DROP_REPLAY,rx=21,sender=0,nonce=27100000000
27.2007,DATA_DROP_REPLAY,rx=2,sender=0,nonce=27100000000
27.2007,DATA_DROP_REPLAY,rx=5,sender=0,nonce=27100000000
27.2007,DATA_DROP_REPLAY,rx=6,sender=0,nonce=27100000000
27.2007,DATA_DROP_REPLAY,rx=13,sender=0,nonce=27100000000
27.2007,DATA_DROP_REPLAY,rx=3,sender=0,nonce=27100000000
27.2007,DATA_DROP_REPLAY,rx=22,sender=0,nonce=27100000000
27.2007,DATA_DROP_REPLAY,rx=16,sender=0,nonce=27100000000
27.2007,DATA_DROP_REPLAY,rx=17,sender=0,nonce=27100000000
27.2007,DATA_DROP_REPLAY,rx=15,sender=0,nonce=27100000000
27.2007,DATA_DROP_REPLAY,rx=14,sender=0,nonce=27100000000
27.2007,DATA_DROP_REPLAY,rx=9,sender=0,nonce=27100000000
27.2007,DATA_DROP_REPLAY,rx=20,sender=0,nonce=27100000000
27.2007,DATA_DROP_REPLAY,rx=10,sender=0,nonce=27100000000
27.2007,DATA_DROP_REPLAY,rx=1,sender=0,nonce=27100000000
27.2007,DATA_DROP_REPLAY,rx=4,sender=0,nonce=27100000000
27.2007,DATA_DROP_REPLAY,rx=19,sender=0,nonce=27100000000
27.2007,DATA_DROP_REPLAY,rx=12,sender=0,nonce=27100000000
27.2007,DATA_DROP_REPLAY,rx=7,sender=0,nonce=27100000000
27.2007,DATA_DROP_REPLAY,rx=18,sender=0,nonce=27100000000
27.2007,DATA_DROP_REPLAY,rx=11,sender=0,nonce=27100000000
27.2007,DATA_DROP_REPLAY,rx=8,sender=0,nonce=27100000000
27.2009,DATA_RX_OK,rx=21,sender=0,delay_s=0.000933
27.2009,DATA_RX_OK,rx=2,sender=0,delay_s=0.000933
27.2009,DATA_RX_OK,rx=5,sender=0,delay_s=0.000933
27.2009,DATA_RX_OK,rx=6,sender=0,delay_s=0.000933
27.2009,DATA_RX_OK,rx=13,sender=0,delay_s=0.000933
27.2009,DATA_RX_OK,rx=3,sender=0,delay_s=0.000933
27.2009,DATA_RX_OK,rx=22,sender=0,delay_s=0.000933
27.2009,DATA_RX_OK,rx=16,sender=0,delay_s=0.000933
27.2009,DATA_RX_OK,rx=17,sender=0,delay_s=0.000933
27.2009,DATA_RX_OK,rx=15,sender=0,delay_s=0.000933
27.2009,DATA_RX_OK,rx=14,sender=0,delay_s=0.000933
27.2009,DATA_RX_OK,rx=9,sender=0,delay_s=0.000933
27.2009,DATA_RX_OK,rx=20,sender=0,delay_s=0.000933
27.2009,DATA_RX_OK,rx=10,sender=0,delay_s=0.000933
27.2009,DATA_RX_OK,rx=1,sender=0,delay_s=0.000933
27.2009,DATA_RX_OK,rx=4,sender=0,delay_s=0.000933
27.2009,DATA_RX_OK,rx=19,sender=0,delay_s=0.000933
27.2009,DATA_RX_OK,rx=12,sender=0,delay_s=0.000933
27.2009,DATA_RX_OK,rx=7,sender=0,delay_s=0.000933
27.2009,DATA_RX_OK,rx=18,sender=0,delay_s=0.000933
27.2009,DATA_RX_OK,rx=11,sender=0,delay_s=0.000933
27.2009,DATA_RX_OK,rx=8,sender=0,delay_s=0.000933
27.3,BLOCK_MINE_START,block_next=27
27.3007,DATA_RX_OK,rx=21,sender=0,delay_s=0.000662
27.3007,DATA_RX_OK,rx=5,sender=0,delay_s=0.000662
27.3007,DATA_RX_OK,rx=2,sender=0,delay_s=0.000662
27.3007,DATA_RX_OK,rx=6,sender=0,delay_s=0.000662
27.3007,DATA_RX_OK,rx=13,sender=0,delay_s=0.000662
27.3007,DATA_RX_OK,rx=22,sender=0,delay_s=0.000662
27.3007,DATA_RX_OK,rx=3,sender=0,delay_s=0.000662
27.3007,DATA_RX_OK,rx=16,sender=0,delay_s=0.000662
27.3007,DATA_RX_OK,rx=17,sender=0,delay_s=0.000662
27.3007,DATA_RX_OK,rx=15,sender=0,delay_s=0.000662
27.3007,DATA_RX_OK,rx=9,sender=0,delay_s=0.000662
27.3007,DATA_RX_OK,rx=14,sender=0,delay_s=0.000662
27.3007,DATA_RX_OK,rx=20,sender=0,delay_s=0.000662
27.3007,DATA_RX_OK,rx=10,sender=0,delay_s=0.000662
27.3007,DATA_RX_OK,rx=1,sender=0,delay_s=0.000662
27.3007,DATA_RX_OK,rx=19,sender=0,delay_s=0.000662
27.3007,DATA_RX_OK,rx=4,sender=0,delay_s=0.000662
27.3007,DATA_RX_OK,rx=12,sender=0,delay_s=0.000662
27.3007,DATA_RX_OK,rx=18,sender=0,delay_s=0.000662
27.3007,DATA_RX_OK,rx=7,sender=0,delay_s=0.000662
27.3007,DATA_RX_OK,rx=11,sender=0,delay_s=0.000662
27.3007,DATA_RX_OK,rx=8,sender=0,delay_s=0.000662
27.35,BLOCK_COMMIT_ITEM,accused=8,delta=0.020000,trust=0.900000
27.35,BLOCK_COMMIT_ITEM,accused=6,delta=-0.050000,trust=0.800000
27.35,BLOCK_COMMIT_ITEM,accused=5,delta=0.020000,trust=0.870000
27.35,BLOCK_COMMIT_ITEM,accused=19,delta=0.020000,trust=0.930000
27.35,BLOCK_COMMIT_ITEM,accused=4,delta=0.020000,trust=0.760000
27.35,BLOCK_COMMIT_ITEM,accused=14,delta=0.020000,trust=0.940000
27.35,BLOCK_COMMIT_ITEM,accused=0,delta=0.020000,trust=0.950000
27.35,BLOCK_COMMIT_ITEM,accused=16,delta=0.020000,trust=0.750000
27.35,BLOCK_COMMIT_DONE,block=27,items=8,lat_s=0.050000
27.4007,DATA_RX_OK,rx=21,sender=0,delay_s=0.000662
27.4007,DATA_RX_OK,rx=5,sender=0,delay_s=0.000662
27.4007,DATA_RX_OK,rx=2,sender=0,delay_s=0.000662
27.4007,DATA_RX_OK,rx=13,sender=0,delay_s=0.000662
27.4007,DATA_RX_OK,rx=22,sender=0,delay_s=0.000662
27.4007,DATA_RX_OK,rx=6,sender=0,delay_s=0.000662
27.4007,DATA_RX_OK,rx=3,sender=0,delay_s=0.000662
27.4007,DATA_RX_OK,rx=16,sender=0,delay_s=0.000662
27.4007,DATA_RX_OK,rx=17,sender=0,delay_s=0.000662
27.4007,DATA_RX_OK,rx=15,sender=0,delay_s=0.000662
27.4007,DATA_RX_OK,rx=9,sender=0,delay_s=0.000662
27.4007,DATA_RX_OK,rx=14,sender=0,delay_s=0.000662
27.4007,DATA_RX_OK,rx=20,sender=0,delay_s=0.000662
27.4007,DATA_RX_OK,rx=10,sender=0,delay_s=0.000662
27.4007,DATA_RX_OK,rx=1,sender=0,delay_s=0.000662
27.4007,DATA_RX_OK,rx=19,sender=0,delay_s=0.000662
27.4007,DATA_RX_OK,rx=12,sender=0,delay_s=0.000662
27.4007,DATA_RX_OK,rx=18,sender=0,delay_s=0.000662
27.4007,DATA_RX_OK,rx=4,sender=0,delay_s=0.000662
27.4007,DATA_RX_OK,rx=7,sender=0,delay_s=0.000662
27.4007,DATA_RX_OK,rx=11,sender=0,delay_s=0.000662
27.4007,DATA_RX_OK,rx=8,sender=0,delay_s=0.000662
27.5,REPLAY_SENT,nonce=27400000000
27.5007,DATA_DROP_REPLAY,rx=21,sender=0,nonce=27400000000
27.5007,DATA_DROP_REPLAY,rx=5,sender=0,nonce=27400000000
27.5007,DATA_DROP_REPLAY,rx=2,sender=0,nonce=27400000000
27.5007,DATA_DROP_REPLAY,rx=13,sender=0,nonce=27400000000
27.5007,DATA_DROP_REPLAY,rx=22,sender=0,nonce=27400000000
27.5007,DATA_DROP_REPLAY,rx=6,sender=0,nonce=27400000000
27.5007,DATA_DROP_REPLAY,rx=3,sender=0,nonce=27400000000
27.5007,DATA_DROP_REPLAY,rx=16,sender=0,nonce=27400000000
27.5007,DATA_DROP_REPLAY,rx=15,sender=0,nonce=27400000000
27.5007,DATA_DROP_REPLAY,rx=17,sender=0,nonce=27400000000
27.5007,DATA_DROP_REPLAY,rx=9,sender=0,nonce=27400000000
27.5007,DATA_DROP_REPLAY,rx=14,sender=0,nonce=27400000000
27.5007,DATA_DROP_REPLAY,rx=20,sender=0,nonce=27400000000
27.5007,DATA_DROP_REPLAY,rx=10,sender=0,nonce=27400000000
27.5007,DATA_DROP_REPLAY,rx=1,sender=0,nonce=27400000000
27.5007,DATA_DROP_REPLAY,rx=19,sender=0,nonce=27400000000
27.5007,DATA_DROP_REPLAY,rx=12,sender=0,nonce=27400000000
27.5007,DATA_DROP_REPLAY,rx=18,sender=0,nonce=27400000000
27.5007,DATA_DROP_REPLAY,rx=4,sender=0,nonce=27400000000
27.5007,DATA_DROP_REPLAY,rx=7,sender=0,nonce=27400000000
27.5007,DATA_DROP_REPLAY,rx=11,sender=0,nonce=27400000000
27.5007,DATA_DROP_REPLAY,rx=8,sender=0,nonce=27400000000
27.501,DATA_RX_OK,rx=21,sender=0,delay_s=0.000960
27.501,DATA_RX_OK,rx=5,sender=0,delay_s=0.000960
27.501,DATA_RX_OK,rx=2,sender=0,delay_s=0.000960
27.501,DATA_RX_OK,rx=13,sender=0,delay_s=0.000960
27.501,DATA_RX_OK,rx=22,sender=0,delay_s=0.000960
27.501,DATA_RX_OK,rx=6,sender=0,delay_s=0.000960
27.501,DATA_RX_OK,rx=3,sender=0,delay_s=0.000960
27.501,DATA_RX_OK,rx=16,sender=0,delay_s=0.000960
27.501,DATA_RX_OK,rx=15,sender=0,delay_s=0.000960
27.501,DATA_RX_OK,rx=17,sender=0,delay_s=0.000960
27.501,DATA_RX_OK,rx=9,sender=0,delay_s=0.000960
27.501,DATA_RX_OK,rx=14,sender=0,delay_s=0.000960
27.501,DATA_RX_OK,rx=20,sender=0,delay_s=0.000960
27.501,DATA_RX_OK,rx=10,sender=0,delay_s=0.000960
27.501,DATA_RX_OK,rx=1,sender=0,delay_s=0.000960
27.501,DATA_RX_OK,rx=19,sender=0,delay_s=0.000960
27.501,DATA_RX_OK,rx=12,sender=0,delay_s=0.000960
27.501,DATA_RX_OK,rx=18,sender=0,delay_s=0.000960
27.501,DATA_RX_OK,rx=4,sender=0,delay_s=0.000960
27.501,DATA_RX_OK,rx=7,sender=0,delay_s=0.000960
27.501,DATA_RX_OK,rx=11,sender=0,delay_s=0.000960
27.501,DATA_RX_OK,rx=8,sender=0,delay_s=0.000960
27.6007,DATA_RX_OK,rx=21,sender=0,delay_s=0.000662
27.6007,DATA_RX_OK,rx=5,sender=0,delay_s=0.000662
27.6007,DATA_RX_OK,rx=2,sender=0,delay_s=0.000662
27.6007,DATA_RX_OK,rx=13,sender=0,delay_s=0.000662
27.6007,DATA_RX_OK,rx=22,sender=0,delay_s=0.000662
27.6007,DATA_RX_OK,rx=6,sender=0,delay_s=0.000662
27.6007,DATA_RX_OK,rx=3,sender=0,delay_s=0.000662
27.6007,DATA_RX_OK,rx=16,sender=0,delay_s=0.000662
27.6007,DATA_RX_OK,rx=15,sender=0,delay_s=0.000662
27.6007,DATA_RX_OK,rx=17,sender=0,delay_s=0.000662
27.6007,DATA_RX_OK,rx=9,sender=0,delay_s=0.000662
27.6007,DATA_RX_OK,rx=14,sender=0,delay_s=0.000662
27.6007,DATA_RX_OK,rx=20,sender=0,delay_s=0.000662
27.6007,DATA_RX_OK,rx=10,sender=0,delay_s=0.000662
27.6007,DATA_RX_OK,rx=18,sender=0,delay_s=0.000662
27.6007,DATA_RX_OK,rx=19,sender=0,delay_s=0.000662
27.6007,DATA_RX_OK,rx=1,sender=0,delay_s=0.000662
27.6007,DATA_RX_OK,rx=12,sender=0,delay_s=0.000662
27.6007,DATA_RX_OK,rx=4,sender=0,delay_s=0.000662
27.6007,DATA_RX_OK,rx=7,sender=0,delay_s=0.000662
27.6007,DATA_RX_OK,rx=11,sender=0,delay_s=0.000662
27.6007,DATA_RX_OK,rx=8,sender=0,delay_s=0.000662
27.7007,DATA_RX_OK,rx=5,sender=0,delay_s=0.000662
27.7007,DATA_RX_OK,rx=21,sender=0,delay_s=0.000662
27.7007,DATA_RX_OK,rx=2,sender=0,delay_s=0.000662
27.7007,DATA_RX_OK,rx=13,sender=0,delay_s=0.000662
27.7007,DATA_RX_OK,rx=6,sender=0,delay_s=0.000662
27.7007,DATA_RX_OK,rx=22,sender=0,delay_s=0.000662
27.7007,DATA_RX_OK,rx=3,sender=0,delay_s=0.000662
27.7007,DATA_RX_OK,rx=16,sender=0,delay_s=0.000662
27.7007,DATA_RX_OK,rx=9,sender=0,delay_s=0.000662
27.7007,DATA_RX_OK,rx=15,sender=0,delay_s=0.000662
27.7007,DATA_RX_OK,rx=17,sender=0,delay_s=0.000662
27.7007,DATA_RX_OK,rx=14,sender=0,delay_s=0.000662
27.7007,DATA_RX_OK,rx=20,sender=0,delay_s=0.000662
27.7007,DATA_RX_OK,rx=10,sender=0,delay_s=0.000662
27.7007,DATA_RX_OK,rx=18,sender=0,delay_s=0.000662
27.7007,DATA_RX_OK,rx=19,sender=0,delay_s=0.000662
27.7007,DATA_RX_OK,rx=12,sender=0,delay_s=0.000662
27.7007,DATA_RX_OK,rx=1,sender=0,delay_s=0.000662
27.7007,DATA_RX_OK,rx=4,sender=0,delay_s=0.000662
27.7007,DATA_RX_OK,rx=7,sender=0,delay_s=0.000662
27.7007,DATA_RX_OK,rx=11,sender=0,delay_s=0.000662
27.7007,DATA_RX_OK,rx=8,sender=0,delay_s=0.000662
27.8,REPLAY_SENT,nonce=27700000000
27.8007,DATA_DROP_REPLAY,rx=5,sender=0,nonce=27700000000
27.8007,DATA_DROP_REPLAY,rx=21,sender=0,nonce=27700000000
27.8007,DATA_DROP_REPLAY,rx=13,sender=0,nonce=27700000000
27.8007,DATA_DROP_REPLAY,rx=2,sender=0,nonce=27700000000
27.8007,DATA_DROP_REPLAY,rx=6,sender=0,nonce=27700000000
27.8007,DATA_DROP_REPLAY,rx=22,sender=0,nonce=27700000000
27.8007,DATA_DROP_REPLAY,rx=3,sender=0,nonce=27700000000
27.8007,DATA_DROP_REPLAY,rx=16,sender=0,nonce=27700000000
27.8007,DATA_DROP_REPLAY,rx=9,sender=0,nonce=27700000000
27.8007,DATA_DROP_REPLAY,rx=15,sender=0,nonce=27700000000
27.8007,DATA_DROP_REPLAY,rx=17,sender=0,nonce=27700000000
27.8007,DATA_DROP_REPLAY,rx=14,sender=0,nonce=27700000000
27.8007,DATA_DROP_REPLAY,rx=10,sender=0,nonce=27700000000
27.8007,DATA_DROP_REPLAY,rx=20,sender=0,nonce=27700000000
27.8007,DATA_DROP_REPLAY,rx=18,sender=0,nonce=27700000000
27.8007,DATA_DROP_REPLAY,rx=19,sender=0,nonce=27700000000
27.8007,DATA_DROP_REPLAY,rx=12,sender=0,nonce=27700000000
27.8007,DATA_DROP_REPLAY,rx=1,sender=0,nonce=27700000000
27.8007,DATA_DROP_REPLAY,rx=4,sender=0,nonce=27700000000
27.8007,DATA_DROP_REPLAY,rx=7,sender=0,nonce=27700000000
27.8007,DATA_DROP_REPLAY,rx=11,sender=0,nonce=27700000000
27.8007,DATA_DROP_REPLAY,rx=8,sender=0,nonce=27700000000
27.801,DATA_RX_OK,rx=5,sender=0,delay_s=0.001032
27.801,DATA_RX_OK,rx=21,sender=0,delay_s=0.001032
27.801,DATA_RX_OK,rx=13,sender=0,delay_s=0.001032
27.801,DATA_RX_OK,rx=2,sender=0,delay_s=0.001032
27.801,DATA_RX_OK,rx=6,sender=0,delay_s=0.001032
27.801,DATA_RX_OK,rx=22,sender=0,delay_s=0.001032
27.801,DATA_RX_OK,rx=3,sender=0,delay_s=0.001032
27.801,DATA_RX_OK,rx=16,sender=0,delay_s=0.001032
27.801,DATA_RX_OK,rx=9,sender=0,delay_s=0.001032
27.801,DATA_RX_OK,rx=15,sender=0,delay_s=0.001032
27.801,DATA_RX_OK,rx=17,sender=0,delay_s=0.001032
27.801,DATA_RX_OK,rx=14,sender=0,delay_s=0.001032
27.801,DATA_RX_OK,rx=10,sender=0,delay_s=0.001032
27.801,DATA_RX_OK,rx=20,sender=0,delay_s=0.001032
27.801,DATA_RX_OK,rx=18,sender=0,delay_s=0.001032
27.801,DATA_RX_OK,rx=19,sender=0,delay_s=0.001032
27.801,DATA_RX_OK,rx=12,sender=0,delay_s=0.001032
27.801,DATA_RX_OK,rx=1,sender=0,delay_s=0.001032
27.801,DATA_RX_OK,rx=4,sender=0,delay_s=0.001032
27.801,DATA_RX_OK,rx=7,sender=0,delay_s=0.001032
27.801,DATA_RX_OK,rx=11,sender=0,delay_s=0.001032
27.801,DATA_RX_OK,rx=8,sender=0,delay_s=0.001032
27.9007,DATA_RX_OK,rx=5,sender=0,delay_s=0.000662
27.9007,DATA_RX_OK,rx=21,sender=0,delay_s=0.000662
27.9007,DATA_RX_OK,rx=13,sender=0,delay_s=0.000662
27.9007,DATA_RX_OK,rx=6,sender=0,delay_s=0.000662
27.9007,DATA_RX_OK,rx=2,sender=0,delay_s=0.000662
27.9007,DATA_RX_OK,rx=22,sender=0,delay_s=0.000662
27.9007,DATA_RX_OK,rx=3,sender=0,delay_s=0.000662
27.9007,DATA_RX_OK,rx=9,sender=0,delay_s=0.000662
27.9007,DATA_RX_OK,rx=16,sender=0,delay_s=0.000662
27.9007,DATA_RX_OK,rx=15,sender=0,delay_s=0.000662
27.9007,DATA_RX_OK,rx=17,sender=0,delay_s=0.000662
27.9007,DATA_RX_OK,rx=14,sender=0,delay_s=0.000662
27.9007,DATA_RX_OK,rx=10,sender=0,delay_s=0.000662
27.9007,DATA_RX_OK,rx=20,sender=0,delay_s=0.000662
27.9007,DATA_RX_OK,rx=18,sender=0,delay_s=0.000662
27.9007,DATA_RX_OK,rx=19,sender=0,delay_s=0.000662
27.9007,DATA_RX_OK,rx=12,sender=0,delay_s=0.000662
27.9007,DATA_RX_OK,rx=4,sender=0,delay_s=0.000662
27.9007,DATA_RX_OK,rx=1,sender=0,delay_s=0.000662
27.9007,DATA_RX_OK,rx=7,sender=0,delay_s=0.000662
27.9007,DATA_RX_OK,rx=11,sender=0,delay_s=0.000662
27.9007,DATA_RX_OK,rx=8,sender=0,delay_s=0.000662
28,REPORT_SENT,by=0,about=19,delta=0.020000
28,REPORT_SENT,by=1,about=7,delta=0.020000
28,REPORT_SENT,by=2,about=9,delta=0.020000
28,REPORT_SENT,by=3,about=9,delta=0.020000
28,REPORT_SENT,by=4,about=14,delta=0.020000
28,REPORT_SENT,by=5,about=13,delta=-0.050000
28,REPORT_SENT,by=6,about=8,delta=0.020000
28,REPORT_SENT,by=7,about=10,delta=0.020000
28,REPORT_SENT,by=8,about=6,delta=-0.050000
28,REPORT_SENT,by=9,about=12,delta=0.020000
28,REPORT_SENT,by=10,about=13,delta=0.020000
28,REPORT_SENT,by=11,about=16,delta=0.020000
28,REPORT_SENT,by=12,about=14,delta=0.020000
28,REPORT_SENT,by=13,about=8,delta=0.020000
28,REPORT_SENT,by=14,about=3,delta=0.020000
28,REPORT_SENT,by=15,about=19,delta=0.020000
28,REPORT_SENT,by=16,about=13,delta=-0.050000
28,REPORT_SENT,by=17,about=12,delta=0.020000
28,REPORT_SENT,by=18,about=19,delta=0.020000
28,REPORT_SENT,by=19,about=2,delta=0.020000
28.0002,REPORT_RX_RSU,rsu=20,by=2,about=9,delta=0.020000
28.0005,REPORT_RX_RSU,rsu=20,by=16,about=13,delta=-0.050000
28.0008,REPORT_RX_RSU,rsu=20,by=3,about=9,delta=0.020000
28.0009,DATA_DROP_SIG,rx=5,sender=0,nonce=28000000000
28.0009,DATA_DROP_SIG,rx=13,sender=0,nonce=28000000000
28.0009,DATA_DROP_SIG,rx=6,sender=0,nonce=28000000000
28.0009,DATA_DROP_SIG,rx=2,sender=0,nonce=28000000000
28.0009,DATA_DROP_SIG,rx=22,sender=0,nonce=28000000000
28.001,REPORT_RX_RSU,rsu=20,by=4,about=14,delta=0.020000
28.0011,REPORT_RX_RSU,rsu=20,by=11,about=16,delta=0.020000
28.0013,REPORT_RX_RSU,rsu=20,by=12,about=14,delta=0.020000
28.0016,REPORT_RX_RSU,rsu=20,by=18,about=19,delta=0.020000
28.0017,REPORT_RX_RSU,rsu=20,by=6,about=8,delta=0.020000
28.1,REPLAY_SENT,nonce=28000000000
28.1007,DATA_DROP_SIG,rx=5,sender=0,nonce=28000000000
28.1007,DATA_DROP_SIG,rx=6,sender=0,nonce=28000000000
28.1007,DATA_DROP_SIG,rx=13,sender=0,nonce=28000000000
28.1007,DATA_DROP_SIG,rx=21,sender=0,nonce=28000000000
28.1007,DATA_DROP_SIG,rx=2,sender=0,nonce=28000000000
28.1007,DATA_DROP_SIG,rx=22,sender=0,nonce=28000000000
28.1007,DATA_DROP_SIG,rx=3,sender=0,nonce=28000000000
28.1007,DATA_DROP_SIG,rx=9,sender=0,nonce=28000000000
28.1007,DATA_DROP_SIG,rx=17,sender=0,nonce=28000000000
28.1007,DATA_DROP_SIG,rx=15,sender=0,nonce=28000000000
28.1007,DATA_DROP_SIG,rx=16,sender=0,nonce=28000000000
28.1007,DATA_DROP_SIG,rx=14,sender=0,nonce=28000000000
28.1007,DATA_DROP_SIG,rx=18,sender=0,nonce=28000000000
28.1007,DATA_DROP_SIG,rx=10,sender=0,nonce=28000000000
28.1007,DATA_DROP_SIG,rx=20,sender=0,nonce=28000000000
28.1007,DATA_DROP_SIG,rx=7,sender=0,nonce=28000000000
28.1007,DATA_DROP_SIG,rx=19,sender=0,nonce=28000000000
28.1007,DATA_DROP_SIG,rx=4,sender=0,nonce=28000000000
28.1007,DATA_DROP_SIG,rx=12,sender=0,nonce=28000000000
28.1007,DATA_DROP_SIG,rx=1,sender=0,nonce=28000000000
28.1007,DATA_DROP_SIG,rx=11,sender=0,nonce=28000000000
28.1007,DATA_DROP_SIG,rx=8,sender=0,nonce=28000000000
28.101,DATA_RX_OK,rx=5,sender=0,delay_s=0.000969
28.101,DATA_RX_OK,rx=6,sender=0,delay_s=0.000969
28.101,DATA_RX_OK,rx=13,sender=0,delay_s=0.000969
28.101,DATA_RX_OK,rx=21,sender=0,delay_s=0.000969
28.101,DATA_RX_OK,rx=2,sender=0,delay_s=0.000969
28.101,DATA_RX_OK,rx=22,sender=0,delay_s=0.000969
28.101,DATA_RX_OK,rx=3,sender=0,delay_s=0.000969
28.101,DATA_RX_OK,rx=9,sender=0,delay_s=0.000969
28.101,DATA_RX_OK,rx=17,sender=0,delay_s=0.000969
28.101,DATA_RX_OK,rx=15,sender=0,delay_s=0.000969
28.101,DATA_RX_OK,rx=16,sender=0,delay_s=0.000969
28.101,DATA_RX_OK,rx=14,sender=0,delay_s=0.000969
28.101,DATA_RX_OK,rx=18,sender=0,delay_s=0.000969
28.101,DATA_RX_OK,rx=10,sender=0,delay_s=0.000969
28.101,DATA_RX_OK,rx=20,sender=0,delay_s=0.000969
28.101,DATA_RX_OK,rx=7,sender=0,delay_s=0.000969
28.101,DATA_RX_OK,rx=19,sender=0,delay_s=0.000969
28.101,DATA_RX_OK,rx=4,sender=0,delay_s=0.000969
28.101,DATA_RX_OK,rx=12,sender=0,delay_s=0.000969
28.101,DATA_RX_OK,rx=1,sender=0,delay_s=0.000969
28.101,DATA_RX_OK,rx=11,sender=0,delay_s=0.000969
28.101,DATA_RX_OK,rx=8,sender=0,delay_s=0.000969
28.2007,DATA_RX_OK,rx=13,sender=0,delay_s=0.000662
28.2007,DATA_RX_OK,rx=5,sender=0,delay_s=0.000662
28.2007,DATA_RX_OK,rx=6,sender=0,delay_s=0.000662
28.2007,DATA_RX_OK,rx=21,sender=0,delay_s=0.000662
28.2007,DATA_RX_OK,rx=2,sender=0,delay_s=0.000662
28.2007,DATA_RX_OK,rx=22,sender=0,delay_s=0.000662
28.2007,DATA_RX_OK,rx=3,sender=0,delay_s=0.000662
28.2007,DATA_RX_OK,rx=9,sender=0,delay_s=0.000662
28.2007,DATA_RX_OK,rx=17,sender=0,delay_s=0.000662
28.2007,DATA_RX_OK,rx=15,sender=0,delay_s=0.000662
28.2007,DATA_RX_OK,rx=16,sender=0,delay_s=0.000662
28.2007,DATA_RX_OK,rx=14,sender=0,delay_s=0.000662
28.2007,DATA_RX_OK,rx=18,sender=0,delay_s=0.000662
28.2007,DATA_RX_OK,rx=10,sender=0,delay_s=0.000662
28.2007,DATA_RX_OK,rx=20,sender=0,delay_s=0.000662
28.2007,DATA_RX_OK,rx=7,sender=0,delay_s=0.000662
28.2007,DATA_RX_OK,rx=19,sender=0,delay_s=0.000662
28.2007,DATA_RX_OK,rx=4,sender=0,delay_s=0.000662
28.2007,DATA_RX_OK,rx=12,sender=0,delay_s=0.000662
28.2007,DATA_RX_OK,rx=1,sender=0,delay_s=0.000662
28.2007,DATA_RX_OK,rx=11,sender=0,delay_s=0.000662
28.2007,DATA_RX_OK,rx=8,sender=0,delay_s=0.000662
28.3007,DATA_RX_OK,rx=13,sender=0,delay_s=0.000662
28.3007,DATA_RX_OK,rx=6,sender=0,delay_s=0.000662
28.3007,DATA_RX_OK,rx=5,sender=0,delay_s=0.000662
28.3007,DATA_RX_OK,rx=21,sender=0,delay_s=0.000662
28.3007,DATA_RX_OK,rx=2,sender=0,delay_s=0.000662
28.3007,DATA_RX_OK,rx=22,sender=0,delay_s=0.000662
28.3007,DATA_RX_OK,rx=3,sender=0,delay_s=0.000662
28.3007,DATA_RX_OK,rx=9,sender=0,delay_s=0.000662
28.3007,DATA_RX_OK,rx=17,sender=0,delay_s=0.000662
28.3007,DATA_RX_OK,rx=15,sender=0,delay_s=0.000662
28.3007,DATA_RX_OK,rx=16,sender=0,delay_s=0.000662
28.3007,DATA_RX_OK,rx=14,sender=0,delay_s=0.000662
28.3007,DATA_RX_OK,rx=18,sender=0,delay_s=0.000662
28.3007,DATA_RX_OK,rx=10,sender=0,delay_s=0.000662
28.3007,DATA_RX_OK,rx=20,sender=0,delay_s=0.000662
28.3007,DATA_RX_OK,rx=7,sender=0,delay_s=0.000662
28.3007,DATA_RX_OK,rx=19,sender=0,delay_s=0.000662
28.3007,DATA_RX_OK,rx=4,sender=0,delay_s=0.000662
28.3007,DATA_RX_OK,rx=12,sender=0,delay_s=0.000662
28.3007,DATA_RX_OK,rx=11,sender=0,delay_s=0.000662
28.3007,DATA_RX_OK,rx=1,sender=0,delay_s=0.000662
28.3007,DATA_RX_OK,rx=8,sender=0,delay_s=0.000662
28.35,BLOCK_MINE_START,block_next=28
28.4,REPLAY_SENT,nonce=28300000000
28.4,BLOCK_COMMIT_ITEM,accused=9,delta=0.020000,trust=0.880000
28.4,BLOCK_COMMIT_ITEM,accused=13,delta=-0.050000,trust=0.850000
28.4,BLOCK_COMMIT_ITEM,accused=9,delta=0.020000,trust=0.900000
28.4,BLOCK_COMMIT_ITEM,accused=14,delta=0.020000,trust=0.960000
28.4,BLOCK_COMMIT_ITEM,accused=16,delta=0.020000,trust=0.770000
28.4,BLOCK_COMMIT_ITEM,accused=14,delta=0.020000,trust=0.980000
28.4,BLOCK_COMMIT_ITEM,accused=19,delta=0.020000,trust=0.950000
28.4,BLOCK_COMMIT_ITEM,accused=8,delta=0.020000,trust=0.920000
28.4,BLOCK_COMMIT_DONE,block=28,items=8,lat_s=0.050000
28.4007,DATA_DROP_REPLAY,rx=13,sender=0,nonce=28300000000
28.4007,DATA_DROP_REPLAY,rx=6,sender=0,nonce=28300000000
28.4007,DATA_DROP_REPLAY,rx=5,sender=0,nonce=28300000000
28.4007,DATA_DROP_REPLAY,rx=2,sender=0,nonce=28300000000
28.4007,DATA_DROP_REPLAY,rx=21,sender=0,nonce=28300000000
28.4007,DATA_DROP_REPLAY,rx=22,sender=0,nonce=28300000000
28.4007,DATA_DROP_REPLAY,rx=3,sender=0,nonce=28300000000
28.4007,DATA_DROP_REPLAY,rx=9,sender=0,nonce=28300000000
28.4007,DATA_DROP_REPLAY,rx=15,sender=0,nonce=28300000000
28.4007,DATA_DROP_REPLAY,rx=17,sender=0,nonce=28300000000
28.4007,DATA_DROP_REPLAY,rx=16,sender=0,nonce=28300000000
28.4007,DATA_DROP_REPLAY,rx=14,sender=0,nonce=28300000000
28.4007,DATA_DROP_REPLAY,rx=18,sender=0,nonce=28300000000
28.4007,DATA_DROP_REPLAY,rx=10,sender=0,nonce=28300000000
28.4007,DATA_DROP_REPLAY,rx=20,sender=0,nonce=28300000000
28.4007,DATA_DROP_REPLAY,rx=7,sender=0,nonce=28300000000
28.4007,DATA_DROP_REPLAY,rx=19,sender=0,nonce=28300000000
28.4007,DATA_DROP_REPLAY,rx=4,sender=0,nonce=28300000000
28.4007,DATA_DROP_REPLAY,rx=12,sender=0,nonce=28300000000
28.4007,DATA_DROP_REPLAY,rx=8,sender=0,nonce=28300000000
28.4007,DATA_DROP_REPLAY,rx=11,sender=0,nonce=28300000000
28.4007,DATA_DROP_REPLAY,rx=1,sender=0,nonce=28300000000
28.401,DATA_RX_OK,rx=13,sender=0,delay_s=0.001041
28.401,DATA_RX_OK,rx=6,sender=0,delay_s=0.001041
28.401,DATA_RX_OK,rx=5,sender=0,delay_s=0.001041
28.401,DATA_RX_OK,rx=2,sender=0,delay_s=0.001041
28.401,DATA_RX_OK,rx=21,sender=0,delay_s=0.001041
28.401,DATA_RX_OK,rx=22,sender=0,delay_s=0.001041
28.401,DATA_RX_OK,rx=3,sender=0,delay_s=0.001041
28.401,DATA_RX_OK,rx=9,sender=0,delay_s=0.001041
28.401,DATA_RX_OK,rx=15,sender=0,delay_s=0.001041
28.401,DATA_RX_OK,rx=17,sender=0,delay_s=0.001041
28.401,DATA_RX_OK,rx=16,sender=0,delay_s=0.001041
28.401,DATA_RX_OK,rx=14,sender=0,delay_s=0.001041
28.401,DATA_RX_OK,rx=18,sender=0,delay_s=0.001041
28.401,DATA_RX_OK,rx=10,sender=0,delay_s=0.001041
28.401,DATA_RX_OK,rx=20,sender=0,delay_s=0.001041
28.401,DATA_RX_OK,rx=7,sender=0,delay_s=0.001041
28.401,DATA_RX_OK,rx=19,sender=0,delay_s=0.001041
28.401,DATA_RX_OK,rx=4,sender=0,delay_s=0.001041
28.401,DATA_RX_OK,rx=12,sender=0,delay_s=0.001041
28.401,DATA_RX_OK,rx=8,sender=0,delay_s=0.001041
28.401,DATA_RX_OK,rx=11,sender=0,delay_s=0.001041
28.401,DATA_RX_OK,rx=1,sender=0,delay_s=0.001041
28.5007,DATA_RX_OK,rx=13,sender=0,delay_s=0.000662
28.5007,DATA_RX_OK,rx=2,sender=0,delay_s=0.000662
28.5007,DATA_RX_OK,rx=5,sender=0,delay_s=0.000662
28.5007,DATA_RX_OK,rx=6,sender=0,delay_s=0.000662
28.5007,DATA_RX_OK,rx=21,sender=0,delay_s=0.000662
28.5007,DATA_RX_OK,rx=3,sender=0,delay_s=0.000662
28.5007,DATA_RX_OK,rx=22,sender=0,delay_s=0.000662
28.5007,DATA_RX_OK,rx=9,sender=0,delay_s=0.000662
28.5007,DATA_RX_OK,rx=15,sender=0,delay_s=0.000662
28.5007,DATA_RX_OK,rx=17,sender=0,delay_s=0.000662
28.5007,DATA_RX_OK,rx=18,sender=0,delay_s=0.000662
28.5007,DATA_RX_OK,rx=16,sender=0,delay_s=0.000662
28.5007,DATA_RX_OK,rx=14,sender=0,delay_s=0.000662
28.5007,DATA_RX_OK,rx=10,sender=0,delay_s=0.000662
28.5007,DATA_RX_OK,rx=20,sender=0,delay_s=0.000662
28.5007,DATA_RX_OK,rx=7,sender=0,delay_s=0.000662
28.5007,DATA_RX_OK,rx=19,sender=0,delay_s=0.000662
28.5007,DATA_RX_OK,rx=4,sender=0,delay_s=0.000662
28.5007,DATA_RX_OK,rx=8,sender=0,delay_s=0.000662
28.5007,DATA_RX_OK,rx=12,sender=0,delay_s=0.000662
28.5007,DATA_RX_OK,rx=1,sender=0,delay_s=0.000662
28.5007,DATA_RX_OK,rx=11,sender=0,delay_s=0.000662
28.6007,DATA_RX_OK,rx=2,sender=0,delay_s=0.000662
28.6007,DATA_RX_OK,rx=13,sender=0,delay_s=0.000662
28.6007,DATA_RX_OK,rx=5,sender=0,delay_s=0.000662
28.6007,DATA_RX_OK,rx=6,sender=0,delay_s=0.000662
28.6007,DATA_RX_OK,rx=21,sender=0,delay_s=0.000662
28.6007,DATA_RX_OK,rx=3,sender=0,delay_s=0.000662
28.6007,DATA_RX_OK,rx=22,sender=0,delay_s=0.000662
28.6007,DATA_RX_OK,rx=9,sender=0,delay_s=0.000662
28.6007,DATA_RX_OK,rx=15,sender=0,delay_s=0.000662
28.6007,DATA_RX_OK,rx=17,sender=0,delay_s=0.000662
28.6007,DATA_RX_OK,rx=18,sender=0,delay_s=0.000662
28.6007,DATA_RX_OK,rx=14,sender=0,delay_s=0.000662
28.6007,DATA_RX_OK,rx=16,sender=0,delay_s=0.000662
28.6007,DATA_RX_OK,rx=10,sender=0,delay_s=0.000662
28.6007,DATA_RX_OK,rx=20,sender=0,delay_s=0.000662
28.6007,DATA_RX_OK,rx=7,sender=0,delay_s=0.000662
28.6007,DATA_RX_OK,rx=19,sender=0,delay_s=0.000662
28.6007,DATA_RX_OK,rx=4,sender=0,delay_s=0.000662
28.6007,DATA_RX_OK,rx=8,sender=0,delay_s=0.000662
28.6007,DATA_RX_OK,rx=12,sender=0,delay_s=0.000662
28.6007,DATA_RX_OK,rx=11,sender=0,delay_s=0.000662
28.6007,DATA_RX_OK,rx=1,sender=0,delay_s=0.000662
28.7,REPLAY_SENT,nonce=28600000000
28.7007,DATA_DROP_REPLAY,rx=2,sender=0,nonce=28600000000
28.7007,DATA_DROP_REPLAY,rx=13,sender=0,nonce=28600000000
28.7007,DATA_DROP_REPLAY,rx=5,sender=0,nonce=28600000000
28.7007,DATA_DROP_REPLAY,rx=6,sender=0,nonce=28600000000
28.7007,DATA_DROP_REPLAY,rx=3,sender=0,nonce=28600000000
28.7007,DATA_DROP_REPLAY,rx=21,sender=0,nonce=28600000000
28.7007,DATA_DROP_REPLAY,rx=22,sender=0,nonce=28600000000
28.7007,DATA_DROP_REPLAY,rx=9,sender=0,nonce=28600000000
28.7007,DATA_DROP_REPLAY,rx=15,sender=0,nonce=28600000000
28.7007,DATA_DROP_REPLAY,rx=17,sender=0,nonce=28600000000
28.7007,DATA_DROP_REPLAY,rx=18,sender=0,nonce=28600000000
28.7007,DATA_DROP_REPLAY,rx=14,sender=0,nonce=28600000000
28.7007,DATA_DROP_REPLAY,rx=16,sender=0,nonce=28600000000
28.7007,DATA_DROP_REPLAY,rx=10,sender=0,nonce=28600000000
28.7007,DATA_DROP_REPLAY,rx=7,sender=0,nonce=28600000000
28.7007,DATA_DROP_REPLAY,rx=20,sender=0,nonce=28600000000
28.7007,DATA_DROP_REPLAY,rx=19,sender=0,nonce=28600000000
28.7007,DATA_DROP_REPLAY,rx=4,sender=0,nonce=28600000000
28.7007,DATA_DROP_REPLAY,rx=8,sender=0,nonce=28600000000
28.7007,DATA_DROP_REPLAY,rx=12,sender=0,nonce=28600000000
28.7007,DATA_DROP_REPLAY,rx=11,sender=0,nonce=28600000000
28.7007,DATA_DROP_REPLAY,rx=1,sender=0,nonce=28600000000
28.7011,DATA_RX_OK,rx=2,sender=0,delay_s=0.001050
28.7011,DATA_RX_OK,rx=13,sender=0,delay_s=0.001050
28.7011,DATA_RX_OK,rx=5,sender=0,delay_s=0.001050
28.7011,DATA_RX_OK,rx=6,sender=0,delay_s=0.001050
28.7011,DATA_RX_OK,rx=3,sender=0,delay_s=0.001050
28.7011,DATA_RX_OK,rx=21,sender=0,delay_s=0.001050
28.7011,DATA_RX_OK,rx=22,sender=0,delay_s=0.001050
28.7011,DATA_RX_OK,rx=9,sender=0,delay_s=0.001050
28.7011,DATA_RX_OK,rx=15,sender=0,delay_s=0.001050
28.7011,DATA_RX_OK,rx=17,sender=0,delay_s=0.001050
28.7011,DATA_RX_OK,rx=18,sender=0,delay_s=0.001050
28.7011,DATA_RX_OK,rx=14,sender=0,delay_s=0.001050
28.7011,DATA_RX_OK,rx=16,sender=0,delay_s=0.001050
28.7011,DATA_RX_OK,rx=10,sender=0,delay_s=0.001050
28.7011,DATA_RX_OK,rx=7,sender=0,delay_s=0.001050
28.7011,DATA_RX_OK,rx=20,sender=0,delay_s=0.001050
28.7011,DATA_RX_OK,rx=19,sender=0,delay_s=0.001050
28.7011,DATA_RX_OK,rx=4,sender=0,delay_s=0.001050
28.7011,DATA_RX_OK,rx=8,sender=0,delay_s=0.001050
28.7011,DATA_RX_OK,rx=12,sender=0,delay_s=0.001050
28.7011,DATA_RX_OK,rx=11,sender=0,delay_s=0.001050
28.7011,DATA_RX_OK,rx=1,sender=0,delay_s=0.001050
28.8007,DATA_RX_OK,rx=2,sender=0,delay_s=0.000662
28.8007,DATA_RX_OK,rx=13,sender=0,delay_s=0.000662
28.8007,DATA_RX_OK,rx=5,sender=0,delay_s=0.000662
28.8007,DATA_RX_OK,rx=3,sender=0,delay_s=0.000662
28.8007,DATA_RX_OK,rx=6,sender=0,delay_s=0.000662
28.8007,DATA_RX_OK,rx=21,sender=0,delay_s=0.000662
28.8007,DATA_RX_OK,rx=22,sender=0,delay_s=0.000662
28.8007,DATA_RX_OK,rx=9,sender=0,delay_s=0.000662
28.8007,DATA_RX_OK,rx=15,sender=0,delay_s=0.000662
28.8007,DATA_RX_OK,rx=17,sender=0,delay_s=0.000662
28.8007,DATA_RX_OK,rx=18,sender=0,delay_s=0.000662
28.8007,DATA_RX_OK,rx=14,sender=0,delay_s=0.000662
28.8007,DATA_RX_OK,rx=16,sender=0,delay_s=0.000662
28.8007,DATA_RX_OK,rx=10,sender=0,delay_s=0.000662
28.8007,DATA_RX_OK,rx=7,sender=0,delay_s=0.000662
28.8007,DATA_RX_OK,rx=19,sender=0,delay_s=0.000662
28.8007,DATA_RX_OK,rx=20,sender=0,delay_s=0.000662
28.8007,DATA_RX_OK,rx=4,sender=0,delay_s=0.000662
28.8007,DATA_RX_OK,rx=8,sender=0,delay_s=0.000662
28.8007,DATA_RX_OK,rx=12,sender=0,delay_s=0.000662
28.8007,DATA_RX_OK,rx=11,sender=0,delay_s=0.000662
28.8007,DATA_RX_OK,rx=1,sender=0,delay_s=0.000662
28.9007,DATA_RX_OK,rx=2,sender=0,delay_s=0.000662
28.9007,DATA_RX_OK,rx=13,sender=0,delay_s=0.000662
28.9007,DATA_RX_OK,rx=3,sender=0,delay_s=0.000662
28.9007,DATA_RX_OK,rx=5,sender=0,delay_s=0.000662
28.9007,DATA_RX_OK,rx=6,sender=0,delay_s=0.000662
28.9007,DATA_RX_OK,rx=21,sender=0,delay_s=0.000662
28.9007,DATA_RX_OK,rx=22,sender=0,delay_s=0.000662
28.9007,DATA_RX_OK,rx=15,sender=0,delay_s=0.000662
28.9007,DATA_RX_OK,rx=9,sender=0,delay_s=0.000662
28.9007,DATA_RX_OK,rx=18,sender=0,delay_s=0.000662
28.9007,DATA_RX_OK,rx=17,sender=0,delay_s=0.000662
28.9007,DATA_RX_OK,rx=14,sender=0,delay_s=0.000662
28.9007,DATA_RX_OK,rx=16,sender=0,delay_s=0.000662
28.9007,DATA_RX_OK,rx=19,sender=0,delay_s=0.000662
28.9007,DATA_RX_OK,rx=7,sender=0,delay_s=0.000662
28.9007,DATA_RX_OK,rx=10,sender=0,delay_s=0.000662
28.9007,DATA_RX_OK,rx=20,sender=0,delay_s=0.000662
28.9007,DATA_RX_OK,rx=8,sender=0,delay_s=0.000662
28.9007,DATA_RX_OK,rx=4,sender=0,delay_s=0.000662
28.9007,DATA_RX_OK,rx=12,sender=0,delay_s=0.000662
28.9007,DATA_RX_OK,rx=11,sender=0,delay_s=0.000662
28.9007,DATA_RX_OK,rx=1,sender=0,delay_s=0.000662
29,REPORT_SENT,by=0,about=18,delta=0.020000
29,REPORT_SENT,by=1,about=14,delta=0.020000
29,REPORT_SENT,by=2,about=0,delta=-0.050000
29,REPORT_SENT,by=3,about=17,delta=0.020000
29,REPORT_SENT,by=4,about=8,delta=0.020000
29,REPORT_SENT,by=5,about=13,delta=0.020000
29,REPORT_SENT,by=6,about=4,delta=0.020000
29,REPORT_SENT,by=7,about=8,delta=0.020000
29,REPORT_SENT,by=8,about=4,delta=0.020000
29,REPORT_SENT,by=9,about=18,delta=0.020000
29,REPORT_SENT,by=10,about=2,delta=-0.050000
29,REPORT_SENT,by=11,about=9,delta=0.020000
29,REPORT_SENT,by=12,about=19,delta=0.020000
29,REPORT_SENT,by=13,about=2,delta=0.020000
29,REPORT_SENT,by=14,about=12,delta=0.020000
29,REPORT_SENT,by=15,about=14,delta=0.020000
29,REPORT_SENT,by=16,about=18,delta=0.020000
29,REPORT_SENT,by=17,about=5,delta=-0.050000
29,REPORT_SENT,by=18,about=9,delta=0.020000
29,REPORT_SENT,by=19,about=4,delta=0.020000
29,REPLAY_SENT,nonce=28900000000
29.0002,REPORT_RX_RSU,rsu=20,by=12,about=19,delta=0.020000
29.0003,REPORT_RX_RSU,rsu=20,by=2,about=0,delta=-0.050000
29.0009,DATA_DROP_REPLAY,rx=2,sender=0,nonce=28900000000
29.0009,DATA_DROP_REPLAY,rx=3,sender=0,nonce=28900000000
29.0009,DATA_DROP_REPLAY,rx=13,sender=0,nonce=28900000000
29.0009,DATA_DROP_REPLAY,rx=5,sender=0,nonce=28900000000
29.0009,DATA_DROP_REPLAY,rx=21,sender=0,nonce=28900000000
29.0009,DATA_DROP_REPLAY,rx=6,sender=0,nonce=28900000000
29.0009,DATA_DROP_REPLAY,rx=22,sender=0,nonce=28900000000
29.0009,DATA_DROP_REPLAY,rx=15,sender=0,nonce=28900000000
29.0009,DATA_DROP_REPLAY,rx=9,sender=0,nonce=28900000000
29.0009,DATA_DROP_REPLAY,rx=18,sender=0,nonce=28900000000
29.0009,DATA_DROP_REPLAY,rx=17,sender=0,nonce=28900000000
29.0009,DATA_DROP_REPLAY,rx=19,sender=0,nonce=28900000000
29.0009,DATA_DROP_REPLAY,rx=14,sender=0,nonce=28900000000
29.0009,DATA_DROP_REPLAY,rx=7,sender=0,nonce=28900000000
29.0009,DATA_DROP_REPLAY,rx=10,sender=0,nonce=28900000000
29.0009,DATA_DROP_REPLAY,rx=16,sender=0,nonce=28900000000
29.0009,DATA_DROP_REPLAY,rx=20,sender=0,nonce=28900000000
29.0009,DATA_DROP_REPLAY,rx=8,sender=0,nonce=28900000000
29.0009,DATA_DROP_REPLAY,rx=4,sender=0,nonce=28900000000
29.0009,DATA_DROP_REPLAY,rx=12,sender=0,nonce=28900000000
29.0009,DATA_DROP_REPLAY,rx=11,sender=0,nonce=28900000000
29.0009,DATA_DROP_REPLAY,rx=1,sender=0,nonce=28900000000
29.0012,REPORT_RX_RSU,rsu=20,by=11,about=9,delta=0.020000
29.0013,DATA_RX_OK,rx=2,sender=0,delay_s=0.001260
29.0013,DATA_RX_OK,rx=3,sender=0,delay_s=0.001260
29.0013,DATA_RX_OK,rx=13,sender=0,delay_s=0.001260
29.0013,DATA_RX_OK,rx=5,sender=0,delay_s=0.001260
29.0013,DATA_RX_OK,rx=21,sender=0,delay_s=0.001260
29.0013,DATA_RX_OK,rx=6,sender=0,delay_s=0.001260
29.0013,DATA_RX_OK,rx=22,sender=0,delay_s=0.001260
29.0013,DATA_RX_OK,rx=15,sender=0,delay_s=0.001260
29.0013,DATA_RX_OK,rx=9,sender=0,delay_s=0.001260
29.0013,DATA_RX_OK,rx=18,sender=0,delay_s=0.001260
29.0013,DATA_RX_OK,rx=17,sender=0,delay_s=0.001260
29.0013,DATA_RX_OK,rx=19,sender=0,delay_s=0.001260
29.0013,DATA_RX_OK,rx=14,sender=0,delay_s=0.001260
29.0013,DATA_RX_OK,rx=7,sender=0,delay_s=0.001260
29.0013,DATA_RX_OK,rx=10,sender=0,delay_s=0.001260
29.0013,DATA_RX_OK,rx=16,sender=0,delay_s=0.001260
29.0013,DATA_RX_OK,rx=20,sender=0,delay_s=0.001260
29.0013,DATA_RX_OK,rx=8,sender=0,delay_s=0.001260
29.0013,DATA_RX_OK,rx=4,sender=0,delay_s=0.001260
29.0013,DATA_RX_OK,rx=12,sender=0,delay_s=0.001260
29.0013,DATA_RX_OK,rx=11,sender=0,delay_s=0.001260
29.0013,DATA_RX_OK,rx=1,sender=0,delay_s=0.001260
29.0013,REPORT_RX_RSU,rsu=20,by=18,about=9,delta=0.020000
29.0014,REPORT_RX_RSU,rsu=20,by=3,about=17,delta=0.020000
29.0016,REPORT_RX_RSU,rsu=20,by=16,about=18,delta=0.020000
29.0017,REPORT_RX_RSU,rsu=20,by=6,about=4,delta=0.020000
29.0019,REPORT_RX_RSU,rsu=20,by=4,about=8,delta=0.020000
29.1007,DATA_RX_OK,rx=2,sender=0,delay_s=0.000662
29.1007,DATA_RX_OK,rx=3,sender=0,delay_s=0.000662
29.1007,DATA_RX_OK,rx=13,sender=0,delay_s=0.000662
29.1007,DATA_RX_OK,rx=5,sender=0,delay_s=0.000662
29.1007,DATA_RX_OK,rx=21,sender=0,delay_s=0.000662
29.1007,DATA_RX_OK,rx=6,sender=0,delay_s=0.000662
29.1007,DATA_RX_OK,rx=15,sender=0,delay_s=0.000662
29.1007,DATA_RX_OK,rx=22,sender=0,delay_s=0.000662
29.1007,DATA_RX_OK,rx=9,sender=0,delay_s=0.000662
29.1007,DATA_RX_OK,rx=18,sender=0,delay_s=0.000662
29.1007,DATA_RX_OK,rx=17,sender=0,delay_s=0.000662
29.1007,DATA_RX_OK,rx=19,sender=0,delay_s=0.000662
29.1007,DATA_RX_OK,rx=7,sender=0,delay_s=0.000662
29.1007,DATA_RX_OK,rx=14,sender=0,delay_s=0.000662
29.1007,DATA_RX_OK,rx=10,sender=0,delay_s=0.000662
29.1007,DATA_RX_OK,rx=16,sender=0,delay_s=0.000662
29.1007,DATA_RX_OK,rx=20,sender=0,delay_s=0.000662
29.1007,DATA_RX_OK,rx=8,sender=0,delay_s=0.000662
29.1007,DATA_RX_OK,rx=4,sender=0,delay_s=0.000662
29.1007,DATA_RX_OK,rx=12,sender=0,delay_s=0.000662
29.1007,DATA_RX_OK,rx=11,sender=0,delay_s=0.000662
29.1007,DATA_RX_OK,rx=1,sender=0,delay_s=0.000662
29.2007,DATA_RX_OK,rx=2,sender=0,delay_s=0.000662
29.2007,DATA_RX_OK,rx=3,sender=0,delay_s=0.000662
29.2007,DATA_RX_OK,rx=13,sender=0,delay_s=0.000662
29.2007,DATA_RX_OK,rx=5,sender=0,delay_s=0.000662
29.2007,DATA_RX_OK,rx=21,sender=0,delay_s=0.000662
29.2007,DATA_RX_OK,rx=15,sender=0,delay_s=0.000662
29.2007,DATA_RX_OK,rx=6,sender=0,delay_s=0.000662
29.2007,DATA_RX_OK,rx=22,sender=0,delay_s=0.000662
29.2007,DATA_RX_OK,rx=9,sender=0,delay_s=0.000662
29.2007,DATA_RX_OK,rx=18,sender=0,delay_s=0.000662
29.2007,DATA_RX_OK,rx=17,sender=0,delay_s=0.000662
29.2007,DATA_RX_OK,rx=19,sender=0,delay_s=0.000662
29.2007,DATA_RX_OK,rx=7,sender=0,delay_s=0.000662
29.2007,DATA_RX_OK,rx=14,sender=0,delay_s=0.000662
29.2007,DATA_RX_OK,rx=10,sender=0,delay_s=0.000662
29.2007,DATA_RX_OK,rx=16,sender=0,delay_s=0.000662
29.2007,DATA_RX_OK,rx=20,sender=0,delay_s=0.000662
29.2007,DATA_RX_OK,rx=8,sender=0,delay_s=0.000662
29.2007,DATA_RX_OK,rx=4,sender=0,delay_s=0.000662
29.2007,DATA_RX_OK,rx=12,sender=0,delay_s=0.000662
29.2007,DATA_RX_OK,rx=11,sender=0,delay_s=0.000662
29.2007,DATA_RX_OK,rx=1,sender=0,delay_s=0.000662
29.3,REPLAY_SENT,nonce=29200000000
29.3007,DATA_DROP_REPLAY,rx=2,sender=0,nonce=29200000000
29.3007,DATA_DROP_REPLAY,rx=3,sender=0,nonce=29200000000
29.3007,DATA_DROP_REPLAY,rx=13,sender=0,nonce=29200000000
29.3007,DATA_DROP_REPLAY,rx=5,sender=0,nonce=29200000000
29.3007,DATA_DROP_REPLAY,rx=21,sender=0,nonce=29200000000
29.3007,DATA_DROP_REPLAY,rx=6,sender=0,nonce=29200000000
29.3007,DATA_DROP_REPLAY,rx=15,sender=0,nonce=29200000000
29.3007,DATA_DROP_REPLAY,rx=22,sender=0,nonce=29200000000
29.3007,DATA_DROP_REPLAY,rx=9,sender=0,nonce=29200000000
29.3007,DATA_DROP_REPLAY,rx=18,sender=0,nonce=29200000000
29.3007,DATA_DROP_REPLAY,rx=17,sender=0,nonce=29200000000
29.3007,DATA_DROP_REPLAY,rx=19,sender=0,nonce=29200000000
29.3007,DATA_DROP_REPLAY,rx=14,sender=0,nonce=29200000000
29.3007,DATA_DROP_REPLAY,rx=7,sender=0,nonce=29200000000
29.3007,DATA_DROP_REPLAY,rx=10,sender=0,nonce=29200000000
29.3007,DATA_DROP_REPLAY,rx=16,sender=0,nonce=29200000000
29.3007,DATA_DROP_REPLAY,rx=20,sender=0,nonce=29200000000
29.3007,DATA_DROP_REPLAY,rx=8,sender=0,nonce=29200000000
29.3007,DATA_DROP_REPLAY,rx=4,sender=0,nonce=29200000000
29.3007,DATA_DROP_REPLAY,rx=12,sender=0,nonce=29200000000
29.3007,DATA_DROP_REPLAY,rx=11,sender=0,nonce=29200000000
29.3007,DATA_DROP_REPLAY,rx=1,sender=0,nonce=29200000000
29.301,DATA_RX_OK,rx=2,sender=0,delay_s=0.001041
29.301,DATA_RX_OK,rx=3,sender=0,delay_s=0.001041
29.301,DATA_RX_OK,rx=13,sender=0,delay_s=0.001041
29.301,DATA_RX_OK,rx=5,sender=0,delay_s=0.001041
29.301,DATA_RX_OK,rx=21,sender=0,delay_s=0.001041
29.301,DATA_RX_OK,rx=6,sender=0,delay_s=0.001041
29.301,DATA_RX_OK,rx=15,sender=0,delay_s=0.001041
29.301,DATA_RX_OK,rx=22,sender=0,delay_s=0.001041
29.301,DATA_RX_OK,rx=9,sender=0,delay_s=0.001041
29.301,DATA_RX_OK,rx=18,sender=0,delay_s=0.001041
29.301,DATA_RX_OK,rx=17,sender=0,delay_s=0.001041
29.301,DATA_RX_OK,rx=19,sender=0,delay_s=0.001041
29.301,DATA_RX_OK,rx=14,sender=0,delay_s=0.001041
29.301,DATA_RX_OK,rx=7,sender=0,delay_s=0.001041
29.301,DATA_RX_OK,rx=10,sender=0,delay_s=0.001041
29.301,DATA_RX_OK,rx=16,sender=0,delay_s=0.001041
29.301,DATA_RX_OK,rx=20,sender=0,delay_s=0.001041
29.301,DATA_RX_OK,rx=8,sender=0,delay_s=0.001041
29.301,DATA_RX_OK,rx=4,sender=0,delay_s=0.001041
29.301,DATA_RX_OK,rx=12,sender=0,delay_s=0.001041
29.301,DATA_RX_OK,rx=11,sender=0,delay_s=0.001041
29.301,DATA_RX_OK,rx=1,sender=0,delay_s=0.001041
29.4,BLOCK_MINE_START,block_next=29
29.4007,DATA_RX_OK,rx=2,sender=0,delay_s=0.000662
29.4007,DATA_RX_OK,rx=3,sender=0,delay_s=0.000662
29.4007,DATA_RX_OK,rx=13,sender=0,delay_s=0.000662
29.4007,DATA_RX_OK,rx=5,sender=0,delay_s=0.000662
29.4007,DATA_RX_OK,rx=21,sender=0,delay_s=0.000662
29.4007,DATA_RX_OK,rx=6,sender=0,delay_s=0.000662
29.4007,DATA_RX_OK,rx=22,sender=0,delay_s=0.000662
29.4007,DATA_RX_OK,rx=15,sender=0,delay_s=0.000662
29.4007,DATA_RX_OK,rx=9,sender=0,delay_s=0.000662
29.4007,DATA_RX_OK,rx=18,sender=0,delay_s=0.000662
29.4007,DATA_RX_OK,rx=17,sender=0,delay_s=0.000662
29.4007,DATA_RX_OK,rx=19,sender=0,delay_s=0.000662
29.4007,DATA_RX_OK,rx=14,sender=0,delay_s=0.000662
29.4007,DATA_RX_OK,rx=7,sender=0,delay_s=0.000662
29.4007,DATA_RX_OK,rx=10,sender=0,delay_s=0.000662
29.4007,DATA_RX_OK,rx=16,sender=0,delay_s=0.000662
29.4007,DATA_RX_OK,rx=20,sender=0,delay_s=0.000662
29.4007,DATA_RX_OK,rx=8,sender=0,delay_s=0.000662
29.4007,DATA_RX_OK,rx=4,sender=0,delay_s=0.000662
29.4007,DATA_RX_OK,rx=12,sender=0,delay_s=0.000662
29.4007,DATA_RX_OK,rx=11,sender=0,delay_s=0.000662
29.4007,DATA_RX_OK,rx=1,sender=0,delay_s=0.000662
29.45,BLOCK_COMMIT_ITEM,accused=19,delta=0.020000,trust=0.970000
29.45,BLOCK_COMMIT_ITEM,accused=0,delta=-0.050000,trust=0.900000
29.45,BLOCK_COMMIT_ITEM,accused=9,delta=0.020000,trust=0.920000
29.45,BLOCK_COMMIT_ITEM,accused=9,delta=0.020000,trust=0.940000
29.45,BLOCK_COMMIT_ITEM,accused=17,delta=0.020000,trust=0.750000
29.45,BLOCK_COMMIT_ITEM,accused=18,delta=0.020000,trust=0.870000
29.45,BLOCK_COMMIT_ITEM,accused=4,delta=0.020000,trust=0.780000
29.45,BLOCK_COMMIT_ITEM,accused=8,delta=0.020000,trust=0.940000
29.45,BLOCK_COMMIT_DONE,block=29,items=8,lat_s=0.050000
29.5007,DATA_DROP_SIG,rx=2,sender=0,nonce=29500000000
29.5007,DATA_DROP_SIG,rx=3,sender=0,nonce=29500000000
29.5007,DATA_DROP_SIG,rx=13,sender=0,nonce=29500000000
29.5007,DATA_DROP_SIG,rx=21,sender=0,nonce=29500000000
29.5007,DATA_DROP_SIG,rx=5,sender=0,nonce=29500000000
29.5007,DATA_DROP_SIG,rx=6,sender=0,nonce=29500000000
29.5007,DATA_DROP_SIG,rx=22,sender=0,nonce=29500000000
29.5007,DATA_DROP_SIG,rx=15,sender=0,nonce=29500000000
29.5007,DATA_DROP_SIG,rx=18,sender=0,nonce=29500000000
29.5007,DATA_DROP_SIG,rx=9,sender=0,nonce=29500000000
29.5007,DATA_DROP_SIG,rx=17,sender=0,nonce=29500000000
29.5007,DATA_DROP_SIG,rx=14,sender=0,nonce=29500000000
29.5007,DATA_DROP_SIG,rx=19,sender=0,nonce=29500000000
29.5007,DATA_DROP_SIG,rx=10,sender=0,nonce=29500000000
29.5007,DATA_DROP_SIG,rx=16,sender=0,nonce=29500000000
29.5007,DATA_DROP_SIG,rx=7,sender=0,nonce=29500000000
29.5007,DATA_DROP_SIG,rx=20,sender=0,nonce=29500000000
29.5007,DATA_DROP_SIG,rx=8,sender=0,nonce=29500000000
29.5007,DATA_DROP_SIG,rx=4,sender=0,nonce=29500000000
29.5007,DATA_DROP_SIG,rx=12,sender=0,nonce=29500000000
29.5007,DATA_DROP_SIG,rx=11,sender=0,nonce=29500000000
29.5007,DATA_DROP_SIG,rx=1,sender=0,nonce=29500000000
29.6,REPLAY_SENT,nonce=29500000000
29.6007,DATA_DROP_SIG,rx=2,sender=0,nonce=29500000000
29.6007,DATA_DROP_SIG,rx=3,sender=0,nonce=29500000000
29.6007,DATA_DROP_SIG,rx=21,sender=0,nonce=29500000000
29.6007,DATA_DROP_SIG,rx=13,sender=0,nonce=29500000000
29.6007,DATA_DROP_SIG,rx=5,sender=0,nonce=29500000000
29.6007,DATA_DROP_SIG,rx=6,sender=0,nonce=29500000000
29.6007,DATA_DROP_SIG,rx=22,sender=0,nonce=29500000000
29.6007,DATA_DROP_SIG,rx=18,sender=0,nonce=29500000000
29.6007,DATA_DROP_SIG,rx=15,sender=0,nonce=29500000000
29.6007,DATA_DROP_SIG,rx=9,sender=0,nonce=29500000000
29.6007,DATA_DROP_SIG,rx=17,sender=0,nonce=29500000000
29.6007,DATA_DROP_SIG,rx=14,sender=0,nonce=29500000000
29.6007,DATA_DROP_SIG,rx=19,sender=0,nonce=29500000000
29.6007,DATA_DROP_SIG,rx=10,sender=0,nonce=29500000000
29.6007,DATA_DROP_SIG,rx=16,sender=0,nonce=29500000000
29.6007,DATA_DROP_SIG,rx=20,sender=0,nonce=29500000000
29.6007,DATA_DROP_SIG,rx=7,sender=0,nonce=29500000000
29.6007,DATA_DROP_SIG,rx=8,sender=0,nonce=29500000000
29.6007,DATA_DROP_SIG,rx=12,sender=0,nonce=29500000000
29.6007,DATA_DROP_SIG,rx=4,sender=0,nonce=29500000000
29.6007,DATA_DROP_SIG,rx=1,sender=0,nonce=29500000000
29.6007,DATA_DROP_SIG,rx=11,sender=0,nonce=29500000000
29.601,DATA_RX_OK,rx=2,sender=0,delay_s=0.001041
29.601,DATA_RX_OK,rx=3,sender=0,delay_s=0.001041
29.601,DATA_RX_OK,rx=21,sender=0,delay_s=0.001041
29.601,DATA_RX_OK,rx=13,sender=0,delay_s=0.001041
29.601,DATA_RX_OK,rx=5,sender=0,delay_s=0.001041
29.601,DATA_RX_OK,rx=6,sender=0,delay_s=0.001041
29.601,DATA_RX_OK,rx=22,sender=0,delay_s=0.001041
29.601,DATA_RX_OK,rx=18,sender=0,delay_s=0.001041
29.601,DATA_RX_OK,rx=15,sender=0,delay_s=0.001041
29.601,DATA_RX_OK,rx=9,sender=0,delay_s=0.001041
29.601,DATA_RX_OK,rx=17,sender=0,delay_s=0.001041
29.601,DATA_RX_OK,rx=14,sender=0,delay_s=0.001041
29.601,DATA_RX_OK,rx=19,sender=0,delay_s=0.001041
29.601,DATA_RX_OK,rx=10,sender=0,delay_s=0.001041
29.601,DATA_RX_OK,rx=16,sender=0,delay_s=0.001041
29.601,DATA_RX_OK,rx=20,sender=0,delay_s=0.001041
29.601,DATA_RX_OK,rx=7,sender=0,delay_s=0.001041
29.601,DATA_RX_OK,rx=8,sender=0,delay_s=0.001041
29.601,DATA_RX_OK,rx=12,sender=0,delay_s=0.001041
29.601,DATA_RX_OK,rx=4,sender=0,delay_s=0.001041
29.601,DATA_RX_OK,rx=1,sender=0,delay_s=0.001041
29.601,DATA_RX_OK,rx=11,sender=0,delay_s=0.001041
29.7007,DATA_RX_OK,rx=2,sender=0,delay_s=0.000662
29.7007,DATA_RX_OK,rx=3,sender=0,delay_s=0.000662
29.7007,DATA_RX_OK,rx=21,sender=0,delay_s=0.000662
29.7007,DATA_RX_OK,rx=5,sender=0,delay_s=0.000662
29.7007,DATA_RX_OK,rx=6,sender=0,delay_s=0.000662
29.7007,DATA_RX_OK,rx=13,sender=0,delay_s=0.000662
29.7007,DATA_RX_OK,rx=22,sender=0,delay_s=0.000662
29.7007,DATA_RX_OK,rx=18,sender=0,delay_s=0.000662
29.7007,DATA_RX_OK,rx=15,sender=0,delay_s=0.000662
29.7007,DATA_RX_OK,rx=9,sender=0,delay_s=0.000662
29.7007,DATA_RX_OK,rx=17,sender=0,delay_s=0.000662
29.7007,DATA_RX_OK,rx=14,sender=0,delay_s=0.000662
29.7007,DATA_RX_OK,rx=16,sender=0,delay_s=0.000662
29.7007,DATA_RX_OK,rx=10,sender=0,delay_s=0.000662
29.7007,DATA_RX_OK,rx=19,sender=0,delay_s=0.000662
29.7007,DATA_RX_OK,rx=20,sender=0,delay_s=0.000662
29.7007,DATA_RX_OK,rx=8,sender=0,delay_s=0.000662
29.7007,DATA_RX_OK,rx=7,sender=0,delay_s=0.000662
29.7007,DATA_RX_OK,rx=12,sender=0,delay_s=0.000662
29.7007,DATA_RX_OK,rx=1,sender=0,delay_s=0.000662
29.7007,DATA_RX_OK,rx=4,sender=0,delay_s=0.000662
29.7007,DATA_RX_OK,rx=11,sender=0,delay_s=0.000662
29.8007,DATA_RX_OK,rx=2,sender=0,delay_s=0.000662
29.8007,DATA_RX_OK,rx=3,sender=0,delay_s=0.000662
29.8007,DATA_RX_OK,rx=21,sender=0,delay_s=0.000662
29.8007,DATA_RX_OK,rx=6,sender=0,delay_s=0.000662
29.8007,DATA_RX_OK,rx=5,sender=0,delay_s=0.000662
29.8007,DATA_RX_OK,rx=13,sender=0,delay_s=0.000662
29.8007,DATA_RX_OK,rx=22,sender=0,delay_s=0.000662
29.8007,DATA_RX_OK,rx=18,sender=0,delay_s=0.000662
29.8007,DATA_RX_OK,rx=15,sender=0,delay_s=0.000662
29.8007,DATA_RX_OK,rx=9,sender=0,delay_s=0.000662
29.8007,DATA_RX_OK,rx=17,sender=0,delay_s=0.000662
29.8007,DATA_RX_OK,rx=14,sender=0,delay_s=0.000662
29.8007,DATA_RX_OK,rx=16,sender=0,delay_s=0.000662
29.8007,DATA_RX_OK,rx=10,sender=0,delay_s=0.000662
29.8007,DATA_RX_OK,rx=20,sender=0,delay_s=0.000662
29.8007,DATA_RX_OK,rx=8,sender=0,delay_s=0.000662
29.8007,DATA_RX_OK,rx=19,sender=0,delay_s=0.000662
29.8007,DATA_RX_OK,rx=7,sender=0,delay_s=0.000662
29.8007,DATA_RX_OK,rx=12,sender=0,delay_s=0.000662
29.8007,DATA_RX_OK,rx=1,sender=0,delay_s=0.000662
29.8007,DATA_RX_OK,rx=4,sender=0,delay_s=0.000662
29.8007,DATA_RX_OK,rx=11,sender=0,delay_s=0.000662
29.9,REPLAY_SENT,nonce=29800000000
29.9007,DATA_DROP_REPLAY,rx=2,sender=0,nonce=29800000000
29.9007,DATA_DROP_REPLAY,rx=3,sender=0,nonce=29800000000
29.9007,DATA_DROP_REPLAY,rx=21,sender=0,nonce=29800000000
29.9007,DATA_DROP_REPLAY,rx=6,sender=0,nonce=29800000000
29.9007,DATA_DROP_REPLAY,rx=5,sender=0,nonce=29800000000
29.9007,DATA_DROP_REPLAY,rx=13,sender=0,nonce=29800000000
29.9007,DATA_DROP_REPLAY,rx=22,sender=0,nonce=29800000000
29.9007,DATA_DROP_REPLAY,rx=18,sender=0,nonce=29800000000
29.9007,DATA_DROP_REPLAY,rx=14,sender=0,nonce=29800000000
29.9007,DATA_DROP_REPLAY,rx=15,sender=0,nonce=29800000000
29.9007,DATA_DROP_REPLAY,rx=17,sender=0,nonce=29800000000
29.9007,DATA_DROP_REPLAY,rx=9,sender=0,nonce=29800000000
29.9007,DATA_DROP_REPLAY,rx=16,sender=0,nonce=29800000000
29.9007,DATA_DROP_REPLAY,rx=10,sender=0,nonce=29800000000
29.9007,DATA_DROP_REPLAY,rx=8,sender=0,nonce=29800000000
29.9007,DATA_DROP_REPLAY,rx=20,sender=0,nonce=29800000000
29.9007,DATA_DROP_REPLAY,rx=19,sender=0,nonce=29800000000
29.9007,DATA_DROP_REPLAY,rx=7,sender=0,nonce=29800000000
29.9007,DATA_DROP_REPLAY,rx=1,sender=0,nonce=29800000000
29.9007,DATA_DROP_REPLAY,rx=12,sender=0,nonce=29800000000
29.9007,DATA_DROP_REPLAY,rx=4,sender=0,nonce=29800000000
29.9007,DATA_DROP_REPLAY,rx=11,sender=0,nonce=29800000000
29.901,DATA_RX_OK,rx=2,sender=0,delay_s=0.001005
29.901,DATA_RX_OK,rx=3,sender=0,delay_s=0.001005
29.901,DATA_RX_OK,rx=21,sender=0,delay_s=0.001005
29.901,DATA_RX_OK,rx=6,sender=0,delay_s=0.001005
29.901,DATA_RX_OK,rx=5,sender=0,delay_s=0.001005
29.901,DATA_RX_OK,rx=13,sender=0,delay_s=0.001005
29.901,DATA_RX_OK,rx=22,sender=0,delay_s=0.001005
29.901,DATA_RX_OK,rx=18,sender=0,delay_s=0.001005
29.901,DATA_RX_OK,rx=14,sender=0,delay_s=0.001005
29.901,DATA_RX_OK,rx=15,sender=0,delay_s=0.001005
29.901,DATA_RX_OK,rx=17,sender=0,delay_s=0.001005
29.901,DATA_RX_OK,rx=9,sender=0,delay_s=0.001005
29.901,DATA_RX_OK,rx=16,sender=0,delay_s=0.001005
29.901,DATA_RX_OK,rx=10,sender=0,delay_s=0.001005
29.901,DATA_RX_OK,rx=8,sender=0,delay_s=0.001005
29.901,DATA_RX_OK,rx=20,sender=0,delay_s=0.001005
29.901,DATA_RX_OK,rx=19,sender=0,delay_s=0.001005
29.901,DATA_RX_OK,rx=7,sender=0,delay_s=0.001005
29.901,DATA_RX_OK,rx=1,sender=0,delay_s=0.001005
29.901,DATA_RX_OK,rx=12,sender=0,delay_s=0.001005
29.901,DATA_RX_OK,rx=4,sender=0,delay_s=0.001005
29.901,DATA_RX_OK,rx=11,sender=0,delay_s=0.001005
